game_id,away_team_id,away_team_name,home_team_id,home_team_name,batting_team,inning,top_bot,event_text,event_num,game_datetime,stadium_name,attendance,sport_id,season
6568882,615154,Beloit Buccaneers,615243,Knox Prairie Fire,615154,1,top,Jack Alport grounded out to ss (2-1 BBK).,1,2026-04-07 01:00:00-04:00,"Blodgett Field (Galesburg, IL)",0,MBA,2026
6568882,615154,Beloit Buccaneers,615243,Knox Prairie Fire,615154,1,top,Jacopo Tamburini struck out swinging (1-2 KBKS).,2,2026-04-07 01:00:00-04:00,"Blodgett Field (Galesburg, IL)",0,MBA,2026
6568882,615154,Beloit Buccaneers,615243,Knox Prairie Fire,615154,1,top,Seth Brankey grounded out to ss (1-1 KB).,3,2026-04-07 01:00:00-04:00,"Blodgett Field (Galesburg, IL)",0,MBA,2026
6568882,615154,Beloit Buccaneers,615243,Knox Prairie Fire,615243,1,bot,Andrew Garrett flied out to cf (2-2 FBFFBFF).,4,2026-04-07 01:00:00-04:00,"Blodgett Field (Galesburg, IL)",0,MBA,2026
6568882,615154,Beloit Buccaneers,615243,Knox Prairie Fire,615243,1,bot,Hayden Derlein flied out to lf (0-1 K).,5,2026-04-07 01:00:00-04:00,"Blodgett Field (Galesburg, IL)",0,MBA,2026
6568882,615154,Beloit Buccaneers,615243,Knox Prairie Fire,615243,1,bot,Nicholas Nitti singled (1-2 BKF).,6,2026-04-07 01:00:00-04:00,"Blodgett Field (Galesburg, IL)",0,MBA,2026
6568882,615154,Beloit Buccaneers,615243,Knox Prairie Fire,615243,1,bot,Thomas Wilmot struck out swinging (3-2 SBBBFS).,7,2026-04-07 01:00:00-04:00,"Blodgett Field (Galesburg, IL)",0,MBA,2026
6568882,615154,Beloit Buccaneers,615243,Knox Prairie Fire,615154,2,top,Blake Nelson struck out looking (1-2 KKBK).,8,2026-04-07 01:00:00-04:00,"Blodgett Field (Galesburg, IL)",0,MBA,2026
6568882,615154,Beloit Buccaneers,615243,Knox Prairie Fire,615154,2,top,Parker Krcmar reached first on an error by 3b (2-2 BKBK).,9,2026-04-07 01:00:00-04:00,"Blodgett Field (Galesburg, IL)",0,MBA,2026
6568882,615154,Beloit Buccaneers,615243,Knox Prairie Fire,615154,2,top,Parker Krcmar advanced to second.,10,2026-04-07 01:00:00-04:00,"Blodgett Field (Galesburg, IL)",0,MBA,2026
6568882,615154,Beloit Buccaneers,615243,Knox Prairie Fire,615154,2,top,Parker Krcmar stole third.,11,2026-04-07 01:00:00-04:00,"Blodgett Field (Galesburg, IL)",0,MBA,2026
6568882,615154,Beloit Buccaneers,615243,Knox Prairie Fire,615154,2,top,"Jackson O'Brien out at first rf to 2b, RBI (1-1 FB); Parker Krcmar scored, unearned.",12,2026-04-07 01:00:00-04:00,"Blodgett Field (Galesburg, IL)",0,MBA,2026
6568882,615154,Beloit Buccaneers,615243,Knox Prairie Fire,615154,2,top,Nolan Tomsyck reached first on an error by ss (0-1 F).,13,2026-04-07 01:00:00-04:00,"Blodgett Field (Galesburg, IL)",0,MBA,2026
6568882,615154,Beloit Buccaneers,615243,Knox Prairie Fire,615154,2,top,Drew Hanson flied out to rf (2-1 BBK).,14,2026-04-07 01:00:00-04:00,"Blodgett Field (Galesburg, IL)",0,MBA,2026
6568882,615154,Beloit Buccaneers,615243,Knox Prairie Fire,615243,2,bot,Clayton Rice singled (0-0).,15,2026-04-07 01:00:00-04:00,"Blodgett Field (Galesburg, IL)",0,MBA,2026
6568882,615154,Beloit Buccaneers,615243,Knox Prairie Fire,615243,2,bot,Aidan McMurtrie struck out swinging (0-2 FFFS).,16,2026-04-07 01:00:00-04:00,"Blodgett Field (Galesburg, IL)",0,MBA,2026
6568882,615154,Beloit Buccaneers,615243,Knox Prairie Fire,615243,2,bot,Parker Engel hit by pitch (3-2 BBBFKH); Clayton Rice advanced to second.,17,2026-04-07 01:00:00-04:00,"Blodgett Field (Galesburg, IL)",0,MBA,2026
6568882,615154,Beloit Buccaneers,615243,Knox Prairie Fire,615243,2,bot,Tyler Kemp singled (2-2 FSBB); Parker Engel advanced to second; Clayton Rice advanced to third.,18,2026-04-07 01:00:00-04:00,"Blodgett Field (Galesburg, IL)",0,MBA,2026
6568882,615154,Beloit Buccaneers,615243,Knox Prairie Fire,615243,2,bot,Owen Shannon flied out to 1b (1-1 BK).,19,2026-04-07 01:00:00-04:00,"Blodgett Field (Galesburg, IL)",0,MBA,2026
6568882,615154,Beloit Buccaneers,615243,Knox Prairie Fire,615243,2,bot,Andrew Garrett grounded out to 2b (1-1 BS).,20,2026-04-07 01:00:00-04:00,"Blodgett Field (Galesburg, IL)",0,MBA,2026
6568882,615154,Beloit Buccaneers,615243,Knox Prairie Fire,615154,3,top,Brody Bremer flied out to 2b (3-1 KBBB).,21,2026-04-07 01:00:00-04:00,"Blodgett Field (Galesburg, IL)",0,MBA,2026
6568882,615154,Beloit Buccaneers,615243,Knox Prairie Fire,615154,3,top,Jack Alport singled (0-2 SKF).,22,2026-04-07 01:00:00-04:00,"Blodgett Field (Galesburg, IL)",0,MBA,2026
6568882,615154,Beloit Buccaneers,615243,Knox Prairie Fire,615154,3,top,Jacopo Tamburini flied out to lf (0-0).,23,2026-04-07 01:00:00-04:00,"Blodgett Field (Galesburg, IL)",0,MBA,2026
6568882,615154,Beloit Buccaneers,615243,Knox Prairie Fire,615154,3,top,Jack Alport advanced to second on a wild pitch.,24,2026-04-07 01:00:00-04:00,"Blodgett Field (Galesburg, IL)",0,MBA,2026
6568882,615154,Beloit Buccaneers,615243,Knox Prairie Fire,615154,3,top,Seth Brankey grounded out to ss (2-2 BKKBF).,25,2026-04-07 01:00:00-04:00,"Blodgett Field (Galesburg, IL)",0,MBA,2026
6568882,615154,Beloit Buccaneers,615243,Knox Prairie Fire,615243,3,bot,Hayden Derlein reached first on an error by 3b (0-0).,26,2026-04-07 01:00:00-04:00,"Blodgett Field (Galesburg, IL)",0,MBA,2026
6568882,615154,Beloit Buccaneers,615243,Knox Prairie Fire,615243,3,bot,Nicholas Nitti grounded out to c (2-1 BFB); Hayden Derlein advanced to second.,27,2026-04-07 01:00:00-04:00,"Blodgett Field (Galesburg, IL)",0,MBA,2026
6568882,615154,Beloit Buccaneers,615243,Knox Prairie Fire,615243,3,bot,Thomas Wilmot grounded out to 3b (0-1 S); Hayden Derlein advanced to third.,28,2026-04-07 01:00:00-04:00,"Blodgett Field (Galesburg, IL)",0,MBA,2026
6568882,615154,Beloit Buccaneers,615243,Knox Prairie Fire,615243,3,bot,"Clayton Rice reached first on an error by 2b, RBI (0-1 K); Hayden Derlein scored, unearned.",29,2026-04-07 01:00:00-04:00,"Blodgett Field (Galesburg, IL)",0,MBA,2026
6568882,615154,Beloit Buccaneers,615243,Knox Prairie Fire,615243,3,bot,Aidan McMurtrie flied out to lf (0-0).,30,2026-04-07 01:00:00-04:00,"Blodgett Field (Galesburg, IL)",0,MBA,2026
6568882,615154,Beloit Buccaneers,615243,Knox Prairie Fire,615154,4,top,"Blake Nelson homered, RBI (3-1 BSBB).",31,2026-04-07 01:00:00-04:00,"Blodgett Field (Galesburg, IL)",0,MBA,2026
6568882,615154,Beloit Buccaneers,615243,Knox Prairie Fire,615154,4,top,Parker Krcmar flied out to cf (2-0 BB).,32,2026-04-07 01:00:00-04:00,"Blodgett Field (Galesburg, IL)",0,MBA,2026
6568882,615154,Beloit Buccaneers,615243,Knox Prairie Fire,615154,4,top,Jackson O'Brien singled (2-2 BKBFF).,33,2026-04-07 01:00:00-04:00,"Blodgett Field (Galesburg, IL)",0,MBA,2026
6568882,615154,Beloit Buccaneers,615243,Knox Prairie Fire,615154,4,top,Nolan Tomsyck flied out to 1b (2-1 SBB).,34,2026-04-07 01:00:00-04:00,"Blodgett Field (Galesburg, IL)",0,MBA,2026
6568882,615154,Beloit Buccaneers,615243,Knox Prairie Fire,615154,4,top,Drew Hanson struck out swinging (2-2 BKKBS).,35,2026-04-07 01:00:00-04:00,"Blodgett Field (Galesburg, IL)",0,MBA,2026
6568882,615154,Beloit Buccaneers,615243,Knox Prairie Fire,615243,4,bot,Parker Engel struck out swinging (3-2 BKBBFS).,36,2026-04-07 01:00:00-04:00,"Blodgett Field (Galesburg, IL)",0,MBA,2026
6568882,615154,Beloit Buccaneers,615243,Knox Prairie Fire,615243,4,bot,Tyler Kemp grounded out to 3b (2-2 BKSB).,37,2026-04-07 01:00:00-04:00,"Blodgett Field (Galesburg, IL)",0,MBA,2026
6568882,615154,Beloit Buccaneers,615243,Knox Prairie Fire,615243,4,bot,Owen Shannon grounded out to ss (2-1 BBK).,38,2026-04-07 01:00:00-04:00,"Blodgett Field (Galesburg, IL)",0,MBA,2026
6568882,615154,Beloit Buccaneers,615243,Knox Prairie Fire,615154,5,top,Brody Bremer flied out to lf (3-2 KKBBB).,39,2026-04-07 01:00:00-04:00,"Blodgett Field (Galesburg, IL)",0,MBA,2026
6568882,615154,Beloit Buccaneers,615243,Knox Prairie Fire,615154,5,top,Jack Alport flied out to rf (0-1 K).,40,2026-04-07 01:00:00-04:00,"Blodgett Field (Galesburg, IL)",0,MBA,2026
6568882,615154,Beloit Buccaneers,615243,Knox Prairie Fire,615154,5,top,Jacopo Tamburini struck out looking (2-2 KBFBK).,41,2026-04-07 01:00:00-04:00,"Blodgett Field (Galesburg, IL)",0,MBA,2026
6568882,615154,Beloit Buccaneers,615243,Knox Prairie Fire,615243,5,bot,Andrew Garrett struck out swinging (1-2 SBKS).,42,2026-04-07 01:00:00-04:00,"Blodgett Field (Galesburg, IL)",0,MBA,2026
6568882,615154,Beloit Buccaneers,615243,Knox Prairie Fire,615243,5,bot,Hayden Derlein walked (3-0 BBBB).,43,2026-04-07 01:00:00-04:00,"Blodgett Field (Galesburg, IL)",0,MBA,2026
6568882,615154,Beloit Buccaneers,615243,Knox Prairie Fire,615243,5,bot,Hayden Derlein stole second.,44,2026-04-07 01:00:00-04:00,"Blodgett Field (Galesburg, IL)",0,MBA,2026
6568882,615154,Beloit Buccaneers,615243,Knox Prairie Fire,615243,5,bot,Nicholas Nitti flied out to cf (0-0).,45,2026-04-07 01:00:00-04:00,"Blodgett Field (Galesburg, IL)",0,MBA,2026
6568882,615154,Beloit Buccaneers,615243,Knox Prairie Fire,615243,5,bot,Thomas Wilmot reached first on an error by 3b (1-0 B); Hayden Derlein advanced to third.,46,2026-04-07 01:00:00-04:00,"Blodgett Field (Galesburg, IL)",0,MBA,2026
6568882,615154,Beloit Buccaneers,615243,Knox Prairie Fire,615243,5,bot,Clayton Rice out at first 1b to p (3-2 BBSKB).,47,2026-04-07 01:00:00-04:00,"Blodgett Field (Galesburg, IL)",0,MBA,2026
6568882,615154,Beloit Buccaneers,615243,Knox Prairie Fire,615154,6,top,Seth Brankey flied out to lf (1-0 B).,48,2026-04-07 01:00:00-04:00,"Blodgett Field (Galesburg, IL)",0,MBA,2026
6568882,615154,Beloit Buccaneers,615243,Knox Prairie Fire,615154,6,top,Blake Nelson flied out to lf (2-1 KBB).,49,2026-04-07 01:00:00-04:00,"Blodgett Field (Galesburg, IL)",0,MBA,2026
6568882,615154,Beloit Buccaneers,615243,Knox Prairie Fire,615154,6,top,Parker Krcmar flied out to rf (2-1 BFB).,50,2026-04-07 01:00:00-04:00,"Blodgett Field (Galesburg, IL)",0,MBA,2026
6568882,615154,Beloit Buccaneers,615243,Knox Prairie Fire,615243,6,bot,Caleb Lasher to p for Will Lyng.,51,2026-04-07 01:00:00-04:00,"Blodgett Field (Galesburg, IL)",0,MBA,2026
6568882,615154,Beloit Buccaneers,615243,Knox Prairie Fire,615243,6,bot,Aidan McMurtrie singled (0-1 F).,52,2026-04-07 01:00:00-04:00,"Blodgett Field (Galesburg, IL)",0,MBA,2026
6568882,615154,Beloit Buccaneers,615243,Knox Prairie Fire,615243,6,bot,Aidan McMurtrie advanced to second on a passed ball.,53,2026-04-07 01:00:00-04:00,"Blodgett Field (Galesburg, IL)",0,MBA,2026
6568882,615154,Beloit Buccaneers,615243,Knox Prairie Fire,615243,6,bot,Parker Engel grounded out to 3b (2-2 BKSB).,54,2026-04-07 01:00:00-04:00,"Blodgett Field (Galesburg, IL)",0,MBA,2026
6568882,615154,Beloit Buccaneers,615243,Knox Prairie Fire,615243,6,bot,Tyler Kemp singled (1-2 FFB); Aidan McMurtrie advanced to third.,55,2026-04-07 01:00:00-04:00,"Blodgett Field (Galesburg, IL)",0,MBA,2026
6568882,615154,Beloit Buccaneers,615243,Knox Prairie Fire,615243,6,bot,"Owen Shannon grounded out to 2b, RBI (0-2 FS); Tyler Kemp advanced to second; Aidan McMurtrie scored, unearned.",56,2026-04-07 01:00:00-04:00,"Blodgett Field (Galesburg, IL)",0,MBA,2026
6568882,615154,Beloit Buccaneers,615243,Knox Prairie Fire,615243,6,bot,Everett Babcock to dh for Andrew Garrett.,57,2026-04-07 01:00:00-04:00,"Blodgett Field (Galesburg, IL)",0,MBA,2026
6568882,615154,Beloit Buccaneers,615243,Knox Prairie Fire,615243,6,bot,Everett Babcock struck out swinging (3-2 KBBFBS).,58,2026-04-07 01:00:00-04:00,"Blodgett Field (Galesburg, IL)",0,MBA,2026
6568882,615154,Beloit Buccaneers,615243,Knox Prairie Fire,615154,7,top,Brady Bertrand to p for Jacob Halseth.,59,2026-04-07 01:00:00-04:00,"Blodgett Field (Galesburg, IL)",0,MBA,2026
6568882,615154,Beloit Buccaneers,615243,Knox Prairie Fire,615154,7,top,Jackson O'Brien flied out to 1b (1-1 KB).,60,2026-04-07 01:00:00-04:00,"Blodgett Field (Galesburg, IL)",0,MBA,2026
6568882,615154,Beloit Buccaneers,615243,Knox Prairie Fire,615154,7,top,Nolan Tomsyck singled (1-1 BF).,61,2026-04-07 01:00:00-04:00,"Blodgett Field (Galesburg, IL)",0,MBA,2026
6568882,615154,Beloit Buccaneers,615243,Knox Prairie Fire,615154,7,top,Nolan Tomsyck stole second.,62,2026-04-07 01:00:00-04:00,"Blodgett Field (Galesburg, IL)",0,MBA,2026
6568882,615154,Beloit Buccaneers,615243,Knox Prairie Fire,615154,7,top,Drew Hanson flied out to rf (3-2 KFFBBB).,63,2026-04-07 01:00:00-04:00,"Blodgett Field (Galesburg, IL)",0,MBA,2026
6568882,615154,Beloit Buccaneers,615243,Knox Prairie Fire,615154,7,top,Brody Bremer struck out swinging (2-2 SFBBS).,64,2026-04-07 01:00:00-04:00,"Blodgett Field (Galesburg, IL)",0,MBA,2026
6568882,615154,Beloit Buccaneers,615243,Knox Prairie Fire,615243,7,bot,Hayden Derlein flied out to rf (1-1 KB).,65,2026-04-07 01:00:00-04:00,"Blodgett Field (Galesburg, IL)",0,MBA,2026
6568882,615154,Beloit Buccaneers,615243,Knox Prairie Fire,615243,7,bot,Nicholas Nitti flied out to 1b (0-1 K).,66,2026-04-07 01:00:00-04:00,"Blodgett Field (Galesburg, IL)",0,MBA,2026
6568882,615154,Beloit Buccaneers,615243,Knox Prairie Fire,615243,7,bot,Thomas Wilmot grounded out to ss (0-0).,67,2026-04-07 01:00:00-04:00,"Blodgett Field (Galesburg, IL)",0,MBA,2026
6568882,615154,Beloit Buccaneers,615243,Knox Prairie Fire,615154,8,top,Jack Alport singled (1-2 KKB).,68,2026-04-07 01:00:00-04:00,"Blodgett Field (Galesburg, IL)",0,MBA,2026
6568882,615154,Beloit Buccaneers,615243,Knox Prairie Fire,615154,8,top,Jack Alport advanced to second on a wild pitch.,69,2026-04-07 01:00:00-04:00,"Blodgett Field (Galesburg, IL)",0,MBA,2026
6568882,615154,Beloit Buccaneers,615243,Knox Prairie Fire,615154,8,top,Jacopo Tamburini grounded out to 3b (2-2 BFBF).,70,2026-04-07 01:00:00-04:00,"Blodgett Field (Galesburg, IL)",0,MBA,2026
6568882,615154,Beloit Buccaneers,615243,Knox Prairie Fire,615154,8,top,Jack Alport stole third.,71,2026-04-07 01:00:00-04:00,"Blodgett Field (Galesburg, IL)",0,MBA,2026
6568882,615154,Beloit Buccaneers,615243,Knox Prairie Fire,615154,8,top,"Seth Brankey flied out to cf, SAC, RBI (3-2 KBSBFB); Jack Alport scored.",72,2026-04-07 01:00:00-04:00,"Blodgett Field (Galesburg, IL)",0,MBA,2026
6568882,615154,Beloit Buccaneers,615243,Knox Prairie Fire,615154,8,top,Blake Nelson doubled (0-2 KF).,73,2026-04-07 01:00:00-04:00,"Blodgett Field (Galesburg, IL)",0,MBA,2026
6568882,615154,Beloit Buccaneers,615243,Knox Prairie Fire,615154,8,top,Parker Krcmar grounded out to p (1-2 BSS).,74,2026-04-07 01:00:00-04:00,"Blodgett Field (Galesburg, IL)",0,MBA,2026
6568882,615154,Beloit Buccaneers,615243,Knox Prairie Fire,615243,8,bot,Clayton Rice grounded out to 2b (0-0).,75,2026-04-07 01:00:00-04:00,"Blodgett Field (Galesburg, IL)",0,MBA,2026
6568882,615154,Beloit Buccaneers,615243,Knox Prairie Fire,615243,8,bot,Aidan McMurtrie flied out to rf (0-1 K).,76,2026-04-07 01:00:00-04:00,"Blodgett Field (Galesburg, IL)",0,MBA,2026
6568882,615154,Beloit Buccaneers,615243,Knox Prairie Fire,615243,8,bot,Parker Engel grounded out to ss (0-0).,77,2026-04-07 01:00:00-04:00,"Blodgett Field (Galesburg, IL)",0,MBA,2026
6568882,615154,Beloit Buccaneers,615243,Knox Prairie Fire,615154,9,top,Jackson O'Brien doubled (1-1 BF).,78,2026-04-07 01:00:00-04:00,"Blodgett Field (Galesburg, IL)",0,MBA,2026
6568882,615154,Beloit Buccaneers,615243,Knox Prairie Fire,615154,9,top,Nolan Tomsyck grounded out to ss (3-2 BFBKFFFBF).,79,2026-04-07 01:00:00-04:00,"Blodgett Field (Galesburg, IL)",0,MBA,2026
6568882,615154,Beloit Buccaneers,615243,Knox Prairie Fire,615154,9,top,Drew Hanson reached on catcher's interference (2-2 BKBK).,80,2026-04-07 01:00:00-04:00,"Blodgett Field (Galesburg, IL)",0,MBA,2026
6568882,615154,Beloit Buccaneers,615243,Knox Prairie Fire,615154,9,top,Brody Bremer struck out looking (2-2 FSBBK).,81,2026-04-07 01:00:00-04:00,"Blodgett Field (Galesburg, IL)",0,MBA,2026
6568882,615154,Beloit Buccaneers,615243,Knox Prairie Fire,615154,9,top,Jack Alport singled (1-2 BFK); Drew Hanson advanced to second; Jackson O'Brien advanced to third.,82,2026-04-07 01:00:00-04:00,"Blodgett Field (Galesburg, IL)",0,MBA,2026
6568882,615154,Beloit Buccaneers,615243,Knox Prairie Fire,615154,9,top,Jacopo Tamburini flied out to cf (3-2 KBBFB).,83,2026-04-07 01:00:00-04:00,"Blodgett Field (Galesburg, IL)",0,MBA,2026
6568882,615154,Beloit Buccaneers,615243,Knox Prairie Fire,615243,9,bot,Ben Schweit to p for Caleb Lasher.,84,2026-04-07 01:00:00-04:00,"Blodgett Field (Galesburg, IL)",0,MBA,2026
6568882,615154,Beloit Buccaneers,615243,Knox Prairie Fire,615243,9,bot,Tyler Kemp flied out to rf (2-2 SBSB).,85,2026-04-07 01:00:00-04:00,"Blodgett Field (Galesburg, IL)",0,MBA,2026
6568882,615154,Beloit Buccaneers,615243,Knox Prairie Fire,615243,9,bot,Owen Shannon out at first 1b to p (0-0).,86,2026-04-07 01:00:00-04:00,"Blodgett Field (Galesburg, IL)",0,MBA,2026
6568882,615154,Beloit Buccaneers,615243,Knox Prairie Fire,615243,9,bot,Everett Babcock walked (3-1 BBFBB).,87,2026-04-07 01:00:00-04:00,"Blodgett Field (Galesburg, IL)",0,MBA,2026
6568882,615154,Beloit Buccaneers,615243,Knox Prairie Fire,615243,9,bot,Tyler Thiem to dh for Everett Babcock.,88,2026-04-07 01:00:00-04:00,"Blodgett Field (Galesburg, IL)",0,MBA,2026
6568882,615154,Beloit Buccaneers,615243,Knox Prairie Fire,615243,9,bot,Hayden Derlein struck out looking (0-2 KKK).,89,2026-04-07 01:00:00-04:00,"Blodgett Field (Galesburg, IL)",0,MBA,2026
6568931,-1,Doane,614966,William Jewell Cardinals,-1,1,top,Carter Roth singled to third base (1-1 BS).,1,2026-04-07 01:00:00-04:00,"Talley Stadium at Fred Flook Field  (Liberty, MO)",43,MBA,2026
6568931,-1,Doane,614966,William Jewell Cardinals,-1,1,top,Grant Sommers grounded out to 2b (0-0)3a Carter Roth advanced to second.,2,2026-04-07 01:00:00-04:00,"Talley Stadium at Fred Flook Field  (Liberty, MO)",43,MBA,2026
6568931,-1,Doane,614966,William Jewell Cardinals,-1,1,top,Max Harris hit by pitch (0-2 FF).,3,2026-04-07 01:00:00-04:00,"Talley Stadium at Fred Flook Field  (Liberty, MO)",43,MBA,2026
6568931,-1,Doane,614966,William Jewell Cardinals,-1,1,top,Johnny Vulcano popped up to 2b (1-0 B).,4,2026-04-07 01:00:00-04:00,"Talley Stadium at Fred Flook Field  (Liberty, MO)",43,MBA,2026
6568931,-1,Doane,614966,William Jewell Cardinals,-1,1,top,"Jordan Bond homered to left field, 3 RBI (2-0 BB)3a Max Harris scored3a Carter Roth scored.",5,2026-04-07 01:00:00-04:00,"Talley Stadium at Fred Flook Field  (Liberty, MO)",43,MBA,2026
6568931,-1,Doane,614966,William Jewell Cardinals,-1,1,top,Brayden Jones hit by pitch (0-1 S).,6,2026-04-07 01:00:00-04:00,"Talley Stadium at Fred Flook Field  (Liberty, MO)",43,MBA,2026
6568931,-1,Doane,614966,William Jewell Cardinals,-1,1,top,Sam Kwapnioski walked (3-1 BKBBB)3a Brayden Jones advanced to second.,7,2026-04-07 01:00:00-04:00,"Talley Stadium at Fred Flook Field  (Liberty, MO)",43,MBA,2026
6568931,-1,Doane,614966,William Jewell Cardinals,-1,1,top,Adam Vulcano struck out looking (0-2 FFK).,8,2026-04-07 01:00:00-04:00,"Talley Stadium at Fred Flook Field  (Liberty, MO)",43,MBA,2026
6568931,-1,Doane,614966,William Jewell Cardinals,614966,1,bot,Luke Bies walked (3-2 BFFBBB).,9,2026-04-07 01:00:00-04:00,"Talley Stadium at Fred Flook Field  (Liberty, MO)",43,MBA,2026
6568931,-1,Doane,614966,William Jewell Cardinals,614966,1,bot,Hayden Post struck out swinging (1-2 KKBS).,10,2026-04-07 01:00:00-04:00,"Talley Stadium at Fred Flook Field  (Liberty, MO)",43,MBA,2026
6568931,-1,Doane,614966,William Jewell Cardinals,614966,1,bot,"Luke Isaacs struck out swinging (1-2 BKFFS)3a Luke Bies out at second c to 2b, caught stealing.",11,2026-04-07 01:00:00-04:00,"Talley Stadium at Fred Flook Field  (Liberty, MO)",43,MBA,2026
6568931,-1,Doane,614966,William Jewell Cardinals,-1,2,top,Carson Beam to p for Cameron Naber.,12,2026-04-07 01:00:00-04:00,"Talley Stadium at Fred Flook Field  (Liberty, MO)",43,MBA,2026
6568931,-1,Doane,614966,William Jewell Cardinals,-1,2,top,Caden Driessen walked (3-0 BBBB).,13,2026-04-07 01:00:00-04:00,"Talley Stadium at Fred Flook Field  (Liberty, MO)",43,MBA,2026
6568931,-1,Doane,614966,William Jewell Cardinals,-1,2,top,Carter Roth struck out swinging (0-2 FFS).,14,2026-04-07 01:00:00-04:00,"Talley Stadium at Fred Flook Field  (Liberty, MO)",43,MBA,2026
6568931,-1,Doane,614966,William Jewell Cardinals,-1,2,top,Grant Sommers walked (3-1 KBBBB)3a Caden Driessen advanced to second.,15,2026-04-07 01:00:00-04:00,"Talley Stadium at Fred Flook Field  (Liberty, MO)",43,MBA,2026
6568931,-1,Doane,614966,William Jewell Cardinals,-1,2,top,Max Harris hit by pitch (3-0 BBBB)3a Grant Sommers advanced to second3a Caden Driessen advanced to third.,16,2026-04-07 01:00:00-04:00,"Talley Stadium at Fred Flook Field  (Liberty, MO)",43,MBA,2026
6568931,-1,Doane,614966,William Jewell Cardinals,-1,2,top,Mathew Greiner to p for Carson Beam.,17,2026-04-07 01:00:00-04:00,"Talley Stadium at Fred Flook Field  (Liberty, MO)",43,MBA,2026
6568931,-1,Doane,614966,William Jewell Cardinals,-1,2,top,"Johnny Vulcano singled to first base, 2 RBI (2-1 KBB)3a Max Harris advanced to third3a Grant Sommers scored3a Caden Driessen scored.",18,2026-04-07 01:00:00-04:00,"Talley Stadium at Fred Flook Field  (Liberty, MO)",43,MBA,2026
6568931,-1,Doane,614966,William Jewell Cardinals,-1,2,top,Jordan Bond grounded out to 1b unassisted (0-0)3a Johnny Vulcano advanced to second.,19,2026-04-07 01:00:00-04:00,"Talley Stadium at Fred Flook Field  (Liberty, MO)",43,MBA,2026
6568931,-1,Doane,614966,William Jewell Cardinals,-1,2,top,Brayden Jones struck out swinging (0-0).,20,2026-04-07 01:00:00-04:00,"Talley Stadium at Fred Flook Field  (Liberty, MO)",43,MBA,2026
6568931,-1,Doane,614966,William Jewell Cardinals,614966,2,bot,Justin George hit by pitch (1-0 B).,21,2026-04-07 01:00:00-04:00,"Talley Stadium at Fred Flook Field  (Liberty, MO)",43,MBA,2026
6568931,-1,Doane,614966,William Jewell Cardinals,614966,2,bot,Jack Homoly flied out to cf (0-2 KS).,22,2026-04-07 01:00:00-04:00,"Talley Stadium at Fred Flook Field  (Liberty, MO)",43,MBA,2026
6568931,-1,Doane,614966,William Jewell Cardinals,614966,2,bot,"Koen Gakstatter singled, bunt (0-0)3a Justin George advanced to second.",23,2026-04-07 01:00:00-04:00,"Talley Stadium at Fred Flook Field  (Liberty, MO)",43,MBA,2026
6568931,-1,Doane,614966,William Jewell Cardinals,614966,2,bot,Koen Gakstatter advanced to second3a Justin George advanced to third on a wild pitch.,24,2026-04-07 01:00:00-04:00,"Talley Stadium at Fred Flook Field  (Liberty, MO)",43,MBA,2026
6568931,-1,Doane,614966,William Jewell Cardinals,614966,2,bot,Josiah Hussey walked (3-2 KBKBFFBB).,25,2026-04-07 01:00:00-04:00,"Talley Stadium at Fred Flook Field  (Liberty, MO)",43,MBA,2026
6568931,-1,Doane,614966,William Jewell Cardinals,614966,2,bot,"Ilyas van den Bos walked, RBI (3-1 SBBBB)3a Josiah Hussey advanced to second3a Koen Gakstatter advanced to third3a Justin George scored.",26,2026-04-07 01:00:00-04:00,"Talley Stadium at Fred Flook Field  (Liberty, MO)",43,MBA,2026
6568931,-1,Doane,614966,William Jewell Cardinals,614966,2,bot,"Bronson Ryan doubled down the rf line, 2 RBI (2-1 BKB)3a Ilyas van den Bos advanced to third3a Josiah Hussey scored3a Koen Gakstatter scored.",27,2026-04-07 01:00:00-04:00,"Talley Stadium at Fred Flook Field  (Liberty, MO)",43,MBA,2026
6568931,-1,Doane,614966,William Jewell Cardinals,614966,2,bot,Cade Bridges to p for Isaiah Miller.,28,2026-04-07 01:00:00-04:00,"Talley Stadium at Fred Flook Field  (Liberty, MO)",43,MBA,2026
6568931,-1,Doane,614966,William Jewell Cardinals,614966,2,bot,Luke Bies walked (3-0 BBBB).,29,2026-04-07 01:00:00-04:00,"Talley Stadium at Fred Flook Field  (Liberty, MO)",43,MBA,2026
6568931,-1,Doane,614966,William Jewell Cardinals,614966,2,bot,"Hayden Post flied out to lf, sacrifice fly, RBI (0-0)3a Ilyas van den Bos scored.",30,2026-04-07 01:00:00-04:00,"Talley Stadium at Fred Flook Field  (Liberty, MO)",43,MBA,2026
6568931,-1,Doane,614966,William Jewell Cardinals,614966,2,bot,"Luke Isaacs singled to left field (0-1 F)3a Luke Bies advanced to second3a Bronson Ryan advanced to third, scored on an error by lf, unearned.",31,2026-04-07 01:00:00-04:00,"Talley Stadium at Fred Flook Field  (Liberty, MO)",43,MBA,2026
6568931,-1,Doane,614966,William Jewell Cardinals,614966,2,bot,Justin George flied out to ss (0-0).,32,2026-04-07 01:00:00-04:00,"Talley Stadium at Fred Flook Field  (Liberty, MO)",43,MBA,2026
6568931,-1,Doane,614966,William Jewell Cardinals,-1,3,top,Sam Kwapnioski struck out swinging (2-2 BBKSFS).,33,2026-04-07 01:00:00-04:00,"Talley Stadium at Fred Flook Field  (Liberty, MO)",43,MBA,2026
6568931,-1,Doane,614966,William Jewell Cardinals,-1,3,top,Adam Vulcano reached first on an error by 2b (0-0).,34,2026-04-07 01:00:00-04:00,"Talley Stadium at Fred Flook Field  (Liberty, MO)",43,MBA,2026
6568931,-1,Doane,614966,William Jewell Cardinals,-1,3,top,Caden Driessen struck out swinging (0-2 SFS).,35,2026-04-07 01:00:00-04:00,"Talley Stadium at Fred Flook Field  (Liberty, MO)",43,MBA,2026
6568931,-1,Doane,614966,William Jewell Cardinals,-1,3,top,Carter Roth grounded out to 3b (0-2 SF).,36,2026-04-07 01:00:00-04:00,"Talley Stadium at Fred Flook Field  (Liberty, MO)",43,MBA,2026
6568931,-1,Doane,614966,William Jewell Cardinals,614966,3,bot,Jack Homoly struck out looking (0-2 FFK).,37,2026-04-07 01:00:00-04:00,"Talley Stadium at Fred Flook Field  (Liberty, MO)",43,MBA,2026
6568931,-1,Doane,614966,William Jewell Cardinals,614966,3,bot,Koen Gakstatter flied out to cf (0-0).,38,2026-04-07 01:00:00-04:00,"Talley Stadium at Fred Flook Field  (Liberty, MO)",43,MBA,2026
6568931,-1,Doane,614966,William Jewell Cardinals,614966,3,bot,Josiah Hussey struck out swinging (3-2 KBBSBS).,39,2026-04-07 01:00:00-04:00,"Talley Stadium at Fred Flook Field  (Liberty, MO)",43,MBA,2026
6568931,-1,Doane,614966,William Jewell Cardinals,-1,4,top,Jack Wells to p for Mathew Greiner.,40,2026-04-07 01:00:00-04:00,"Talley Stadium at Fred Flook Field  (Liberty, MO)",43,MBA,2026
6568931,-1,Doane,614966,William Jewell Cardinals,-1,4,top,Grant Sommers grounded out to 3b (2-2 BKBF).,41,2026-04-07 01:00:00-04:00,"Talley Stadium at Fred Flook Field  (Liberty, MO)",43,MBA,2026
6568931,-1,Doane,614966,William Jewell Cardinals,-1,4,top,Max Harris popped up to 1b (1-1 FB).,42,2026-04-07 01:00:00-04:00,"Talley Stadium at Fred Flook Field  (Liberty, MO)",43,MBA,2026
6568931,-1,Doane,614966,William Jewell Cardinals,-1,4,top,Johnny Vulcano popped up to p (2-2 KBBF).,43,2026-04-07 01:00:00-04:00,"Talley Stadium at Fred Flook Field  (Liberty, MO)",43,MBA,2026
6568931,-1,Doane,614966,William Jewell Cardinals,614966,4,bot,Ilyas van den Bos struck out looking (1-2 FFBK).,44,2026-04-07 01:00:00-04:00,"Talley Stadium at Fred Flook Field  (Liberty, MO)",43,MBA,2026
6568931,-1,Doane,614966,William Jewell Cardinals,614966,4,bot,Bronson Ryan grounded out to 2b (0-2 SK).,45,2026-04-07 01:00:00-04:00,"Talley Stadium at Fred Flook Field  (Liberty, MO)",43,MBA,2026
6568931,-1,Doane,614966,William Jewell Cardinals,614966,4,bot,Luke Bies hit by pitch (1-0 B).,46,2026-04-07 01:00:00-04:00,"Talley Stadium at Fred Flook Field  (Liberty, MO)",43,MBA,2026
6568931,-1,Doane,614966,William Jewell Cardinals,614966,4,bot,Hayden Post singled to right field (3-1 BBBK)3a Luke Bies advanced to third.,47,2026-04-07 01:00:00-04:00,"Talley Stadium at Fred Flook Field  (Liberty, MO)",43,MBA,2026
6568931,-1,Doane,614966,William Jewell Cardinals,614966,4,bot,Hayden Post stole second.,48,2026-04-07 01:00:00-04:00,"Talley Stadium at Fred Flook Field  (Liberty, MO)",43,MBA,2026
6568931,-1,Doane,614966,William Jewell Cardinals,614966,4,bot,"Luke Isaacs singled, advanced to second on the throw, 2 RBI (0-0)3a Hayden Post scored3a Luke Bies scored.",49,2026-04-07 01:00:00-04:00,"Talley Stadium at Fred Flook Field  (Liberty, MO)",43,MBA,2026
6568931,-1,Doane,614966,William Jewell Cardinals,614966,4,bot,Justin George walked (3-1 BSBBB).,50,2026-04-07 01:00:00-04:00,"Talley Stadium at Fred Flook Field  (Liberty, MO)",43,MBA,2026
6568931,-1,Doane,614966,William Jewell Cardinals,614966,4,bot,Kaizer Papenhagen to p for Cade Bridges.,51,2026-04-07 01:00:00-04:00,"Talley Stadium at Fred Flook Field  (Liberty, MO)",43,MBA,2026
6568931,-1,Doane,614966,William Jewell Cardinals,614966,4,bot,Jack Homoly grounded out to 3b (0-0).,52,2026-04-07 01:00:00-04:00,"Talley Stadium at Fred Flook Field  (Liberty, MO)",43,MBA,2026
6568931,-1,Doane,614966,William Jewell Cardinals,-1,5,top,Ethan Veach to p for Jack Wells.,53,2026-04-07 01:00:00-04:00,"Talley Stadium at Fred Flook Field  (Liberty, MO)",43,MBA,2026
6568931,-1,Doane,614966,William Jewell Cardinals,-1,5,top,Jordan Bond grounded out to 2b (0-0).,54,2026-04-07 01:00:00-04:00,"Talley Stadium at Fred Flook Field  (Liberty, MO)",43,MBA,2026
6568931,-1,Doane,614966,William Jewell Cardinals,-1,5,top,Brayden Jones lined out to ss (0-0).,55,2026-04-07 01:00:00-04:00,"Talley Stadium at Fred Flook Field  (Liberty, MO)",43,MBA,2026
6568931,-1,Doane,614966,William Jewell Cardinals,-1,5,top,Sam Kwapnioski walked (3-2 FBFBFBB).,56,2026-04-07 01:00:00-04:00,"Talley Stadium at Fred Flook Field  (Liberty, MO)",43,MBA,2026
6568931,-1,Doane,614966,William Jewell Cardinals,-1,5,top,"Adam Vulcano struck out swinging, out at first c to 1b (2-2 SBSBS).",57,2026-04-07 01:00:00-04:00,"Talley Stadium at Fred Flook Field  (Liberty, MO)",43,MBA,2026
6568931,-1,Doane,614966,William Jewell Cardinals,614966,5,bot,Koen Gakstatter flied out to cf (1-1 KB).,58,2026-04-07 01:00:00-04:00,"Talley Stadium at Fred Flook Field  (Liberty, MO)",43,MBA,2026
6568931,-1,Doane,614966,William Jewell Cardinals,614966,5,bot,Josiah Hussey flied out to cf (1-2 SFB).,59,2026-04-07 01:00:00-04:00,"Talley Stadium at Fred Flook Field  (Liberty, MO)",43,MBA,2026
6568931,-1,Doane,614966,William Jewell Cardinals,614966,5,bot,Mason Jeffers pinch hit for Ilyas van den Bos.,60,2026-04-07 01:00:00-04:00,"Talley Stadium at Fred Flook Field  (Liberty, MO)",43,MBA,2026
6568931,-1,Doane,614966,William Jewell Cardinals,614966,5,bot,Mason Jeffers popped up to ss (1-1 BS).,61,2026-04-07 01:00:00-04:00,"Talley Stadium at Fred Flook Field  (Liberty, MO)",43,MBA,2026
6568931,-1,Doane,614966,William Jewell Cardinals,-1,6,top,Mason Jeffers to c.,62,2026-04-07 01:00:00-04:00,"Talley Stadium at Fred Flook Field  (Liberty, MO)",43,MBA,2026
6568931,-1,Doane,614966,William Jewell Cardinals,-1,6,top,Caden Driessen flied out to lf (0-0).,63,2026-04-07 01:00:00-04:00,"Talley Stadium at Fred Flook Field  (Liberty, MO)",43,MBA,2026
6568931,-1,Doane,614966,William Jewell Cardinals,-1,6,top,Carter Roth grounded out to 2b (0-0).,64,2026-04-07 01:00:00-04:00,"Talley Stadium at Fred Flook Field  (Liberty, MO)",43,MBA,2026
6568931,-1,Doane,614966,William Jewell Cardinals,-1,6,top,Grant Sommers doubled down the lf line (1-2 BSK).,65,2026-04-07 01:00:00-04:00,"Talley Stadium at Fred Flook Field  (Liberty, MO)",43,MBA,2026
6568931,-1,Doane,614966,William Jewell Cardinals,-1,6,top,Max Harris singled to shortstop (0-0)3a Grant Sommers advanced to third.,66,2026-04-07 01:00:00-04:00,"Talley Stadium at Fred Flook Field  (Liberty, MO)",43,MBA,2026
6568931,-1,Doane,614966,William Jewell Cardinals,-1,6,top,"Johnny Vulcano singled, RBI (0-0)3a Max Harris advanced to third3a Grant Sommers scored.",67,2026-04-07 01:00:00-04:00,"Talley Stadium at Fred Flook Field  (Liberty, MO)",43,MBA,2026
6568931,-1,Doane,614966,William Jewell Cardinals,-1,6,top,Peyton Little to p for Ethan Veach.,68,2026-04-07 01:00:00-04:00,"Talley Stadium at Fred Flook Field  (Liberty, MO)",43,MBA,2026
6568931,-1,Doane,614966,William Jewell Cardinals,-1,6,top,Jordan Bond grounded out to 3b (3-2 BBBKK).,69,2026-04-07 01:00:00-04:00,"Talley Stadium at Fred Flook Field  (Liberty, MO)",43,MBA,2026
6568931,-1,Doane,614966,William Jewell Cardinals,614966,6,bot,Broc Songster to p for Kaizer Papenhagen.,70,2026-04-07 01:00:00-04:00,"Talley Stadium at Fred Flook Field  (Liberty, MO)",43,MBA,2026
6568931,-1,Doane,614966,William Jewell Cardinals,614966,6,bot,Bronson Ryan flied out to cf (0-0).,71,2026-04-07 01:00:00-04:00,"Talley Stadium at Fred Flook Field  (Liberty, MO)",43,MBA,2026
6568931,-1,Doane,614966,William Jewell Cardinals,614966,6,bot,Luke Bies flied out to cf (2-2 SFBB).,72,2026-04-07 01:00:00-04:00,"Talley Stadium at Fred Flook Field  (Liberty, MO)",43,MBA,2026
6568931,-1,Doane,614966,William Jewell Cardinals,614966,6,bot,Hayden Post struck out looking (1-2 FKFBFK).,73,2026-04-07 01:00:00-04:00,"Talley Stadium at Fred Flook Field  (Liberty, MO)",43,MBA,2026
6568931,-1,Doane,614966,William Jewell Cardinals,-1,7,top,Brayden Jones singled to catcher (3-2 SBBKB).,74,2026-04-07 01:00:00-04:00,"Talley Stadium at Fred Flook Field  (Liberty, MO)",43,MBA,2026
6568931,-1,Doane,614966,William Jewell Cardinals,-1,7,top,Sam Kwapnioski struck out (2-2 FFBB)3a Brayden Jones advanced to second.,75,2026-04-07 01:00:00-04:00,"Talley Stadium at Fred Flook Field  (Liberty, MO)",43,MBA,2026
6568931,-1,Doane,614966,William Jewell Cardinals,-1,7,top,Adam Vulcano grounded out to ss (0-0).,76,2026-04-07 01:00:00-04:00,"Talley Stadium at Fred Flook Field  (Liberty, MO)",43,MBA,2026
6568931,-1,Doane,614966,William Jewell Cardinals,-1,7,top,"Caden Driessen singled to right center, RBI (0-0)3a Brayden Jones scored.",77,2026-04-07 01:00:00-04:00,"Talley Stadium at Fred Flook Field  (Liberty, MO)",43,MBA,2026
6568931,-1,Doane,614966,William Jewell Cardinals,-1,7,top,Carter Roth struck out swinging (1-2 BFFS).,78,2026-04-07 01:00:00-04:00,"Talley Stadium at Fred Flook Field  (Liberty, MO)",43,MBA,2026
6568931,-1,Doane,614966,William Jewell Cardinals,614966,7,bot,Luke Isaacs popped up to ss (1-0 B).,79,2026-04-07 01:00:00-04:00,"Talley Stadium at Fred Flook Field  (Liberty, MO)",43,MBA,2026
6568931,-1,Doane,614966,William Jewell Cardinals,614966,7,bot,Justin George grounded out to 3b (0-0).,80,2026-04-07 01:00:00-04:00,"Talley Stadium at Fred Flook Field  (Liberty, MO)",43,MBA,2026
6568931,-1,Doane,614966,William Jewell Cardinals,614966,7,bot,Jack Homoly grounded out to ss (2-2 SBFFB).,81,2026-04-07 01:00:00-04:00,"Talley Stadium at Fred Flook Field  (Liberty, MO)",43,MBA,2026
6568931,-1,Doane,614966,William Jewell Cardinals,-1,8,top,Jack Lemasters to p for Peyton Little.,82,2026-04-07 01:00:00-04:00,"Talley Stadium at Fred Flook Field  (Liberty, MO)",43,MBA,2026
6568931,-1,Doane,614966,William Jewell Cardinals,-1,8,top,Grant Sommers singled to left field (2-1 KBB).,83,2026-04-07 01:00:00-04:00,"Talley Stadium at Fred Flook Field  (Liberty, MO)",43,MBA,2026
6568931,-1,Doane,614966,William Jewell Cardinals,-1,8,top,Max Harris popped up to p (0-0).,84,2026-04-07 01:00:00-04:00,"Talley Stadium at Fred Flook Field  (Liberty, MO)",43,MBA,2026
6568931,-1,Doane,614966,William Jewell Cardinals,-1,8,top,Johnny Vulcano singled up the middle (1-0 B)3a Grant Sommers advanced to second.,85,2026-04-07 01:00:00-04:00,"Talley Stadium at Fred Flook Field  (Liberty, MO)",43,MBA,2026
6568931,-1,Doane,614966,William Jewell Cardinals,-1,8,top,Jordan Bond hit by pitch (0-0)3a Johnny Vulcano advanced to second3a Grant Sommers advanced to third.,86,2026-04-07 01:00:00-04:00,"Talley Stadium at Fred Flook Field  (Liberty, MO)",43,MBA,2026
6568931,-1,Doane,614966,William Jewell Cardinals,-1,8,top,"Brayden Jones walked, RBI (3-0 BBBB)3a Jordan Bond advanced to second3a Johnny Vulcano advanced to third3a Grant Sommers scored.",87,2026-04-07 01:00:00-04:00,"Talley Stadium at Fred Flook Field  (Liberty, MO)",43,MBA,2026
6568931,-1,Doane,614966,William Jewell Cardinals,-1,8,top,Brandon Brown to p for Jack Lemasters.,88,2026-04-07 01:00:00-04:00,"Talley Stadium at Fred Flook Field  (Liberty, MO)",43,MBA,2026
6568931,-1,Doane,614966,William Jewell Cardinals,-1,8,top,"Sam Kwapnioski flied out to lf, sacrifice fly, RBI (0-0)3a Johnny Vulcano scored.",89,2026-04-07 01:00:00-04:00,"Talley Stadium at Fred Flook Field  (Liberty, MO)",43,MBA,2026
6568931,-1,Doane,614966,William Jewell Cardinals,-1,8,top,Adam Wilmore pinch hit for Adam Vulcano.,90,2026-04-07 01:00:00-04:00,"Talley Stadium at Fred Flook Field  (Liberty, MO)",43,MBA,2026
6568931,-1,Doane,614966,William Jewell Cardinals,-1,8,top,Adam Wilmore grounded out to 3b (0-0).,91,2026-04-07 01:00:00-04:00,"Talley Stadium at Fred Flook Field  (Liberty, MO)",43,MBA,2026
6568931,-1,Doane,614966,William Jewell Cardinals,614966,8,bot,Thaden Wewel to lf for Adam Wilmore.,92,2026-04-07 01:00:00-04:00,"Talley Stadium at Fred Flook Field  (Liberty, MO)",43,MBA,2026
6568931,-1,Doane,614966,William Jewell Cardinals,614966,8,bot,Carter Baete to p for Broc Songster.,93,2026-04-07 01:00:00-04:00,"Talley Stadium at Fred Flook Field  (Liberty, MO)",43,MBA,2026
6568931,-1,Doane,614966,William Jewell Cardinals,614966,8,bot,Koen Gakstatter grounded out to ss (2-1 KBB).,94,2026-04-07 01:00:00-04:00,"Talley Stadium at Fred Flook Field  (Liberty, MO)",43,MBA,2026
6568931,-1,Doane,614966,William Jewell Cardinals,614966,8,bot,Isaac Lager pinch hit for Josiah Hussey.,95,2026-04-07 01:00:00-04:00,"Talley Stadium at Fred Flook Field  (Liberty, MO)",43,MBA,2026
6568931,-1,Doane,614966,William Jewell Cardinals,614966,8,bot,Isaac Lager flied out to rf (2-2 BKSBF).,96,2026-04-07 01:00:00-04:00,"Talley Stadium at Fred Flook Field  (Liberty, MO)",43,MBA,2026
6568931,-1,Doane,614966,William Jewell Cardinals,614966,8,bot,Matt Goldasich pinch hit for Mason Jeffers.,97,2026-04-07 01:00:00-04:00,"Talley Stadium at Fred Flook Field  (Liberty, MO)",43,MBA,2026
6568931,-1,Doane,614966,William Jewell Cardinals,614966,8,bot,Matt Goldasich walked (3-1 BSBBB).,98,2026-04-07 01:00:00-04:00,"Talley Stadium at Fred Flook Field  (Liberty, MO)",43,MBA,2026
6568931,-1,Doane,614966,William Jewell Cardinals,614966,8,bot,Bronson Ryan grounded out to 2b (3-2 BSBKB).,99,2026-04-07 01:00:00-04:00,"Talley Stadium at Fred Flook Field  (Liberty, MO)",43,MBA,2026
6568931,-1,Doane,614966,William Jewell Cardinals,-1,9,top,Isaac Lager to rf.,100,2026-04-07 01:00:00-04:00,"Talley Stadium at Fred Flook Field  (Liberty, MO)",43,MBA,2026
6568931,-1,Doane,614966,William Jewell Cardinals,-1,9,top,Matt Goldasich to c.,101,2026-04-07 01:00:00-04:00,"Talley Stadium at Fred Flook Field  (Liberty, MO)",43,MBA,2026
6568931,-1,Doane,614966,William Jewell Cardinals,-1,9,top,Caden Driessen hit by pitch (0-0).,102,2026-04-07 01:00:00-04:00,"Talley Stadium at Fred Flook Field  (Liberty, MO)",43,MBA,2026
6568931,-1,Doane,614966,William Jewell Cardinals,-1,9,top,Carter Roth flied out to rf (0-0).,103,2026-04-07 01:00:00-04:00,"Talley Stadium at Fred Flook Field  (Liberty, MO)",43,MBA,2026
6568931,-1,Doane,614966,William Jewell Cardinals,-1,9,top,Grant Sommers hit by pitch (0-0)3a Caden Driessen advanced to second.,104,2026-04-07 01:00:00-04:00,"Talley Stadium at Fred Flook Field  (Liberty, MO)",43,MBA,2026
6568931,-1,Doane,614966,William Jewell Cardinals,-1,9,top,Alex Smith to p for Brandon Brown.,105,2026-04-07 01:00:00-04:00,"Talley Stadium at Fred Flook Field  (Liberty, MO)",43,MBA,2026
6568931,-1,Doane,614966,William Jewell Cardinals,-1,9,top,Max Harris out at first 1b to p (0-1 S)3a Grant Sommers advanced to second3a Caden Driessen advanced to third.,106,2026-04-07 01:00:00-04:00,"Talley Stadium at Fred Flook Field  (Liberty, MO)",43,MBA,2026
6568931,-1,Doane,614966,William Jewell Cardinals,-1,9,top,"Johnny Vulcano singled to right center, 2 RBI (0-0)3a Grant Sommers scored3a Caden Driessen scored.",107,2026-04-07 01:00:00-04:00,"Talley Stadium at Fred Flook Field  (Liberty, MO)",43,MBA,2026
6568931,-1,Doane,614966,William Jewell Cardinals,-1,9,top,Jordan Bond reached on a fielder's choice (0-0)3a Johnny Vulcano out at second 3b to 2b.,108,2026-04-07 01:00:00-04:00,"Talley Stadium at Fred Flook Field  (Liberty, MO)",43,MBA,2026
6568931,-1,Doane,614966,William Jewell Cardinals,614966,9,bot,Ethan Merk to p for Carter Baete.,109,2026-04-07 01:00:00-04:00,"Talley Stadium at Fred Flook Field  (Liberty, MO)",43,MBA,2026
6568931,-1,Doane,614966,William Jewell Cardinals,614966,9,bot,Luke Bies walked (3-2 BKBKBB).,110,2026-04-07 01:00:00-04:00,"Talley Stadium at Fred Flook Field  (Liberty, MO)",43,MBA,2026
6568931,-1,Doane,614966,William Jewell Cardinals,614966,9,bot,Hayden Post struck out swinging (3-2 FKBBBS).,111,2026-04-07 01:00:00-04:00,"Talley Stadium at Fred Flook Field  (Liberty, MO)",43,MBA,2026
6568931,-1,Doane,614966,William Jewell Cardinals,614966,9,bot,Luke Isaacs doubled to left field (3-1 BBFB)3a Luke Bies advanced to third.,112,2026-04-07 01:00:00-04:00,"Talley Stadium at Fred Flook Field  (Liberty, MO)",43,MBA,2026
6568931,-1,Doane,614966,William Jewell Cardinals,614966,9,bot,"Justin George grounded out to 3b, RBI (0-1 F)3a Luke Bies scored.",113,2026-04-07 01:00:00-04:00,"Talley Stadium at Fred Flook Field  (Liberty, MO)",43,MBA,2026
6568931,-1,Doane,614966,William Jewell Cardinals,614966,9,bot,Brayden Blundell pinch hit for Jack Homoly.,114,2026-04-07 01:00:00-04:00,"Talley Stadium at Fred Flook Field  (Liberty, MO)",43,MBA,2026
6568931,-1,Doane,614966,William Jewell Cardinals,614966,9,bot,Brayden Blundell struck out swinging (0-2 KSS).,115,2026-04-07 01:00:00-04:00,"Talley Stadium at Fred Flook Field  (Liberty, MO)",43,MBA,2026
6568942,-1,Rust,615045,Lane Dragons,-1,1,top,Kyle Terry singled to right center (0-2 FF).,1,2026-04-07 01:00:00-04:00,"Lane Baseball Field  (Jackson, TN)",93,MBA,2026
6568942,-1,Rust,615045,Lane Dragons,-1,1,top,Kyle Terry stole second.,2,2026-04-07 01:00:00-04:00,"Lane Baseball Field  (Jackson, TN)",93,MBA,2026
6568942,-1,Rust,615045,Lane Dragons,-1,1,top,Devin Thigpen flied out to rf (2-2 KKBFFB)3a Kyle Terry advanced to third.,3,2026-04-07 01:00:00-04:00,"Lane Baseball Field  (Jackson, TN)",93,MBA,2026
6568942,-1,Rust,615045,Lane Dragons,-1,1,top,Trevon Stephens hit by pitch (1-1 FH).,4,2026-04-07 01:00:00-04:00,"Lane Baseball Field  (Jackson, TN)",93,MBA,2026
6568942,-1,Rust,615045,Lane Dragons,-1,1,top,Trevon Stephens advanced to second on a balk3a Kyle Terry scored on a balk.,5,2026-04-07 01:00:00-04:00,"Lane Baseball Field  (Jackson, TN)",93,MBA,2026
6568942,-1,Rust,615045,Lane Dragons,-1,1,top,Jarmarkis Richardson flied out to cf (0-0).,6,2026-04-07 01:00:00-04:00,"Lane Baseball Field  (Jackson, TN)",93,MBA,2026
6568942,-1,Rust,615045,Lane Dragons,-1,1,top,"Chris Brock singled through the left side, RBI (1-1 KB)3a Trevon Stephens scored.",7,2026-04-07 01:00:00-04:00,"Lane Baseball Field  (Jackson, TN)",93,MBA,2026
6568942,-1,Rust,615045,Lane Dragons,-1,1,top,Jamen Francis singled to right field (1-1 FB)3a Chris Brock advanced to second.,8,2026-04-07 01:00:00-04:00,"Lane Baseball Field  (Jackson, TN)",93,MBA,2026
6568942,-1,Rust,615045,Lane Dragons,-1,1,top,Marlin Mansfield flied out to lf to left center (0-1 S).,9,2026-04-07 01:00:00-04:00,"Lane Baseball Field  (Jackson, TN)",93,MBA,2026
6568942,-1,Rust,615045,Lane Dragons,615045,1,bot,Connoer Russell grounded out to p (1-1 KB).,10,2026-04-07 01:00:00-04:00,"Lane Baseball Field  (Jackson, TN)",93,MBA,2026
6568942,-1,Rust,615045,Lane Dragons,615045,1,bot,Desean Rogers flied out to rf to right center (2-2 FBBK).,11,2026-04-07 01:00:00-04:00,"Lane Baseball Field  (Jackson, TN)",93,MBA,2026
6568942,-1,Rust,615045,Lane Dragons,615045,1,bot,Anderson Jorge singled to left center (1-0 B).,12,2026-04-07 01:00:00-04:00,"Lane Baseball Field  (Jackson, TN)",93,MBA,2026
6568942,-1,Rust,615045,Lane Dragons,615045,1,bot,"Anderson Jorge out at second c to 2b, caught stealing.",13,2026-04-07 01:00:00-04:00,"Lane Baseball Field  (Jackson, TN)",93,MBA,2026
6568942,-1,Rust,615045,Lane Dragons,-1,2,top,Madden Williams popped up to 3b (0-0).,14,2026-04-07 01:00:00-04:00,"Lane Baseball Field  (Jackson, TN)",93,MBA,2026
6568942,-1,Rust,615045,Lane Dragons,-1,2,top,"Parrish Smith grounded out to p, bunt (0-0).",15,2026-04-07 01:00:00-04:00,"Lane Baseball Field  (Jackson, TN)",93,MBA,2026
6568942,-1,Rust,615045,Lane Dragons,-1,2,top,Kyle Terry singled to shortstop (0-0).,16,2026-04-07 01:00:00-04:00,"Lane Baseball Field  (Jackson, TN)",93,MBA,2026
6568942,-1,Rust,615045,Lane Dragons,-1,2,top,Devin Thigpen flied out to lf to left center (0-0).,17,2026-04-07 01:00:00-04:00,"Lane Baseball Field  (Jackson, TN)",93,MBA,2026
6568942,-1,Rust,615045,Lane Dragons,615045,2,bot,Teagan Davies popped up to 2b (0-0).,18,2026-04-07 01:00:00-04:00,"Lane Baseball Field  (Jackson, TN)",93,MBA,2026
6568942,-1,Rust,615045,Lane Dragons,615045,2,bot,Gabriel Garza walked (3-0 BBBB).,19,2026-04-07 01:00:00-04:00,"Lane Baseball Field  (Jackson, TN)",93,MBA,2026
6568942,-1,Rust,615045,Lane Dragons,615045,2,bot,Gabriel Garza advanced to second on a passed ball.,20,2026-04-07 01:00:00-04:00,"Lane Baseball Field  (Jackson, TN)",93,MBA,2026
6568942,-1,Rust,615045,Lane Dragons,615045,2,bot,Jermaine Purvis struck out swinging (2-2 BKBFFS).,21,2026-04-07 01:00:00-04:00,"Lane Baseball Field  (Jackson, TN)",93,MBA,2026
6568942,-1,Rust,615045,Lane Dragons,615045,2,bot,Juan Rodriguez grounded out to ss (0-0).,22,2026-04-07 01:00:00-04:00,"Lane Baseball Field  (Jackson, TN)",93,MBA,2026
6568942,-1,Rust,615045,Lane Dragons,-1,3,top,Trevon Stephens struck out swinging (1-2 BSSFS).,23,2026-04-07 01:00:00-04:00,"Lane Baseball Field  (Jackson, TN)",93,MBA,2026
6568942,-1,Rust,615045,Lane Dragons,-1,3,top,Jarmarkis Richardson grounded out to 2b (1-1 FB).,24,2026-04-07 01:00:00-04:00,"Lane Baseball Field  (Jackson, TN)",93,MBA,2026
6568942,-1,Rust,615045,Lane Dragons,-1,3,top,Chris Brock reached first on an error by 3b (3-2 FKBBBF).,25,2026-04-07 01:00:00-04:00,"Lane Baseball Field  (Jackson, TN)",93,MBA,2026
6568942,-1,Rust,615045,Lane Dragons,-1,3,top,Jamen Francis reached on a fielder's choice (0-2 FF)3a Chris Brock out at second 3b to 2b.,26,2026-04-07 01:00:00-04:00,"Lane Baseball Field  (Jackson, TN)",93,MBA,2026
6568942,-1,Rust,615045,Lane Dragons,615045,3,bot,Edrick Rivera Mendez fouled out to 2b (1-0 B).,27,2026-04-07 01:00:00-04:00,"Lane Baseball Field  (Jackson, TN)",93,MBA,2026
6568942,-1,Rust,615045,Lane Dragons,615045,3,bot,Cason Blunt flied out to lf (1-2 KFB).,28,2026-04-07 01:00:00-04:00,"Lane Baseball Field  (Jackson, TN)",93,MBA,2026
6568942,-1,Rust,615045,Lane Dragons,615045,3,bot,Connoer Russell struck out swinging (3-2 BBKBKS).,29,2026-04-07 01:00:00-04:00,"Lane Baseball Field  (Jackson, TN)",93,MBA,2026
6568942,-1,Rust,615045,Lane Dragons,-1,4,top,Marlin Mansfield struck out looking (3-2 BFBFBK).,30,2026-04-07 01:00:00-04:00,"Lane Baseball Field  (Jackson, TN)",93,MBA,2026
6568942,-1,Rust,615045,Lane Dragons,-1,4,top,Madden Williams lined out to cf to right center (1-0 B).,31,2026-04-07 01:00:00-04:00,"Lane Baseball Field  (Jackson, TN)",93,MBA,2026
6568942,-1,Rust,615045,Lane Dragons,-1,4,top,Parrish Smith struck out swinging (1-2 BFFS).,32,2026-04-07 01:00:00-04:00,"Lane Baseball Field  (Jackson, TN)",93,MBA,2026
6568942,-1,Rust,615045,Lane Dragons,615045,4,bot,Desean Rogers walked (3-0 BBBB).,33,2026-04-07 01:00:00-04:00,"Lane Baseball Field  (Jackson, TN)",93,MBA,2026
6568942,-1,Rust,615045,Lane Dragons,615045,4,bot,Anderson Jorge doubled to left center (1-1 BK)3a Desean Rogers advanced to third.,34,2026-04-07 01:00:00-04:00,"Lane Baseball Field  (Jackson, TN)",93,MBA,2026
6568942,-1,Rust,615045,Lane Dragons,615045,4,bot,"Teagan Davies singled to right center, 2 RBI (1-1 BF)3a Anderson Jorge scored3a Desean Rogers scored.",35,2026-04-07 01:00:00-04:00,"Lane Baseball Field  (Jackson, TN)",93,MBA,2026
6568942,-1,Rust,615045,Lane Dragons,615045,4,bot,Gabriel Garza flied out to cf (1-0 B).,36,2026-04-07 01:00:00-04:00,"Lane Baseball Field  (Jackson, TN)",93,MBA,2026
6568942,-1,Rust,615045,Lane Dragons,615045,4,bot,Jermaine Purvis doubled to right center (0-0)3a Teagan Davies advanced to third.,37,2026-04-07 01:00:00-04:00,"Lane Baseball Field  (Jackson, TN)",93,MBA,2026
6568942,-1,Rust,615045,Lane Dragons,615045,4,bot,"Juan Rodriguez grounded out to 2b, RBI (1-1 SB)3a Jermaine Purvis advanced to third3a Teagan Davies scored.",38,2026-04-07 01:00:00-04:00,"Lane Baseball Field  (Jackson, TN)",93,MBA,2026
6568942,-1,Rust,615045,Lane Dragons,615045,4,bot,Edrick Rivera Mendez walked (3-0 BBBB).,39,2026-04-07 01:00:00-04:00,"Lane Baseball Field  (Jackson, TN)",93,MBA,2026
6568942,-1,Rust,615045,Lane Dragons,615045,4,bot,Edrick Rivera Mendez stole second3a Jermaine Purvis scored.,40,2026-04-07 01:00:00-04:00,"Lane Baseball Field  (Jackson, TN)",93,MBA,2026
6568942,-1,Rust,615045,Lane Dragons,615045,4,bot,"Cason Blunt singled to left center, RBI (3-2 BBBKK)3a Edrick Rivera Mendez scored.",41,2026-04-07 01:00:00-04:00,"Lane Baseball Field  (Jackson, TN)",93,MBA,2026
6568942,-1,Rust,615045,Lane Dragons,615045,4,bot,Cason Blunt stole second.,42,2026-04-07 01:00:00-04:00,"Lane Baseball Field  (Jackson, TN)",93,MBA,2026
6568942,-1,Rust,615045,Lane Dragons,615045,4,bot,Connoer Russell grounded out to 2b (2-0 BB).,43,2026-04-07 01:00:00-04:00,"Lane Baseball Field  (Jackson, TN)",93,MBA,2026
6568942,-1,Rust,615045,Lane Dragons,-1,5,top,Kyle Terry singled up the middle (2-1 BFB).,44,2026-04-07 01:00:00-04:00,"Lane Baseball Field  (Jackson, TN)",93,MBA,2026
6568942,-1,Rust,615045,Lane Dragons,-1,5,top,"Kyle Terry out at second c to ss, caught stealing.",45,2026-04-07 01:00:00-04:00,"Lane Baseball Field  (Jackson, TN)",93,MBA,2026
6568942,-1,Rust,615045,Lane Dragons,-1,5,top,Devin Thigpen singled to left center (1-0 B).,46,2026-04-07 01:00:00-04:00,"Lane Baseball Field  (Jackson, TN)",93,MBA,2026
6568942,-1,Rust,615045,Lane Dragons,-1,5,top,Devin Thigpen stole second.,47,2026-04-07 01:00:00-04:00,"Lane Baseball Field  (Jackson, TN)",93,MBA,2026
6568942,-1,Rust,615045,Lane Dragons,-1,5,top,Trevon Stephens walked (3-0 BBBB).,48,2026-04-07 01:00:00-04:00,"Lane Baseball Field  (Jackson, TN)",93,MBA,2026
6568942,-1,Rust,615045,Lane Dragons,-1,5,top,Jacob De La Rosa pinch hit for Jarmarkis Richardson.,49,2026-04-07 01:00:00-04:00,"Lane Baseball Field  (Jackson, TN)",93,MBA,2026
6568942,-1,Rust,615045,Lane Dragons,-1,5,top,Jacob De La Rosa struck out swinging (1-2 KFBS).,50,2026-04-07 01:00:00-04:00,"Lane Baseball Field  (Jackson, TN)",93,MBA,2026
6568942,-1,Rust,615045,Lane Dragons,-1,5,top,Chris Brock flied out to cf to right center (0-0).,51,2026-04-07 01:00:00-04:00,"Lane Baseball Field  (Jackson, TN)",93,MBA,2026
6568942,-1,Rust,615045,Lane Dragons,615045,5,bot,Desean Rogers doubled to left center (1-1 BK).,52,2026-04-07 01:00:00-04:00,"Lane Baseball Field  (Jackson, TN)",93,MBA,2026
6568942,-1,Rust,615045,Lane Dragons,615045,5,bot,Anderson Jorge grounded out to 1b unassisted (1-1 KB)3a Desean Rogers advanced to third.,53,2026-04-07 01:00:00-04:00,"Lane Baseball Field  (Jackson, TN)",93,MBA,2026
6568942,-1,Rust,615045,Lane Dragons,615045,5,bot,Teagan Davies fouled out to 3b (0-0).,54,2026-04-07 01:00:00-04:00,"Lane Baseball Field  (Jackson, TN)",93,MBA,2026
6568942,-1,Rust,615045,Lane Dragons,615045,5,bot,Gabriel Garza flied out to cf to left center (2-2 BBFFFF).,55,2026-04-07 01:00:00-04:00,"Lane Baseball Field  (Jackson, TN)",93,MBA,2026
6568942,-1,Rust,615045,Lane Dragons,-1,6,top,Jamen Francis grounded out to 3b (0-2 FF).,56,2026-04-07 01:00:00-04:00,"Lane Baseball Field  (Jackson, TN)",93,MBA,2026
6568942,-1,Rust,615045,Lane Dragons,-1,6,top,Marlin Mansfield struck out swinging (1-2 KFBS).,57,2026-04-07 01:00:00-04:00,"Lane Baseball Field  (Jackson, TN)",93,MBA,2026
6568942,-1,Rust,615045,Lane Dragons,-1,6,top,Madden Williams singled to right field (0-2 KF).,58,2026-04-07 01:00:00-04:00,"Lane Baseball Field  (Jackson, TN)",93,MBA,2026
6568942,-1,Rust,615045,Lane Dragons,-1,6,top,Parrish Smith grounded out to 3b (0-0).,59,2026-04-07 01:00:00-04:00,"Lane Baseball Field  (Jackson, TN)",93,MBA,2026
6568942,-1,Rust,615045,Lane Dragons,615045,6,bot,Jermaine Purvis singled to left field (3-2 BBFSBFF).,60,2026-04-07 01:00:00-04:00,"Lane Baseball Field  (Jackson, TN)",93,MBA,2026
6568942,-1,Rust,615045,Lane Dragons,615045,6,bot,Juan Rodriguez popped up to 1b (1-0 B).,61,2026-04-07 01:00:00-04:00,"Lane Baseball Field  (Jackson, TN)",93,MBA,2026
6568942,-1,Rust,615045,Lane Dragons,615045,6,bot,Edrick Rivera Mendez singled to third base (1-0 B)3a Jermaine Purvis advanced to second.,62,2026-04-07 01:00:00-04:00,"Lane Baseball Field  (Jackson, TN)",93,MBA,2026
6568942,-1,Rust,615045,Lane Dragons,615045,6,bot,"Cason Blunt singled to third base, bunt (0-0)3a Edrick Rivera Mendez advanced to second3a Jermaine Purvis advanced to third.",63,2026-04-07 01:00:00-04:00,"Lane Baseball Field  (Jackson, TN)",93,MBA,2026
6568942,-1,Rust,615045,Lane Dragons,615045,6,bot,"Connoer Russell flied out to lf, sacrifice fly, RBI (0-2 FF)3a Jermaine Purvis scored.",64,2026-04-07 01:00:00-04:00,"Lane Baseball Field  (Jackson, TN)",93,MBA,2026
6568942,-1,Rust,615045,Lane Dragons,615045,6,bot,"Cason Blunt out at first c to 1b, picked off.",65,2026-04-07 01:00:00-04:00,"Lane Baseball Field  (Jackson, TN)",93,MBA,2026
6568942,-1,Rust,615045,Lane Dragons,-1,7,top,Kyle Terry grounded out to 2b (0-0).,66,2026-04-07 01:00:00-04:00,"Lane Baseball Field  (Jackson, TN)",93,MBA,2026
6568942,-1,Rust,615045,Lane Dragons,-1,7,top,Devin Thigpen grounded out to 3b (2-1 BSB).,67,2026-04-07 01:00:00-04:00,"Lane Baseball Field  (Jackson, TN)",93,MBA,2026
6568942,-1,Rust,615045,Lane Dragons,-1,7,top,Trevon Stephens popped up to 1b (0-2 KS).,68,2026-04-07 01:00:00-04:00,"Lane Baseball Field  (Jackson, TN)",93,MBA,2026
6568946,615435,Marian (WI) Sabres,615171,Carthage Firebirds,615435,1,top,George Hoss Jr. walked (3-1 KBBBB).,1,2026-04-07 01:00:00-04:00,"Augie Schmidt Field (Kenosha, WI)",56,MBA,2026
6568946,615435,Marian (WI) Sabres,615171,Carthage Firebirds,615435,1,top,George Hoss Jr. stole second.,2,2026-04-07 01:00:00-04:00,"Augie Schmidt Field (Kenosha, WI)",56,MBA,2026
6568946,615435,Marian (WI) Sabres,615171,Carthage Firebirds,615435,1,top,Lucas Lemons struck out looking (2-2 BBFSK)3a George Hoss Jr. stole third.,3,2026-04-07 01:00:00-04:00,"Augie Schmidt Field (Kenosha, WI)",56,MBA,2026
6568946,615435,Marian (WI) Sabres,615171,Carthage Firebirds,615435,1,top,"Jason Sims grounded out to 3b, RBI (2-1 KBB)3a George Hoss Jr. scored.",4,2026-04-07 01:00:00-04:00,"Augie Schmidt Field (Kenosha, WI)",56,MBA,2026
6568946,615435,Marian (WI) Sabres,615171,Carthage Firebirds,615435,1,top,Brody Nolan singled up the middle (1-1 KB).,5,2026-04-07 01:00:00-04:00,"Augie Schmidt Field (Kenosha, WI)",56,MBA,2026
6568946,615435,Marian (WI) Sabres,615171,Carthage Firebirds,615435,1,top,Brody Nolan stole second.,6,2026-04-07 01:00:00-04:00,"Augie Schmidt Field (Kenosha, WI)",56,MBA,2026
6568946,615435,Marian (WI) Sabres,615171,Carthage Firebirds,615435,1,top,"Connor Schroeder singled to right field, RBI (1-1 BK)3a Brody Nolan scored.",7,2026-04-07 01:00:00-04:00,"Augie Schmidt Field (Kenosha, WI)",56,MBA,2026
6568946,615435,Marian (WI) Sabres,615171,Carthage Firebirds,615435,1,top,Zach Ennis grounded out to 1b unassisted (1-1 BK).,8,2026-04-07 01:00:00-04:00,"Augie Schmidt Field (Kenosha, WI)",56,MBA,2026
6568946,615435,Marian (WI) Sabres,615171,Carthage Firebirds,615171,1,bot,Michael Ossenfort popped up to 2b (2-0 BB).,9,2026-04-07 01:00:00-04:00,"Augie Schmidt Field (Kenosha, WI)",56,MBA,2026
6568946,615435,Marian (WI) Sabres,615171,Carthage Firebirds,615171,1,bot,Dylan Ston lined out to lf (0-2 KF).,10,2026-04-07 01:00:00-04:00,"Augie Schmidt Field (Kenosha, WI)",56,MBA,2026
6568946,615435,Marian (WI) Sabres,615171,Carthage Firebirds,615171,1,bot,Zander Tubbs flied out to rf (1-1 KB).,11,2026-04-07 01:00:00-04:00,"Augie Schmidt Field (Kenosha, WI)",56,MBA,2026
6568946,615435,Marian (WI) Sabres,615171,Carthage Firebirds,615435,2,top,Max Mullane singled through the right side (2-1 FBB).,12,2026-04-07 01:00:00-04:00,"Augie Schmidt Field (Kenosha, WI)",56,MBA,2026
6568946,615435,Marian (WI) Sabres,615171,Carthage Firebirds,615435,2,top,Ryan O'Toole singled through the right side (0-1 S)3a Max Mullane advanced to third.,13,2026-04-07 01:00:00-04:00,"Augie Schmidt Field (Kenosha, WI)",56,MBA,2026
6568946,615435,Marian (WI) Sabres,615171,Carthage Firebirds,615435,2,top,"Ayden Kanaman singled to first base, bunt, RBI (0-0)3a Ryan O'Toole advanced to second3a Max Mullane scored.",14,2026-04-07 01:00:00-04:00,"Augie Schmidt Field (Kenosha, WI)",56,MBA,2026
6568946,615435,Marian (WI) Sabres,615171,Carthage Firebirds,615435,2,top,Ryan O'Toole stole third.,15,2026-04-07 01:00:00-04:00,"Augie Schmidt Field (Kenosha, WI)",56,MBA,2026
6568946,615435,Marian (WI) Sabres,615171,Carthage Firebirds,615435,2,top,"Ayden Kanaman out at second c to ss, caught stealing.",16,2026-04-07 01:00:00-04:00,"Augie Schmidt Field (Kenosha, WI)",56,MBA,2026
6568946,615435,Marian (WI) Sabres,615171,Carthage Firebirds,615435,2,top,George Hoss Jr. struck out looking (2-2 BKKBK).,17,2026-04-07 01:00:00-04:00,"Augie Schmidt Field (Kenosha, WI)",56,MBA,2026
6568946,615435,Marian (WI) Sabres,615171,Carthage Firebirds,615435,2,top,Lucas Lemons walked (3-1 KBBBB).,18,2026-04-07 01:00:00-04:00,"Augie Schmidt Field (Kenosha, WI)",56,MBA,2026
6568946,615435,Marian (WI) Sabres,615171,Carthage Firebirds,615435,2,top,Lucas Lemons stole second3a Ryan O'Toole stole home.,19,2026-04-07 01:00:00-04:00,"Augie Schmidt Field (Kenosha, WI)",56,MBA,2026
6568946,615435,Marian (WI) Sabres,615171,Carthage Firebirds,615435,2,top,"Jason Sims doubled to left field, RBI (3-1 KBBB)3a Lucas Lemons scored.",20,2026-04-07 01:00:00-04:00,"Augie Schmidt Field (Kenosha, WI)",56,MBA,2026
6568946,615435,Marian (WI) Sabres,615171,Carthage Firebirds,615435,2,top,Jason Sims stole third.,21,2026-04-07 01:00:00-04:00,"Augie Schmidt Field (Kenosha, WI)",56,MBA,2026
6568946,615435,Marian (WI) Sabres,615171,Carthage Firebirds,615435,2,top,Brody Nolan walked (3-2 BBKKBB).,22,2026-04-07 01:00:00-04:00,"Augie Schmidt Field (Kenosha, WI)",56,MBA,2026
6568946,615435,Marian (WI) Sabres,615171,Carthage Firebirds,615435,2,top,Brody Nolan stole second.,23,2026-04-07 01:00:00-04:00,"Augie Schmidt Field (Kenosha, WI)",56,MBA,2026
6568946,615435,Marian (WI) Sabres,615171,Carthage Firebirds,615435,2,top,"Connor Schroeder singled to right field, RBI (1-2 BKS)3a Brody Nolan advanced to third, out at home rf to c3a Jason Sims scored.",24,2026-04-07 01:00:00-04:00,"Augie Schmidt Field (Kenosha, WI)",56,MBA,2026
6568946,615435,Marian (WI) Sabres,615171,Carthage Firebirds,615171,2,bot,Joe Zuleger flied out to cf (1-0 B).,25,2026-04-07 01:00:00-04:00,"Augie Schmidt Field (Kenosha, WI)",56,MBA,2026
6568946,615435,Marian (WI) Sabres,615171,Carthage Firebirds,615171,2,bot,Caden Meyer doubled to left field (1-0 B).,26,2026-04-07 01:00:00-04:00,"Augie Schmidt Field (Kenosha, WI)",56,MBA,2026
6568946,615435,Marian (WI) Sabres,615171,Carthage Firebirds,615171,2,bot,Dawson Gaynor singled to left field (2-2 SBBF)3a Caden Meyer advanced to third.,27,2026-04-07 01:00:00-04:00,"Augie Schmidt Field (Kenosha, WI)",56,MBA,2026
6568946,615435,Marian (WI) Sabres,615171,Carthage Firebirds,615171,2,bot,"Paul Reedy singled to third base, RBI (3-2 BKSBBF)3a Dawson Gaynor advanced to second3a Caden Meyer scored.",28,2026-04-07 01:00:00-04:00,"Augie Schmidt Field (Kenosha, WI)",56,MBA,2026
6568946,615435,Marian (WI) Sabres,615171,Carthage Firebirds,615171,2,bot,Mattie Gapinski popped up to 2b (3-1 BBSB).,29,2026-04-07 01:00:00-04:00,"Augie Schmidt Field (Kenosha, WI)",56,MBA,2026
6568946,615435,Marian (WI) Sabres,615171,Carthage Firebirds,615171,2,bot,Jimmy Herget struck out looking (2-2 BSBKK).,30,2026-04-07 01:00:00-04:00,"Augie Schmidt Field (Kenosha, WI)",56,MBA,2026
6568946,615435,Marian (WI) Sabres,615171,Carthage Firebirds,615435,3,top,Zach Ennis flied out to cf (0-1 K).,31,2026-04-07 01:00:00-04:00,"Augie Schmidt Field (Kenosha, WI)",56,MBA,2026
6568946,615435,Marian (WI) Sabres,615171,Carthage Firebirds,615435,3,top,Max Mullane flied out to lf (0-1 F).,32,2026-04-07 01:00:00-04:00,"Augie Schmidt Field (Kenosha, WI)",56,MBA,2026
6568946,615435,Marian (WI) Sabres,615171,Carthage Firebirds,615435,3,top,Ryan O'Toole popped up to 2b (2-2 FBKB).,33,2026-04-07 01:00:00-04:00,"Augie Schmidt Field (Kenosha, WI)",56,MBA,2026
6568946,615435,Marian (WI) Sabres,615171,Carthage Firebirds,615171,3,bot,Michael Ossenfort struck out looking (2-2 KFFBFBK).,34,2026-04-07 01:00:00-04:00,"Augie Schmidt Field (Kenosha, WI)",56,MBA,2026
6568946,615435,Marian (WI) Sabres,615171,Carthage Firebirds,615171,3,bot,Dylan Ston out at first 1b to p (0-1 K).,35,2026-04-07 01:00:00-04:00,"Augie Schmidt Field (Kenosha, WI)",56,MBA,2026
6568946,615435,Marian (WI) Sabres,615171,Carthage Firebirds,615171,3,bot,Zander Tubbs flied out to rf (1-2 BKF).,36,2026-04-07 01:00:00-04:00,"Augie Schmidt Field (Kenosha, WI)",56,MBA,2026
6568946,615435,Marian (WI) Sabres,615171,Carthage Firebirds,615435,4,top,Ayden Kanaman struck out looking (3-2 FKBBFFBFFK).,37,2026-04-07 01:00:00-04:00,"Augie Schmidt Field (Kenosha, WI)",56,MBA,2026
6568946,615435,Marian (WI) Sabres,615171,Carthage Firebirds,615435,4,top,George Hoss Jr. struck out looking (3-2 BBKBKFK).,38,2026-04-07 01:00:00-04:00,"Augie Schmidt Field (Kenosha, WI)",56,MBA,2026
6568946,615435,Marian (WI) Sabres,615171,Carthage Firebirds,615435,4,top,Lucas Lemons grounded out to 3b (0-1 K).,39,2026-04-07 01:00:00-04:00,"Augie Schmidt Field (Kenosha, WI)",56,MBA,2026
6568946,615435,Marian (WI) Sabres,615171,Carthage Firebirds,615171,4,bot,Joe Zuleger singled up the middle (1-1 BK).,40,2026-04-07 01:00:00-04:00,"Augie Schmidt Field (Kenosha, WI)",56,MBA,2026
6568946,615435,Marian (WI) Sabres,615171,Carthage Firebirds,615171,4,bot,Caden Meyer struck out swinging (1-2 SBFS).,41,2026-04-07 01:00:00-04:00,"Augie Schmidt Field (Kenosha, WI)",56,MBA,2026
6568946,615435,Marian (WI) Sabres,615171,Carthage Firebirds,615171,4,bot,Dawson Gaynor popped up to 1b (0-1 K).,42,2026-04-07 01:00:00-04:00,"Augie Schmidt Field (Kenosha, WI)",56,MBA,2026
6568946,615435,Marian (WI) Sabres,615171,Carthage Firebirds,615171,4,bot,Paul Reedy grounded out to p (2-2 BFBSF).,43,2026-04-07 01:00:00-04:00,"Augie Schmidt Field (Kenosha, WI)",56,MBA,2026
6568946,615435,Marian (WI) Sabres,615171,Carthage Firebirds,615435,5,top,Shawn Krieps to p for Henry Kalmus.,44,2026-04-07 01:00:00-04:00,"Augie Schmidt Field (Kenosha, WI)",56,MBA,2026
6568946,615435,Marian (WI) Sabres,615171,Carthage Firebirds,615435,5,top,Jason Sims struck out looking (2-2 KBSBK).,45,2026-04-07 01:00:00-04:00,"Augie Schmidt Field (Kenosha, WI)",56,MBA,2026
6568946,615435,Marian (WI) Sabres,615171,Carthage Firebirds,615435,5,top,Brody Nolan singled to shortstop (0-0).,46,2026-04-07 01:00:00-04:00,"Augie Schmidt Field (Kenosha, WI)",56,MBA,2026
6568946,615435,Marian (WI) Sabres,615171,Carthage Firebirds,615435,5,top,Brody Nolan stole second.,47,2026-04-07 01:00:00-04:00,"Augie Schmidt Field (Kenosha, WI)",56,MBA,2026
6568946,615435,Marian (WI) Sabres,615171,Carthage Firebirds,615435,5,top,"Connor Schroeder doubled to left center, RBI (3-2 FBBSBF)3a Brody Nolan scored.",48,2026-04-07 01:00:00-04:00,"Augie Schmidt Field (Kenosha, WI)",56,MBA,2026
6568946,615435,Marian (WI) Sabres,615171,Carthage Firebirds,615435,5,top,Zach Ennis walked (3-2 BBKBKB).,49,2026-04-07 01:00:00-04:00,"Augie Schmidt Field (Kenosha, WI)",56,MBA,2026
6568946,615435,Marian (WI) Sabres,615171,Carthage Firebirds,615435,5,top,Max Mullane singled to left field (0-0)3a Zach Ennis advanced to second3a Connor Schroeder advanced to third.,50,2026-04-07 01:00:00-04:00,"Augie Schmidt Field (Kenosha, WI)",56,MBA,2026
6568946,615435,Marian (WI) Sabres,615171,Carthage Firebirds,615435,5,top,Ryan O'Toole flied out to 2b (2-1 BBK).,51,2026-04-07 01:00:00-04:00,"Augie Schmidt Field (Kenosha, WI)",56,MBA,2026
6568946,615435,Marian (WI) Sabres,615171,Carthage Firebirds,615435,5,top,Ayden Kanaman reached on a fielder's choice (2-0 BB)3a Max Mullane out at second ss to 2b.,52,2026-04-07 01:00:00-04:00,"Augie Schmidt Field (Kenosha, WI)",56,MBA,2026
6568946,615435,Marian (WI) Sabres,615171,Carthage Firebirds,615171,5,bot,Mattie Gapinski singled through the right side (0-0).,53,2026-04-07 01:00:00-04:00,"Augie Schmidt Field (Kenosha, WI)",56,MBA,2026
6568946,615435,Marian (WI) Sabres,615171,Carthage Firebirds,615171,5,bot,Jimmy Herget grounded into double play ss to 2b to 1b (0-1 F)3a Mattie Gapinski out on the play.,54,2026-04-07 01:00:00-04:00,"Augie Schmidt Field (Kenosha, WI)",56,MBA,2026
6568946,615435,Marian (WI) Sabres,615171,Carthage Firebirds,615171,5,bot,Michael Ossenfort hit by pitch (1-1 FH).,55,2026-04-07 01:00:00-04:00,"Augie Schmidt Field (Kenosha, WI)",56,MBA,2026
6568946,615435,Marian (WI) Sabres,615171,Carthage Firebirds,615171,5,bot,Dylan Ston grounded out to 2b (1-0 B).,56,2026-04-07 01:00:00-04:00,"Augie Schmidt Field (Kenosha, WI)",56,MBA,2026
6568946,615435,Marian (WI) Sabres,615171,Carthage Firebirds,615435,6,top,George Hoss Jr. grounded out to ss (2-1 KBB).,57,2026-04-07 01:00:00-04:00,"Augie Schmidt Field (Kenosha, WI)",56,MBA,2026
6568946,615435,Marian (WI) Sabres,615171,Carthage Firebirds,615435,6,top,Lucas Lemons grounded out to 3b (0-0).,58,2026-04-07 01:00:00-04:00,"Augie Schmidt Field (Kenosha, WI)",56,MBA,2026
6568946,615435,Marian (WI) Sabres,615171,Carthage Firebirds,615435,6,top,Jason Sims struck out swinging (2-2 BBFKS).,59,2026-04-07 01:00:00-04:00,"Augie Schmidt Field (Kenosha, WI)",56,MBA,2026
6568946,615435,Marian (WI) Sabres,615171,Carthage Firebirds,615171,6,bot,Zander Tubbs flied out to rf (3-2 BKFBB).,60,2026-04-07 01:00:00-04:00,"Augie Schmidt Field (Kenosha, WI)",56,MBA,2026
6568946,615435,Marian (WI) Sabres,615171,Carthage Firebirds,615171,6,bot,Joe Zuleger struck out swinging (1-2 FBKS).,61,2026-04-07 01:00:00-04:00,"Augie Schmidt Field (Kenosha, WI)",56,MBA,2026
6568946,615435,Marian (WI) Sabres,615171,Carthage Firebirds,615171,6,bot,"Caden Meyer struck out swinging, out at first c to 1b (0-2 KFS).",62,2026-04-07 01:00:00-04:00,"Augie Schmidt Field (Kenosha, WI)",56,MBA,2026
6568946,615435,Marian (WI) Sabres,615171,Carthage Firebirds,615435,7,top,Aj Gaca to c for Dawson Gaynor.,63,2026-04-07 01:00:00-04:00,"Augie Schmidt Field (Kenosha, WI)",56,MBA,2026
6568946,615435,Marian (WI) Sabres,615171,Carthage Firebirds,615435,7,top,Brody Nolan walked (3-2 BBKKBB).,64,2026-04-07 01:00:00-04:00,"Augie Schmidt Field (Kenosha, WI)",56,MBA,2026
6568946,615435,Marian (WI) Sabres,615171,Carthage Firebirds,615435,7,top,Connor Schroeder hit by pitch (2-0 BH)3a Brody Nolan advanced to second.,65,2026-04-07 01:00:00-04:00,"Augie Schmidt Field (Kenosha, WI)",56,MBA,2026
6568946,615435,Marian (WI) Sabres,615171,Carthage Firebirds,615435,7,top,"Zach Ennis doubled down the lf line, RBI (1-1 BF)3a Connor Schroeder advanced to third3a Brody Nolan scored.",66,2026-04-07 01:00:00-04:00,"Augie Schmidt Field (Kenosha, WI)",56,MBA,2026
6568946,615435,Marian (WI) Sabres,615171,Carthage Firebirds,615435,7,top,Max Mullane struck out swinging (0-2 KKS).,67,2026-04-07 01:00:00-04:00,"Augie Schmidt Field (Kenosha, WI)",56,MBA,2026
6568946,615435,Marian (WI) Sabres,615171,Carthage Firebirds,615435,7,top,Charlie Zimmer pinch hit for Ryan O'Toole.,68,2026-04-07 01:00:00-04:00,"Augie Schmidt Field (Kenosha, WI)",56,MBA,2026
6568946,615435,Marian (WI) Sabres,615171,Carthage Firebirds,615435,7,top,Zach Ennis advanced to third3a Connor Schroeder scored on a wild pitch.,69,2026-04-07 01:00:00-04:00,"Augie Schmidt Field (Kenosha, WI)",56,MBA,2026
6568946,615435,Marian (WI) Sabres,615171,Carthage Firebirds,615435,7,top,Charlie Zimmer grounded out to 3b (3-2 BKBBK).,70,2026-04-07 01:00:00-04:00,"Augie Schmidt Field (Kenosha, WI)",56,MBA,2026
6568946,615435,Marian (WI) Sabres,615171,Carthage Firebirds,615435,7,top,Ayden Kanaman flied out to rf (2-1 BBF).,71,2026-04-07 01:00:00-04:00,"Augie Schmidt Field (Kenosha, WI)",56,MBA,2026
6568946,615435,Marian (WI) Sabres,615171,Carthage Firebirds,615171,7,bot,Sawyer Shultis to lf for Charlie Zimmer.,72,2026-04-07 01:00:00-04:00,"Augie Schmidt Field (Kenosha, WI)",56,MBA,2026
6568946,615435,Marian (WI) Sabres,615171,Carthage Firebirds,615171,7,bot,Aj Gaca struck out swinging (2-2 KBSBS).,73,2026-04-07 01:00:00-04:00,"Augie Schmidt Field (Kenosha, WI)",56,MBA,2026
6568946,615435,Marian (WI) Sabres,615171,Carthage Firebirds,615171,7,bot,Paul Reedy walked (3-0 BBBB).,74,2026-04-07 01:00:00-04:00,"Augie Schmidt Field (Kenosha, WI)",56,MBA,2026
6568946,615435,Marian (WI) Sabres,615171,Carthage Firebirds,615171,7,bot,Christian Duarte pinch hit for Mattie Gapinski.,75,2026-04-07 01:00:00-04:00,"Augie Schmidt Field (Kenosha, WI)",56,MBA,2026
6568946,615435,Marian (WI) Sabres,615171,Carthage Firebirds,615171,7,bot,Christian Duarte doubled to right field (0-0)3a Paul Reedy advanced to third.,76,2026-04-07 01:00:00-04:00,"Augie Schmidt Field (Kenosha, WI)",56,MBA,2026
6568946,615435,Marian (WI) Sabres,615171,Carthage Firebirds,615171,7,bot,"Jimmy Herget flied out to cf, sacrifice fly, RBI (2-1 FBB)3a Paul Reedy scored.",77,2026-04-07 01:00:00-04:00,"Augie Schmidt Field (Kenosha, WI)",56,MBA,2026
6568946,615435,Marian (WI) Sabres,615171,Carthage Firebirds,615171,7,bot,Hudson Ludwig to p for Sean Severson.,78,2026-04-07 01:00:00-04:00,"Augie Schmidt Field (Kenosha, WI)",56,MBA,2026
6568946,615435,Marian (WI) Sabres,615171,Carthage Firebirds,615171,7,bot,"Michael Ossenfort singled through the right side, advanced to second on an error by rf, RBI (1-0 B)3a Christian Duarte scored.",79,2026-04-07 01:00:00-04:00,"Augie Schmidt Field (Kenosha, WI)",56,MBA,2026
6568946,615435,Marian (WI) Sabres,615171,Carthage Firebirds,615171,7,bot,Dylan Ston reached first on an error by ss (0-2 FFF)3a Michael Ossenfort advanced to third.,80,2026-04-07 01:00:00-04:00,"Augie Schmidt Field (Kenosha, WI)",56,MBA,2026
6568946,615435,Marian (WI) Sabres,615171,Carthage Firebirds,615171,7,bot,"Zander Tubbs reached first on an error by 2b, RBI (0-1 K)3a Dylan Ston advanced to second3a Michael Ossenfort scored, unearned.",81,2026-04-07 01:00:00-04:00,"Augie Schmidt Field (Kenosha, WI)",56,MBA,2026
6568946,615435,Marian (WI) Sabres,615171,Carthage Firebirds,615171,7,bot,Zander Tubbs advanced to second3a Dylan Ston advanced to third on a wild pitch.,82,2026-04-07 01:00:00-04:00,"Augie Schmidt Field (Kenosha, WI)",56,MBA,2026
6568946,615435,Marian (WI) Sabres,615171,Carthage Firebirds,615171,7,bot,"Joe Zuleger singled to left field, 2 RBI (3-2 BKBFFFFBF)3a Zander Tubbs scored, unearned3a Dylan Ston scored, unearned.",83,2026-04-07 01:00:00-04:00,"Augie Schmidt Field (Kenosha, WI)",56,MBA,2026
6568946,615435,Marian (WI) Sabres,615171,Carthage Firebirds,615171,7,bot,Caden Meyer struck out looking (0-2 KFK).,84,2026-04-07 01:00:00-04:00,"Augie Schmidt Field (Kenosha, WI)",56,MBA,2026
6568946,615435,Marian (WI) Sabres,615171,Carthage Firebirds,615435,8,top,Dhruv Indelicato to p for Shawn Krieps.,85,2026-04-07 01:00:00-04:00,"Augie Schmidt Field (Kenosha, WI)",56,MBA,2026
6568946,615435,Marian (WI) Sabres,615171,Carthage Firebirds,615435,8,top,Christian Duarte to 1b.,86,2026-04-07 01:00:00-04:00,"Augie Schmidt Field (Kenosha, WI)",56,MBA,2026
6568946,615435,Marian (WI) Sabres,615171,Carthage Firebirds,615435,8,top,Marc Jones pinch hit for George Hoss Jr..,87,2026-04-07 01:00:00-04:00,"Augie Schmidt Field (Kenosha, WI)",56,MBA,2026
6568946,615435,Marian (WI) Sabres,615171,Carthage Firebirds,615435,8,top,Marc Jones grounded out to ss (1-2 BKF).,88,2026-04-07 01:00:00-04:00,"Augie Schmidt Field (Kenosha, WI)",56,MBA,2026
6568946,615435,Marian (WI) Sabres,615171,Carthage Firebirds,615435,8,top,Lucas Lemons struck out swinging (2-2 BBKKS).,89,2026-04-07 01:00:00-04:00,"Augie Schmidt Field (Kenosha, WI)",56,MBA,2026
6568946,615435,Marian (WI) Sabres,615171,Carthage Firebirds,615435,8,top,Jason Sims reached first on a throwing error by 3b (3-2 BBKBK).,90,2026-04-07 01:00:00-04:00,"Augie Schmidt Field (Kenosha, WI)",56,MBA,2026
6568946,615435,Marian (WI) Sabres,615171,Carthage Firebirds,615435,8,top,Brody Nolan grounded out to 2b (1-0 B).,91,2026-04-07 01:00:00-04:00,"Augie Schmidt Field (Kenosha, WI)",56,MBA,2026
6568946,615435,Marian (WI) Sabres,615171,Carthage Firebirds,615171,8,bot,Marc Jones to ss.,92,2026-04-07 01:00:00-04:00,"Augie Schmidt Field (Kenosha, WI)",56,MBA,2026
6568946,615435,Marian (WI) Sabres,615171,Carthage Firebirds,615171,8,bot,Wyatt Blaskowski to p for Hudson Ludwig.,93,2026-04-07 01:00:00-04:00,"Augie Schmidt Field (Kenosha, WI)",56,MBA,2026
6568946,615435,Marian (WI) Sabres,615171,Carthage Firebirds,615171,8,bot,Aj Gaca grounded out to 3b (1-0 B).,94,2026-04-07 01:00:00-04:00,"Augie Schmidt Field (Kenosha, WI)",56,MBA,2026
6568946,615435,Marian (WI) Sabres,615171,Carthage Firebirds,615171,8,bot,Paul Reedy popped up to ss (2-2 BBKK).,95,2026-04-07 01:00:00-04:00,"Augie Schmidt Field (Kenosha, WI)",56,MBA,2026
6568946,615435,Marian (WI) Sabres,615171,Carthage Firebirds,615171,8,bot,Christian Duarte doubled to left center (0-0).,96,2026-04-07 01:00:00-04:00,"Augie Schmidt Field (Kenosha, WI)",56,MBA,2026
6568946,615435,Marian (WI) Sabres,615171,Carthage Firebirds,615171,8,bot,Jimmy Herget grounded out to 3b (1-1 BS).,97,2026-04-07 01:00:00-04:00,"Augie Schmidt Field (Kenosha, WI)",56,MBA,2026
6568946,615435,Marian (WI) Sabres,615171,Carthage Firebirds,615435,9,top,Connor Schroeder walked (3-2 BBBKKB).,98,2026-04-07 01:00:00-04:00,"Augie Schmidt Field (Kenosha, WI)",56,MBA,2026
6568946,615435,Marian (WI) Sabres,615171,Carthage Firebirds,615435,9,top,Luke Budde pinch ran for Connor Schroeder.,99,2026-04-07 01:00:00-04:00,"Augie Schmidt Field (Kenosha, WI)",56,MBA,2026
6568946,615435,Marian (WI) Sabres,615171,Carthage Firebirds,615435,9,top,Zach Ennis walked (3-0 BBBB)3a Luke Budde advanced to second.,100,2026-04-07 01:00:00-04:00,"Augie Schmidt Field (Kenosha, WI)",56,MBA,2026
6568946,615435,Marian (WI) Sabres,615171,Carthage Firebirds,615435,9,top,Max Mullane walked (3-1 BBBKB)3a Zach Ennis advanced to second3a Luke Budde advanced to third.,101,2026-04-07 01:00:00-04:00,"Augie Schmidt Field (Kenosha, WI)",56,MBA,2026
6568946,615435,Marian (WI) Sabres,615171,Carthage Firebirds,615435,9,top,Ryan Kosiek to p for Dhruv Indelicato.,102,2026-04-07 01:00:00-04:00,"Augie Schmidt Field (Kenosha, WI)",56,MBA,2026
6568946,615435,Marian (WI) Sabres,615171,Carthage Firebirds,615435,9,top,Keon Booker pinch hit for Sawyer Shultis.,103,2026-04-07 01:00:00-04:00,"Augie Schmidt Field (Kenosha, WI)",56,MBA,2026
6568946,615435,Marian (WI) Sabres,615171,Carthage Firebirds,615435,9,top,"Keon Booker flied out to rf, sacrifice fly, RBI (0-2 SF)3a Max Mullane advanced to second3a Zach Ennis advanced to third3a Luke Budde scored.",104,2026-04-07 01:00:00-04:00,"Augie Schmidt Field (Kenosha, WI)",56,MBA,2026
6568946,615435,Marian (WI) Sabres,615171,Carthage Firebirds,615435,9,top,"Max Mullane out at third 3b to ss, caught stealing3a Zach Ennis out at home c to 3b, caught stealing.",105,2026-04-07 01:00:00-04:00,"Augie Schmidt Field (Kenosha, WI)",56,MBA,2026
6568946,615435,Marian (WI) Sabres,615171,Carthage Firebirds,615171,9,bot,Luke Budde to dh.,106,2026-04-07 01:00:00-04:00,"Augie Schmidt Field (Kenosha, WI)",56,MBA,2026
6568946,615435,Marian (WI) Sabres,615171,Carthage Firebirds,615171,9,bot,Ian Meyer to lf for Keon Booker.,107,2026-04-07 01:00:00-04:00,"Augie Schmidt Field (Kenosha, WI)",56,MBA,2026
6568946,615435,Marian (WI) Sabres,615171,Carthage Firebirds,615171,9,bot,Michael Ossenfort flied out to cf (3-2 BKBFB).,108,2026-04-07 01:00:00-04:00,"Augie Schmidt Field (Kenosha, WI)",56,MBA,2026
6568946,615435,Marian (WI) Sabres,615171,Carthage Firebirds,615171,9,bot,Dylan Ston grounded out to 2b (2-2 KBFB).,109,2026-04-07 01:00:00-04:00,"Augie Schmidt Field (Kenosha, WI)",56,MBA,2026
6568946,615435,Marian (WI) Sabres,615171,Carthage Firebirds,615171,9,bot,Zander Tubbs doubled to left field (2-2 KFFBB).,110,2026-04-07 01:00:00-04:00,"Augie Schmidt Field (Kenosha, WI)",56,MBA,2026
6568946,615435,Marian (WI) Sabres,615171,Carthage Firebirds,615171,9,bot,Trent Forehand to p for Wyatt Blaskowski.,111,2026-04-07 01:00:00-04:00,"Augie Schmidt Field (Kenosha, WI)",56,MBA,2026
6568946,615435,Marian (WI) Sabres,615171,Carthage Firebirds,615171,9,bot,Zander Tubbs advanced to third on a wild pitch.,112,2026-04-07 01:00:00-04:00,"Augie Schmidt Field (Kenosha, WI)",56,MBA,2026
6568946,615435,Marian (WI) Sabres,615171,Carthage Firebirds,615171,9,bot,Joe Zuleger hit by pitch (3-1 KBBH).,113,2026-04-07 01:00:00-04:00,"Augie Schmidt Field (Kenosha, WI)",56,MBA,2026
6568946,615435,Marian (WI) Sabres,615171,Carthage Firebirds,615171,9,bot,Landon Dykes-Sadowski pinch ran for Joe Zuleger.,114,2026-04-07 01:00:00-04:00,"Augie Schmidt Field (Kenosha, WI)",56,MBA,2026
6568946,615435,Marian (WI) Sabres,615171,Carthage Firebirds,615171,9,bot,Robert Plass to p for Trent Forehand.,115,2026-04-07 01:00:00-04:00,"Augie Schmidt Field (Kenosha, WI)",56,MBA,2026
6568946,615435,Marian (WI) Sabres,615171,Carthage Firebirds,615171,9,bot,"Caden Meyer singled up the middle, RBI (1-0 B)3a Landon Dykes-Sadowski advanced to second3a Zander Tubbs scored.",116,2026-04-07 01:00:00-04:00,"Augie Schmidt Field (Kenosha, WI)",56,MBA,2026
6568946,615435,Marian (WI) Sabres,615171,Carthage Firebirds,615171,9,bot,Aj Gaca flied out to cf (1-1 BK).,117,2026-04-07 01:00:00-04:00,"Augie Schmidt Field (Kenosha, WI)",56,MBA,2026
6568950,615351,Simpson Storm,615294,Neb. Wesleyan Prairie Wolves,615351,1,top,Jacob Roberts hit by pitch (3-2 KBSBH).,1,2026-04-07 01:00:00-04:00,"Sandhills Global Youth Complex (Lincoln, NE)",75,MBA,2026
6568950,615351,Simpson Storm,615294,Neb. Wesleyan Prairie Wolves,615351,1,top,"Tijmen Nagel singled, advanced to second on the throw (2-2 BSKB)3a Jacob Roberts advanced to third.",2,2026-04-07 01:00:00-04:00,"Sandhills Global Youth Complex (Lincoln, NE)",75,MBA,2026
6568950,615351,Simpson Storm,615294,Neb. Wesleyan Prairie Wolves,615351,1,top,Trenten Kingrey struck out swinging (2-2 FFBBS).,3,2026-04-07 01:00:00-04:00,"Sandhills Global Youth Complex (Lincoln, NE)",75,MBA,2026
6568950,615351,Simpson Storm,615294,Neb. Wesleyan Prairie Wolves,615351,1,top,"Drew Carlson singled to right field, RBI (2-1 BBK)3a Tijmen Nagel advanced to third3a Jacob Roberts scored.",4,2026-04-07 01:00:00-04:00,"Sandhills Global Youth Complex (Lincoln, NE)",75,MBA,2026
6568950,615351,Simpson Storm,615294,Neb. Wesleyan Prairie Wolves,615351,1,top,"Nate Cagley flied out to cf, sacrifice fly, RBI (0-0)3a Tijmen Nagel scored.",5,2026-04-07 01:00:00-04:00,"Sandhills Global Youth Complex (Lincoln, NE)",75,MBA,2026
6568950,615351,Simpson Storm,615294,Neb. Wesleyan Prairie Wolves,615351,1,top,"Bryson Gibson homered to left center, 2 RBI (1-0 B)3a Drew Carlson scored.",6,2026-04-07 01:00:00-04:00,"Sandhills Global Youth Complex (Lincoln, NE)",75,MBA,2026
6568950,615351,Simpson Storm,615294,Neb. Wesleyan Prairie Wolves,615351,1,top,Matthew Florence grounded out to 2b (1-0 B).,7,2026-04-07 01:00:00-04:00,"Sandhills Global Youth Complex (Lincoln, NE)",75,MBA,2026
6568950,615351,Simpson Storm,615294,Neb. Wesleyan Prairie Wolves,615294,1,bot,Jake Shedarowich singled to center field (0-1 S).,8,2026-04-07 01:00:00-04:00,"Sandhills Global Youth Complex (Lincoln, NE)",75,MBA,2026
6568950,615351,Simpson Storm,615294,Neb. Wesleyan Prairie Wolves,615294,1,bot,Duncan Ortega popped up to cf to left center (1-2 SKB).,9,2026-04-07 01:00:00-04:00,"Sandhills Global Youth Complex (Lincoln, NE)",75,MBA,2026
6568950,615351,Simpson Storm,615294,Neb. Wesleyan Prairie Wolves,615294,1,bot,Easton Johnson lined into double play rf to 1b (0-0)3a Jake Shedarowich out on the play.,10,2026-04-07 01:00:00-04:00,"Sandhills Global Youth Complex (Lincoln, NE)",75,MBA,2026
6568950,615351,Simpson Storm,615294,Neb. Wesleyan Prairie Wolves,615351,2,top,Dalton Ferrin lined out to rf (0-1 K).,11,2026-04-07 01:00:00-04:00,"Sandhills Global Youth Complex (Lincoln, NE)",75,MBA,2026
6568950,615351,Simpson Storm,615294,Neb. Wesleyan Prairie Wolves,615351,2,top,Kasey Carter grounded out to 2b (3-1 BBBK).,12,2026-04-07 01:00:00-04:00,"Sandhills Global Youth Complex (Lincoln, NE)",75,MBA,2026
6568950,615351,Simpson Storm,615294,Neb. Wesleyan Prairie Wolves,615351,2,top,Jacob Roberts singled to left field (3-2 BBKBK).,13,2026-04-07 01:00:00-04:00,"Sandhills Global Youth Complex (Lincoln, NE)",75,MBA,2026
6568950,615351,Simpson Storm,615294,Neb. Wesleyan Prairie Wolves,615351,2,top,Tijmen Nagel grounded out to 2b (1-1 BK).,14,2026-04-07 01:00:00-04:00,"Sandhills Global Youth Complex (Lincoln, NE)",75,MBA,2026
6568950,615351,Simpson Storm,615294,Neb. Wesleyan Prairie Wolves,615294,2,bot,Charlie Mosser popped up to rf (0-2 KF).,15,2026-04-07 01:00:00-04:00,"Sandhills Global Youth Complex (Lincoln, NE)",75,MBA,2026
6568950,615351,Simpson Storm,615294,Neb. Wesleyan Prairie Wolves,615294,2,bot,Brady Bell walked (3-0 BBBB).,16,2026-04-07 01:00:00-04:00,"Sandhills Global Youth Complex (Lincoln, NE)",75,MBA,2026
6568950,615351,Simpson Storm,615294,Neb. Wesleyan Prairie Wolves,615294,2,bot,Cohle Sherman hit by pitch (2-0 BH)3a Brady Bell advanced to second.,17,2026-04-07 01:00:00-04:00,"Sandhills Global Youth Complex (Lincoln, NE)",75,MBA,2026
6568950,615351,Simpson Storm,615294,Neb. Wesleyan Prairie Wolves,615294,2,bot,Gavin Crogg struck out looking (0-2 KKK).,18,2026-04-07 01:00:00-04:00,"Sandhills Global Youth Complex (Lincoln, NE)",75,MBA,2026
6568950,615351,Simpson Storm,615294,Neb. Wesleyan Prairie Wolves,615294,2,bot,Brayden Harvey popped up to rf (0-1 K).,19,2026-04-07 01:00:00-04:00,"Sandhills Global Youth Complex (Lincoln, NE)",75,MBA,2026
6568950,615351,Simpson Storm,615294,Neb. Wesleyan Prairie Wolves,615351,3,top,"Trenten Kingrey reached first on an error by lf, advanced to second (1-2 BFS).",20,2026-04-07 01:00:00-04:00,"Sandhills Global Youth Complex (Lincoln, NE)",75,MBA,2026
6568950,615351,Simpson Storm,615294,Neb. Wesleyan Prairie Wolves,615351,3,top,"Drew Carlson singled to left field, RBI (1-0 B)3a Trenten Kingrey scored, unearned.",21,2026-04-07 01:00:00-04:00,"Sandhills Global Youth Complex (Lincoln, NE)",75,MBA,2026
6568950,615351,Simpson Storm,615294,Neb. Wesleyan Prairie Wolves,615351,3,top,Nate Cagley lined out to cf to right center (1-0 B).,22,2026-04-07 01:00:00-04:00,"Sandhills Global Youth Complex (Lincoln, NE)",75,MBA,2026
6568950,615351,Simpson Storm,615294,Neb. Wesleyan Prairie Wolves,615351,3,top,Bryson Gibson popped up to lf to left center (0-1 F).,23,2026-04-07 01:00:00-04:00,"Sandhills Global Youth Complex (Lincoln, NE)",75,MBA,2026
6568950,615351,Simpson Storm,615294,Neb. Wesleyan Prairie Wolves,615351,3,top,Matthew Florence grounded out to ss (2-2 BKFBF).,24,2026-04-07 01:00:00-04:00,"Sandhills Global Youth Complex (Lincoln, NE)",75,MBA,2026
6568950,615351,Simpson Storm,615294,Neb. Wesleyan Prairie Wolves,615294,3,bot,Jaxon Volkmer grounded out to 3b (0-2 KK).,25,2026-04-07 01:00:00-04:00,"Sandhills Global Youth Complex (Lincoln, NE)",75,MBA,2026
6568950,615351,Simpson Storm,615294,Neb. Wesleyan Prairie Wolves,615294,3,bot,Jake Shedarowich flied out to rf (2-1 KBB).,26,2026-04-07 01:00:00-04:00,"Sandhills Global Youth Complex (Lincoln, NE)",75,MBA,2026
6568950,615351,Simpson Storm,615294,Neb. Wesleyan Prairie Wolves,615294,3,bot,Duncan Ortega walked (3-0 BBBB).,27,2026-04-07 01:00:00-04:00,"Sandhills Global Youth Complex (Lincoln, NE)",75,MBA,2026
6568950,615351,Simpson Storm,615294,Neb. Wesleyan Prairie Wolves,615294,3,bot,Easton Johnson reached on a fielder's choice (0-0)3a Duncan Ortega advanced to second.,28,2026-04-07 01:00:00-04:00,"Sandhills Global Youth Complex (Lincoln, NE)",75,MBA,2026
6568950,615351,Simpson Storm,615294,Neb. Wesleyan Prairie Wolves,615294,3,bot,Charlie Mosser singled to second base (1-2 FBS)3a Easton Johnson advanced to second3a Duncan Ortega advanced to third.,29,2026-04-07 01:00:00-04:00,"Sandhills Global Youth Complex (Lincoln, NE)",75,MBA,2026
6568950,615351,Simpson Storm,615294,Neb. Wesleyan Prairie Wolves,615294,3,bot,Brady Bell lined out to cf (2-1 KBB).,30,2026-04-07 01:00:00-04:00,"Sandhills Global Youth Complex (Lincoln, NE)",75,MBA,2026
6568950,615351,Simpson Storm,615294,Neb. Wesleyan Prairie Wolves,615351,4,top,Dalton Ferrin flied out to cf (0-0).,31,2026-04-07 01:00:00-04:00,"Sandhills Global Youth Complex (Lincoln, NE)",75,MBA,2026
6568950,615351,Simpson Storm,615294,Neb. Wesleyan Prairie Wolves,615351,4,top,Kasey Carter popped up to ss (0-0).,32,2026-04-07 01:00:00-04:00,"Sandhills Global Youth Complex (Lincoln, NE)",75,MBA,2026
6568950,615351,Simpson Storm,615294,Neb. Wesleyan Prairie Wolves,615351,4,top,Jacob Roberts hit by pitch (3-1 BBKH).,33,2026-04-07 01:00:00-04:00,"Sandhills Global Youth Complex (Lincoln, NE)",75,MBA,2026
6568950,615351,Simpson Storm,615294,Neb. Wesleyan Prairie Wolves,615351,4,top,Tijmen Nagel singled to shortstop (1-2 BKK)3a Jacob Roberts advanced to second.,34,2026-04-07 01:00:00-04:00,"Sandhills Global Youth Complex (Lincoln, NE)",75,MBA,2026
6568950,615351,Simpson Storm,615294,Neb. Wesleyan Prairie Wolves,615351,4,top,"Trenten Kingrey doubled, out at third rf to ss to 3b, 2 RBI (0-0)3a Tijmen Nagel scored3a Jacob Roberts scored.",35,2026-04-07 01:00:00-04:00,"Sandhills Global Youth Complex (Lincoln, NE)",75,MBA,2026
6568950,615351,Simpson Storm,615294,Neb. Wesleyan Prairie Wolves,615294,4,bot,Cohle Sherman singled to left field (0-0).,36,2026-04-07 01:00:00-04:00,"Sandhills Global Youth Complex (Lincoln, NE)",75,MBA,2026
6568950,615351,Simpson Storm,615294,Neb. Wesleyan Prairie Wolves,615294,4,bot,"Gavin Crogg doubled, out at third lf to 3b, RBI (2-0 BB)3a Cohle Sherman scored.",37,2026-04-07 01:00:00-04:00,"Sandhills Global Youth Complex (Lincoln, NE)",75,MBA,2026
6568950,615351,Simpson Storm,615294,Neb. Wesleyan Prairie Wolves,615294,4,bot,Brayden Harvey singled to third base (0-0).,38,2026-04-07 01:00:00-04:00,"Sandhills Global Youth Complex (Lincoln, NE)",75,MBA,2026
6568950,615351,Simpson Storm,615294,Neb. Wesleyan Prairie Wolves,615294,4,bot,Jaxon Volkmer flied out to lf (2-2 FKBB).,39,2026-04-07 01:00:00-04:00,"Sandhills Global Youth Complex (Lincoln, NE)",75,MBA,2026
6568950,615351,Simpson Storm,615294,Neb. Wesleyan Prairie Wolves,615294,4,bot,"Jake Shedarowich tripled to left center, RBI (2-0 BB)3a Brayden Harvey scored.",40,2026-04-07 01:00:00-04:00,"Sandhills Global Youth Complex (Lincoln, NE)",75,MBA,2026
6568950,615351,Simpson Storm,615294,Neb. Wesleyan Prairie Wolves,615294,4,bot,Duncan Ortega popped up to ss (3-2 SBBBK).,41,2026-04-07 01:00:00-04:00,"Sandhills Global Youth Complex (Lincoln, NE)",75,MBA,2026
6568950,615351,Simpson Storm,615294,Neb. Wesleyan Prairie Wolves,615351,5,top,Ben Sterbens to p for Owen Duckworth.,42,2026-04-07 01:00:00-04:00,"Sandhills Global Youth Complex (Lincoln, NE)",75,MBA,2026
6568950,615351,Simpson Storm,615294,Neb. Wesleyan Prairie Wolves,615351,5,top,Drew Carlson singled to center field (2-0 BB).,43,2026-04-07 01:00:00-04:00,"Sandhills Global Youth Complex (Lincoln, NE)",75,MBA,2026
6568950,615351,Simpson Storm,615294,Neb. Wesleyan Prairie Wolves,615351,5,top,Nate Cagley walked (3-0 BBBB)3a Drew Carlson advanced to second.,44,2026-04-07 01:00:00-04:00,"Sandhills Global Youth Complex (Lincoln, NE)",75,MBA,2026
6568950,615351,Simpson Storm,615294,Neb. Wesleyan Prairie Wolves,615351,5,top,Bryson Gibson struck out swinging (1-2 BKSS).,45,2026-04-07 01:00:00-04:00,"Sandhills Global Youth Complex (Lincoln, NE)",75,MBA,2026
6568950,615351,Simpson Storm,615294,Neb. Wesleyan Prairie Wolves,615351,5,top,Matthew Florence singled to center field (0-1 S)3a Nate Cagley advanced to second3a Drew Carlson advanced to third.,46,2026-04-07 01:00:00-04:00,"Sandhills Global Youth Complex (Lincoln, NE)",75,MBA,2026
6568950,615351,Simpson Storm,615294,Neb. Wesleyan Prairie Wolves,615351,5,top,Tyson McAlexander pinch ran for Matthew Florence.,47,2026-04-07 01:00:00-04:00,"Sandhills Global Youth Complex (Lincoln, NE)",75,MBA,2026
6568950,615351,Simpson Storm,615294,Neb. Wesleyan Prairie Wolves,615351,5,top,"Dalton Ferrin reached on a fielder's choice, RBI (0-1 K)3a Tyson McAlexander out at second 2b to ss3a Nate Cagley advanced to third3a Drew Carlson scored.",48,2026-04-07 01:00:00-04:00,"Sandhills Global Youth Complex (Lincoln, NE)",75,MBA,2026
6568950,615351,Simpson Storm,615294,Neb. Wesleyan Prairie Wolves,615351,5,top,Kasey Carter walked (3-2 KBBBKB)3a Dalton Ferrin advanced to second.,49,2026-04-07 01:00:00-04:00,"Sandhills Global Youth Complex (Lincoln, NE)",75,MBA,2026
6568950,615351,Simpson Storm,615294,Neb. Wesleyan Prairie Wolves,615351,5,top,"Jacob Roberts hit by pitch, RBI (3-2 KKBBH)3a Kasey Carter advanced to second3a Dalton Ferrin advanced to third3a Nate Cagley scored.",50,2026-04-07 01:00:00-04:00,"Sandhills Global Youth Complex (Lincoln, NE)",75,MBA,2026
6568950,615351,Simpson Storm,615294,Neb. Wesleyan Prairie Wolves,615351,5,top,Drake Venema to p for Ben Sterbens.,51,2026-04-07 01:00:00-04:00,"Sandhills Global Youth Complex (Lincoln, NE)",75,MBA,2026
6568950,615351,Simpson Storm,615294,Neb. Wesleyan Prairie Wolves,615351,5,top,Tijmen Nagel reached on a fielder's choice (0-1 K)3a Jacob Roberts out at second ss to 2b.,52,2026-04-07 01:00:00-04:00,"Sandhills Global Youth Complex (Lincoln, NE)",75,MBA,2026
6568950,615351,Simpson Storm,615294,Neb. Wesleyan Prairie Wolves,615294,5,bot,Tyson McAlexander to lf.,53,2026-04-07 01:00:00-04:00,"Sandhills Global Youth Complex (Lincoln, NE)",75,MBA,2026
6568950,615351,Simpson Storm,615294,Neb. Wesleyan Prairie Wolves,615294,5,bot,Easton Johnson popped up to cf (3-2 BKBFB).,54,2026-04-07 01:00:00-04:00,"Sandhills Global Youth Complex (Lincoln, NE)",75,MBA,2026
6568950,615351,Simpson Storm,615294,Neb. Wesleyan Prairie Wolves,615294,5,bot,Charlie Mosser popped up to 1b (0-1 K).,55,2026-04-07 01:00:00-04:00,"Sandhills Global Youth Complex (Lincoln, NE)",75,MBA,2026
6568950,615351,Simpson Storm,615294,Neb. Wesleyan Prairie Wolves,615294,5,bot,Brady Bell walked (3-1 BFBBB).,56,2026-04-07 01:00:00-04:00,"Sandhills Global Youth Complex (Lincoln, NE)",75,MBA,2026
6568950,615351,Simpson Storm,615294,Neb. Wesleyan Prairie Wolves,615294,5,bot,Cohle Sherman hit by pitch (3-2 BFBSFH)3a Brady Bell advanced to second.,57,2026-04-07 01:00:00-04:00,"Sandhills Global Youth Complex (Lincoln, NE)",75,MBA,2026
6568950,615351,Simpson Storm,615294,Neb. Wesleyan Prairie Wolves,615294,5,bot,Gavin Crogg walked (3-1 BKBBB)3a Cohle Sherman advanced to second3a Brady Bell advanced to third.,58,2026-04-07 01:00:00-04:00,"Sandhills Global Youth Complex (Lincoln, NE)",75,MBA,2026
6568950,615351,Simpson Storm,615294,Neb. Wesleyan Prairie Wolves,615294,5,bot,"Brayden Harvey hit by pitch, RBI (2-2 KKFFBH)3a Gavin Crogg advanced to second3a Cohle Sherman advanced to third3a Brady Bell scored.",59,2026-04-07 01:00:00-04:00,"Sandhills Global Youth Complex (Lincoln, NE)",75,MBA,2026
6568950,615351,Simpson Storm,615294,Neb. Wesleyan Prairie Wolves,615294,5,bot,Jaxon Volkmer grounded out to p (2-0 BB).,60,2026-04-07 01:00:00-04:00,"Sandhills Global Youth Complex (Lincoln, NE)",75,MBA,2026
6568950,615351,Simpson Storm,615294,Neb. Wesleyan Prairie Wolves,615351,6,top,Trenten Kingrey struck out looking (3-2 KSBBBK).,61,2026-04-07 01:00:00-04:00,"Sandhills Global Youth Complex (Lincoln, NE)",75,MBA,2026
6568950,615351,Simpson Storm,615294,Neb. Wesleyan Prairie Wolves,615351,6,top,Drew Carlson doubled to left center (0-1 K).,62,2026-04-07 01:00:00-04:00,"Sandhills Global Youth Complex (Lincoln, NE)",75,MBA,2026
6568950,615351,Simpson Storm,615294,Neb. Wesleyan Prairie Wolves,615351,6,top,Nate Cagley reached on a fielder's choice (1-0 B)3a Drew Carlson advanced to third on an error by 3b.,63,2026-04-07 01:00:00-04:00,"Sandhills Global Youth Complex (Lincoln, NE)",75,MBA,2026
6568950,615351,Simpson Storm,615294,Neb. Wesleyan Prairie Wolves,615351,6,top,Bryson Gibson hit by pitch (1-1 KH)3a Nate Cagley advanced to second.,64,2026-04-07 01:00:00-04:00,"Sandhills Global Youth Complex (Lincoln, NE)",75,MBA,2026
6568950,615351,Simpson Storm,615294,Neb. Wesleyan Prairie Wolves,615351,6,top,Tyson McAlexander popped up to 2b (2-1 FBB).,65,2026-04-07 01:00:00-04:00,"Sandhills Global Youth Complex (Lincoln, NE)",75,MBA,2026
6568950,615351,Simpson Storm,615294,Neb. Wesleyan Prairie Wolves,615351,6,top,Dalton Ferrin grounded out to p (3-0 BBB).,66,2026-04-07 01:00:00-04:00,"Sandhills Global Youth Complex (Lincoln, NE)",75,MBA,2026
6568950,615351,Simpson Storm,615294,Neb. Wesleyan Prairie Wolves,615294,6,bot,Jake Edenburn to p for Easton Dunwoody.,67,2026-04-07 01:00:00-04:00,"Sandhills Global Youth Complex (Lincoln, NE)",75,MBA,2026
6568950,615351,Simpson Storm,615294,Neb. Wesleyan Prairie Wolves,615294,6,bot,Jake Shedarowich struck out swinging (2-2 KFBBS).,68,2026-04-07 01:00:00-04:00,"Sandhills Global Youth Complex (Lincoln, NE)",75,MBA,2026
6568950,615351,Simpson Storm,615294,Neb. Wesleyan Prairie Wolves,615294,6,bot,Duncan Ortega flied out to cf (1-2 KBF).,69,2026-04-07 01:00:00-04:00,"Sandhills Global Youth Complex (Lincoln, NE)",75,MBA,2026
6568950,615351,Simpson Storm,615294,Neb. Wesleyan Prairie Wolves,615294,6,bot,Easton Johnson struck out swinging (2-2 FFBBS).,70,2026-04-07 01:00:00-04:00,"Sandhills Global Youth Complex (Lincoln, NE)",75,MBA,2026
6568950,615351,Simpson Storm,615294,Neb. Wesleyan Prairie Wolves,615351,7,top,Kasey Carter walked (3-2 KBKBBFB).,71,2026-04-07 01:00:00-04:00,"Sandhills Global Youth Complex (Lincoln, NE)",75,MBA,2026
6568950,615351,Simpson Storm,615294,Neb. Wesleyan Prairie Wolves,615351,7,top,Jacob Roberts walked (3-1 KBBBB)3a Kasey Carter advanced to second.,72,2026-04-07 01:00:00-04:00,"Sandhills Global Youth Complex (Lincoln, NE)",75,MBA,2026
6568950,615351,Simpson Storm,615294,Neb. Wesleyan Prairie Wolves,615351,7,top,Drew Fuller to p for Drake Venema.,73,2026-04-07 01:00:00-04:00,"Sandhills Global Youth Complex (Lincoln, NE)",75,MBA,2026
6568950,615351,Simpson Storm,615294,Neb. Wesleyan Prairie Wolves,615351,7,top,"Tijmen Nagel grounded out to p, SAC, bunt (0-0)3a Jacob Roberts advanced to second3a Kasey Carter advanced to third.",74,2026-04-07 01:00:00-04:00,"Sandhills Global Youth Complex (Lincoln, NE)",75,MBA,2026
6568950,615351,Simpson Storm,615294,Neb. Wesleyan Prairie Wolves,615351,7,top,Trenten Kingrey walked (3-0 BBBB).,75,2026-04-07 01:00:00-04:00,"Sandhills Global Youth Complex (Lincoln, NE)",75,MBA,2026
6568950,615351,Simpson Storm,615294,Neb. Wesleyan Prairie Wolves,615351,7,top,Louis Hoffart to p for Drew Fuller.,76,2026-04-07 01:00:00-04:00,"Sandhills Global Youth Complex (Lincoln, NE)",75,MBA,2026
6568950,615351,Simpson Storm,615294,Neb. Wesleyan Prairie Wolves,615351,7,top,"Drew Carlson flied out to rf, sacrifice fly, RBI (1-1 BK)3a Jacob Roberts advanced to third3a Kasey Carter scored.",77,2026-04-07 01:00:00-04:00,"Sandhills Global Youth Complex (Lincoln, NE)",75,MBA,2026
6568950,615351,Simpson Storm,615294,Neb. Wesleyan Prairie Wolves,615351,7,top,Trenten Kingrey advanced to second.,78,2026-04-07 01:00:00-04:00,"Sandhills Global Youth Complex (Lincoln, NE)",75,MBA,2026
6568950,615351,Simpson Storm,615294,Neb. Wesleyan Prairie Wolves,615351,7,top,Nate Cagley struck out swinging (0-2 FKS).,79,2026-04-07 01:00:00-04:00,"Sandhills Global Youth Complex (Lincoln, NE)",75,MBA,2026
6568950,615351,Simpson Storm,615294,Neb. Wesleyan Prairie Wolves,615294,7,bot,Charlie Mosser reached first on an error by p (0-0).,80,2026-04-07 01:00:00-04:00,"Sandhills Global Youth Complex (Lincoln, NE)",75,MBA,2026
6568950,615351,Simpson Storm,615294,Neb. Wesleyan Prairie Wolves,615294,7,bot,Brady Bell grounded into double play ss to 2b to 1b (2-2 BBFK)3a Charlie Mosser out on the play.,81,2026-04-07 01:00:00-04:00,"Sandhills Global Youth Complex (Lincoln, NE)",75,MBA,2026
6568950,615351,Simpson Storm,615294,Neb. Wesleyan Prairie Wolves,615294,7,bot,Cohle Sherman hit by pitch (3-2 BSBSH).,82,2026-04-07 01:00:00-04:00,"Sandhills Global Youth Complex (Lincoln, NE)",75,MBA,2026
6568950,615351,Simpson Storm,615294,Neb. Wesleyan Prairie Wolves,615294,7,bot,Gavin Crogg reached on a fielder's choice (1-2 SKBFF)3a Cohle Sherman out at second ss to 2b.,83,2026-04-07 01:00:00-04:00,"Sandhills Global Youth Complex (Lincoln, NE)",75,MBA,2026
6568950,615351,Simpson Storm,615294,Neb. Wesleyan Prairie Wolves,615351,8,top,Bryson Gibson walked (3-2 KBFBBB).,84,2026-04-07 01:00:00-04:00,"Sandhills Global Youth Complex (Lincoln, NE)",75,MBA,2026
6568950,615351,Simpson Storm,615294,Neb. Wesleyan Prairie Wolves,615351,8,top,Tyson McAlexander lined out to 2b (2-2 BKFFFB).,85,2026-04-07 01:00:00-04:00,"Sandhills Global Youth Complex (Lincoln, NE)",75,MBA,2026
6568950,615351,Simpson Storm,615294,Neb. Wesleyan Prairie Wolves,615351,8,top,Dalton Ferrin reached on a fielder's choice (0-1 F)3a Bryson Gibson out at second 2b to ss.,86,2026-04-07 01:00:00-04:00,"Sandhills Global Youth Complex (Lincoln, NE)",75,MBA,2026
6568950,615351,Simpson Storm,615294,Neb. Wesleyan Prairie Wolves,615351,8,top,Dalton Ferrin stole second.,87,2026-04-07 01:00:00-04:00,"Sandhills Global Youth Complex (Lincoln, NE)",75,MBA,2026
6568950,615351,Simpson Storm,615294,Neb. Wesleyan Prairie Wolves,615351,8,top,Kasey Carter grounded out to 3b (1-1 KB).,88,2026-04-07 01:00:00-04:00,"Sandhills Global Youth Complex (Lincoln, NE)",75,MBA,2026
6568950,615351,Simpson Storm,615294,Neb. Wesleyan Prairie Wolves,615294,8,bot,Brayden Harvey singled to center field (0-0).,89,2026-04-07 01:00:00-04:00,"Sandhills Global Youth Complex (Lincoln, NE)",75,MBA,2026
6568950,615351,Simpson Storm,615294,Neb. Wesleyan Prairie Wolves,615294,8,bot,Jaxon Volkmer walked (3-0 BBBB)3a Brayden Harvey advanced to second.,90,2026-04-07 01:00:00-04:00,"Sandhills Global Youth Complex (Lincoln, NE)",75,MBA,2026
6568950,615351,Simpson Storm,615294,Neb. Wesleyan Prairie Wolves,615294,8,bot,"Jake Shedarowich homered to left field, 3 RBI (1-1 KB)3a Jaxon Volkmer scored3a Brayden Harvey scored.",91,2026-04-07 01:00:00-04:00,"Sandhills Global Youth Complex (Lincoln, NE)",75,MBA,2026
6568950,615351,Simpson Storm,615294,Neb. Wesleyan Prairie Wolves,615294,8,bot,Duncan Ortega struck out swinging (0-2 KSS).,92,2026-04-07 01:00:00-04:00,"Sandhills Global Youth Complex (Lincoln, NE)",75,MBA,2026
6568950,615351,Simpson Storm,615294,Neb. Wesleyan Prairie Wolves,615294,8,bot,Easton Johnson doubled to left center (0-1 K).,93,2026-04-07 01:00:00-04:00,"Sandhills Global Youth Complex (Lincoln, NE)",75,MBA,2026
6568950,615351,Simpson Storm,615294,Neb. Wesleyan Prairie Wolves,615294,8,bot,Charlie Mosser singled to pitcher (0-0)3a Easton Johnson advanced to third.,94,2026-04-07 01:00:00-04:00,"Sandhills Global Youth Complex (Lincoln, NE)",75,MBA,2026
6568950,615351,Simpson Storm,615294,Neb. Wesleyan Prairie Wolves,615294,8,bot,Brady Bell grounded into double play ss to 2b to 1b (0-2 SK)3a Charlie Mosser out on the play.,95,2026-04-07 01:00:00-04:00,"Sandhills Global Youth Complex (Lincoln, NE)",75,MBA,2026
6568950,615351,Simpson Storm,615294,Neb. Wesleyan Prairie Wolves,615351,9,top,Jacob Roberts hit by pitch (1-1 FH).,96,2026-04-07 01:00:00-04:00,"Sandhills Global Youth Complex (Lincoln, NE)",75,MBA,2026
6568950,615351,Simpson Storm,615294,Neb. Wesleyan Prairie Wolves,615351,9,top,"Tijmen Nagel singled, bunt (0-0)3a Jacob Roberts advanced to second.",97,2026-04-07 01:00:00-04:00,"Sandhills Global Youth Complex (Lincoln, NE)",75,MBA,2026
6568950,615351,Simpson Storm,615294,Neb. Wesleyan Prairie Wolves,615351,9,top,Dominic Bentley to p for Louis Hoffart.,98,2026-04-07 01:00:00-04:00,"Sandhills Global Youth Complex (Lincoln, NE)",75,MBA,2026
6568950,615351,Simpson Storm,615294,Neb. Wesleyan Prairie Wolves,615351,9,top,Tijmen Nagel advanced to second3a Jacob Roberts advanced to third on a wild pitch.,99,2026-04-07 01:00:00-04:00,"Sandhills Global Youth Complex (Lincoln, NE)",75,MBA,2026
6568950,615351,Simpson Storm,615294,Neb. Wesleyan Prairie Wolves,615351,9,top,Trenten Kingrey walked (3-1 FBBBB).,100,2026-04-07 01:00:00-04:00,"Sandhills Global Youth Complex (Lincoln, NE)",75,MBA,2026
6568950,615351,Simpson Storm,615294,Neb. Wesleyan Prairie Wolves,615351,9,top,Drew Carlson struck out swinging (1-2 BKSS).,101,2026-04-07 01:00:00-04:00,"Sandhills Global Youth Complex (Lincoln, NE)",75,MBA,2026
6568950,615351,Simpson Storm,615294,Neb. Wesleyan Prairie Wolves,615351,9,top,"Nate Cagley flied out to cf, sacrifice fly, RBI (2-1 BBK)3a Jacob Roberts scored.",102,2026-04-07 01:00:00-04:00,"Sandhills Global Youth Complex (Lincoln, NE)",75,MBA,2026
6568950,615351,Simpson Storm,615294,Neb. Wesleyan Prairie Wolves,615351,9,top,"Bryson Gibson doubled to left field, 2 RBI (1-0 B)3a Trenten Kingrey scored3a Tijmen Nagel scored.",103,2026-04-07 01:00:00-04:00,"Sandhills Global Youth Complex (Lincoln, NE)",75,MBA,2026
6568950,615351,Simpson Storm,615294,Neb. Wesleyan Prairie Wolves,615351,9,top,Tyson McAlexander grounded out to 2b (1-2 BSKFF).,104,2026-04-07 01:00:00-04:00,"Sandhills Global Youth Complex (Lincoln, NE)",75,MBA,2026
6568950,615351,Simpson Storm,615294,Neb. Wesleyan Prairie Wolves,615294,9,bot,Sam Campin to p for Jake Edenburn.,105,2026-04-07 01:00:00-04:00,"Sandhills Global Youth Complex (Lincoln, NE)",75,MBA,2026
6568950,615351,Simpson Storm,615294,Neb. Wesleyan Prairie Wolves,615294,9,bot,Cohle Sherman hit by pitch (3-0 BBH).,106,2026-04-07 01:00:00-04:00,"Sandhills Global Youth Complex (Lincoln, NE)",75,MBA,2026
6568950,615351,Simpson Storm,615294,Neb. Wesleyan Prairie Wolves,615294,9,bot,Gavin Crogg singled to right field (0-1 K)3a Cohle Sherman advanced to second.,107,2026-04-07 01:00:00-04:00,"Sandhills Global Youth Complex (Lincoln, NE)",75,MBA,2026
6568950,615351,Simpson Storm,615294,Neb. Wesleyan Prairie Wolves,615294,9,bot,Brayden Harvey struck out swinging (1-2 KKBS).,108,2026-04-07 01:00:00-04:00,"Sandhills Global Youth Complex (Lincoln, NE)",75,MBA,2026
6568950,615351,Simpson Storm,615294,Neb. Wesleyan Prairie Wolves,615294,9,bot,Jaxon Volkmer popped up to p (1-0 B).,109,2026-04-07 01:00:00-04:00,"Sandhills Global Youth Complex (Lincoln, NE)",75,MBA,2026
6568950,615351,Simpson Storm,615294,Neb. Wesleyan Prairie Wolves,615294,9,bot,Cohle Sherman advanced to third on an error by p.,110,2026-04-07 01:00:00-04:00,"Sandhills Global Youth Complex (Lincoln, NE)",75,MBA,2026
6568950,615351,Simpson Storm,615294,Neb. Wesleyan Prairie Wolves,615294,9,bot,Jake Shedarowich walked (3-2 BBKKBB)3a Gavin Crogg advanced to second.,111,2026-04-07 01:00:00-04:00,"Sandhills Global Youth Complex (Lincoln, NE)",75,MBA,2026
6568950,615351,Simpson Storm,615294,Neb. Wesleyan Prairie Wolves,615294,9,bot,Duncan Ortega popped up to 1b (2-1 BBS).,112,2026-04-07 01:00:00-04:00,"Sandhills Global Youth Complex (Lincoln, NE)",75,MBA,2026
6568954,614815,Western Ky. Hilltoppers,614838,Belmont Bruins,614815,1,top,Charlie Davi grounded out to 2b (0-1 K).,1,2026-04-07 01:00:00-04:00,"E.S. Rose Park (Nashville, TN)",365,MBA,2026
6568954,614815,Western Ky. Hilltoppers,614838,Belmont Bruins,614815,1,top,Landon Godse grounded out to 3b (2-2 BBSK).,2,2026-04-07 01:00:00-04:00,"E.S. Rose Park (Nashville, TN)",365,MBA,2026
6568954,614815,Western Ky. Hilltoppers,614838,Belmont Bruins,614815,1,top,Brady Holbro popped up to 3b down the lf line (1-2 BKF).,3,2026-04-07 01:00:00-04:00,"E.S. Rose Park (Nashville, TN)",365,MBA,2026
6568954,614815,Western Ky. Hilltoppers,614838,Belmont Bruins,614838,1,bot,"Howard, R. flied out to rf (1-2 KBSF).",4,2026-04-07 01:00:00-04:00,"E.S. Rose Park (Nashville, TN)",365,MBA,2026
6568954,614815,Western Ky. Hilltoppers,614838,Belmont Bruins,614838,1,bot,"Haller, A. singled to right field (0-0).",5,2026-04-07 01:00:00-04:00,"E.S. Rose Park (Nashville, TN)",365,MBA,2026
6568954,614815,Western Ky. Hilltoppers,614838,Belmont Bruins,614838,1,bot,"Ross, C. popped into double play 2b to 1b (0-2 KK); Haller, A. out on the play.",6,2026-04-07 01:00:00-04:00,"E.S. Rose Park (Nashville, TN)",365,MBA,2026
6568954,614815,Western Ky. Hilltoppers,614838,Belmont Bruins,614815,2,top,Cavan McMean struck out swinging (1-2 BSFS).,7,2026-04-07 01:00:00-04:00,"E.S. Rose Park (Nashville, TN)",365,MBA,2026
6568954,614815,Western Ky. Hilltoppers,614838,Belmont Bruins,614815,2,top,"Vawter, B. to p for Olsen, G..",8,2026-04-07 01:00:00-04:00,"E.S. Rose Park (Nashville, TN)",365,MBA,2026
6568954,614815,Western Ky. Hilltoppers,614838,Belmont Bruins,614815,2,top,Mike Sprocke walked (3-2 KSBBFBB).,9,2026-04-07 01:00:00-04:00,"E.S. Rose Park (Nashville, TN)",365,MBA,2026
6568954,614815,Western Ky. Hilltoppers,614838,Belmont Bruins,614815,2,top,Jake Maddox singled down the lf line (2-1 KBB); Mike Sprocke advanced to second.,10,2026-04-07 01:00:00-04:00,"E.S. Rose Park (Nashville, TN)",365,MBA,2026
6568954,614815,Western Ky. Hilltoppers,614838,Belmont Bruins,614815,2,top,Nicholas Sti walked (3-2 BFBBKB); Jake Maddox advanced to second; Mike Sprocke advanced to third.,11,2026-04-07 01:00:00-04:00,"E.S. Rose Park (Nashville, TN)",365,MBA,2026
6568954,614815,Western Ky. Hilltoppers,614838,Belmont Bruins,614815,2,top,"Favela, J. to p for Vawter, B..",12,2026-04-07 01:00:00-04:00,"E.S. Rose Park (Nashville, TN)",365,MBA,2026
6568954,614815,Western Ky. Hilltoppers,614838,Belmont Bruins,614815,2,top,"JD Whitworth singled to shortstop, 2 RBI (0-2 KK); Nicholas Sti advanced to third; Jake Maddox scored; Mike Sprocke scored.",13,2026-04-07 01:00:00-04:00,"E.S. Rose Park (Nashville, TN)",365,MBA,2026
6568954,614815,Western Ky. Hilltoppers,614838,Belmont Bruins,614815,2,top,JD Whitworth stole second.,14,2026-04-07 01:00:00-04:00,"E.S. Rose Park (Nashville, TN)",365,MBA,2026
6568954,614815,Western Ky. Hilltoppers,614838,Belmont Bruins,614815,2,top,Isaac Vander struck out looking (3-2 FBBBFK).,15,2026-04-07 01:00:00-04:00,"E.S. Rose Park (Nashville, TN)",365,MBA,2026
6568954,614815,Western Ky. Hilltoppers,614838,Belmont Bruins,614815,2,top,Charlie Davi struck out swinging (1-2 FKBFS).,16,2026-04-07 01:00:00-04:00,"E.S. Rose Park (Nashville, TN)",365,MBA,2026
6568954,614815,Western Ky. Hilltoppers,614838,Belmont Bruins,614838,2,bot,"Arroyos, L. struck out swinging (3-2 BBKFBS).",17,2026-04-07 01:00:00-04:00,"E.S. Rose Park (Nashville, TN)",365,MBA,2026
6568954,614815,Western Ky. Hilltoppers,614838,Belmont Bruins,614838,2,bot,"Hayes, K. singled to shortstop (1-2 KBS).",18,2026-04-07 01:00:00-04:00,"E.S. Rose Park (Nashville, TN)",365,MBA,2026
6568954,614815,Western Ky. Hilltoppers,614838,Belmont Bruins,614838,2,bot,"Coley, P. grounded into double play p to ss to 1b (1-1 BK); Hayes, K. out on the play.",19,2026-04-07 01:00:00-04:00,"E.S. Rose Park (Nashville, TN)",365,MBA,2026
6568954,614815,Western Ky. Hilltoppers,614838,Belmont Bruins,614815,3,top,Landon Godse flied out to lf to left center (1-1 KB).,20,2026-04-07 01:00:00-04:00,"E.S. Rose Park (Nashville, TN)",365,MBA,2026
6568954,614815,Western Ky. Hilltoppers,614838,Belmont Bruins,614815,3,top,Brady Holbro singled to left center (0-0).,21,2026-04-07 01:00:00-04:00,"E.S. Rose Park (Nashville, TN)",365,MBA,2026
6568954,614815,Western Ky. Hilltoppers,614838,Belmont Bruins,614815,3,top,Cavan McMean flied out to lf to left center (2-0 BB).,22,2026-04-07 01:00:00-04:00,"E.S. Rose Park (Nashville, TN)",365,MBA,2026
6568954,614815,Western Ky. Hilltoppers,614838,Belmont Bruins,614815,3,top,Mike Sprocke flied out to cf to right center (0-2 KF).,23,2026-04-07 01:00:00-04:00,"E.S. Rose Park (Nashville, TN)",365,MBA,2026
6568954,614815,Western Ky. Hilltoppers,614838,Belmont Bruins,614838,3,bot,"Stewart, D. grounded out to 3b (0-2 KS).",24,2026-04-07 01:00:00-04:00,"E.S. Rose Park (Nashville, TN)",365,MBA,2026
6568954,614815,Western Ky. Hilltoppers,614838,Belmont Bruins,614838,3,bot,"Acosta, J. doubled to right center (0-1 F).",25,2026-04-07 01:00:00-04:00,"E.S. Rose Park (Nashville, TN)",365,MBA,2026
6568954,614815,Western Ky. Hilltoppers,614838,Belmont Bruins,614838,3,bot,"Robbins, H. flied out to rf (1-1 BK).",26,2026-04-07 01:00:00-04:00,"E.S. Rose Park (Nashville, TN)",365,MBA,2026
6568954,614815,Western Ky. Hilltoppers,614838,Belmont Bruins,614838,3,bot,"Howard, R. tripled to left field, RBI (1-0 B); Acosta, J. scored.",27,2026-04-07 01:00:00-04:00,"E.S. Rose Park (Nashville, TN)",365,MBA,2026
6568954,614815,Western Ky. Hilltoppers,614838,Belmont Bruins,614838,3,bot,Cole Kenyon to p for Andrew Perry.,28,2026-04-07 01:00:00-04:00,"E.S. Rose Park (Nashville, TN)",365,MBA,2026
6568954,614815,Western Ky. Hilltoppers,614838,Belmont Bruins,614838,3,bot,"Haller, A. walked (3-1 BBKBB).",29,2026-04-07 01:00:00-04:00,"E.S. Rose Park (Nashville, TN)",365,MBA,2026
6568954,614815,Western Ky. Hilltoppers,614838,Belmont Bruins,614838,3,bot,"Haller, A. stole second.",30,2026-04-07 01:00:00-04:00,"E.S. Rose Park (Nashville, TN)",365,MBA,2026
6568954,614815,Western Ky. Hilltoppers,614838,Belmont Bruins,614838,3,bot,"Ross, C. struck out swinging (0-2 KFS).",31,2026-04-07 01:00:00-04:00,"E.S. Rose Park (Nashville, TN)",365,MBA,2026
6568954,614815,Western Ky. Hilltoppers,614838,Belmont Bruins,614815,4,top,"Monaco, D. to p for Favela, J..",32,2026-04-07 01:00:00-04:00,"E.S. Rose Park (Nashville, TN)",365,MBA,2026
6568954,614815,Western Ky. Hilltoppers,614838,Belmont Bruins,614815,4,top,Jake Maddox struck out swinging (2-2 BKSBFS).,33,2026-04-07 01:00:00-04:00,"E.S. Rose Park (Nashville, TN)",365,MBA,2026
6568954,614815,Western Ky. Hilltoppers,614838,Belmont Bruins,614815,4,top,Nicholas Sti grounded out to 2b (0-1 K).,34,2026-04-07 01:00:00-04:00,"E.S. Rose Park (Nashville, TN)",365,MBA,2026
6568954,614815,Western Ky. Hilltoppers,614838,Belmont Bruins,614815,4,top,JD Whitworth struck out looking (2-2 BFFBK).,35,2026-04-07 01:00:00-04:00,"E.S. Rose Park (Nashville, TN)",365,MBA,2026
6568954,614815,Western Ky. Hilltoppers,614838,Belmont Bruins,614838,4,bot,"Arroyos, L. doubled down the lf line (1-1 BK).",36,2026-04-07 01:00:00-04:00,"E.S. Rose Park (Nashville, TN)",365,MBA,2026
6568954,614815,Western Ky. Hilltoppers,614838,Belmont Bruins,614838,4,bot,"Hayes, K. grounded out to 2b (0-1 K); Arroyos, L. advanced to third.",37,2026-04-07 01:00:00-04:00,"E.S. Rose Park (Nashville, TN)",365,MBA,2026
6568954,614815,Western Ky. Hilltoppers,614838,Belmont Bruins,614838,4,bot,"Coley, P. struck out swinging (1-2 BFFFFS).",38,2026-04-07 01:00:00-04:00,"E.S. Rose Park (Nashville, TN)",365,MBA,2026
6568954,614815,Western Ky. Hilltoppers,614838,Belmont Bruins,614838,4,bot,"Stewart, D. flied out to cf to right center (0-0).",39,2026-04-07 01:00:00-04:00,"E.S. Rose Park (Nashville, TN)",365,MBA,2026
6568954,614815,Western Ky. Hilltoppers,614838,Belmont Bruins,614815,5,top,Isaac Vander walked (3-2 KBBBSB).,40,2026-04-07 01:00:00-04:00,"E.S. Rose Park (Nashville, TN)",365,MBA,2026
6568954,614815,Western Ky. Hilltoppers,614838,Belmont Bruins,614815,5,top,Charlie Davi walked (3-0 BBBB); Isaac Vander advanced to second.,41,2026-04-07 01:00:00-04:00,"E.S. Rose Park (Nashville, TN)",365,MBA,2026
6568954,614815,Western Ky. Hilltoppers,614838,Belmont Bruins,614815,5,top,"Holt, K. to p for Monaco, D..",42,2026-04-07 01:00:00-04:00,"E.S. Rose Park (Nashville, TN)",365,MBA,2026
6568954,614815,Western Ky. Hilltoppers,614838,Belmont Bruins,614815,5,top,Landon Godse flied out to cf (0-0).,43,2026-04-07 01:00:00-04:00,"E.S. Rose Park (Nashville, TN)",365,MBA,2026
6568954,614815,Western Ky. Hilltoppers,614838,Belmont Bruins,614815,5,top,Brady Holbro singled to left field (3-2 KBBBK); Charlie Davi advanced to second; Isaac Vander advanced to third.,44,2026-04-07 01:00:00-04:00,"E.S. Rose Park (Nashville, TN)",365,MBA,2026
6568954,614815,Western Ky. Hilltoppers,614838,Belmont Bruins,614815,5,top,Brady Holbro advanced to second on a wild pitch; Charlie Davi advanced to third on a wild pitch; Isaac Vander scored on a wild pitch.,45,2026-04-07 01:00:00-04:00,"E.S. Rose Park (Nashville, TN)",365,MBA,2026
6568954,614815,Western Ky. Hilltoppers,614838,Belmont Bruins,614815,5,top,Cavan McMean struck out swinging (3-2 BSBFBS).,46,2026-04-07 01:00:00-04:00,"E.S. Rose Park (Nashville, TN)",365,MBA,2026
6568954,614815,Western Ky. Hilltoppers,614838,Belmont Bruins,614815,5,top,Mike Sprocke hit by pitch (1-2 KFB).,47,2026-04-07 01:00:00-04:00,"E.S. Rose Park (Nashville, TN)",365,MBA,2026
6568954,614815,Western Ky. Hilltoppers,614838,Belmont Bruins,614815,5,top,Jake Maddox struck out swinging (0-2 KSS).,48,2026-04-07 01:00:00-04:00,"E.S. Rose Park (Nashville, TN)",365,MBA,2026
6568954,614815,Western Ky. Hilltoppers,614838,Belmont Bruins,614838,5,bot,Zane Brown to p for Cole Kenyon.,49,2026-04-07 01:00:00-04:00,"E.S. Rose Park (Nashville, TN)",365,MBA,2026
6568954,614815,Western Ky. Hilltoppers,614838,Belmont Bruins,614838,5,bot,"Acosta, J. grounded out to ss (1-0 B).",50,2026-04-07 01:00:00-04:00,"E.S. Rose Park (Nashville, TN)",365,MBA,2026
6568954,614815,Western Ky. Hilltoppers,614838,Belmont Bruins,614838,5,bot,"Robbins, H. struck out swinging (2-2 BBFFFS).",51,2026-04-07 01:00:00-04:00,"E.S. Rose Park (Nashville, TN)",365,MBA,2026
6568954,614815,Western Ky. Hilltoppers,614838,Belmont Bruins,614838,5,bot,"Howard, R. grounded out to 1b unassisted (2-1 BBF).",52,2026-04-07 01:00:00-04:00,"E.S. Rose Park (Nashville, TN)",365,MBA,2026
6568954,614815,Western Ky. Hilltoppers,614838,Belmont Bruins,614815,6,top,Nicholas Sti grounded out to 2b (1-2 SSB).,53,2026-04-07 01:00:00-04:00,"E.S. Rose Park (Nashville, TN)",365,MBA,2026
6568954,614815,Western Ky. Hilltoppers,614838,Belmont Bruins,614815,6,top,JD Whitworth grounded out to 3b (0-0).,54,2026-04-07 01:00:00-04:00,"E.S. Rose Park (Nashville, TN)",365,MBA,2026
6568954,614815,Western Ky. Hilltoppers,614838,Belmont Bruins,614815,6,top,Isaac Vander walked (3-2 SBSBBFB).,55,2026-04-07 01:00:00-04:00,"E.S. Rose Park (Nashville, TN)",365,MBA,2026
6568954,614815,Western Ky. Hilltoppers,614838,Belmont Bruins,614815,6,top,"Charlie Davi doubled, advanced to third on an error by cf, out at home rf to ss to c, RBI (0-2 FK); Isaac Vander scored, unearned.",56,2026-04-07 01:00:00-04:00,"E.S. Rose Park (Nashville, TN)",365,MBA,2026
6568954,614815,Western Ky. Hilltoppers,614838,Belmont Bruins,614838,6,bot,Lake Morris to p for Zane Brown.,57,2026-04-07 01:00:00-04:00,"E.S. Rose Park (Nashville, TN)",365,MBA,2026
6568954,614815,Western Ky. Hilltoppers,614838,Belmont Bruins,614838,6,bot,"Haller, A. struck out swinging (2-2 BKSBFS).",58,2026-04-07 01:00:00-04:00,"E.S. Rose Park (Nashville, TN)",365,MBA,2026
6568954,614815,Western Ky. Hilltoppers,614838,Belmont Bruins,614838,6,bot,"Ross, C. walked (3-1 BFBBB).",59,2026-04-07 01:00:00-04:00,"E.S. Rose Park (Nashville, TN)",365,MBA,2026
6568954,614815,Western Ky. Hilltoppers,614838,Belmont Bruins,614838,6,bot,"Arroyos, L. singled to left field (2-2 KBBK); Ross, C. advanced to second.",60,2026-04-07 01:00:00-04:00,"E.S. Rose Park (Nashville, TN)",365,MBA,2026
6568954,614815,Western Ky. Hilltoppers,614838,Belmont Bruins,614838,6,bot,"Hayes, K. singled through the left side, advanced to second on the throw, RBI (0-2 KF); Arroyos, L. advanced to third on the throw; Ross, C. scored.",61,2026-04-07 01:00:00-04:00,"E.S. Rose Park (Nashville, TN)",365,MBA,2026
6568954,614815,Western Ky. Hilltoppers,614838,Belmont Bruins,614838,6,bot,Jonathon Van to p for Lake Morris.,62,2026-04-07 01:00:00-04:00,"E.S. Rose Park (Nashville, TN)",365,MBA,2026
6568954,614815,Western Ky. Hilltoppers,614838,Belmont Bruins,614838,6,bot,"Coley, P. flied out to lf, SF, RBI (1-2 KFFFB); Arroyos, L. scored.",63,2026-04-07 01:00:00-04:00,"E.S. Rose Park (Nashville, TN)",365,MBA,2026
6568954,614815,Western Ky. Hilltoppers,614838,Belmont Bruins,614838,6,bot,"Hayes, K. advanced to third on a wild pitch.",64,2026-04-07 01:00:00-04:00,"E.S. Rose Park (Nashville, TN)",365,MBA,2026
6568954,614815,Western Ky. Hilltoppers,614838,Belmont Bruins,614838,6,bot,"Stewart, D. doubled down the lf line, RBI (1-0 B); Hayes, K. scored.",65,2026-04-07 01:00:00-04:00,"E.S. Rose Park (Nashville, TN)",365,MBA,2026
6568954,614815,Western Ky. Hilltoppers,614838,Belmont Bruins,614838,6,bot,"Tarnoki, K. pinch ran for Stewart, D..",66,2026-04-07 01:00:00-04:00,"E.S. Rose Park (Nashville, TN)",365,MBA,2026
6568954,614815,Western Ky. Hilltoppers,614838,Belmont Bruins,614838,6,bot,"Acosta, J. walked (3-2 BBBKKB).",67,2026-04-07 01:00:00-04:00,"E.S. Rose Park (Nashville, TN)",365,MBA,2026
6568954,614815,Western Ky. Hilltoppers,614838,Belmont Bruins,614838,6,bot,"Frost, C. pinch hit for Robbins, H..",68,2026-04-07 01:00:00-04:00,"E.S. Rose Park (Nashville, TN)",365,MBA,2026
6568954,614815,Western Ky. Hilltoppers,614838,Belmont Bruins,614838,6,bot,Krish Gandhi to p for Jonathon Van.,69,2026-04-07 01:00:00-04:00,"E.S. Rose Park (Nashville, TN)",365,MBA,2026
6568954,614815,Western Ky. Hilltoppers,614838,Belmont Bruins,614838,6,bot,"Frost, C. hit by pitch (1-0 B); Acosta, J. advanced to second; Tarnoki, K. advanced to third.",70,2026-04-07 01:00:00-04:00,"E.S. Rose Park (Nashville, TN)",365,MBA,2026
6568954,614815,Western Ky. Hilltoppers,614838,Belmont Bruins,614838,6,bot,"Howard, R. walked, RBI (3-1 BFBBB); Frost, C. advanced to second; Acosta, J. advanced to third; Tarnoki, K. scored.",71,2026-04-07 01:00:00-04:00,"E.S. Rose Park (Nashville, TN)",365,MBA,2026
6568954,614815,Western Ky. Hilltoppers,614838,Belmont Bruins,614838,6,bot,"Haller, A. struck out swinging (3-2 BBKBKS).",72,2026-04-07 01:00:00-04:00,"E.S. Rose Park (Nashville, TN)",365,MBA,2026
6568954,614815,Western Ky. Hilltoppers,614838,Belmont Bruins,614815,7,top,"Nazarenus, H to rf for Frost, C..",73,2026-04-07 01:00:00-04:00,"E.S. Rose Park (Nashville, TN)",365,MBA,2026
6568954,614815,Western Ky. Hilltoppers,614838,Belmont Bruins,614815,7,top,Landon Godse doubled down the lf line (0-0).,74,2026-04-07 01:00:00-04:00,"E.S. Rose Park (Nashville, TN)",365,MBA,2026
6568954,614815,Western Ky. Hilltoppers,614838,Belmont Bruins,614815,7,top,Brady Holbro singled to pitcher (1-0 B); Landon Godse advanced to third.,75,2026-04-07 01:00:00-04:00,"E.S. Rose Park (Nashville, TN)",365,MBA,2026
6568954,614815,Western Ky. Hilltoppers,614838,Belmont Bruins,614815,7,top,"Hall, D. to p for Holt, K..",76,2026-04-07 01:00:00-04:00,"E.S. Rose Park (Nashville, TN)",365,MBA,2026
6568954,614815,Western Ky. Hilltoppers,614838,Belmont Bruins,614815,7,top,Cavan McMean struck out swinging (2-2 SBBFFS).,77,2026-04-07 01:00:00-04:00,"E.S. Rose Park (Nashville, TN)",365,MBA,2026
6568954,614815,Western Ky. Hilltoppers,614838,Belmont Bruins,614815,7,top,"Mike Sprocke singled up the middle, RBI (2-2 SFBB); Brady Holbro advanced to third; Landon Godse scored.",78,2026-04-07 01:00:00-04:00,"E.S. Rose Park (Nashville, TN)",365,MBA,2026
6568954,614815,Western Ky. Hilltoppers,614838,Belmont Bruins,614815,7,top,"Jake Maddox grounded out to p, SAC, bunt, RBI (0-0); Mike Sprocke advanced to second; Brady Holbro scored.",79,2026-04-07 01:00:00-04:00,"E.S. Rose Park (Nashville, TN)",365,MBA,2026
6568954,614815,Western Ky. Hilltoppers,614838,Belmont Bruins,614815,7,top,Nicholas Sti grounded out to 2b (2-2 KFBB).,80,2026-04-07 01:00:00-04:00,"E.S. Rose Park (Nashville, TN)",365,MBA,2026
6568954,614815,Western Ky. Hilltoppers,614838,Belmont Bruins,614838,7,bot,"Tarnoki, K. to dh.",81,2026-04-07 01:00:00-04:00,"E.S. Rose Park (Nashville, TN)",365,MBA,2026
6568954,614815,Western Ky. Hilltoppers,614838,Belmont Bruins,614838,7,bot,"Ross, C. flied out to lf to left center (3-1 BKBB).",82,2026-04-07 01:00:00-04:00,"E.S. Rose Park (Nashville, TN)",365,MBA,2026
6568954,614815,Western Ky. Hilltoppers,614838,Belmont Bruins,614838,7,bot,"Arroyos, L. struck out looking (1-2 KSBK).",83,2026-04-07 01:00:00-04:00,"E.S. Rose Park (Nashville, TN)",365,MBA,2026
6568954,614815,Western Ky. Hilltoppers,614838,Belmont Bruins,614838,7,bot,Brooks McDon to p for Krish Gandhi.,84,2026-04-07 01:00:00-04:00,"E.S. Rose Park (Nashville, TN)",365,MBA,2026
6568954,614815,Western Ky. Hilltoppers,614838,Belmont Bruins,614838,7,bot,"Hayes, K. grounded out to ss (1-0 B).",85,2026-04-07 01:00:00-04:00,"E.S. Rose Park (Nashville, TN)",365,MBA,2026
6568954,614815,Western Ky. Hilltoppers,614838,Belmont Bruins,614815,8,top,JD Whitworth singled to second base (2-2 FKBFB).,86,2026-04-07 01:00:00-04:00,"E.S. Rose Park (Nashville, TN)",365,MBA,2026
6568954,614815,Western Ky. Hilltoppers,614838,Belmont Bruins,614815,8,top,Isaac Vander singled to left field (0-1 K); JD Whitworth advanced to second.,87,2026-04-07 01:00:00-04:00,"E.S. Rose Park (Nashville, TN)",365,MBA,2026
6568954,614815,Western Ky. Hilltoppers,614838,Belmont Bruins,614815,8,top,Charlie Davi reached on a fielder's choice (1-2 KFFB); Isaac Vander out at second 1b to ss; JD Whitworth advanced to third.,88,2026-04-07 01:00:00-04:00,"E.S. Rose Park (Nashville, TN)",365,MBA,2026
6568954,614815,Western Ky. Hilltoppers,614838,Belmont Bruins,614815,8,top,Charlie Davi stole second.,89,2026-04-07 01:00:00-04:00,"E.S. Rose Park (Nashville, TN)",365,MBA,2026
6568954,614815,Western Ky. Hilltoppers,614838,Belmont Bruins,614815,8,top,Landon Godse struck out swinging (1-2 BSSS).,90,2026-04-07 01:00:00-04:00,"E.S. Rose Park (Nashville, TN)",365,MBA,2026
6568954,614815,Western Ky. Hilltoppers,614838,Belmont Bruins,614815,8,top,"Brady Holbro singled to right field, 2 RBI (3-2 SBSBB); Charlie Davi scored; JD Whitworth scored.",91,2026-04-07 01:00:00-04:00,"E.S. Rose Park (Nashville, TN)",365,MBA,2026
6568954,614815,Western Ky. Hilltoppers,614838,Belmont Bruins,614815,8,top,Cavan McMean struck out swinging (2-2 BKSBS).,92,2026-04-07 01:00:00-04:00,"E.S. Rose Park (Nashville, TN)",365,MBA,2026
6568954,614815,Western Ky. Hilltoppers,614838,Belmont Bruins,614838,8,bot,"Coley, P. walked (3-1 BKBBB).",93,2026-04-07 01:00:00-04:00,"E.S. Rose Park (Nashville, TN)",365,MBA,2026
6568954,614815,Western Ky. Hilltoppers,614838,Belmont Bruins,614838,8,bot,"Tarnoki, K. doubled down the lf line (0-0); Coley, P. advanced to third.",94,2026-04-07 01:00:00-04:00,"E.S. Rose Park (Nashville, TN)",365,MBA,2026
6568954,614815,Western Ky. Hilltoppers,614838,Belmont Bruins,614838,8,bot,"Acosta, J. singled to center field, 2 RBI (0-0); Tarnoki, K. scored; Coley, P. scored.",95,2026-04-07 01:00:00-04:00,"E.S. Rose Park (Nashville, TN)",365,MBA,2026
6568954,614815,Western Ky. Hilltoppers,614838,Belmont Bruins,614838,8,bot,"Alberto, M. pinch ran for Acosta, J..",96,2026-04-07 01:00:00-04:00,"E.S. Rose Park (Nashville, TN)",365,MBA,2026
6568954,614815,Western Ky. Hilltoppers,614838,Belmont Bruins,614838,8,bot,"Alberto, M. stole second.",97,2026-04-07 01:00:00-04:00,"E.S. Rose Park (Nashville, TN)",365,MBA,2026
6568954,614815,Western Ky. Hilltoppers,614838,Belmont Bruins,614838,8,bot,"Nazarenus, H walked (3-2 BKBSBFB).",98,2026-04-07 01:00:00-04:00,"E.S. Rose Park (Nashville, TN)",365,MBA,2026
6568954,614815,Western Ky. Hilltoppers,614838,Belmont Bruins,614838,8,bot,"Howard, R. grounded out to p, SAC, bunt (2-0 BB); Nazarenus, H advanced to second; Alberto, M. advanced to third.",99,2026-04-07 01:00:00-04:00,"E.S. Rose Park (Nashville, TN)",365,MBA,2026
6568954,614815,Western Ky. Hilltoppers,614838,Belmont Bruins,614838,8,bot,Sam Heyman to p for Brooks McDon.,100,2026-04-07 01:00:00-04:00,"E.S. Rose Park (Nashville, TN)",365,MBA,2026
6568954,614815,Western Ky. Hilltoppers,614838,Belmont Bruins,614838,8,bot,"Haller, A. singled to left center, 2 RBI (0-0); Nazarenus, H scored; Alberto, M. scored.",101,2026-04-07 01:00:00-04:00,"E.S. Rose Park (Nashville, TN)",365,MBA,2026
6568954,614815,Western Ky. Hilltoppers,614838,Belmont Bruins,614838,8,bot,"Ross, C. singled to left field (0-0); Haller, A. advanced to second.",102,2026-04-07 01:00:00-04:00,"E.S. Rose Park (Nashville, TN)",365,MBA,2026
6568954,614815,Western Ky. Hilltoppers,614838,Belmont Bruins,614838,8,bot,"Haller, A. out at second p to ss, picked off.",103,2026-04-07 01:00:00-04:00,"E.S. Rose Park (Nashville, TN)",365,MBA,2026
6568954,614815,Western Ky. Hilltoppers,614838,Belmont Bruins,614838,8,bot,"Arroyos, L. fouled out to 3b (0-2 FFFFFF).",104,2026-04-07 01:00:00-04:00,"E.S. Rose Park (Nashville, TN)",365,MBA,2026
6568954,614815,Western Ky. Hilltoppers,614838,Belmont Bruins,614815,9,top,"Alberto, M. to 3b.",105,2026-04-07 01:00:00-04:00,"E.S. Rose Park (Nashville, TN)",365,MBA,2026
6568954,614815,Western Ky. Hilltoppers,614838,Belmont Bruins,614815,9,top,"Lawson, N. to p for Hall, D..",106,2026-04-07 01:00:00-04:00,"E.S. Rose Park (Nashville, TN)",365,MBA,2026
6568954,614815,Western Ky. Hilltoppers,614838,Belmont Bruins,614815,9,top,Mike Sprocke struck out swinging (1-2 SKBS).,107,2026-04-07 01:00:00-04:00,"E.S. Rose Park (Nashville, TN)",365,MBA,2026
6568954,614815,Western Ky. Hilltoppers,614838,Belmont Bruins,614815,9,top,Jake Maddox grounded out to 2b (0-0).,108,2026-04-07 01:00:00-04:00,"E.S. Rose Park (Nashville, TN)",365,MBA,2026
6568954,614815,Western Ky. Hilltoppers,614838,Belmont Bruins,614815,9,top,Nicholas Sti grounded out to ss (1-0 B).,109,2026-04-07 01:00:00-04:00,"E.S. Rose Park (Nashville, TN)",365,MBA,2026
6569746,615154,Beloit Buccaneers,615243,Knox Prairie Fire,615154,1,top,Jack Alport flied out to 1b (1-2 KFB).,1,2026-04-07 01:00:00-04:00,"Blodgett Field (Galesburg, IL)",0,MBA,2026
6569746,615154,Beloit Buccaneers,615243,Knox Prairie Fire,615154,1,top,Seth Brankey flied out to lf (1-0 B).,2,2026-04-07 01:00:00-04:00,"Blodgett Field (Galesburg, IL)",0,MBA,2026
6569746,615154,Beloit Buccaneers,615243,Knox Prairie Fire,615154,1,top,Blake Nelson walked (3-1 BBBKB).,3,2026-04-07 01:00:00-04:00,"Blodgett Field (Galesburg, IL)",0,MBA,2026
6569746,615154,Beloit Buccaneers,615243,Knox Prairie Fire,615154,1,top,Parker Krcmar struck out swinging (0-2 KKS).,4,2026-04-07 01:00:00-04:00,"Blodgett Field (Galesburg, IL)",0,MBA,2026
6569746,615154,Beloit Buccaneers,615243,Knox Prairie Fire,615243,1,bot,Jacob Halseth singled (0-0).,5,2026-04-07 01:00:00-04:00,"Blodgett Field (Galesburg, IL)",0,MBA,2026
6569746,615154,Beloit Buccaneers,615243,Knox Prairie Fire,615243,1,bot,Hayden Derlein reached on a fielder's choice (2-2 FSBB); Jacob Halseth out at second 2b to ss.,6,2026-04-07 01:00:00-04:00,"Blodgett Field (Galesburg, IL)",0,MBA,2026
6569746,615154,Beloit Buccaneers,615243,Knox Prairie Fire,615243,1,bot,Nicholas Nitti reached first on an error by p (1-1 BK); Hayden Derlein advanced to second.,7,2026-04-07 01:00:00-04:00,"Blodgett Field (Galesburg, IL)",0,MBA,2026
6569746,615154,Beloit Buccaneers,615243,Knox Prairie Fire,615243,1,bot,Hayden Derlein advanced to third on an error by 1b.,8,2026-04-07 01:00:00-04:00,"Blodgett Field (Galesburg, IL)",0,MBA,2026
6569746,615154,Beloit Buccaneers,615243,Knox Prairie Fire,615243,1,bot,Thomas Wilmot struck out swinging (0-2 FFS).,9,2026-04-07 01:00:00-04:00,"Blodgett Field (Galesburg, IL)",0,MBA,2026
6569746,615154,Beloit Buccaneers,615243,Knox Prairie Fire,615243,1,bot,Clayton Rice walked (3-2 BKFBBFFB); Nicholas Nitti advanced to second.,10,2026-04-07 01:00:00-04:00,"Blodgett Field (Galesburg, IL)",0,MBA,2026
6569746,615154,Beloit Buccaneers,615243,Knox Prairie Fire,615243,1,bot,"Aidan McMurtrie doubled, 2 RBI (0-1 S); Clayton Rice advanced to third; Nicholas Nitti scored; Hayden Derlein scored.",11,2026-04-07 01:00:00-04:00,"Blodgett Field (Galesburg, IL)",0,MBA,2026
6569746,615154,Beloit Buccaneers,615243,Knox Prairie Fire,615243,1,bot,Parker Engel hit by pitch (2-1 KBH).,12,2026-04-07 01:00:00-04:00,"Blodgett Field (Galesburg, IL)",0,MBA,2026
6569746,615154,Beloit Buccaneers,615243,Knox Prairie Fire,615243,1,bot,Tyler Kemp struck out looking (0-2 KSK).,13,2026-04-07 01:00:00-04:00,"Blodgett Field (Galesburg, IL)",0,MBA,2026
6569746,615154,Beloit Buccaneers,615243,Knox Prairie Fire,615154,2,top,Jacopo Tamburini flied out to lf (1-2 BSF).,14,2026-04-07 01:00:00-04:00,"Blodgett Field (Galesburg, IL)",0,MBA,2026
6569746,615154,Beloit Buccaneers,615243,Knox Prairie Fire,615154,2,top,Aiden Wood flied out to 1b (3-2 BFBBK).,15,2026-04-07 01:00:00-04:00,"Blodgett Field (Galesburg, IL)",0,MBA,2026
6569746,615154,Beloit Buccaneers,615243,Knox Prairie Fire,615154,2,top,Nolan Tomsyck hit by pitch (3-0 BBBH).,16,2026-04-07 01:00:00-04:00,"Blodgett Field (Galesburg, IL)",0,MBA,2026
6569746,615154,Beloit Buccaneers,615243,Knox Prairie Fire,615154,2,top,Roan Schmidt flied out to lf (1-0 B).,17,2026-04-07 01:00:00-04:00,"Blodgett Field (Galesburg, IL)",0,MBA,2026
6569746,615154,Beloit Buccaneers,615243,Knox Prairie Fire,615243,2,bot,Everett Babcock struck out looking (3-2 BBSSBFFK).,18,2026-04-07 01:00:00-04:00,"Blodgett Field (Galesburg, IL)",0,MBA,2026
6569746,615154,Beloit Buccaneers,615243,Knox Prairie Fire,615243,2,bot,Jacob Halseth singled (2-2 BBKF).,19,2026-04-07 01:00:00-04:00,"Blodgett Field (Galesburg, IL)",0,MBA,2026
6569746,615154,Beloit Buccaneers,615243,Knox Prairie Fire,615243,2,bot,Hayden Derlein flied out to rf (0-0).,20,2026-04-07 01:00:00-04:00,"Blodgett Field (Galesburg, IL)",0,MBA,2026
6569746,615154,Beloit Buccaneers,615243,Knox Prairie Fire,615243,2,bot,Nicholas Nitti walked (3-1 FBBBB); Jacob Halseth advanced to second.,21,2026-04-07 01:00:00-04:00,"Blodgett Field (Galesburg, IL)",0,MBA,2026
6569746,615154,Beloit Buccaneers,615243,Knox Prairie Fire,615243,2,bot,"Thomas Wilmot singled, RBI (1-1 SB); Nicholas Nitti advanced to second; Jacob Halseth scored.",22,2026-04-07 01:00:00-04:00,"Blodgett Field (Galesburg, IL)",0,MBA,2026
6569746,615154,Beloit Buccaneers,615243,Knox Prairie Fire,615243,2,bot,Clayton Rice struck out swinging (1-2 KFBS).,23,2026-04-07 01:00:00-04:00,"Blodgett Field (Galesburg, IL)",0,MBA,2026
6569746,615154,Beloit Buccaneers,615243,Knox Prairie Fire,615154,3,top,Brody Bremer walked (3-1 BKBBB).,24,2026-04-07 01:00:00-04:00,"Blodgett Field (Galesburg, IL)",0,MBA,2026
6569746,615154,Beloit Buccaneers,615243,Knox Prairie Fire,615154,3,top,Brody Bremer out at second c to ss.,25,2026-04-07 01:00:00-04:00,"Blodgett Field (Galesburg, IL)",0,MBA,2026
6569746,615154,Beloit Buccaneers,615243,Knox Prairie Fire,615154,3,top,Jack Alport singled (3-2 SSFFBBB).,26,2026-04-07 01:00:00-04:00,"Blodgett Field (Galesburg, IL)",0,MBA,2026
6569746,615154,Beloit Buccaneers,615243,Knox Prairie Fire,615154,3,top,Seth Brankey flied out to 1b (2-1 BBK).,27,2026-04-07 01:00:00-04:00,"Blodgett Field (Galesburg, IL)",0,MBA,2026
6569746,615154,Beloit Buccaneers,615243,Knox Prairie Fire,615154,3,top,Jack Alport out at second c to ss.,28,2026-04-07 01:00:00-04:00,"Blodgett Field (Galesburg, IL)",0,MBA,2026
6569746,615154,Beloit Buccaneers,615243,Knox Prairie Fire,615243,3,bot,Collin Wright to p for Erick Tiegs.,29,2026-04-07 01:00:00-04:00,"Blodgett Field (Galesburg, IL)",0,MBA,2026
6569746,615154,Beloit Buccaneers,615243,Knox Prairie Fire,615243,3,bot,Aidan McMurtrie flied out to 1b (1-0 B).,30,2026-04-07 01:00:00-04:00,"Blodgett Field (Galesburg, IL)",0,MBA,2026
6569746,615154,Beloit Buccaneers,615243,Knox Prairie Fire,615243,3,bot,Parker Engel flied out to rf (0-0).,31,2026-04-07 01:00:00-04:00,"Blodgett Field (Galesburg, IL)",0,MBA,2026
6569746,615154,Beloit Buccaneers,615243,Knox Prairie Fire,615243,3,bot,Tyler Kemp reached first on an error by 1b (0-0).,32,2026-04-07 01:00:00-04:00,"Blodgett Field (Galesburg, IL)",0,MBA,2026
6569746,615154,Beloit Buccaneers,615243,Knox Prairie Fire,615243,3,bot,Everett Babcock flied out to lf (0-0).,33,2026-04-07 01:00:00-04:00,"Blodgett Field (Galesburg, IL)",0,MBA,2026
6569746,615154,Beloit Buccaneers,615243,Knox Prairie Fire,615154,4,top,Blake Nelson flied out to cf (3-2 KBBBF).,34,2026-04-07 01:00:00-04:00,"Blodgett Field (Galesburg, IL)",0,MBA,2026
6569746,615154,Beloit Buccaneers,615243,Knox Prairie Fire,615154,4,top,Parker Krcmar flied out to cf (0-1 K).,35,2026-04-07 01:00:00-04:00,"Blodgett Field (Galesburg, IL)",0,MBA,2026
6569746,615154,Beloit Buccaneers,615243,Knox Prairie Fire,615154,4,top,Jacopo Tamburini walked (3-1 BBBKB).,36,2026-04-07 01:00:00-04:00,"Blodgett Field (Galesburg, IL)",0,MBA,2026
6569746,615154,Beloit Buccaneers,615243,Knox Prairie Fire,615154,4,top,Aiden Wood walked (3-2 KBBFBB); Jacopo Tamburini advanced to second.,37,2026-04-07 01:00:00-04:00,"Blodgett Field (Galesburg, IL)",0,MBA,2026
6569746,615154,Beloit Buccaneers,615243,Knox Prairie Fire,615154,4,top,Nolan Tomsyck walked (3-2 BKKFBBB); Aiden Wood advanced to second; Jacopo Tamburini advanced to third.,38,2026-04-07 01:00:00-04:00,"Blodgett Field (Galesburg, IL)",0,MBA,2026
6569746,615154,Beloit Buccaneers,615243,Knox Prairie Fire,615154,4,top,Roan Schmidt walked (3-2 BKBKBB); Nolan Tomsyck advanced to second; Aiden Wood advanced to third; Jacopo Tamburini scored.,39,2026-04-07 01:00:00-04:00,"Blodgett Field (Galesburg, IL)",0,MBA,2026
6569746,615154,Beloit Buccaneers,615243,Knox Prairie Fire,615154,4,top,"Brody Bremer singled, 2 RBI (2-2 BKBK); Roan Schmidt advanced to third; Nolan Tomsyck scored; Aiden Wood scored.",40,2026-04-07 01:00:00-04:00,"Blodgett Field (Galesburg, IL)",0,MBA,2026
6569746,615154,Beloit Buccaneers,615243,Knox Prairie Fire,615154,4,top,Joe Flores to p for Andrew Garrett.,41,2026-04-07 01:00:00-04:00,"Blodgett Field (Galesburg, IL)",0,MBA,2026
6569746,615154,Beloit Buccaneers,615243,Knox Prairie Fire,615154,4,top,Brody Bremer advanced to second on a wild pitch.,42,2026-04-07 01:00:00-04:00,"Blodgett Field (Galesburg, IL)",0,MBA,2026
6569746,615154,Beloit Buccaneers,615243,Knox Prairie Fire,615154,4,top,"Jack Alport doubled, 2 RBI (1-2 SSB); Brody Bremer scored; Roan Schmidt scored.",43,2026-04-07 01:00:00-04:00,"Blodgett Field (Galesburg, IL)",0,MBA,2026
6569746,615154,Beloit Buccaneers,615243,Knox Prairie Fire,615154,4,top,Seth Brankey reached first on an error by 3b (0-2 KF).,44,2026-04-07 01:00:00-04:00,"Blodgett Field (Galesburg, IL)",0,MBA,2026
6569746,615154,Beloit Buccaneers,615243,Knox Prairie Fire,615154,4,top,Blake Nelson flied out to rf (3-2 BKBSB).,45,2026-04-07 01:00:00-04:00,"Blodgett Field (Galesburg, IL)",0,MBA,2026
6569746,615154,Beloit Buccaneers,615243,Knox Prairie Fire,615243,4,bot,Jacob Halseth flied out to lf (0-0).,46,2026-04-07 01:00:00-04:00,"Blodgett Field (Galesburg, IL)",0,MBA,2026
6569746,615154,Beloit Buccaneers,615243,Knox Prairie Fire,615243,4,bot,Hayden Derlein struck out looking (0-2 KKK).,47,2026-04-07 01:00:00-04:00,"Blodgett Field (Galesburg, IL)",0,MBA,2026
6569746,615154,Beloit Buccaneers,615243,Knox Prairie Fire,615243,4,bot,Nicholas Nitti walked (3-1 BBFBB).,48,2026-04-07 01:00:00-04:00,"Blodgett Field (Galesburg, IL)",0,MBA,2026
6569746,615154,Beloit Buccaneers,615243,Knox Prairie Fire,615243,4,bot,Thomas Wilmot walked (3-1 BBFBB); Nicholas Nitti advanced to second.,49,2026-04-07 01:00:00-04:00,"Blodgett Field (Galesburg, IL)",0,MBA,2026
6569746,615154,Beloit Buccaneers,615243,Knox Prairie Fire,615243,4,bot,Clayton Rice flied out to 2b (1-2 KKB).,50,2026-04-07 01:00:00-04:00,"Blodgett Field (Galesburg, IL)",0,MBA,2026
6569746,615154,Beloit Buccaneers,615243,Knox Prairie Fire,615154,5,top,Parker Krcmar singled (3-2 KKBBBF).,51,2026-04-07 01:00:00-04:00,"Blodgett Field (Galesburg, IL)",0,MBA,2026
6569746,615154,Beloit Buccaneers,615243,Knox Prairie Fire,615154,5,top,Parker Krcmar stole second.,52,2026-04-07 01:00:00-04:00,"Blodgett Field (Galesburg, IL)",0,MBA,2026
6569746,615154,Beloit Buccaneers,615243,Knox Prairie Fire,615154,5,top,Jacopo Tamburini reached first on an error by rf (1-1 KB); Parker Krcmar advanced to third.,53,2026-04-07 01:00:00-04:00,"Blodgett Field (Galesburg, IL)",0,MBA,2026
6569746,615154,Beloit Buccaneers,615243,Knox Prairie Fire,615154,5,top,Jacopo Tamburini advanced to second.,54,2026-04-07 01:00:00-04:00,"Blodgett Field (Galesburg, IL)",0,MBA,2026
6569746,615154,Beloit Buccaneers,615243,Knox Prairie Fire,615154,5,top,"Aiden Wood grounded out to ss, RBI (1-2 FBK); Parker Krcmar scored.",55,2026-04-07 01:00:00-04:00,"Blodgett Field (Galesburg, IL)",0,MBA,2026
6569746,615154,Beloit Buccaneers,615243,Knox Prairie Fire,615154,5,top,Jacopo Tamburini stole third.,56,2026-04-07 01:00:00-04:00,"Blodgett Field (Galesburg, IL)",0,MBA,2026
6569746,615154,Beloit Buccaneers,615243,Knox Prairie Fire,615154,5,top,"Jacopo Tamburini scored on an error by 3b, unearned.",57,2026-04-07 01:00:00-04:00,"Blodgett Field (Galesburg, IL)",0,MBA,2026
6569746,615154,Beloit Buccaneers,615243,Knox Prairie Fire,615154,5,top,Nolan Tomsyck walked (3-0 BBBB).,58,2026-04-07 01:00:00-04:00,"Blodgett Field (Galesburg, IL)",0,MBA,2026
6569746,615154,Beloit Buccaneers,615243,Knox Prairie Fire,615154,5,top,Jordan Rosenberg to 1b for Roan Schmidt.,59,2026-04-07 01:00:00-04:00,"Blodgett Field (Galesburg, IL)",0,MBA,2026
6569746,615154,Beloit Buccaneers,615243,Knox Prairie Fire,615154,5,top,Jordan Rosenberg struck out swinging (0-2 KFS).,60,2026-04-07 01:00:00-04:00,"Blodgett Field (Galesburg, IL)",0,MBA,2026
6569746,615154,Beloit Buccaneers,615243,Knox Prairie Fire,615154,5,top,Brody Bremer grounded out to p (0-0).,61,2026-04-07 01:00:00-04:00,"Blodgett Field (Galesburg, IL)",0,MBA,2026
6569746,615154,Beloit Buccaneers,615243,Knox Prairie Fire,615243,5,bot,Drew Hanson to 1b for Jordan Rosenberg.,62,2026-04-07 01:00:00-04:00,"Blodgett Field (Galesburg, IL)",0,MBA,2026
6569746,615154,Beloit Buccaneers,615243,Knox Prairie Fire,615243,5,bot,Aidan McMurtrie grounded out to ss (1-2 BFK).,63,2026-04-07 01:00:00-04:00,"Blodgett Field (Galesburg, IL)",0,MBA,2026
6569746,615154,Beloit Buccaneers,615243,Knox Prairie Fire,615243,5,bot,Parker Engel walked (3-2 BBKSBB).,64,2026-04-07 01:00:00-04:00,"Blodgett Field (Galesburg, IL)",0,MBA,2026
6569746,615154,Beloit Buccaneers,615243,Knox Prairie Fire,615243,5,bot,Tyler Kemp reached on a fielder's choice (0-0); Parker Engel out at second 3b to 2b.,65,2026-04-07 01:00:00-04:00,"Blodgett Field (Galesburg, IL)",0,MBA,2026
6569746,615154,Beloit Buccaneers,615243,Knox Prairie Fire,615243,5,bot,Tyler Kemp stole second.,66,2026-04-07 01:00:00-04:00,"Blodgett Field (Galesburg, IL)",0,MBA,2026
6569746,615154,Beloit Buccaneers,615243,Knox Prairie Fire,615243,5,bot,Everett Babcock flied out to lf (0-0).,67,2026-04-07 01:00:00-04:00,"Blodgett Field (Galesburg, IL)",0,MBA,2026
6569746,615154,Beloit Buccaneers,615243,Knox Prairie Fire,615154,6,top,Ethan Rompala-Matthews to p for Joe Flores.,68,2026-04-07 01:00:00-04:00,"Blodgett Field (Galesburg, IL)",0,MBA,2026
6569746,615154,Beloit Buccaneers,615243,Knox Prairie Fire,615154,6,top,Jack Alport singled (1-1 KB).,69,2026-04-07 01:00:00-04:00,"Blodgett Field (Galesburg, IL)",0,MBA,2026
6569746,615154,Beloit Buccaneers,615243,Knox Prairie Fire,615154,6,top,Jack Alport stole second.,70,2026-04-07 01:00:00-04:00,"Blodgett Field (Galesburg, IL)",0,MBA,2026
6569746,615154,Beloit Buccaneers,615243,Knox Prairie Fire,615154,6,top,Seth Brankey hit by pitch (0-2 FF).,71,2026-04-07 01:00:00-04:00,"Blodgett Field (Galesburg, IL)",0,MBA,2026
6569746,615154,Beloit Buccaneers,615243,Knox Prairie Fire,615154,6,top,Blake Nelson singled (1-0 B); Seth Brankey advanced to second; Jack Alport advanced to third.,72,2026-04-07 01:00:00-04:00,"Blodgett Field (Galesburg, IL)",0,MBA,2026
6569746,615154,Beloit Buccaneers,615243,Knox Prairie Fire,615154,6,top,"Parker Krcmar singled, RBI (0-1 S); Blake Nelson advanced to second; Seth Brankey advanced to third; Jack Alport scored.",73,2026-04-07 01:00:00-04:00,"Blodgett Field (Galesburg, IL)",0,MBA,2026
6569746,615154,Beloit Buccaneers,615243,Knox Prairie Fire,615154,6,top,Jacopo Tamburini reached on a fielder's choice (0-1 S); Parker Krcmar advanced to second; Blake Nelson advanced to third; Seth Brankey out at home 1b to c.,74,2026-04-07 01:00:00-04:00,"Blodgett Field (Galesburg, IL)",0,MBA,2026
6569746,615154,Beloit Buccaneers,615243,Knox Prairie Fire,615154,6,top,"Aiden Wood singled, RBI (1-0 B); Jacopo Tamburini advanced to second; Parker Krcmar advanced to third; Blake Nelson scored.",75,2026-04-07 01:00:00-04:00,"Blodgett Field (Galesburg, IL)",0,MBA,2026
6569746,615154,Beloit Buccaneers,615243,Knox Prairie Fire,615154,6,top,"Nolan Tomsyck flied out to rf, SAC, RBI (0-0); Aiden Wood advanced to second; Jacopo Tamburini out at third rf to 3b; Parker Krcmar scored.",76,2026-04-07 01:00:00-04:00,"Blodgett Field (Galesburg, IL)",0,MBA,2026
6569746,615154,Beloit Buccaneers,615243,Knox Prairie Fire,615243,6,bot,Tyler Weigand to p for Collin Wright.,77,2026-04-07 01:00:00-04:00,"Blodgett Field (Galesburg, IL)",0,MBA,2026
6569746,615154,Beloit Buccaneers,615243,Knox Prairie Fire,615243,6,bot,Jacob Halseth singled (0-1 F).,78,2026-04-07 01:00:00-04:00,"Blodgett Field (Galesburg, IL)",0,MBA,2026
6569746,615154,Beloit Buccaneers,615243,Knox Prairie Fire,615243,6,bot,Hayden Derlein flied out to rf (3-2 FKBBBFF).,79,2026-04-07 01:00:00-04:00,"Blodgett Field (Galesburg, IL)",0,MBA,2026
6569746,615154,Beloit Buccaneers,615243,Knox Prairie Fire,615243,6,bot,Nicholas Nitti doubled (0-0); Jacob Halseth advanced to third.,80,2026-04-07 01:00:00-04:00,"Blodgett Field (Galesburg, IL)",0,MBA,2026
6569746,615154,Beloit Buccaneers,615243,Knox Prairie Fire,615243,6,bot,Thomas Wilmot walked (3-2 KBBBSFB).,81,2026-04-07 01:00:00-04:00,"Blodgett Field (Galesburg, IL)",0,MBA,2026
6569746,615154,Beloit Buccaneers,615243,Knox Prairie Fire,615243,6,bot,Clayton Rice struck out swinging (3-2 KBFBFBS).,82,2026-04-07 01:00:00-04:00,"Blodgett Field (Galesburg, IL)",0,MBA,2026
6569746,615154,Beloit Buccaneers,615243,Knox Prairie Fire,615243,6,bot,Aidan McMurtrie struck out swinging (2-2 BSBFS).,83,2026-04-07 01:00:00-04:00,"Blodgett Field (Galesburg, IL)",0,MBA,2026
6569746,615154,Beloit Buccaneers,615243,Knox Prairie Fire,615154,7,top,Drew Hanson flied out to cf (2-2 KBFBF).,84,2026-04-07 01:00:00-04:00,"Blodgett Field (Galesburg, IL)",0,MBA,2026
6569746,615154,Beloit Buccaneers,615243,Knox Prairie Fire,615154,7,top,Brody Bremer flied out to 3b (2-2 KBBF).,85,2026-04-07 01:00:00-04:00,"Blodgett Field (Galesburg, IL)",0,MBA,2026
6569746,615154,Beloit Buccaneers,615243,Knox Prairie Fire,615154,7,top,Jack Alport struck out looking (3-2 BKBBKK).,86,2026-04-07 01:00:00-04:00,"Blodgett Field (Galesburg, IL)",0,MBA,2026
6569746,615154,Beloit Buccaneers,615243,Knox Prairie Fire,615243,7,bot,Parker Engel struck out swinging (3-2 BKSBBBS).,87,2026-04-07 01:00:00-04:00,"Blodgett Field (Galesburg, IL)",0,MBA,2026
6569746,615154,Beloit Buccaneers,615243,Knox Prairie Fire,615243,7,bot,Tyler Kemp hit by pitch (1-0 H).,88,2026-04-07 01:00:00-04:00,"Blodgett Field (Galesburg, IL)",0,MBA,2026
6569746,615154,Beloit Buccaneers,615243,Knox Prairie Fire,615243,7,bot,Everett Babcock flied out to lf (0-0).,89,2026-04-07 01:00:00-04:00,"Blodgett Field (Galesburg, IL)",0,MBA,2026
6569746,615154,Beloit Buccaneers,615243,Knox Prairie Fire,615243,7,bot,"Jacob Halseth doubled, RBI (3-2 KBFBB); Tyler Kemp scored.",90,2026-04-07 01:00:00-04:00,"Blodgett Field (Galesburg, IL)",0,MBA,2026
6569746,615154,Beloit Buccaneers,615243,Knox Prairie Fire,615243,7,bot,Jacob Halseth advanced to third on a wild pitch.,91,2026-04-07 01:00:00-04:00,"Blodgett Field (Galesburg, IL)",0,MBA,2026
6569746,615154,Beloit Buccaneers,615243,Knox Prairie Fire,615243,7,bot,"Hayden Derlein singled, RBI (3-1 KBBB); Jacob Halseth scored.",92,2026-04-07 01:00:00-04:00,"Blodgett Field (Galesburg, IL)",0,MBA,2026
6569746,615154,Beloit Buccaneers,615243,Knox Prairie Fire,615243,7,bot,Ryan Apel to p for Tyler Weigand.,93,2026-04-07 01:00:00-04:00,"Blodgett Field (Galesburg, IL)",0,MBA,2026
6569746,615154,Beloit Buccaneers,615243,Knox Prairie Fire,615243,7,bot,Nicholas Nitti grounded out to p (1-0 B).,94,2026-04-07 01:00:00-04:00,"Blodgett Field (Galesburg, IL)",0,MBA,2026
6569746,615154,Beloit Buccaneers,615243,Knox Prairie Fire,615154,8,top,Joseph Williams to p for Ethan Rompala-Matthews.,95,2026-04-07 01:00:00-04:00,"Blodgett Field (Galesburg, IL)",0,MBA,2026
6569746,615154,Beloit Buccaneers,615243,Knox Prairie Fire,615154,8,top,Seth Brankey walked (3-2 FBBFBB).,96,2026-04-07 01:00:00-04:00,"Blodgett Field (Galesburg, IL)",0,MBA,2026
6569746,615154,Beloit Buccaneers,615243,Knox Prairie Fire,615154,8,top,Blake Nelson walked (3-0 BBBB); Seth Brankey advanced to second.,97,2026-04-07 01:00:00-04:00,"Blodgett Field (Galesburg, IL)",0,MBA,2026
6569746,615154,Beloit Buccaneers,615243,Knox Prairie Fire,615154,8,top,Parker Krcmar singled (1-0 B); Blake Nelson advanced to second; Seth Brankey advanced to third.,98,2026-04-07 01:00:00-04:00,"Blodgett Field (Galesburg, IL)",0,MBA,2026
6569746,615154,Beloit Buccaneers,615243,Knox Prairie Fire,615154,8,top,Jacopo Tamburini walked (3-0 BBBB); Parker Krcmar advanced to second; Blake Nelson advanced to third; Seth Brankey scored.,99,2026-04-07 01:00:00-04:00,"Blodgett Field (Galesburg, IL)",0,MBA,2026
6569746,615154,Beloit Buccaneers,615243,Knox Prairie Fire,615154,8,top,Aiden Wood hit by pitch (2-1 BKH); Jacopo Tamburini advanced to second; Parker Krcmar advanced to third; Blake Nelson scored.,100,2026-04-07 01:00:00-04:00,"Blodgett Field (Galesburg, IL)",0,MBA,2026
6569746,615154,Beloit Buccaneers,615243,Knox Prairie Fire,615154,8,top,"Nolan Tomsyck singled, RBI (0-0); Aiden Wood advanced to second; Jacopo Tamburini advanced to third; Parker Krcmar scored.",101,2026-04-07 01:00:00-04:00,"Blodgett Field (Galesburg, IL)",0,MBA,2026
6569746,615154,Beloit Buccaneers,615243,Knox Prairie Fire,615154,8,top,"Drew Hanson reached on a fielder's choice, RBI (2-2 BKKFB); Nolan Tomsyck out at second 2b to ss; Aiden Wood advanced to third; Jacopo Tamburini scored.",102,2026-04-07 01:00:00-04:00,"Blodgett Field (Galesburg, IL)",0,MBA,2026
6569746,615154,Beloit Buccaneers,615243,Knox Prairie Fire,615154,8,top,"Brody Bremer grounded out to 3b, RBI (0-0); Drew Hanson advanced to second; Aiden Wood scored.",103,2026-04-07 01:00:00-04:00,"Blodgett Field (Galesburg, IL)",0,MBA,2026
6569746,615154,Beloit Buccaneers,615243,Knox Prairie Fire,615154,8,top,"Jack Alport reached first on an error by 3b, RBI (1-0 B); Drew Hanson scored, unearned.",104,2026-04-07 01:00:00-04:00,"Blodgett Field (Galesburg, IL)",0,MBA,2026
6569746,615154,Beloit Buccaneers,615243,Knox Prairie Fire,615154,8,top,Jack Alport stole second.,105,2026-04-07 01:00:00-04:00,"Blodgett Field (Galesburg, IL)",0,MBA,2026
6569746,615154,Beloit Buccaneers,615243,Knox Prairie Fire,615154,8,top,Seth Brankey hit by pitch (2-1 KBH).,106,2026-04-07 01:00:00-04:00,"Blodgett Field (Galesburg, IL)",0,MBA,2026
6569746,615154,Beloit Buccaneers,615243,Knox Prairie Fire,615154,8,top,Blake Nelson flied out to ss (3-2 BBKFB).,107,2026-04-07 01:00:00-04:00,"Blodgett Field (Galesburg, IL)",0,MBA,2026
6569746,615154,Beloit Buccaneers,615243,Knox Prairie Fire,615243,8,bot,Seth Brankey to p.,108,2026-04-07 01:00:00-04:00,"Blodgett Field (Galesburg, IL)",0,MBA,2026
6569746,615154,Beloit Buccaneers,615243,Knox Prairie Fire,615243,8,bot,Elliott Simpson to c for Blake Nelson.,109,2026-04-07 01:00:00-04:00,"Blodgett Field (Galesburg, IL)",0,MBA,2026
6569746,615154,Beloit Buccaneers,615243,Knox Prairie Fire,615243,8,bot,Hunter Rauhaus to rf for Aiden Wood.,110,2026-04-07 01:00:00-04:00,"Blodgett Field (Galesburg, IL)",0,MBA,2026
6569746,615154,Beloit Buccaneers,615243,Knox Prairie Fire,615243,8,bot,/  for Ryan Apel.,111,2026-04-07 01:00:00-04:00,"Blodgett Field (Galesburg, IL)",0,MBA,2026
6569746,615154,Beloit Buccaneers,615243,Knox Prairie Fire,615243,8,bot,Thomas Wilmot struck out looking (2-2 FBBFK).,112,2026-04-07 01:00:00-04:00,"Blodgett Field (Galesburg, IL)",0,MBA,2026
6569746,615154,Beloit Buccaneers,615243,Knox Prairie Fire,615243,8,bot,Clayton Rice hit by pitch (1-1 FH).,113,2026-04-07 01:00:00-04:00,"Blodgett Field (Galesburg, IL)",0,MBA,2026
6569746,615154,Beloit Buccaneers,615243,Knox Prairie Fire,615243,8,bot,Clayton Rice advanced to second on a wild pitch.,114,2026-04-07 01:00:00-04:00,"Blodgett Field (Galesburg, IL)",0,MBA,2026
6569746,615154,Beloit Buccaneers,615243,Knox Prairie Fire,615243,8,bot,Aidan McMurtrie flied out to rf (1-1 BK).,115,2026-04-07 01:00:00-04:00,"Blodgett Field (Galesburg, IL)",0,MBA,2026
6569746,615154,Beloit Buccaneers,615243,Knox Prairie Fire,615243,8,bot,Parker Engel struck out looking (1-2 KBKK).,116,2026-04-07 01:00:00-04:00,"Blodgett Field (Galesburg, IL)",0,MBA,2026
6569748,615154,Beloit Buccaneers,615243,Knox Prairie Fire,615154,1,top,Jack Alport grounded out to ss (2-1 BBK).,1,2026-04-07 01:00:00-04:00,"Blodgett Field (Galesburg, IL)",0,MBA,2026
6569748,615154,Beloit Buccaneers,615243,Knox Prairie Fire,615154,1,top,Jacopo Tamburini struck out swinging (1-2 KBKS).,2,2026-04-07 01:00:00-04:00,"Blodgett Field (Galesburg, IL)",0,MBA,2026
6569748,615154,Beloit Buccaneers,615243,Knox Prairie Fire,615154,1,top,Seth Brankey grounded out to ss (1-1 KB).,3,2026-04-07 01:00:00-04:00,"Blodgett Field (Galesburg, IL)",0,MBA,2026
6569748,615154,Beloit Buccaneers,615243,Knox Prairie Fire,615243,1,bot,Andrew Garrett flied out to cf (2-2 FBFFBFF).,4,2026-04-07 01:00:00-04:00,"Blodgett Field (Galesburg, IL)",0,MBA,2026
6569748,615154,Beloit Buccaneers,615243,Knox Prairie Fire,615243,1,bot,Hayden Derlein flied out to lf (0-1 K).,5,2026-04-07 01:00:00-04:00,"Blodgett Field (Galesburg, IL)",0,MBA,2026
6569748,615154,Beloit Buccaneers,615243,Knox Prairie Fire,615243,1,bot,Nicholas Nitti singled (1-2 BKF).,6,2026-04-07 01:00:00-04:00,"Blodgett Field (Galesburg, IL)",0,MBA,2026
6569748,615154,Beloit Buccaneers,615243,Knox Prairie Fire,615243,1,bot,Thomas Wilmot struck out swinging (3-2 SBBBFS).,7,2026-04-07 01:00:00-04:00,"Blodgett Field (Galesburg, IL)",0,MBA,2026
6569748,615154,Beloit Buccaneers,615243,Knox Prairie Fire,615154,2,top,Blake Nelson struck out looking (1-2 KKBK).,8,2026-04-07 01:00:00-04:00,"Blodgett Field (Galesburg, IL)",0,MBA,2026
6569748,615154,Beloit Buccaneers,615243,Knox Prairie Fire,615154,2,top,Parker Krcmar reached first on an error by 3b (2-2 BKBK).,9,2026-04-07 01:00:00-04:00,"Blodgett Field (Galesburg, IL)",0,MBA,2026
6569748,615154,Beloit Buccaneers,615243,Knox Prairie Fire,615154,2,top,Parker Krcmar advanced to second.,10,2026-04-07 01:00:00-04:00,"Blodgett Field (Galesburg, IL)",0,MBA,2026
6569748,615154,Beloit Buccaneers,615243,Knox Prairie Fire,615154,2,top,Parker Krcmar stole third.,11,2026-04-07 01:00:00-04:00,"Blodgett Field (Galesburg, IL)",0,MBA,2026
6569748,615154,Beloit Buccaneers,615243,Knox Prairie Fire,615154,2,top,"Aiden Wood singled, out at second rf to 2b, RBI (1-1 FB); Parker Krcmar scored, unearned.",12,2026-04-07 01:00:00-04:00,"Blodgett Field (Galesburg, IL)",0,MBA,2026
6569748,615154,Beloit Buccaneers,615243,Knox Prairie Fire,615154,2,top,Nolan Tomsyck reached first on an error by ss (0-1 F).,13,2026-04-07 01:00:00-04:00,"Blodgett Field (Galesburg, IL)",0,MBA,2026
6569748,615154,Beloit Buccaneers,615243,Knox Prairie Fire,615154,2,top,Drew Hanson flied out to rf (2-1 BBK).,14,2026-04-07 01:00:00-04:00,"Blodgett Field (Galesburg, IL)",0,MBA,2026
6569748,615154,Beloit Buccaneers,615243,Knox Prairie Fire,615243,2,bot,Clayton Rice singled (0-0).,15,2026-04-07 01:00:00-04:00,"Blodgett Field (Galesburg, IL)",0,MBA,2026
6569748,615154,Beloit Buccaneers,615243,Knox Prairie Fire,615243,2,bot,Aidan McMurtrie struck out swinging (0-2 FFFS).,16,2026-04-07 01:00:00-04:00,"Blodgett Field (Galesburg, IL)",0,MBA,2026
6569748,615154,Beloit Buccaneers,615243,Knox Prairie Fire,615243,2,bot,Parker Engel hit by pitch (3-2 BBBFKH); Clayton Rice advanced to second.,17,2026-04-07 01:00:00-04:00,"Blodgett Field (Galesburg, IL)",0,MBA,2026
6569748,615154,Beloit Buccaneers,615243,Knox Prairie Fire,615243,2,bot,Tyler Kemp singled (2-2 FSBB); Parker Engel advanced to second; Clayton Rice advanced to third.,18,2026-04-07 01:00:00-04:00,"Blodgett Field (Galesburg, IL)",0,MBA,2026
6569748,615154,Beloit Buccaneers,615243,Knox Prairie Fire,615243,2,bot,Owen Shannon flied out to 1b (1-1 BK).,19,2026-04-07 01:00:00-04:00,"Blodgett Field (Galesburg, IL)",0,MBA,2026
6569748,615154,Beloit Buccaneers,615243,Knox Prairie Fire,615243,2,bot,Andrew Garrett grounded out to 2b (1-1 BS).,20,2026-04-07 01:00:00-04:00,"Blodgett Field (Galesburg, IL)",0,MBA,2026
6569748,615154,Beloit Buccaneers,615243,Knox Prairie Fire,615154,3,top,Brody Bremer flied out to 2b (3-1 KBBB).,21,2026-04-07 01:00:00-04:00,"Blodgett Field (Galesburg, IL)",0,MBA,2026
6569748,615154,Beloit Buccaneers,615243,Knox Prairie Fire,615154,3,top,Jack Alport singled (0-2 SKF).,22,2026-04-07 01:00:00-04:00,"Blodgett Field (Galesburg, IL)",0,MBA,2026
6569748,615154,Beloit Buccaneers,615243,Knox Prairie Fire,615154,3,top,Jacopo Tamburini flied out to lf (0-0).,23,2026-04-07 01:00:00-04:00,"Blodgett Field (Galesburg, IL)",0,MBA,2026
6569748,615154,Beloit Buccaneers,615243,Knox Prairie Fire,615154,3,top,Jack Alport advanced to second on a wild pitch.,24,2026-04-07 01:00:00-04:00,"Blodgett Field (Galesburg, IL)",0,MBA,2026
6569748,615154,Beloit Buccaneers,615243,Knox Prairie Fire,615154,3,top,Seth Brankey grounded out to ss (2-2 BKKBF).,25,2026-04-07 01:00:00-04:00,"Blodgett Field (Galesburg, IL)",0,MBA,2026
6569748,615154,Beloit Buccaneers,615243,Knox Prairie Fire,615243,3,bot,Hayden Derlein reached first on an error by 3b (0-0).,26,2026-04-07 01:00:00-04:00,"Blodgett Field (Galesburg, IL)",0,MBA,2026
6569748,615154,Beloit Buccaneers,615243,Knox Prairie Fire,615243,3,bot,Nicholas Nitti grounded out to c (2-1 BFB); Hayden Derlein advanced to second.,27,2026-04-07 01:00:00-04:00,"Blodgett Field (Galesburg, IL)",0,MBA,2026
6569748,615154,Beloit Buccaneers,615243,Knox Prairie Fire,615243,3,bot,Thomas Wilmot grounded out to 3b (0-1 S); Hayden Derlein advanced to third.,28,2026-04-07 01:00:00-04:00,"Blodgett Field (Galesburg, IL)",0,MBA,2026
6569748,615154,Beloit Buccaneers,615243,Knox Prairie Fire,615243,3,bot,"Clayton Rice singled, RBI (0-1 K); Hayden Derlein scored, unearned.",29,2026-04-07 01:00:00-04:00,"Blodgett Field (Galesburg, IL)",0,MBA,2026
6569748,615154,Beloit Buccaneers,615243,Knox Prairie Fire,615243,3,bot,Aidan McMurtrie flied out to lf (0-0).,30,2026-04-07 01:00:00-04:00,"Blodgett Field (Galesburg, IL)",0,MBA,2026
6569748,615154,Beloit Buccaneers,615243,Knox Prairie Fire,615154,4,top,"Blake Nelson homered, RBI (3-1 BSBB).",31,2026-04-07 01:00:00-04:00,"Blodgett Field (Galesburg, IL)",0,MBA,2026
6569748,615154,Beloit Buccaneers,615243,Knox Prairie Fire,615154,4,top,Parker Krcmar flied out to cf (2-0 BB).,32,2026-04-07 01:00:00-04:00,"Blodgett Field (Galesburg, IL)",0,MBA,2026
6569748,615154,Beloit Buccaneers,615243,Knox Prairie Fire,615154,4,top,Aiden Wood singled (2-2 BKBFF).,33,2026-04-07 01:00:00-04:00,"Blodgett Field (Galesburg, IL)",0,MBA,2026
6569748,615154,Beloit Buccaneers,615243,Knox Prairie Fire,615154,4,top,Nolan Tomsyck flied out to 1b (2-1 SBB).,34,2026-04-07 01:00:00-04:00,"Blodgett Field (Galesburg, IL)",0,MBA,2026
6569748,615154,Beloit Buccaneers,615243,Knox Prairie Fire,615154,4,top,Drew Hanson struck out swinging (2-2 BKKBS).,35,2026-04-07 01:00:00-04:00,"Blodgett Field (Galesburg, IL)",0,MBA,2026
6569748,615154,Beloit Buccaneers,615243,Knox Prairie Fire,615243,4,bot,Parker Engel struck out swinging (3-2 BKBBFS).,36,2026-04-07 01:00:00-04:00,"Blodgett Field (Galesburg, IL)",0,MBA,2026
6569748,615154,Beloit Buccaneers,615243,Knox Prairie Fire,615243,4,bot,Tyler Kemp grounded out to 3b (2-2 BKSB).,37,2026-04-07 01:00:00-04:00,"Blodgett Field (Galesburg, IL)",0,MBA,2026
6569748,615154,Beloit Buccaneers,615243,Knox Prairie Fire,615243,4,bot,Owen Shannon grounded out to ss (2-1 BBK).,38,2026-04-07 01:00:00-04:00,"Blodgett Field (Galesburg, IL)",0,MBA,2026
6569748,615154,Beloit Buccaneers,615243,Knox Prairie Fire,615154,5,top,Brody Bremer flied out to lf (3-2 KKBBB).,39,2026-04-07 01:00:00-04:00,"Blodgett Field (Galesburg, IL)",0,MBA,2026
6569748,615154,Beloit Buccaneers,615243,Knox Prairie Fire,615154,5,top,Jack Alport flied out to rf (0-1 K).,40,2026-04-07 01:00:00-04:00,"Blodgett Field (Galesburg, IL)",0,MBA,2026
6569748,615154,Beloit Buccaneers,615243,Knox Prairie Fire,615154,5,top,Jacopo Tamburini struck out looking (2-2 KBFBK).,41,2026-04-07 01:00:00-04:00,"Blodgett Field (Galesburg, IL)",0,MBA,2026
6569748,615154,Beloit Buccaneers,615243,Knox Prairie Fire,615243,5,bot,Andrew Garrett struck out swinging (1-2 SBKS).,42,2026-04-07 01:00:00-04:00,"Blodgett Field (Galesburg, IL)",0,MBA,2026
6569748,615154,Beloit Buccaneers,615243,Knox Prairie Fire,615243,5,bot,Hayden Derlein walked (3-0 BBBB).,43,2026-04-07 01:00:00-04:00,"Blodgett Field (Galesburg, IL)",0,MBA,2026
6569748,615154,Beloit Buccaneers,615243,Knox Prairie Fire,615243,5,bot,Hayden Derlein stole second.,44,2026-04-07 01:00:00-04:00,"Blodgett Field (Galesburg, IL)",0,MBA,2026
6569748,615154,Beloit Buccaneers,615243,Knox Prairie Fire,615243,5,bot,Nicholas Nitti flied out to cf (0-0).,45,2026-04-07 01:00:00-04:00,"Blodgett Field (Galesburg, IL)",0,MBA,2026
6569748,615154,Beloit Buccaneers,615243,Knox Prairie Fire,615243,5,bot,Thomas Wilmot reached first on an error by 3b (1-0 B); Hayden Derlein advanced to third.,46,2026-04-07 01:00:00-04:00,"Blodgett Field (Galesburg, IL)",0,MBA,2026
6569748,615154,Beloit Buccaneers,615243,Knox Prairie Fire,615243,5,bot,Clayton Rice out at first 1b to p (3-2 BBSKB).,47,2026-04-07 01:00:00-04:00,"Blodgett Field (Galesburg, IL)",0,MBA,2026
6569748,615154,Beloit Buccaneers,615243,Knox Prairie Fire,615154,6,top,Seth Brankey flied out to lf (1-0 B).,48,2026-04-07 01:00:00-04:00,"Blodgett Field (Galesburg, IL)",0,MBA,2026
6569748,615154,Beloit Buccaneers,615243,Knox Prairie Fire,615154,6,top,Blake Nelson flied out to lf (2-1 KBB).,49,2026-04-07 01:00:00-04:00,"Blodgett Field (Galesburg, IL)",0,MBA,2026
6569748,615154,Beloit Buccaneers,615243,Knox Prairie Fire,615154,6,top,Parker Krcmar flied out to rf (2-1 BFB).,50,2026-04-07 01:00:00-04:00,"Blodgett Field (Galesburg, IL)",0,MBA,2026
6569748,615154,Beloit Buccaneers,615243,Knox Prairie Fire,615243,6,bot,Caleb Lasher to p for Will Lyng.,51,2026-04-07 01:00:00-04:00,"Blodgett Field (Galesburg, IL)",0,MBA,2026
6569748,615154,Beloit Buccaneers,615243,Knox Prairie Fire,615243,6,bot,Aidan McMurtrie singled (0-1 F).,52,2026-04-07 01:00:00-04:00,"Blodgett Field (Galesburg, IL)",0,MBA,2026
6569748,615154,Beloit Buccaneers,615243,Knox Prairie Fire,615243,6,bot,Aidan McMurtrie advanced to second on a passed ball.,53,2026-04-07 01:00:00-04:00,"Blodgett Field (Galesburg, IL)",0,MBA,2026
6569748,615154,Beloit Buccaneers,615243,Knox Prairie Fire,615243,6,bot,Parker Engel grounded out to 3b (2-2 BKSB).,54,2026-04-07 01:00:00-04:00,"Blodgett Field (Galesburg, IL)",0,MBA,2026
6569748,615154,Beloit Buccaneers,615243,Knox Prairie Fire,615243,6,bot,Tyler Kemp singled (1-2 FFB); Aidan McMurtrie advanced to third.,55,2026-04-07 01:00:00-04:00,"Blodgett Field (Galesburg, IL)",0,MBA,2026
6569748,615154,Beloit Buccaneers,615243,Knox Prairie Fire,615243,6,bot,"Owen Shannon grounded out to 2b, RBI (0-2 FS); Tyler Kemp advanced to second; Aidan McMurtrie scored, unearned.",56,2026-04-07 01:00:00-04:00,"Blodgett Field (Galesburg, IL)",0,MBA,2026
6569748,615154,Beloit Buccaneers,615243,Knox Prairie Fire,615243,6,bot,Everett Babcock to dh for Andrew Garrett.,57,2026-04-07 01:00:00-04:00,"Blodgett Field (Galesburg, IL)",0,MBA,2026
6569748,615154,Beloit Buccaneers,615243,Knox Prairie Fire,615243,6,bot,Everett Babcock struck out swinging (3-2 KBBFBS).,58,2026-04-07 01:00:00-04:00,"Blodgett Field (Galesburg, IL)",0,MBA,2026
6569748,615154,Beloit Buccaneers,615243,Knox Prairie Fire,615154,7,top,Brady Bertrand to p for Jacob Halseth.,59,2026-04-07 01:00:00-04:00,"Blodgett Field (Galesburg, IL)",0,MBA,2026
6569748,615154,Beloit Buccaneers,615243,Knox Prairie Fire,615154,7,top,Aiden Wood flied out to 1b (1-1 KB).,60,2026-04-07 01:00:00-04:00,"Blodgett Field (Galesburg, IL)",0,MBA,2026
6569748,615154,Beloit Buccaneers,615243,Knox Prairie Fire,615154,7,top,Nolan Tomsyck singled (1-1 BF).,61,2026-04-07 01:00:00-04:00,"Blodgett Field (Galesburg, IL)",0,MBA,2026
6569748,615154,Beloit Buccaneers,615243,Knox Prairie Fire,615154,7,top,Nolan Tomsyck stole second.,62,2026-04-07 01:00:00-04:00,"Blodgett Field (Galesburg, IL)",0,MBA,2026
6569748,615154,Beloit Buccaneers,615243,Knox Prairie Fire,615154,7,top,Drew Hanson flied out to rf (3-2 KFFBBB).,63,2026-04-07 01:00:00-04:00,"Blodgett Field (Galesburg, IL)",0,MBA,2026
6569748,615154,Beloit Buccaneers,615243,Knox Prairie Fire,615154,7,top,Brody Bremer struck out swinging (2-2 SFBBS).,64,2026-04-07 01:00:00-04:00,"Blodgett Field (Galesburg, IL)",0,MBA,2026
6569748,615154,Beloit Buccaneers,615243,Knox Prairie Fire,615243,7,bot,Hayden Derlein flied out to rf (1-1 KB).,65,2026-04-07 01:00:00-04:00,"Blodgett Field (Galesburg, IL)",0,MBA,2026
6569748,615154,Beloit Buccaneers,615243,Knox Prairie Fire,615243,7,bot,Nicholas Nitti flied out to 1b (0-1 K).,66,2026-04-07 01:00:00-04:00,"Blodgett Field (Galesburg, IL)",0,MBA,2026
6569748,615154,Beloit Buccaneers,615243,Knox Prairie Fire,615243,7,bot,Thomas Wilmot grounded out to ss (0-0).,67,2026-04-07 01:00:00-04:00,"Blodgett Field (Galesburg, IL)",0,MBA,2026
6569748,615154,Beloit Buccaneers,615243,Knox Prairie Fire,615154,8,top,Jack Alport singled (1-2 KKB).,68,2026-04-07 01:00:00-04:00,"Blodgett Field (Galesburg, IL)",0,MBA,2026
6569748,615154,Beloit Buccaneers,615243,Knox Prairie Fire,615154,8,top,Jack Alport advanced to second on a wild pitch.,69,2026-04-07 01:00:00-04:00,"Blodgett Field (Galesburg, IL)",0,MBA,2026
6569748,615154,Beloit Buccaneers,615243,Knox Prairie Fire,615154,8,top,Jacopo Tamburini grounded out to 3b (2-2 BFBF).,70,2026-04-07 01:00:00-04:00,"Blodgett Field (Galesburg, IL)",0,MBA,2026
6569748,615154,Beloit Buccaneers,615243,Knox Prairie Fire,615154,8,top,Jack Alport stole third.,71,2026-04-07 01:00:00-04:00,"Blodgett Field (Galesburg, IL)",0,MBA,2026
6569748,615154,Beloit Buccaneers,615243,Knox Prairie Fire,615154,8,top,"Seth Brankey flied out to cf, SAC, RBI (3-2 KBSBFB); Jack Alport scored.",72,2026-04-07 01:00:00-04:00,"Blodgett Field (Galesburg, IL)",0,MBA,2026
6569748,615154,Beloit Buccaneers,615243,Knox Prairie Fire,615154,8,top,Blake Nelson doubled (0-2 KF).,73,2026-04-07 01:00:00-04:00,"Blodgett Field (Galesburg, IL)",0,MBA,2026
6569748,615154,Beloit Buccaneers,615243,Knox Prairie Fire,615154,8,top,Parker Krcmar grounded out to p (1-2 BSS).,74,2026-04-07 01:00:00-04:00,"Blodgett Field (Galesburg, IL)",0,MBA,2026
6569748,615154,Beloit Buccaneers,615243,Knox Prairie Fire,615243,8,bot,Clayton Rice grounded out to 2b (0-0).,75,2026-04-07 01:00:00-04:00,"Blodgett Field (Galesburg, IL)",0,MBA,2026
6569748,615154,Beloit Buccaneers,615243,Knox Prairie Fire,615243,8,bot,Aidan McMurtrie flied out to rf (0-1 K).,76,2026-04-07 01:00:00-04:00,"Blodgett Field (Galesburg, IL)",0,MBA,2026
6569748,615154,Beloit Buccaneers,615243,Knox Prairie Fire,615243,8,bot,Parker Engel grounded out to ss (0-0).,77,2026-04-07 01:00:00-04:00,"Blodgett Field (Galesburg, IL)",0,MBA,2026
6569748,615154,Beloit Buccaneers,615243,Knox Prairie Fire,615154,9,top,Aiden Wood doubled (1-1 BF).,78,2026-04-07 01:00:00-04:00,"Blodgett Field (Galesburg, IL)",0,MBA,2026
6569748,615154,Beloit Buccaneers,615243,Knox Prairie Fire,615154,9,top,Jackson O'Brien pinch ran for Aiden Wood.,79,2026-04-07 01:00:00-04:00,"Blodgett Field (Galesburg, IL)",0,MBA,2026
6569748,615154,Beloit Buccaneers,615243,Knox Prairie Fire,615154,9,top,Nolan Tomsyck grounded out to ss (3-2 BFBKFFFBF).,80,2026-04-07 01:00:00-04:00,"Blodgett Field (Galesburg, IL)",0,MBA,2026
6569748,615154,Beloit Buccaneers,615243,Knox Prairie Fire,615154,9,top,Drew Hanson reached on catcher's interference (2-2 BKBK).,81,2026-04-07 01:00:00-04:00,"Blodgett Field (Galesburg, IL)",0,MBA,2026
6569748,615154,Beloit Buccaneers,615243,Knox Prairie Fire,615154,9,top,Brody Bremer struck out looking (2-2 FSBBK).,82,2026-04-07 01:00:00-04:00,"Blodgett Field (Galesburg, IL)",0,MBA,2026
6569748,615154,Beloit Buccaneers,615243,Knox Prairie Fire,615154,9,top,Jack Alport singled (1-2 BFK); Drew Hanson advanced to second; Jackson O'Brien advanced to third.,83,2026-04-07 01:00:00-04:00,"Blodgett Field (Galesburg, IL)",0,MBA,2026
6569748,615154,Beloit Buccaneers,615243,Knox Prairie Fire,615154,9,top,Jacopo Tamburini flied out to cf (3-2 KBBFB).,84,2026-04-07 01:00:00-04:00,"Blodgett Field (Galesburg, IL)",0,MBA,2026
6569748,615154,Beloit Buccaneers,615243,Knox Prairie Fire,615243,9,bot,Ben Schweit to p for Caleb Lasher.,85,2026-04-07 01:00:00-04:00,"Blodgett Field (Galesburg, IL)",0,MBA,2026
6569748,615154,Beloit Buccaneers,615243,Knox Prairie Fire,615243,9,bot,Tyler Kemp flied out to rf (2-2 SBSB).,86,2026-04-07 01:00:00-04:00,"Blodgett Field (Galesburg, IL)",0,MBA,2026
6569748,615154,Beloit Buccaneers,615243,Knox Prairie Fire,615243,9,bot,Owen Shannon out at first 1b to p (0-0).,87,2026-04-07 01:00:00-04:00,"Blodgett Field (Galesburg, IL)",0,MBA,2026
6569748,615154,Beloit Buccaneers,615243,Knox Prairie Fire,615243,9,bot,Everett Babcock walked (3-1 BBFBB).,88,2026-04-07 01:00:00-04:00,"Blodgett Field (Galesburg, IL)",0,MBA,2026
6569748,615154,Beloit Buccaneers,615243,Knox Prairie Fire,615243,9,bot,Tyler Thiem to dh for Everett Babcock.,89,2026-04-07 01:00:00-04:00,"Blodgett Field (Galesburg, IL)",0,MBA,2026
6569748,615154,Beloit Buccaneers,615243,Knox Prairie Fire,615243,9,bot,Hayden Derlein struck out looking (0-2 KKK).,90,2026-04-07 01:00:00-04:00,"Blodgett Field (Galesburg, IL)",0,MBA,2026
