game_id,away_team_id,away_team_name,home_team_id,home_team_name,batting_team,inning,top_bot,event_text,event_num,game_datetime,stadium_name,attendance,sport_id,season
6462612,615099,Arkansas Tech Wonder Boys,614882,Henderson St. Reddies,615099,1,top,"Caya,Tommy reached on a fielding error fielding by cf by Moore,Nate (E8) (1-2 KKFBF); Caya,Tommy advanced to second base.",1,2026-04-03 14:00:00-04:00,"Clyde Berry Field (Arkadelphia, AR)",88,MBA,2026
6462612,615099,Arkansas Tech Wonder Boys,614882,Henderson St. Reddies,615099,1,top,"Dawson,Cole reached on a fielding error fielding by ss by Rodriguez,Boe (E6) (1-2 FFB); Caya,Tommy advanced to third base.",2,2026-04-03 14:00:00-04:00,"Clyde Berry Field (Arkadelphia, AR)",88,MBA,2026
6462612,615099,Arkansas Tech Wonder Boys,614882,Henderson St. Reddies,615099,1,top,"Dawson,Cole stole second base.",3,2026-04-03 14:00:00-04:00,"Clyde Berry Field (Arkadelphia, AR)",88,MBA,2026
6462612,615099,Arkansas Tech Wonder Boys,614882,Henderson St. Reddies,615099,1,top,"Sardelli,Tyler lined out to short (0-1 K).",4,2026-04-03 14:00:00-04:00,"Clyde Berry Field (Arkadelphia, AR)",88,MBA,2026
6462612,615099,Arkansas Tech Wonder Boys,614882,Henderson St. Reddies,615099,1,top,"Jenkins,Kirby grounded out to second base, 2b to 1b, RBI (2-1 BKB); Caya,Tommy scored, unearned; Dawson,Cole advanced to third base.",5,2026-04-03 14:00:00-04:00,"Clyde Berry Field (Arkadelphia, AR)",88,MBA,2026
6462612,615099,Arkansas Tech Wonder Boys,614882,Henderson St. Reddies,615099,1,top,"Rockett,Derek flied out to lf (1-1 KB).",6,2026-04-03 14:00:00-04:00,"Clyde Berry Field (Arkadelphia, AR)",88,MBA,2026
6462612,615099,Arkansas Tech Wonder Boys,614882,Henderson St. Reddies,614882,1,bot,"Moore,Nate reached on a throwing error throwing by ss by Dawson,Cole (E6) (0-1 K).",7,2026-04-03 14:00:00-04:00,"Clyde Berry Field (Arkadelphia, AR)",88,MBA,2026
6462612,615099,Arkansas Tech Wonder Boys,614882,Henderson St. Reddies,614882,1,bot,"Campbell,Tripp struck out swinging (0-2 SSS).",8,2026-04-03 14:00:00-04:00,"Clyde Berry Field (Arkadelphia, AR)",88,MBA,2026
6462612,615099,Arkansas Tech Wonder Boys,614882,Henderson St. Reddies,614882,1,bot,"Ross,Tanner singled to center field (0-0); Moore,Nate advanced to second base.",9,2026-04-03 14:00:00-04:00,"Clyde Berry Field (Arkadelphia, AR)",88,MBA,2026
6462612,615099,Arkansas Tech Wonder Boys,614882,Henderson St. Reddies,614882,1,bot,"McClure,Cooper grounded into double play to short, ss to 2b to 1b (2-1 BBK); Ross,Tanner out at 2B on the play, ss to 2b.",10,2026-04-03 14:00:00-04:00,"Clyde Berry Field (Arkadelphia, AR)",88,MBA,2026
6462612,615099,Arkansas Tech Wonder Boys,614882,Henderson St. Reddies,615099,2,top,"Johnston,Weston struck out swinging (2-2 FBSFBS).",11,2026-04-03 14:00:00-04:00,"Clyde Berry Field (Arkadelphia, AR)",88,MBA,2026
6462612,615099,Arkansas Tech Wonder Boys,614882,Henderson St. Reddies,615099,2,top,"Ossanna,David popped up to shallow right field putout by 2b (2-1 KBB).",12,2026-04-03 14:00:00-04:00,"Clyde Berry Field (Arkadelphia, AR)",88,MBA,2026
6462612,615099,Arkansas Tech Wonder Boys,614882,Henderson St. Reddies,615099,2,top,"Bard,Brendyn flied out to rf (0-0).",13,2026-04-03 14:00:00-04:00,"Clyde Berry Field (Arkadelphia, AR)",88,MBA,2026
6462612,615099,Arkansas Tech Wonder Boys,614882,Henderson St. Reddies,614882,2,bot,"Edmonds,Cale struck out swinging (1-2 SSBS).",14,2026-04-03 14:00:00-04:00,"Clyde Berry Field (Arkadelphia, AR)",88,MBA,2026
6462612,615099,Arkansas Tech Wonder Boys,614882,Henderson St. Reddies,614882,2,bot,"Bryant,Caleb infield singled in the infield (2-2 BSSB).",15,2026-04-03 14:00:00-04:00,"Clyde Berry Field (Arkadelphia, AR)",88,MBA,2026
6462612,615099,Arkansas Tech Wonder Boys,614882,Henderson St. Reddies,614882,2,bot,"Garcia,Adam struck out swinging (1-2 FBKS).",16,2026-04-03 14:00:00-04:00,"Clyde Berry Field (Arkadelphia, AR)",88,MBA,2026
6462612,615099,Arkansas Tech Wonder Boys,614882,Henderson St. Reddies,614882,2,bot,"Bryant,Caleb stole second base.",17,2026-04-03 14:00:00-04:00,"Clyde Berry Field (Arkadelphia, AR)",88,MBA,2026
6462612,615099,Arkansas Tech Wonder Boys,614882,Henderson St. Reddies,614882,2,bot,"Meyers,Devin struck out swinging (0-2 KSFS).",18,2026-04-03 14:00:00-04:00,"Clyde Berry Field (Arkadelphia, AR)",88,MBA,2026
6462612,615099,Arkansas Tech Wonder Boys,614882,Henderson St. Reddies,615099,3,top,"Vega,Drew singled to center field (0-2 KK).",19,2026-04-03 14:00:00-04:00,"Clyde Berry Field (Arkadelphia, AR)",88,MBA,2026
6462612,615099,Arkansas Tech Wonder Boys,614882,Henderson St. Reddies,615099,3,top,"Caya,Tommy singled to right field (3-2 BBFBF); Vega,Drew advanced to second base.",20,2026-04-03 14:00:00-04:00,"Clyde Berry Field (Arkadelphia, AR)",88,MBA,2026
6462612,615099,Arkansas Tech Wonder Boys,614882,Henderson St. Reddies,615099,3,top,"Caya,Tommy stole second base, advanced to third base on a throwing error by Bryant,Caleb (E7); Vega,Drew stole third base, scored on a throwing error by Garcia,Adam (E2), unearned.",21,2026-04-03 14:00:00-04:00,"Clyde Berry Field (Arkadelphia, AR)",88,MBA,2026
6462612,615099,Arkansas Tech Wonder Boys,614882,Henderson St. Reddies,615099,3,top,"Dawson,Cole singled to right field, RBI (3-2 FBSBB); Caya,Tommy scored.",22,2026-04-03 14:00:00-04:00,"Clyde Berry Field (Arkadelphia, AR)",88,MBA,2026
6462612,615099,Arkansas Tech Wonder Boys,614882,Henderson St. Reddies,615099,3,top,"Sardelli,Tyler flied out to lf (2-1 FBB).",23,2026-04-03 14:00:00-04:00,"Clyde Berry Field (Arkadelphia, AR)",88,MBA,2026
6462612,615099,Arkansas Tech Wonder Boys,614882,Henderson St. Reddies,615099,3,top,"Jenkins,Kirby flied out to rf (1-1 SB).",24,2026-04-03 14:00:00-04:00,"Clyde Berry Field (Arkadelphia, AR)",88,MBA,2026
6462612,615099,Arkansas Tech Wonder Boys,614882,Henderson St. Reddies,615099,3,top,"Dawson,Cole out caught stealing at second base, c to ss.",25,2026-04-03 14:00:00-04:00,"Clyde Berry Field (Arkadelphia, AR)",88,MBA,2026
6462612,615099,Arkansas Tech Wonder Boys,614882,Henderson St. Reddies,614882,3,bot,"Rodriguez,Boe flied out to lf (0-0).",26,2026-04-03 14:00:00-04:00,"Clyde Berry Field (Arkadelphia, AR)",88,MBA,2026
6462612,615099,Arkansas Tech Wonder Boys,614882,Henderson St. Reddies,614882,3,bot,"Moore,Nate singled to right field (2-2 KBBF).",27,2026-04-03 14:00:00-04:00,"Clyde Berry Field (Arkadelphia, AR)",88,MBA,2026
6462612,615099,Arkansas Tech Wonder Boys,614882,Henderson St. Reddies,614882,3,bot,"Moore,Nate stole second base, advanced to third base on a throwing error by Johnston,Weston (E2).",28,2026-04-03 14:00:00-04:00,"Clyde Berry Field (Arkadelphia, AR)",88,MBA,2026
6462612,615099,Arkansas Tech Wonder Boys,614882,Henderson St. Reddies,614882,3,bot,"Campbell,Tripp struck out swinging (2-2 FSBFBS).",29,2026-04-03 14:00:00-04:00,"Clyde Berry Field (Arkadelphia, AR)",88,MBA,2026
6462612,615099,Arkansas Tech Wonder Boys,614882,Henderson St. Reddies,614882,3,bot,"Ross,Tanner grounded out to third base, 3b to 1b (1-1 KB).",30,2026-04-03 14:00:00-04:00,"Clyde Berry Field (Arkadelphia, AR)",88,MBA,2026
6462612,615099,Arkansas Tech Wonder Boys,614882,Henderson St. Reddies,615099,4,top,"Rockett,Derek struck out swinging (1-2 KBFFS).",31,2026-04-03 14:00:00-04:00,"Clyde Berry Field (Arkadelphia, AR)",88,MBA,2026
6462612,615099,Arkansas Tech Wonder Boys,614882,Henderson St. Reddies,615099,4,top,"Johnston,Weston flied out to rf (1-2 SKB).",32,2026-04-03 14:00:00-04:00,"Clyde Berry Field (Arkadelphia, AR)",88,MBA,2026
6462612,615099,Arkansas Tech Wonder Boys,614882,Henderson St. Reddies,615099,4,top,"Ossanna,David struck out looking (3-2 BFKBFBK).",33,2026-04-03 14:00:00-04:00,"Clyde Berry Field (Arkadelphia, AR)",88,MBA,2026
6462612,615099,Arkansas Tech Wonder Boys,614882,Henderson St. Reddies,614882,4,bot,"McClure,Cooper grounded out to short, ss to 1b (1-0 B).",34,2026-04-03 14:00:00-04:00,"Clyde Berry Field (Arkadelphia, AR)",88,MBA,2026
6462612,615099,Arkansas Tech Wonder Boys,614882,Henderson St. Reddies,614882,4,bot,"Edmonds,Cale singled to left field (2-2 BKFFB).",35,2026-04-03 14:00:00-04:00,"Clyde Berry Field (Arkadelphia, AR)",88,MBA,2026
6462612,615099,Arkansas Tech Wonder Boys,614882,Henderson St. Reddies,614882,4,bot,"Edmonds,Cale out at second base, p to 1b to ss, picked off.",36,2026-04-03 14:00:00-04:00,"Clyde Berry Field (Arkadelphia, AR)",88,MBA,2026
6462612,615099,Arkansas Tech Wonder Boys,614882,Henderson St. Reddies,614882,4,bot,"Bryant,Caleb reached on a fielding error fielding by ss by Dawson,Cole (E6) (2-2 SBBS).",37,2026-04-03 14:00:00-04:00,"Clyde Berry Field (Arkadelphia, AR)",88,MBA,2026
6462612,615099,Arkansas Tech Wonder Boys,614882,Henderson St. Reddies,614882,4,bot,"Bryant,Caleb out caught stealing at second base, c to ss.",38,2026-04-03 14:00:00-04:00,"Clyde Berry Field (Arkadelphia, AR)",88,MBA,2026
6462612,615099,Arkansas Tech Wonder Boys,614882,Henderson St. Reddies,615099,5,top,"Bard,Brendyn doubled to left field (2-1 FBB).",39,2026-04-03 14:00:00-04:00,"Clyde Berry Field (Arkadelphia, AR)",88,MBA,2026
6462612,615099,Arkansas Tech Wonder Boys,614882,Henderson St. Reddies,615099,5,top,"Vega,Drew singled to center field, RBI (0-0); Bard,Brendyn scored from second base.",40,2026-04-03 14:00:00-04:00,"Clyde Berry Field (Arkadelphia, AR)",88,MBA,2026
6462612,615099,Arkansas Tech Wonder Boys,614882,Henderson St. Reddies,615099,5,top,"Caya,Tommy doubled to right center, RBI (1-1 BK); Vega,Drew scored from first base.",41,2026-04-03 14:00:00-04:00,"Clyde Berry Field (Arkadelphia, AR)",88,MBA,2026
6462612,615099,Arkansas Tech Wonder Boys,614882,Henderson St. Reddies,615099,5,top,"Dawson,Cole struck out looking (1-2 FBFK).",42,2026-04-03 14:00:00-04:00,"Clyde Berry Field (Arkadelphia, AR)",88,MBA,2026
6462612,615099,Arkansas Tech Wonder Boys,614882,Henderson St. Reddies,615099,5,top,"Sardelli,Tyler singled to right field (1-0 B); Caya,Tommy advanced to third base.",43,2026-04-03 14:00:00-04:00,"Clyde Berry Field (Arkadelphia, AR)",88,MBA,2026
6462612,615099,Arkansas Tech Wonder Boys,614882,Henderson St. Reddies,615099,5,top,"Jenkins,Kirby struck out swinging (1-2 BKFFS).",44,2026-04-03 14:00:00-04:00,"Clyde Berry Field (Arkadelphia, AR)",88,MBA,2026
6462612,615099,Arkansas Tech Wonder Boys,614882,Henderson St. Reddies,615099,5,top,"Rockett,Derek infield singled to second base, RBI (1-0 B); Caya,Tommy scored; Sardelli,Tyler advanced to second base.",45,2026-04-03 14:00:00-04:00,"Clyde Berry Field (Arkadelphia, AR)",88,MBA,2026
6462612,615099,Arkansas Tech Wonder Boys,614882,Henderson St. Reddies,615099,5,top,"Johnston,Weston grounded out to short, ss to 1b (0-0).",46,2026-04-03 14:00:00-04:00,"Clyde Berry Field (Arkadelphia, AR)",88,MBA,2026
6462612,615099,Arkansas Tech Wonder Boys,614882,Henderson St. Reddies,614882,5,bot,"Garcia,Adam flied out to cf (0-1 F).",47,2026-04-03 14:00:00-04:00,"Clyde Berry Field (Arkadelphia, AR)",88,MBA,2026
6462612,615099,Arkansas Tech Wonder Boys,614882,Henderson St. Reddies,614882,5,bot,"Meyers,Devin flied out to cf (0-1 F).",48,2026-04-03 14:00:00-04:00,"Clyde Berry Field (Arkadelphia, AR)",88,MBA,2026
6462612,615099,Arkansas Tech Wonder Boys,614882,Henderson St. Reddies,614882,5,bot,"Rodriguez,Boe struck out swinging (2-2 KFBBS).",49,2026-04-03 14:00:00-04:00,"Clyde Berry Field (Arkadelphia, AR)",88,MBA,2026
6462612,615099,Arkansas Tech Wonder Boys,614882,Henderson St. Reddies,615099,6,top,"HSU pitching change: Montes,Brayden replaces Goines,Dawson.",50,2026-04-03 14:00:00-04:00,"Clyde Berry Field (Arkadelphia, AR)",88,MBA,2026
6462612,615099,Arkansas Tech Wonder Boys,614882,Henderson St. Reddies,615099,6,top,"Ossanna,David flied out to cf (0-1 K).",51,2026-04-03 14:00:00-04:00,"Clyde Berry Field (Arkadelphia, AR)",88,MBA,2026
6462612,615099,Arkansas Tech Wonder Boys,614882,Henderson St. Reddies,615099,6,top,"Bard,Brendyn grounded out to the pitcher, p to 1b, bunt (1-0 B).",52,2026-04-03 14:00:00-04:00,"Clyde Berry Field (Arkadelphia, AR)",88,MBA,2026
6462612,615099,Arkansas Tech Wonder Boys,614882,Henderson St. Reddies,615099,6,top,"Vega,Drew infield singled to short (3-1 KBBB).",53,2026-04-03 14:00:00-04:00,"Clyde Berry Field (Arkadelphia, AR)",88,MBA,2026
6462612,615099,Arkansas Tech Wonder Boys,614882,Henderson St. Reddies,615099,6,top,"Caya,Tommy doubled to left field, RBI (1-1 KB); Vega,Drew scored from first base.",54,2026-04-03 14:00:00-04:00,"Clyde Berry Field (Arkadelphia, AR)",88,MBA,2026
6462612,615099,Arkansas Tech Wonder Boys,614882,Henderson St. Reddies,615099,6,top,"Dawson,Cole hit by pitch (2-2 FBSBB).",55,2026-04-03 14:00:00-04:00,"Clyde Berry Field (Arkadelphia, AR)",88,MBA,2026
6462612,615099,Arkansas Tech Wonder Boys,614882,Henderson St. Reddies,615099,6,top,"Sardelli,Tyler fouled out in third base side foul territory putout by 3b (1-2 KKB).",56,2026-04-03 14:00:00-04:00,"Clyde Berry Field (Arkadelphia, AR)",88,MBA,2026
6462612,615099,Arkansas Tech Wonder Boys,614882,Henderson St. Reddies,614882,6,bot,"Moore,Nate grounded out to short, ss to 1b (2-0 BB).",57,2026-04-03 14:00:00-04:00,"Clyde Berry Field (Arkadelphia, AR)",88,MBA,2026
6462612,615099,Arkansas Tech Wonder Boys,614882,Henderson St. Reddies,614882,6,bot,"Campbell,Tripp flied out to rf (0-0).",58,2026-04-03 14:00:00-04:00,"Clyde Berry Field (Arkadelphia, AR)",88,MBA,2026
6462612,615099,Arkansas Tech Wonder Boys,614882,Henderson St. Reddies,614882,6,bot,"Ross,Tanner flied out to cf (2-1 BKB).",59,2026-04-03 14:00:00-04:00,"Clyde Berry Field (Arkadelphia, AR)",88,MBA,2026
6462612,615099,Arkansas Tech Wonder Boys,614882,Henderson St. Reddies,615099,7,top,"Jenkins,Kirby hit by pitch (2-0 BBB).",60,2026-04-03 14:00:00-04:00,"Clyde Berry Field (Arkadelphia, AR)",88,MBA,2026
6462612,615099,Arkansas Tech Wonder Boys,614882,Henderson St. Reddies,615099,7,top,"HSU pitching change: Jarreau,Brennan replaces Montes,Brayden.",61,2026-04-03 14:00:00-04:00,"Clyde Berry Field (Arkadelphia, AR)",88,MBA,2026
6462612,615099,Arkansas Tech Wonder Boys,614882,Henderson St. Reddies,615099,7,top,"Rockett,Derek grounded out to first base, unassisted (0-0); Jenkins,Kirby advanced to second base.",62,2026-04-03 14:00:00-04:00,"Clyde Berry Field (Arkadelphia, AR)",88,MBA,2026
6462612,615099,Arkansas Tech Wonder Boys,614882,Henderson St. Reddies,615099,7,top,"Johnston,Weston grounded out to the pitcher, p to 1b (0-0); Jenkins,Kirby advanced to third base.",63,2026-04-03 14:00:00-04:00,"Clyde Berry Field (Arkadelphia, AR)",88,MBA,2026
6462612,615099,Arkansas Tech Wonder Boys,614882,Henderson St. Reddies,615099,7,top,"Ossanna,David grounded out to third base, 3b to 1b (0-2 KK).",64,2026-04-03 14:00:00-04:00,"Clyde Berry Field (Arkadelphia, AR)",88,MBA,2026
6462612,615099,Arkansas Tech Wonder Boys,614882,Henderson St. Reddies,614882,7,bot,"McClure,Cooper grounded out to second base, 2b to 1b (1-2 BFS).",65,2026-04-03 14:00:00-04:00,"Clyde Berry Field (Arkadelphia, AR)",88,MBA,2026
6462612,615099,Arkansas Tech Wonder Boys,614882,Henderson St. Reddies,614882,7,bot,"Edmonds,Cale struck out swinging (2-2 FKFBBS).",66,2026-04-03 14:00:00-04:00,"Clyde Berry Field (Arkadelphia, AR)",88,MBA,2026
6462612,615099,Arkansas Tech Wonder Boys,614882,Henderson St. Reddies,614882,7,bot,"Bryant,Caleb singled to left field (0-0).",67,2026-04-03 14:00:00-04:00,"Clyde Berry Field (Arkadelphia, AR)",88,MBA,2026
6462612,615099,Arkansas Tech Wonder Boys,614882,Henderson St. Reddies,614882,7,bot,"Garcia,Adam singled to left field (0-0); Bryant,Caleb advanced to second base.",68,2026-04-03 14:00:00-04:00,"Clyde Berry Field (Arkadelphia, AR)",88,MBA,2026
6462612,615099,Arkansas Tech Wonder Boys,614882,Henderson St. Reddies,614882,7,bot,"Meyers,Devin reached on a fielder's choice hit to third base (1-1 BF); Bryant,Caleb out at third base, 3b unassisted.",69,2026-04-03 14:00:00-04:00,"Clyde Berry Field (Arkadelphia, AR)",88,MBA,2026
6462612,615099,Arkansas Tech Wonder Boys,614882,Henderson St. Reddies,615099,8,top,"Bard,Brendyn singled to center field (0-0).",70,2026-04-03 14:00:00-04:00,"Clyde Berry Field (Arkadelphia, AR)",88,MBA,2026
6462612,615099,Arkansas Tech Wonder Boys,614882,Henderson St. Reddies,615099,8,top,"Vega,Drew flied out to cf (3-2 KFBBB).",71,2026-04-03 14:00:00-04:00,"Clyde Berry Field (Arkadelphia, AR)",88,MBA,2026
6462612,615099,Arkansas Tech Wonder Boys,614882,Henderson St. Reddies,615099,8,top,"Caya,Tommy fouled out in third base side foul territory putout by lf (0-0).",72,2026-04-03 14:00:00-04:00,"Clyde Berry Field (Arkadelphia, AR)",88,MBA,2026
6462612,615099,Arkansas Tech Wonder Boys,614882,Henderson St. Reddies,615099,8,top,"Dawson,Cole grounded out to third base, 3b to 1b (1-0 B).",73,2026-04-03 14:00:00-04:00,"Clyde Berry Field (Arkadelphia, AR)",88,MBA,2026
6462612,615099,Arkansas Tech Wonder Boys,614882,Henderson St. Reddies,614882,8,bot,"Rodriguez,Boe grounded out to second base, 2b to 1b (0-0).",74,2026-04-03 14:00:00-04:00,"Clyde Berry Field (Arkadelphia, AR)",88,MBA,2026
6462612,615099,Arkansas Tech Wonder Boys,614882,Henderson St. Reddies,614882,8,bot,"Moore,Nate grounded out to short, ss to 1b (0-2 KS).",75,2026-04-03 14:00:00-04:00,"Clyde Berry Field (Arkadelphia, AR)",88,MBA,2026
6462612,615099,Arkansas Tech Wonder Boys,614882,Henderson St. Reddies,614882,8,bot,"Campbell,Tripp flied out to rf (1-1 KB).",76,2026-04-03 14:00:00-04:00,"Clyde Berry Field (Arkadelphia, AR)",88,MBA,2026
6462612,615099,Arkansas Tech Wonder Boys,614882,Henderson St. Reddies,615099,9,top,"Sardelli,Tyler grounded out to second base, 2b to 1b (2-1 BBF).",77,2026-04-03 14:00:00-04:00,"Clyde Berry Field (Arkadelphia, AR)",88,MBA,2026
6462612,615099,Arkansas Tech Wonder Boys,614882,Henderson St. Reddies,615099,9,top,"Jenkins,Kirby doubled to right field (0-2 KS).",78,2026-04-03 14:00:00-04:00,"Clyde Berry Field (Arkadelphia, AR)",88,MBA,2026
6462612,615099,Arkansas Tech Wonder Boys,614882,Henderson St. Reddies,615099,9,top,"Jenkins,Kirby stole third base.",79,2026-04-03 14:00:00-04:00,"Clyde Berry Field (Arkadelphia, AR)",88,MBA,2026
6462612,615099,Arkansas Tech Wonder Boys,614882,Henderson St. Reddies,615099,9,top,"Rockett,Derek sacrifice fly to cf, RBI (2-1 BBK); Jenkins,Kirby scored.",80,2026-04-03 14:00:00-04:00,"Clyde Berry Field (Arkadelphia, AR)",88,MBA,2026
6462612,615099,Arkansas Tech Wonder Boys,614882,Henderson St. Reddies,615099,9,top,"Johnston,Weston struck out swinging (0-2 SFS).",81,2026-04-03 14:00:00-04:00,"Clyde Berry Field (Arkadelphia, AR)",88,MBA,2026
6462612,615099,Arkansas Tech Wonder Boys,614882,Henderson St. Reddies,614882,9,bot,"ATU defensive substitution: Caussey,Luke replaces Caya,Tommy at rf",82,2026-04-03 14:00:00-04:00,"Clyde Berry Field (Arkadelphia, AR)",88,MBA,2026
6462612,615099,Arkansas Tech Wonder Boys,614882,Henderson St. Reddies,614882,9,bot,"ATU defensive substitution: Burrow,Zachary replaces Jenkins,Kirby at cf",83,2026-04-03 14:00:00-04:00,"Clyde Berry Field (Arkadelphia, AR)",88,MBA,2026
6462612,615099,Arkansas Tech Wonder Boys,614882,Henderson St. Reddies,614882,9,bot,"Ross,Tanner struck out swinging (1-2 KBFS).",84,2026-04-03 14:00:00-04:00,"Clyde Berry Field (Arkadelphia, AR)",88,MBA,2026
6462612,615099,Arkansas Tech Wonder Boys,614882,Henderson St. Reddies,614882,9,bot,"McClure,Cooper singled to center field (2-2 BKFFB).",85,2026-04-03 14:00:00-04:00,"Clyde Berry Field (Arkadelphia, AR)",88,MBA,2026
6462612,615099,Arkansas Tech Wonder Boys,614882,Henderson St. Reddies,614882,9,bot,"Edmonds,Cale singled to center field (1-2 SBK); McClure,Cooper advanced to second base.",86,2026-04-03 14:00:00-04:00,"Clyde Berry Field (Arkadelphia, AR)",88,MBA,2026
6462612,615099,Arkansas Tech Wonder Boys,614882,Henderson St. Reddies,614882,9,bot,"Bryant,Caleb struck out looking (2-2 KBBKK).",87,2026-04-03 14:00:00-04:00,"Clyde Berry Field (Arkadelphia, AR)",88,MBA,2026
6462612,615099,Arkansas Tech Wonder Boys,614882,Henderson St. Reddies,614882,9,bot,"HSU substitution: Wardlaw,Ryan pinch hitting for Garcia,Adam.",88,2026-04-03 14:00:00-04:00,"Clyde Berry Field (Arkadelphia, AR)",88,MBA,2026
6462612,615099,Arkansas Tech Wonder Boys,614882,Henderson St. Reddies,614882,9,bot,"Wardlaw,Ryan walked (3-0 BBBB); McClure,Cooper advanced to third base; Edmonds,Cale advanced to second base.",89,2026-04-03 14:00:00-04:00,"Clyde Berry Field (Arkadelphia, AR)",88,MBA,2026
6462612,615099,Arkansas Tech Wonder Boys,614882,Henderson St. Reddies,614882,9,bot,Mound visit (ATU),90,2026-04-03 14:00:00-04:00,"Clyde Berry Field (Arkadelphia, AR)",88,MBA,2026
6462612,615099,Arkansas Tech Wonder Boys,614882,Henderson St. Reddies,614882,9,bot,"Meyers,Devin reached on a fielder's choice hit to short (1-1 BK); Wardlaw,Ryan out at second base, ss to 2b.",91,2026-04-03 14:00:00-04:00,"Clyde Berry Field (Arkadelphia, AR)",88,MBA,2026
6467094,615587,Regent Royals,-1,Apprentice,615587,1,top,Nathan Vaughan flied out to cf (1-1 SB).,1,2026-04-03 14:00:00-04:00,", ",0,MBA,2026
6467094,615587,Regent Royals,-1,Apprentice,615587,1,top,Jordan Hunt singled to left field (3-2 FBBFFB).,2,2026-04-03 14:00:00-04:00,", ",0,MBA,2026
6467094,615587,Regent Royals,-1,Apprentice,615587,1,top,Jayden Alvarez flied out to cf (0-1 K).,3,2026-04-03 14:00:00-04:00,", ",0,MBA,2026
6467094,615587,Regent Royals,-1,Apprentice,615587,1,top,Jordan Hunt stole second.,4,2026-04-03 14:00:00-04:00,", ",0,MBA,2026
6467094,615587,Regent Royals,-1,Apprentice,615587,1,top,Maddox German flied out to rf (0-2 KS).,5,2026-04-03 14:00:00-04:00,", ",0,MBA,2026
6467094,615587,Regent Royals,-1,Apprentice,-1,1,bot,Nate Yeary struck out swinging (2-2 KBBKS).,6,2026-04-03 14:00:00-04:00,", ",0,MBA,2026
6467094,615587,Regent Royals,-1,Apprentice,-1,1,bot,Jaeden Anderson walked (3-2 BFFBBB).,7,2026-04-03 14:00:00-04:00,", ",0,MBA,2026
6467094,615587,Regent Royals,-1,Apprentice,-1,1,bot,Jackson Thomas singled down the rf line (3-2 BKSBFFFB); Jaeden Anderson advanced to third.,8,2026-04-03 14:00:00-04:00,", ",0,MBA,2026
6467094,615587,Regent Royals,-1,Apprentice,-1,1,bot,"Landon Turner singled to pitcher, RBI (0-1 S); Jackson Thomas advanced to second; Jaeden Anderson scored.",9,2026-04-03 14:00:00-04:00,", ",0,MBA,2026
6467094,615587,Regent Royals,-1,Apprentice,-1,1,bot,Seth Harrison singled to left field (2-2 SBKBF); Landon Turner advanced to second; Jackson Thomas advanced to third.,10,2026-04-03 14:00:00-04:00,", ",0,MBA,2026
6467094,615587,Regent Royals,-1,Apprentice,-1,1,bot,Jett Winslow flied out to rf (0-0).,11,2026-04-03 14:00:00-04:00,", ",0,MBA,2026
6467094,615587,Regent Royals,-1,Apprentice,-1,1,bot,Isaac McCallister struck out swinging (1-2 KKBS).,12,2026-04-03 14:00:00-04:00,", ",0,MBA,2026
6467094,615587,Regent Royals,-1,Apprentice,615587,2,top,Dylan Oblepias struck out swinging (2-2 BKKFBS).,13,2026-04-03 14:00:00-04:00,", ",0,MBA,2026
6467094,615587,Regent Royals,-1,Apprentice,615587,2,top,Ben Tweedy struck out swinging (0-2 SFFS).,14,2026-04-03 14:00:00-04:00,", ",0,MBA,2026
6467094,615587,Regent Royals,-1,Apprentice,615587,2,top,Colton Sandiford struck out swinging (3-2 BBSBFFS).,15,2026-04-03 14:00:00-04:00,", ",0,MBA,2026
6467094,615587,Regent Royals,-1,Apprentice,-1,2,bot,Justin Bradshaw flied out to rf (1-2 KFB).,16,2026-04-03 14:00:00-04:00,", ",0,MBA,2026
6467094,615587,Regent Royals,-1,Apprentice,-1,2,bot,Baker Green flied out to lf (1-0 B).,17,2026-04-03 14:00:00-04:00,", ",0,MBA,2026
6467094,615587,Regent Royals,-1,Apprentice,-1,2,bot,Nate Yeary struck out swinging (2-2 BBKFS).,18,2026-04-03 14:00:00-04:00,", ",0,MBA,2026
6467094,615587,Regent Royals,-1,Apprentice,615587,3,top,Keegan Hager reached first on a fielding error by 1b (0-1 S).,19,2026-04-03 14:00:00-04:00,", ",0,MBA,2026
6467094,615587,Regent Royals,-1,Apprentice,615587,3,top,"Keegan Hager out at second c to ss, caught stealing.",20,2026-04-03 14:00:00-04:00,", ",0,MBA,2026
6467094,615587,Regent Royals,-1,Apprentice,615587,3,top,Ethan Loucks singled to left field (3-1 BKBB).,21,2026-04-03 14:00:00-04:00,", ",0,MBA,2026
6467094,615587,Regent Royals,-1,Apprentice,615587,3,top,Nathan Vaughan grounded into double play 2b to ss to 1b (1-0 B); Ethan Loucks out on the play.,22,2026-04-03 14:00:00-04:00,", ",0,MBA,2026
6467094,615587,Regent Royals,-1,Apprentice,-1,3,bot,Jaeden Anderson tripled to left field (1-0 B).,23,2026-04-03 14:00:00-04:00,", ",0,MBA,2026
6467094,615587,Regent Royals,-1,Apprentice,-1,3,bot,"Jackson Thomas fouled out to 2b, sacrifice fly, RBI (0-0); Jaeden Anderson scored.",24,2026-04-03 14:00:00-04:00,", ",0,MBA,2026
6467094,615587,Regent Royals,-1,Apprentice,-1,3,bot,Landon Turner grounded out to ss (0-0).,25,2026-04-03 14:00:00-04:00,", ",0,MBA,2026
6467094,615587,Regent Royals,-1,Apprentice,-1,3,bot,Seth Harrison fouled out to 3b (0-2 SF).,26,2026-04-03 14:00:00-04:00,", ",0,MBA,2026
6467094,615587,Regent Royals,-1,Apprentice,615587,4,top,Jordan Hunt singled to left field (2-2 KKBFBF).,27,2026-04-03 14:00:00-04:00,", ",0,MBA,2026
6467094,615587,Regent Royals,-1,Apprentice,615587,4,top,Jayden Alvarez flied out to lf (1-1 KB).,28,2026-04-03 14:00:00-04:00,", ",0,MBA,2026
6467094,615587,Regent Royals,-1,Apprentice,615587,4,top,Maddox German struck out swinging (1-2 BKSFS).,29,2026-04-03 14:00:00-04:00,", ",0,MBA,2026
6467094,615587,Regent Royals,-1,Apprentice,615587,4,top,Jordan Hunt stole second.,30,2026-04-03 14:00:00-04:00,", ",0,MBA,2026
6467094,615587,Regent Royals,-1,Apprentice,615587,4,top,Dylan Oblepias struck out swinging (1-2 SBSS).,31,2026-04-03 14:00:00-04:00,", ",0,MBA,2026
6467094,615587,Regent Royals,-1,Apprentice,-1,4,bot,Jett Winslow out at first 1b to p (2-2 BKSB).,32,2026-04-03 14:00:00-04:00,", ",0,MBA,2026
6467094,615587,Regent Royals,-1,Apprentice,-1,4,bot,"Isaac McCallister homered to left center, RBI (0-2 KF).",33,2026-04-03 14:00:00-04:00,", ",0,MBA,2026
6467094,615587,Regent Royals,-1,Apprentice,-1,4,bot,Justin Bradshaw hit by pitch (1-0 H).,34,2026-04-03 14:00:00-04:00,", ",0,MBA,2026
6467094,615587,Regent Royals,-1,Apprentice,-1,4,bot,Baker Green grounded into double play 3b to 2b to 1b (0-1 F); Justin Bradshaw out on the play.,35,2026-04-03 14:00:00-04:00,", ",0,MBA,2026
6467094,615587,Regent Royals,-1,Apprentice,615587,5,top,Ben Tweedy struck out looking (2-2 SKBBK).,36,2026-04-03 14:00:00-04:00,", ",0,MBA,2026
6467094,615587,Regent Royals,-1,Apprentice,615587,5,top,Colton Sandiford struck out looking (2-2 BKBSK).,37,2026-04-03 14:00:00-04:00,", ",0,MBA,2026
6467094,615587,Regent Royals,-1,Apprentice,615587,5,top,Keegan Hager struck out swinging (1-2 BSFS).,38,2026-04-03 14:00:00-04:00,", ",0,MBA,2026
6467094,615587,Regent Royals,-1,Apprentice,-1,5,bot,Nate Yeary struck out swinging (2-2 KBKBS).,39,2026-04-03 14:00:00-04:00,", ",0,MBA,2026
6467094,615587,Regent Royals,-1,Apprentice,-1,5,bot,Jaeden Anderson struck out swinging (1-2 SSFBS).,40,2026-04-03 14:00:00-04:00,", ",0,MBA,2026
6467094,615587,Regent Royals,-1,Apprentice,-1,5,bot,Jackson Thomas struck out swinging (1-2 KBKS).,41,2026-04-03 14:00:00-04:00,", ",0,MBA,2026
6467094,615587,Regent Royals,-1,Apprentice,615587,6,top,Ethan Loucks struck out swinging (3-2 KFBBBS).,42,2026-04-03 14:00:00-04:00,", ",0,MBA,2026
6467094,615587,Regent Royals,-1,Apprentice,615587,6,top,Nathan Vaughan singled to first base (1-1 KB).,43,2026-04-03 14:00:00-04:00,", ",0,MBA,2026
6467094,615587,Regent Royals,-1,Apprentice,615587,6,top,Jordan Hunt popped up to 2b (0-0).,44,2026-04-03 14:00:00-04:00,", ",0,MBA,2026
6467094,615587,Regent Royals,-1,Apprentice,615587,6,top,"Jayden Alvarez singled to right field, advanced to second on the throw (0-0); Nathan Vaughan advanced to third.",45,2026-04-03 14:00:00-04:00,", ",0,MBA,2026
6467094,615587,Regent Royals,-1,Apprentice,615587,6,top,Maddox German popped up to 2b (1-2 FBF).,46,2026-04-03 14:00:00-04:00,", ",0,MBA,2026
6467094,615587,Regent Royals,-1,Apprentice,-1,6,bot,Landon Turner walked (3-2 BBKKBB).,47,2026-04-03 14:00:00-04:00,", ",0,MBA,2026
6467094,615587,Regent Royals,-1,Apprentice,-1,6,bot,"Seth Harrison singled to pitcher, bunt (1-1 BK); Landon Turner advanced to second, advanced to third on the throw.",48,2026-04-03 14:00:00-04:00,", ",0,MBA,2026
6467094,615587,Regent Royals,-1,Apprentice,-1,6,bot,"Jett Winslow singled up the middle, RBI (0-1 K); Seth Harrison advanced to second; Landon Turner scored.",49,2026-04-03 14:00:00-04:00,", ",0,MBA,2026
6467094,615587,Regent Royals,-1,Apprentice,-1,6,bot,"Isaac McCallister doubled to center field, RBI (1-2 FKB); Jett Winslow advanced to third; Seth Harrison scored.",50,2026-04-03 14:00:00-04:00,", ",0,MBA,2026
6467094,615587,Regent Royals,-1,Apprentice,-1,6,bot,Justin Bradshaw grounded out to 3b (2-2 BBKF).,51,2026-04-03 14:00:00-04:00,", ",0,MBA,2026
6467094,615587,Regent Royals,-1,Apprentice,-1,6,bot,Baker Green flied out to cf (1-2 FBS).,52,2026-04-03 14:00:00-04:00,", ",0,MBA,2026
6467094,615587,Regent Royals,-1,Apprentice,-1,6,bot,Nate Yeary struck out looking (3-2 BBFKFBFFK).,53,2026-04-03 14:00:00-04:00,", ",0,MBA,2026
6467094,615587,Regent Royals,-1,Apprentice,615587,7,top,Dylan Oblepias flied out to lf (1-2 SSFBF).,54,2026-04-03 14:00:00-04:00,", ",0,MBA,2026
6467094,615587,Regent Royals,-1,Apprentice,615587,7,top,Ben Tweedy struck out swinging (1-2 BSFS).,55,2026-04-03 14:00:00-04:00,", ",0,MBA,2026
6467094,615587,Regent Royals,-1,Apprentice,615587,7,top,Caleb Wood pinch hit for Colton Sandiford.,56,2026-04-03 14:00:00-04:00,", ",0,MBA,2026
6467094,615587,Regent Royals,-1,Apprentice,615587,7,top,Caleb Wood struck out swinging (3-2 BKBSBS).,57,2026-04-03 14:00:00-04:00,", ",0,MBA,2026
6474863,614888,Montevallo Falcons,615029,Delta St. Statesmen,614888,1,top,"Ian Cartwright homered to left field, RBI (1-1 FB).",1,2026-04-03 14:00:00-04:00,"Tim & Nancy Harvey Stadium-Dave ""Boo"" Ferriss Field (Cleveland, MS)",411,MBA,2026
6474863,614888,Montevallo Falcons,615029,Delta St. Statesmen,614888,1,top,McGwire Turner walked (3-2 SBFBBB).,2,2026-04-03 14:00:00-04:00,"Tim & Nancy Harvey Stadium-Dave ""Boo"" Ferriss Field (Cleveland, MS)",411,MBA,2026
6474863,614888,Montevallo Falcons,615029,Delta St. Statesmen,614888,1,top,Jack Fitzgerald grounded out to 3b (1-2 FSB)3a McGwire Turner advanced to second.,3,2026-04-03 14:00:00-04:00,"Tim & Nancy Harvey Stadium-Dave ""Boo"" Ferriss Field (Cleveland, MS)",411,MBA,2026
6474863,614888,Montevallo Falcons,615029,Delta St. Statesmen,614888,1,top,Evan Radford flied out to cf (0-0).,4,2026-04-03 14:00:00-04:00,"Tim & Nancy Harvey Stadium-Dave ""Boo"" Ferriss Field (Cleveland, MS)",411,MBA,2026
6474863,614888,Montevallo Falcons,615029,Delta St. Statesmen,614888,1,top,"Hollon Brock singled to left field, RBI, advanced to second on the throw (0-1 K)3a McGwire Turner scored.",5,2026-04-03 14:00:00-04:00,"Tim & Nancy Harvey Stadium-Dave ""Boo"" Ferriss Field (Cleveland, MS)",411,MBA,2026
6474863,614888,Montevallo Falcons,615029,Delta St. Statesmen,614888,1,top,Caleb Karll out at first 1b to p (0-1 S).,6,2026-04-03 14:00:00-04:00,"Tim & Nancy Harvey Stadium-Dave ""Boo"" Ferriss Field (Cleveland, MS)",411,MBA,2026
6474863,614888,Montevallo Falcons,615029,Delta St. Statesmen,615029,1,bot,Landon Holliman grounded out to ss (3-2 BKBBF).,7,2026-04-03 14:00:00-04:00,"Tim & Nancy Harvey Stadium-Dave ""Boo"" Ferriss Field (Cleveland, MS)",411,MBA,2026
6474863,614888,Montevallo Falcons,615029,Delta St. Statesmen,615029,1,bot,Tucker Jones doubled to right center (2-2 FBBF).,8,2026-04-03 14:00:00-04:00,"Tim & Nancy Harvey Stadium-Dave ""Boo"" Ferriss Field (Cleveland, MS)",411,MBA,2026
6474863,614888,Montevallo Falcons,615029,Delta St. Statesmen,615029,1,bot,Levi Lang flied out to cf (2-0 BB).,9,2026-04-03 14:00:00-04:00,"Tim & Nancy Harvey Stadium-Dave ""Boo"" Ferriss Field (Cleveland, MS)",411,MBA,2026
6474863,614888,Montevallo Falcons,615029,Delta St. Statesmen,615029,1,bot,Jacob Palazzo struck out swinging (2-2 KBFBS).,10,2026-04-03 14:00:00-04:00,"Tim & Nancy Harvey Stadium-Dave ""Boo"" Ferriss Field (Cleveland, MS)",411,MBA,2026
6474863,614888,Montevallo Falcons,615029,Delta St. Statesmen,614888,2,top,Hudson Allen singled to center field (3-2 SSBBFFFBFF).,11,2026-04-03 14:00:00-04:00,"Tim & Nancy Harvey Stadium-Dave ""Boo"" Ferriss Field (Cleveland, MS)",411,MBA,2026
6474863,614888,Montevallo Falcons,615029,Delta St. Statesmen,614888,2,top,"Hudson Allen advanced to second on a throwing error by p, failed pickoff attempt, advanced to third.",12,2026-04-03 14:00:00-04:00,"Tim & Nancy Harvey Stadium-Dave ""Boo"" Ferriss Field (Cleveland, MS)",411,MBA,2026
6474863,614888,Montevallo Falcons,615029,Delta St. Statesmen,614888,2,top,Mason Woolever struck out looking (1-2 KBFK).,13,2026-04-03 14:00:00-04:00,"Tim & Nancy Harvey Stadium-Dave ""Boo"" Ferriss Field (Cleveland, MS)",411,MBA,2026
6474863,614888,Montevallo Falcons,615029,Delta St. Statesmen,614888,2,top,Joel Chandler walked (3-1 BBBKB).,14,2026-04-03 14:00:00-04:00,"Tim & Nancy Harvey Stadium-Dave ""Boo"" Ferriss Field (Cleveland, MS)",411,MBA,2026
6474863,614888,Montevallo Falcons,615029,Delta St. Statesmen,614888,2,top,"Ian Cartwright singled to left field, RBI (0-1 K)3a Joel Chandler advanced to second3a Hudson Allen scored, unearned.",15,2026-04-03 14:00:00-04:00,"Tim & Nancy Harvey Stadium-Dave ""Boo"" Ferriss Field (Cleveland, MS)",411,MBA,2026
6474863,614888,Montevallo Falcons,615029,Delta St. Statesmen,614888,2,top,McGwire Turner flied out to cf (0-1 F)3a Joel Chandler advanced to third.,16,2026-04-03 14:00:00-04:00,"Tim & Nancy Harvey Stadium-Dave ""Boo"" Ferriss Field (Cleveland, MS)",411,MBA,2026
6474863,614888,Montevallo Falcons,615029,Delta St. Statesmen,614888,2,top,"Ian Cartwright stole second3a Joel Chandler scored on a throwing error by c, unearned.",17,2026-04-03 14:00:00-04:00,"Tim & Nancy Harvey Stadium-Dave ""Boo"" Ferriss Field (Cleveland, MS)",411,MBA,2026
6474863,614888,Montevallo Falcons,615029,Delta St. Statesmen,614888,2,top,Jack Fitzgerald struck out looking (2-2 KFFFBBK).,18,2026-04-03 14:00:00-04:00,"Tim & Nancy Harvey Stadium-Dave ""Boo"" Ferriss Field (Cleveland, MS)",411,MBA,2026
6474863,614888,Montevallo Falcons,615029,Delta St. Statesmen,615029,2,bot,Cade Greer walked (3-2 BKBSFFBB).,19,2026-04-03 14:00:00-04:00,"Tim & Nancy Harvey Stadium-Dave ""Boo"" Ferriss Field (Cleveland, MS)",411,MBA,2026
6474863,614888,Montevallo Falcons,615029,Delta St. Statesmen,615029,2,bot,Austin Batts struck out swinging (1-2 FSBS).,20,2026-04-03 14:00:00-04:00,"Tim & Nancy Harvey Stadium-Dave ""Boo"" Ferriss Field (Cleveland, MS)",411,MBA,2026
6474863,614888,Montevallo Falcons,615029,Delta St. Statesmen,615029,2,bot,Cooper Walls grounded out to 3b (3-2 KBBFB)3a Cade Greer advanced to second.,21,2026-04-03 14:00:00-04:00,"Tim & Nancy Harvey Stadium-Dave ""Boo"" Ferriss Field (Cleveland, MS)",411,MBA,2026
6474863,614888,Montevallo Falcons,615029,Delta St. Statesmen,615029,2,bot,Henley Parker walked (3-2 BBKBSFB)3a Cade Greer advanced to third on a wild pitch.,22,2026-04-03 14:00:00-04:00,"Tim & Nancy Harvey Stadium-Dave ""Boo"" Ferriss Field (Cleveland, MS)",411,MBA,2026
6474863,614888,Montevallo Falcons,615029,Delta St. Statesmen,615029,2,bot,"Austin Estes homered to left field, 3 RBI (3-2 BKBKB)3a Henley Parker scored3a Cade Greer scored.",23,2026-04-03 14:00:00-04:00,"Tim & Nancy Harvey Stadium-Dave ""Boo"" Ferriss Field (Cleveland, MS)",411,MBA,2026
6474863,614888,Montevallo Falcons,615029,Delta St. Statesmen,615029,2,bot,Landon Holliman fouled out to c (1-2 SBS).,24,2026-04-03 14:00:00-04:00,"Tim & Nancy Harvey Stadium-Dave ""Boo"" Ferriss Field (Cleveland, MS)",411,MBA,2026
6474863,614888,Montevallo Falcons,615029,Delta St. Statesmen,614888,3,top,Evan Radford grounded out to 3b (1-1 FB).,25,2026-04-03 14:00:00-04:00,"Tim & Nancy Harvey Stadium-Dave ""Boo"" Ferriss Field (Cleveland, MS)",411,MBA,2026
6474863,614888,Montevallo Falcons,615029,Delta St. Statesmen,614888,3,top,Hollon Brock flied out to cf (0-0).,26,2026-04-03 14:00:00-04:00,"Tim & Nancy Harvey Stadium-Dave ""Boo"" Ferriss Field (Cleveland, MS)",411,MBA,2026
6474863,614888,Montevallo Falcons,615029,Delta St. Statesmen,614888,3,top,Caleb Karll singled through the left side (1-2 SKB).,27,2026-04-03 14:00:00-04:00,"Tim & Nancy Harvey Stadium-Dave ""Boo"" Ferriss Field (Cleveland, MS)",411,MBA,2026
6474863,614888,Montevallo Falcons,615029,Delta St. Statesmen,614888,3,top,Hudson Allen singled through the left side (1-0 B)3a Caleb Karll advanced to second.,28,2026-04-03 14:00:00-04:00,"Tim & Nancy Harvey Stadium-Dave ""Boo"" Ferriss Field (Cleveland, MS)",411,MBA,2026
6474863,614888,Montevallo Falcons,615029,Delta St. Statesmen,614888,3,top,"Mason Woolever singled to left field, RBI (0-0)3a Hudson Allen advanced to second3a Caleb Karll scored.",29,2026-04-03 14:00:00-04:00,"Tim & Nancy Harvey Stadium-Dave ""Boo"" Ferriss Field (Cleveland, MS)",411,MBA,2026
6474863,614888,Montevallo Falcons,615029,Delta St. Statesmen,614888,3,top,Joel Chandler walked (3-2 BFBBKB)3a Mason Woolever advanced to second3a Hudson Allen advanced to third.,30,2026-04-03 14:00:00-04:00,"Tim & Nancy Harvey Stadium-Dave ""Boo"" Ferriss Field (Cleveland, MS)",411,MBA,2026
6474863,614888,Montevallo Falcons,615029,Delta St. Statesmen,614888,3,top,Alex McHale to p for Blake King.,31,2026-04-03 14:00:00-04:00,"Tim & Nancy Harvey Stadium-Dave ""Boo"" Ferriss Field (Cleveland, MS)",411,MBA,2026
6474863,614888,Montevallo Falcons,615029,Delta St. Statesmen,614888,3,top,"Ian Cartwright singled to left field, 2 RBI (3-2 BBKBKFFFF)3a Joel Chandler advanced to second3a Mason Woolever scored3a Hudson Allen scored.",32,2026-04-03 14:00:00-04:00,"Tim & Nancy Harvey Stadium-Dave ""Boo"" Ferriss Field (Cleveland, MS)",411,MBA,2026
6474863,614888,Montevallo Falcons,615029,Delta St. Statesmen,614888,3,top,Ian Cartwright advanced to second3a Joel Chandler advanced to third on a wild pitch.,33,2026-04-03 14:00:00-04:00,"Tim & Nancy Harvey Stadium-Dave ""Boo"" Ferriss Field (Cleveland, MS)",411,MBA,2026
6474863,614888,Montevallo Falcons,615029,Delta St. Statesmen,614888,3,top,McGwire Turner struck out swinging (2-2 BSSBS).,34,2026-04-03 14:00:00-04:00,"Tim & Nancy Harvey Stadium-Dave ""Boo"" Ferriss Field (Cleveland, MS)",411,MBA,2026
6474863,614888,Montevallo Falcons,615029,Delta St. Statesmen,615029,3,bot,Tucker Jones hit by pitch (3-1 BBFH).,35,2026-04-03 14:00:00-04:00,"Tim & Nancy Harvey Stadium-Dave ""Boo"" Ferriss Field (Cleveland, MS)",411,MBA,2026
6474863,614888,Montevallo Falcons,615029,Delta St. Statesmen,615029,3,bot,Tucker Jones advanced to second on a wild pitch.,36,2026-04-03 14:00:00-04:00,"Tim & Nancy Harvey Stadium-Dave ""Boo"" Ferriss Field (Cleveland, MS)",411,MBA,2026
6474863,614888,Montevallo Falcons,615029,Delta St. Statesmen,615029,3,bot,Levi Lang fouled out to 1b (2-2 BBFF)3a Tucker Jones advanced to third.,37,2026-04-03 14:00:00-04:00,"Tim & Nancy Harvey Stadium-Dave ""Boo"" Ferriss Field (Cleveland, MS)",411,MBA,2026
6474863,614888,Montevallo Falcons,615029,Delta St. Statesmen,615029,3,bot,Jacob Palazzo popped up to 3b (1-1 BK).,38,2026-04-03 14:00:00-04:00,"Tim & Nancy Harvey Stadium-Dave ""Boo"" Ferriss Field (Cleveland, MS)",411,MBA,2026
6474863,614888,Montevallo Falcons,615029,Delta St. Statesmen,615029,3,bot,"Cade Greer doubled to right center, RBI (1-1 BK)3a Tucker Jones scored.",39,2026-04-03 14:00:00-04:00,"Tim & Nancy Harvey Stadium-Dave ""Boo"" Ferriss Field (Cleveland, MS)",411,MBA,2026
6474863,614888,Montevallo Falcons,615029,Delta St. Statesmen,615029,3,bot,Cade Greer advanced to third on a balk.,40,2026-04-03 14:00:00-04:00,"Tim & Nancy Harvey Stadium-Dave ""Boo"" Ferriss Field (Cleveland, MS)",411,MBA,2026
6474863,614888,Montevallo Falcons,615029,Delta St. Statesmen,615029,3,bot,Austin Batts struck out swinging (0-2 KFS).,41,2026-04-03 14:00:00-04:00,"Tim & Nancy Harvey Stadium-Dave ""Boo"" Ferriss Field (Cleveland, MS)",411,MBA,2026
6474863,614888,Montevallo Falcons,615029,Delta St. Statesmen,614888,4,top,Jack Fitzgerald popped up to 2b (0-0).,42,2026-04-03 14:00:00-04:00,"Tim & Nancy Harvey Stadium-Dave ""Boo"" Ferriss Field (Cleveland, MS)",411,MBA,2026
6474863,614888,Montevallo Falcons,615029,Delta St. Statesmen,614888,4,top,Evan Radford singled down the rf line (0-1 K).,43,2026-04-03 14:00:00-04:00,"Tim & Nancy Harvey Stadium-Dave ""Boo"" Ferriss Field (Cleveland, MS)",411,MBA,2026
6474863,614888,Montevallo Falcons,615029,Delta St. Statesmen,614888,4,top,Hollon Brock grounded into double play 3b to 2b to 1b (2-1 BBS)3a Evan Radford out on the play.,44,2026-04-03 14:00:00-04:00,"Tim & Nancy Harvey Stadium-Dave ""Boo"" Ferriss Field (Cleveland, MS)",411,MBA,2026
6474863,614888,Montevallo Falcons,615029,Delta St. Statesmen,615029,4,bot,Cooper Walls struck out swinging (2-2 KBSBS).,45,2026-04-03 14:00:00-04:00,"Tim & Nancy Harvey Stadium-Dave ""Boo"" Ferriss Field (Cleveland, MS)",411,MBA,2026
6474863,614888,Montevallo Falcons,615029,Delta St. Statesmen,615029,4,bot,Henley Parker flied out to rf (2-2 KKBB).,46,2026-04-03 14:00:00-04:00,"Tim & Nancy Harvey Stadium-Dave ""Boo"" Ferriss Field (Cleveland, MS)",411,MBA,2026
6474863,614888,Montevallo Falcons,615029,Delta St. Statesmen,615029,4,bot,Austin Estes flied out to cf (1-1 BK).,47,2026-04-03 14:00:00-04:00,"Tim & Nancy Harvey Stadium-Dave ""Boo"" Ferriss Field (Cleveland, MS)",411,MBA,2026
6474863,614888,Montevallo Falcons,615029,Delta St. Statesmen,614888,5,top,Caleb Karll fouled out to 3b (0-0).,48,2026-04-03 14:00:00-04:00,"Tim & Nancy Harvey Stadium-Dave ""Boo"" Ferriss Field (Cleveland, MS)",411,MBA,2026
6474863,614888,Montevallo Falcons,615029,Delta St. Statesmen,614888,5,top,Hudson Allen walked (3-2 BFSFBBB).,49,2026-04-03 14:00:00-04:00,"Tim & Nancy Harvey Stadium-Dave ""Boo"" Ferriss Field (Cleveland, MS)",411,MBA,2026
6474863,614888,Montevallo Falcons,615029,Delta St. Statesmen,614888,5,top,Mason Woolever grounded out to 1b unassisted (1-1 KB)3a Hudson Allen advanced to second.,50,2026-04-03 14:00:00-04:00,"Tim & Nancy Harvey Stadium-Dave ""Boo"" Ferriss Field (Cleveland, MS)",411,MBA,2026
6474863,614888,Montevallo Falcons,615029,Delta St. Statesmen,614888,5,top,"Joel Chandler singled to right center, RBI (2-2 KKBBF)3a Hudson Allen scored.",51,2026-04-03 14:00:00-04:00,"Tim & Nancy Harvey Stadium-Dave ""Boo"" Ferriss Field (Cleveland, MS)",411,MBA,2026
6474863,614888,Montevallo Falcons,615029,Delta St. Statesmen,614888,5,top,Ian Cartwright flied out to cf (0-0).,52,2026-04-03 14:00:00-04:00,"Tim & Nancy Harvey Stadium-Dave ""Boo"" Ferriss Field (Cleveland, MS)",411,MBA,2026
6474863,614888,Montevallo Falcons,615029,Delta St. Statesmen,615029,5,bot,"Landon Holliman homered to left field, RBI (0-0).",53,2026-04-03 14:00:00-04:00,"Tim & Nancy Harvey Stadium-Dave ""Boo"" Ferriss Field (Cleveland, MS)",411,MBA,2026
6474863,614888,Montevallo Falcons,615029,Delta St. Statesmen,615029,5,bot,Tucker Jones struck out looking (3-2 BFBFFFFBK).,54,2026-04-03 14:00:00-04:00,"Tim & Nancy Harvey Stadium-Dave ""Boo"" Ferriss Field (Cleveland, MS)",411,MBA,2026
6474863,614888,Montevallo Falcons,615029,Delta St. Statesmen,615029,5,bot,Levi Lang singled through the right side (1-1 SB).,55,2026-04-03 14:00:00-04:00,"Tim & Nancy Harvey Stadium-Dave ""Boo"" Ferriss Field (Cleveland, MS)",411,MBA,2026
6474863,614888,Montevallo Falcons,615029,Delta St. Statesmen,615029,5,bot,Jacob Palazzo flied out to lf (1-1 BK).,56,2026-04-03 14:00:00-04:00,"Tim & Nancy Harvey Stadium-Dave ""Boo"" Ferriss Field (Cleveland, MS)",411,MBA,2026
6474863,614888,Montevallo Falcons,615029,Delta St. Statesmen,615029,5,bot,Cade Greer flied out to rf (0-2 FK).,57,2026-04-03 14:00:00-04:00,"Tim & Nancy Harvey Stadium-Dave ""Boo"" Ferriss Field (Cleveland, MS)",411,MBA,2026
6474863,614888,Montevallo Falcons,615029,Delta St. Statesmen,614888,6,top,McGwire Turner popped up to ss (0-2 KF).,58,2026-04-03 14:00:00-04:00,"Tim & Nancy Harvey Stadium-Dave ""Boo"" Ferriss Field (Cleveland, MS)",411,MBA,2026
6474863,614888,Montevallo Falcons,615029,Delta St. Statesmen,614888,6,top,Jack Fitzgerald walked (3-0 BBBB).,59,2026-04-03 14:00:00-04:00,"Tim & Nancy Harvey Stadium-Dave ""Boo"" Ferriss Field (Cleveland, MS)",411,MBA,2026
6474863,614888,Montevallo Falcons,615029,Delta St. Statesmen,614888,6,top,Evan Radford fouled out to 3b (2-1 FBB).,60,2026-04-03 14:00:00-04:00,"Tim & Nancy Harvey Stadium-Dave ""Boo"" Ferriss Field (Cleveland, MS)",411,MBA,2026
6474863,614888,Montevallo Falcons,615029,Delta St. Statesmen,614888,6,top,Hollon Brock singled to left field (2-1 BBS)3a Jack Fitzgerald advanced to second.,61,2026-04-03 14:00:00-04:00,"Tim & Nancy Harvey Stadium-Dave ""Boo"" Ferriss Field (Cleveland, MS)",411,MBA,2026
6474863,614888,Montevallo Falcons,615029,Delta St. Statesmen,614888,6,top,Brock Ware to p for Alex McHale.,62,2026-04-03 14:00:00-04:00,"Tim & Nancy Harvey Stadium-Dave ""Boo"" Ferriss Field (Cleveland, MS)",411,MBA,2026
6474863,614888,Montevallo Falcons,615029,Delta St. Statesmen,614888,6,top,"Caleb Karll singled to center field, RBI (2-1 FBB)3a Hollon Brock advanced to third3a Jack Fitzgerald scored.",63,2026-04-03 14:00:00-04:00,"Tim & Nancy Harvey Stadium-Dave ""Boo"" Ferriss Field (Cleveland, MS)",411,MBA,2026
6474863,614888,Montevallo Falcons,615029,Delta St. Statesmen,614888,6,top,Hudson Allen lined out to 3b (0-0).,64,2026-04-03 14:00:00-04:00,"Tim & Nancy Harvey Stadium-Dave ""Boo"" Ferriss Field (Cleveland, MS)",411,MBA,2026
6474863,614888,Montevallo Falcons,615029,Delta St. Statesmen,615029,6,bot,Matthew Bullard to p for Luke Holbrook.,65,2026-04-03 14:00:00-04:00,"Tim & Nancy Harvey Stadium-Dave ""Boo"" Ferriss Field (Cleveland, MS)",411,MBA,2026
6474863,614888,Montevallo Falcons,615029,Delta St. Statesmen,615029,6,bot,Austin Batts grounded out to ss (1-0 B).,66,2026-04-03 14:00:00-04:00,"Tim & Nancy Harvey Stadium-Dave ""Boo"" Ferriss Field (Cleveland, MS)",411,MBA,2026
6474863,614888,Montevallo Falcons,615029,Delta St. Statesmen,615029,6,bot,"Cooper Walls homered to left field, RBI (2-1 BKB).",67,2026-04-03 14:00:00-04:00,"Tim & Nancy Harvey Stadium-Dave ""Boo"" Ferriss Field (Cleveland, MS)",411,MBA,2026
6474863,614888,Montevallo Falcons,615029,Delta St. Statesmen,615029,6,bot,Henley Parker struck out looking (1-2 FFBK).,68,2026-04-03 14:00:00-04:00,"Tim & Nancy Harvey Stadium-Dave ""Boo"" Ferriss Field (Cleveland, MS)",411,MBA,2026
6474863,614888,Montevallo Falcons,615029,Delta St. Statesmen,615029,6,bot,Austin Estes singled to right field (2-2 FBFB).,69,2026-04-03 14:00:00-04:00,"Tim & Nancy Harvey Stadium-Dave ""Boo"" Ferriss Field (Cleveland, MS)",411,MBA,2026
6474863,614888,Montevallo Falcons,615029,Delta St. Statesmen,615029,6,bot,Landon Holliman struck out swinging (2-2 BBFFS).,70,2026-04-03 14:00:00-04:00,"Tim & Nancy Harvey Stadium-Dave ""Boo"" Ferriss Field (Cleveland, MS)",411,MBA,2026
6474863,614888,Montevallo Falcons,615029,Delta St. Statesmen,614888,7,top,Mason Woolever popped up to ss (1-1 KB).,71,2026-04-03 14:00:00-04:00,"Tim & Nancy Harvey Stadium-Dave ""Boo"" Ferriss Field (Cleveland, MS)",411,MBA,2026
6474863,614888,Montevallo Falcons,615029,Delta St. Statesmen,614888,7,top,Joel Chandler struck out looking (2-2 KBKBK).,72,2026-04-03 14:00:00-04:00,"Tim & Nancy Harvey Stadium-Dave ""Boo"" Ferriss Field (Cleveland, MS)",411,MBA,2026
6474863,614888,Montevallo Falcons,615029,Delta St. Statesmen,614888,7,top,Ian Cartwright reached first on a fielding error by 2b (1-2 KFBF).,73,2026-04-03 14:00:00-04:00,"Tim & Nancy Harvey Stadium-Dave ""Boo"" Ferriss Field (Cleveland, MS)",411,MBA,2026
6474863,614888,Montevallo Falcons,615029,Delta St. Statesmen,614888,7,top,McGwire Turner fouled out to 3b (0-0).,74,2026-04-03 14:00:00-04:00,"Tim & Nancy Harvey Stadium-Dave ""Boo"" Ferriss Field (Cleveland, MS)",411,MBA,2026
6474863,614888,Montevallo Falcons,615029,Delta St. Statesmen,615029,7,bot,Sam Malone to p for Matthew Bullard.,75,2026-04-03 14:00:00-04:00,"Tim & Nancy Harvey Stadium-Dave ""Boo"" Ferriss Field (Cleveland, MS)",411,MBA,2026
6474863,614888,Montevallo Falcons,615029,Delta St. Statesmen,615029,7,bot,Tucker Jones singled to left field (3-1 SBBB).,76,2026-04-03 14:00:00-04:00,"Tim & Nancy Harvey Stadium-Dave ""Boo"" Ferriss Field (Cleveland, MS)",411,MBA,2026
6474863,614888,Montevallo Falcons,615029,Delta St. Statesmen,615029,7,bot,Tucker Jones stole second.,77,2026-04-03 14:00:00-04:00,"Tim & Nancy Harvey Stadium-Dave ""Boo"" Ferriss Field (Cleveland, MS)",411,MBA,2026
6474863,614888,Montevallo Falcons,615029,Delta St. Statesmen,615029,7,bot,Levi Lang grounded out to ss (3-1 BKBB).,78,2026-04-03 14:00:00-04:00,"Tim & Nancy Harvey Stadium-Dave ""Boo"" Ferriss Field (Cleveland, MS)",411,MBA,2026
6474863,614888,Montevallo Falcons,615029,Delta St. Statesmen,615029,7,bot,Jacob Palazzo grounded out to 2b (1-1 FB)3a Tucker Jones advanced to third.,79,2026-04-03 14:00:00-04:00,"Tim & Nancy Harvey Stadium-Dave ""Boo"" Ferriss Field (Cleveland, MS)",411,MBA,2026
6474863,614888,Montevallo Falcons,615029,Delta St. Statesmen,615029,7,bot,Cade Greer grounded out to ss (2-0 BB).,80,2026-04-03 14:00:00-04:00,"Tim & Nancy Harvey Stadium-Dave ""Boo"" Ferriss Field (Cleveland, MS)",411,MBA,2026
6474863,614888,Montevallo Falcons,615029,Delta St. Statesmen,614888,8,top,"Jack Fitzgerald homered to center field, RBI (1-2 KBFF).",81,2026-04-03 14:00:00-04:00,"Tim & Nancy Harvey Stadium-Dave ""Boo"" Ferriss Field (Cleveland, MS)",411,MBA,2026
6474863,614888,Montevallo Falcons,615029,Delta St. Statesmen,614888,8,top,Evan Radford popped up to 3b (0-0).,82,2026-04-03 14:00:00-04:00,"Tim & Nancy Harvey Stadium-Dave ""Boo"" Ferriss Field (Cleveland, MS)",411,MBA,2026
6474863,614888,Montevallo Falcons,615029,Delta St. Statesmen,614888,8,top,Hollon Brock struck out swinging (1-2 FBSS).,83,2026-04-03 14:00:00-04:00,"Tim & Nancy Harvey Stadium-Dave ""Boo"" Ferriss Field (Cleveland, MS)",411,MBA,2026
6474863,614888,Montevallo Falcons,615029,Delta St. Statesmen,614888,8,top,Caleb Karll grounded out to p (0-2 KF).,84,2026-04-03 14:00:00-04:00,"Tim & Nancy Harvey Stadium-Dave ""Boo"" Ferriss Field (Cleveland, MS)",411,MBA,2026
6474863,614888,Montevallo Falcons,615029,Delta St. Statesmen,615029,8,bot,Austin Batts grounded out to 2b (0-0).,85,2026-04-03 14:00:00-04:00,"Tim & Nancy Harvey Stadium-Dave ""Boo"" Ferriss Field (Cleveland, MS)",411,MBA,2026
6474863,614888,Montevallo Falcons,615029,Delta St. Statesmen,615029,8,bot,Cooper Walls flied out to lf (0-1 K).,86,2026-04-03 14:00:00-04:00,"Tim & Nancy Harvey Stadium-Dave ""Boo"" Ferriss Field (Cleveland, MS)",411,MBA,2026
6474863,614888,Montevallo Falcons,615029,Delta St. Statesmen,615029,8,bot,Henley Parker walked (3-1 BBBKB).,87,2026-04-03 14:00:00-04:00,"Tim & Nancy Harvey Stadium-Dave ""Boo"" Ferriss Field (Cleveland, MS)",411,MBA,2026
6474863,614888,Montevallo Falcons,615029,Delta St. Statesmen,615029,8,bot,Mitchell Rhodes to p for Sam Malone.,88,2026-04-03 14:00:00-04:00,"Tim & Nancy Harvey Stadium-Dave ""Boo"" Ferriss Field (Cleveland, MS)",411,MBA,2026
6474863,614888,Montevallo Falcons,615029,Delta St. Statesmen,615029,8,bot,Austin Estes flied out to rf (2-2 BKKB).,89,2026-04-03 14:00:00-04:00,"Tim & Nancy Harvey Stadium-Dave ""Boo"" Ferriss Field (Cleveland, MS)",411,MBA,2026
6474863,614888,Montevallo Falcons,615029,Delta St. Statesmen,614888,9,top,Hudson Allen doubled to right field (0-1 F).,90,2026-04-03 14:00:00-04:00,"Tim & Nancy Harvey Stadium-Dave ""Boo"" Ferriss Field (Cleveland, MS)",411,MBA,2026
6474863,614888,Montevallo Falcons,615029,Delta St. Statesmen,614888,9,top,Preston Bedford pinch hit for Mason Woolever.,91,2026-04-03 14:00:00-04:00,"Tim & Nancy Harvey Stadium-Dave ""Boo"" Ferriss Field (Cleveland, MS)",411,MBA,2026
6474863,614888,Montevallo Falcons,615029,Delta St. Statesmen,614888,9,top,Preston Bedford struck out looking (2-2 SFBBK).,92,2026-04-03 14:00:00-04:00,"Tim & Nancy Harvey Stadium-Dave ""Boo"" Ferriss Field (Cleveland, MS)",411,MBA,2026
6474863,614888,Montevallo Falcons,615029,Delta St. Statesmen,614888,9,top,Joel Chandler flied out to cf (1-1 KB).,93,2026-04-03 14:00:00-04:00,"Tim & Nancy Harvey Stadium-Dave ""Boo"" Ferriss Field (Cleveland, MS)",411,MBA,2026
6474863,614888,Montevallo Falcons,615029,Delta St. Statesmen,614888,9,top,"Ian Cartwright doubled to left center, RBI (3-2 BBKFBF)3a Hudson Allen scored.",94,2026-04-03 14:00:00-04:00,"Tim & Nancy Harvey Stadium-Dave ""Boo"" Ferriss Field (Cleveland, MS)",411,MBA,2026
6474863,614888,Montevallo Falcons,615029,Delta St. Statesmen,614888,9,top,Carson Homitz to p for Brock Ware.,95,2026-04-03 14:00:00-04:00,"Tim & Nancy Harvey Stadium-Dave ""Boo"" Ferriss Field (Cleveland, MS)",411,MBA,2026
6474863,614888,Montevallo Falcons,615029,Delta St. Statesmen,614888,9,top,"McGwire Turner doubled to left center, RBI (2-0 BB)3a Ian Cartwright scored.",96,2026-04-03 14:00:00-04:00,"Tim & Nancy Harvey Stadium-Dave ""Boo"" Ferriss Field (Cleveland, MS)",411,MBA,2026
6474863,614888,Montevallo Falcons,615029,Delta St. Statesmen,614888,9,top,"Jack Fitzgerald singled through the left side, RBI (0-0)3a McGwire Turner scored.",97,2026-04-03 14:00:00-04:00,"Tim & Nancy Harvey Stadium-Dave ""Boo"" Ferriss Field (Cleveland, MS)",411,MBA,2026
6474863,614888,Montevallo Falcons,615029,Delta St. Statesmen,614888,9,top,Evan Radford flied out to lf (1-1 SB).,98,2026-04-03 14:00:00-04:00,"Tim & Nancy Harvey Stadium-Dave ""Boo"" Ferriss Field (Cleveland, MS)",411,MBA,2026
6474863,614888,Montevallo Falcons,615029,Delta St. Statesmen,615029,9,bot,Preston Bedford to lf.,99,2026-04-03 14:00:00-04:00,"Tim & Nancy Harvey Stadium-Dave ""Boo"" Ferriss Field (Cleveland, MS)",411,MBA,2026
6474863,614888,Montevallo Falcons,615029,Delta St. Statesmen,615029,9,bot,Landon Holliman singled down the lf line (1-0 B).,100,2026-04-03 14:00:00-04:00,"Tim & Nancy Harvey Stadium-Dave ""Boo"" Ferriss Field (Cleveland, MS)",411,MBA,2026
6474863,614888,Montevallo Falcons,615029,Delta St. Statesmen,615029,9,bot,Tucker Jones singled to right field (1-0 B)3a Landon Holliman out at second rf to ss.,101,2026-04-03 14:00:00-04:00,"Tim & Nancy Harvey Stadium-Dave ""Boo"" Ferriss Field (Cleveland, MS)",411,MBA,2026
6474863,614888,Montevallo Falcons,615029,Delta St. Statesmen,615029,9,bot,Levi Lang hit by pitch (3-2 BKKBBH)3a Tucker Jones advanced to second.,102,2026-04-03 14:00:00-04:00,"Tim & Nancy Harvey Stadium-Dave ""Boo"" Ferriss Field (Cleveland, MS)",411,MBA,2026
6474863,614888,Montevallo Falcons,615029,Delta St. Statesmen,615029,9,bot,Jacob Palazzo hit by pitch (1-1 KH)3a Levi Lang advanced to second3a Tucker Jones advanced to third.,103,2026-04-03 14:00:00-04:00,"Tim & Nancy Harvey Stadium-Dave ""Boo"" Ferriss Field (Cleveland, MS)",411,MBA,2026
6474863,614888,Montevallo Falcons,615029,Delta St. Statesmen,615029,9,bot,Cade Greer struck out looking (1-2 SBKK).,104,2026-04-03 14:00:00-04:00,"Tim & Nancy Harvey Stadium-Dave ""Boo"" Ferriss Field (Cleveland, MS)",411,MBA,2026
6474863,614888,Montevallo Falcons,615029,Delta St. Statesmen,615029,9,bot,"Austin Batts singled through the right side, 2 RBI (0-2 SK)3a Jacob Palazzo advanced to second3a Levi Lang scored3a Tucker Jones scored.",105,2026-04-03 14:00:00-04:00,"Tim & Nancy Harvey Stadium-Dave ""Boo"" Ferriss Field (Cleveland, MS)",411,MBA,2026
6474863,614888,Montevallo Falcons,615029,Delta St. Statesmen,615029,9,bot,Cole Thompson pinch ran for Austin Batts.,106,2026-04-03 14:00:00-04:00,"Tim & Nancy Harvey Stadium-Dave ""Boo"" Ferriss Field (Cleveland, MS)",411,MBA,2026
6474863,614888,Montevallo Falcons,615029,Delta St. Statesmen,615029,9,bot,Cooper Walls walked (3-2 BKBKFBB)3a Cole Thompson advanced to second3a Jacob Palazzo advanced to third.,107,2026-04-03 14:00:00-04:00,"Tim & Nancy Harvey Stadium-Dave ""Boo"" Ferriss Field (Cleveland, MS)",411,MBA,2026
6474863,614888,Montevallo Falcons,615029,Delta St. Statesmen,615029,9,bot,Henley Parker flied out to rf (1-0 B).,108,2026-04-03 14:00:00-04:00,"Tim & Nancy Harvey Stadium-Dave ""Boo"" Ferriss Field (Cleveland, MS)",411,MBA,2026
6486130,615266,Monmouth (IL) Fighting Scots,615154,Beloit Buccaneers,615266,1,top,Aidan Parkins flied out to lf (0-1 F).,1,2026-04-03 14:00:00-04:00,"The Ballpark at Strong Stadium (Beloit, WI)",69,MBA,2026
6486130,615266,Monmouth (IL) Fighting Scots,615154,Beloit Buccaneers,615266,1,top,Eric Campen fouled out to lf (3-2 KSFBBB).,2,2026-04-03 14:00:00-04:00,"The Ballpark at Strong Stadium (Beloit, WI)",69,MBA,2026
6486130,615266,Monmouth (IL) Fighting Scots,615154,Beloit Buccaneers,615266,1,top,Aiden Scott struck out swinging (0-2 FFS).,3,2026-04-03 14:00:00-04:00,"The Ballpark at Strong Stadium (Beloit, WI)",69,MBA,2026
6486130,615266,Monmouth (IL) Fighting Scots,615154,Beloit Buccaneers,615154,1,bot,Jack Alport grounded out to 3b (2-2 BKBS).,4,2026-04-03 14:00:00-04:00,"The Ballpark at Strong Stadium (Beloit, WI)",69,MBA,2026
6486130,615266,Monmouth (IL) Fighting Scots,615154,Beloit Buccaneers,615154,1,bot,Seth Brankey lined out to cf (0-1 F).,5,2026-04-03 14:00:00-04:00,"The Ballpark at Strong Stadium (Beloit, WI)",69,MBA,2026
6486130,615266,Monmouth (IL) Fighting Scots,615154,Beloit Buccaneers,615154,1,bot,Jacopo Tamburini out at first 1b to p (0-1 K).,6,2026-04-03 14:00:00-04:00,"The Ballpark at Strong Stadium (Beloit, WI)",69,MBA,2026
6486130,615266,Monmouth (IL) Fighting Scots,615154,Beloit Buccaneers,615266,2,top,Clayton Matkovic singled to right field (1-1 BF).,7,2026-04-03 14:00:00-04:00,"The Ballpark at Strong Stadium (Beloit, WI)",69,MBA,2026
6486130,615266,Monmouth (IL) Fighting Scots,615154,Beloit Buccaneers,615266,2,top,Jace Wilkerson doubled to right field (1-1 KB)3a Clayton Matkovic advanced to third.,8,2026-04-03 14:00:00-04:00,"The Ballpark at Strong Stadium (Beloit, WI)",69,MBA,2026
6486130,615266,Monmouth (IL) Fighting Scots,615154,Beloit Buccaneers,615266,2,top,"Jacob Blunck reached first on an error by 1b, assist by ss (2-0 BB)3a Jace Wilkerson advanced to third3a Clayton Matkovic scored.",9,2026-04-03 14:00:00-04:00,"The Ballpark at Strong Stadium (Beloit, WI)",69,MBA,2026
6486130,615266,Monmouth (IL) Fighting Scots,615154,Beloit Buccaneers,615266,2,top,Zach Almaguer walked (3-2 BBKSBB)3a Jacob Blunck advanced to second.,10,2026-04-03 14:00:00-04:00,"The Ballpark at Strong Stadium (Beloit, WI)",69,MBA,2026
6486130,615266,Monmouth (IL) Fighting Scots,615154,Beloit Buccaneers,615266,2,top,"Gabe Zeigler-Harris singled to left field, 2 RBI (3-2 BKSBFB)3a Zach Almaguer advanced to second3a Jacob Blunck scored3a Jace Wilkerson scored.",11,2026-04-03 14:00:00-04:00,"The Ballpark at Strong Stadium (Beloit, WI)",69,MBA,2026
6486130,615266,Monmouth (IL) Fighting Scots,615154,Beloit Buccaneers,615266,2,top,Hunter Wheat out at first 1b to 2b (1-0 B)3a Gabe Zeigler-Harris advanced to second3a Zach Almaguer advanced to third.,12,2026-04-03 14:00:00-04:00,"The Ballpark at Strong Stadium (Beloit, WI)",69,MBA,2026
6486130,615266,Monmouth (IL) Fighting Scots,615154,Beloit Buccaneers,615266,2,top,"Aidan Parkins singled to right center, 2 RBI (0-1 K)3a Gabe Zeigler-Harris scored3a Zach Almaguer scored.",13,2026-04-03 14:00:00-04:00,"The Ballpark at Strong Stadium (Beloit, WI)",69,MBA,2026
6486130,615266,Monmouth (IL) Fighting Scots,615154,Beloit Buccaneers,615266,2,top,Aidan Parkins stole second.,14,2026-04-03 14:00:00-04:00,"The Ballpark at Strong Stadium (Beloit, WI)",69,MBA,2026
6486130,615266,Monmouth (IL) Fighting Scots,615154,Beloit Buccaneers,615266,2,top,"Eric Campen singled up the middle, RBI (2-2 BSKBF)3a Aidan Parkins scored.",15,2026-04-03 14:00:00-04:00,"The Ballpark at Strong Stadium (Beloit, WI)",69,MBA,2026
6486130,615266,Monmouth (IL) Fighting Scots,615154,Beloit Buccaneers,615266,2,top,Aiden Scott doubled down the rf line (0-1 F)3a Eric Campen advanced to third.,16,2026-04-03 14:00:00-04:00,"The Ballpark at Strong Stadium (Beloit, WI)",69,MBA,2026
6486130,615266,Monmouth (IL) Fighting Scots,615154,Beloit Buccaneers,615266,2,top,"Clayton Matkovic flied out to rf, sacrifice fly, RBI (2-0 BB)3a Eric Campen scored.",17,2026-04-03 14:00:00-04:00,"The Ballpark at Strong Stadium (Beloit, WI)",69,MBA,2026
6486130,615266,Monmouth (IL) Fighting Scots,615154,Beloit Buccaneers,615266,2,top,Jace Wilkerson popped up to 2b (2-2 BKFB).,18,2026-04-03 14:00:00-04:00,"The Ballpark at Strong Stadium (Beloit, WI)",69,MBA,2026
6486130,615266,Monmouth (IL) Fighting Scots,615154,Beloit Buccaneers,615154,2,bot,Parker Krcmar singled to left field (1-2 BFS).,19,2026-04-03 14:00:00-04:00,"The Ballpark at Strong Stadium (Beloit, WI)",69,MBA,2026
6486130,615266,Monmouth (IL) Fighting Scots,615154,Beloit Buccaneers,615154,2,bot,Blake Nelson flied out to cf (2-2 KBBF).,20,2026-04-03 14:00:00-04:00,"The Ballpark at Strong Stadium (Beloit, WI)",69,MBA,2026
6486130,615266,Monmouth (IL) Fighting Scots,615154,Beloit Buccaneers,615154,2,bot,Parker Krcmar advanced to second on a wild pitch.,21,2026-04-03 14:00:00-04:00,"The Ballpark at Strong Stadium (Beloit, WI)",69,MBA,2026
6486130,615266,Monmouth (IL) Fighting Scots,615154,Beloit Buccaneers,615154,2,bot,Jordan Rosenberg flied out to lf (1-1 KB).,22,2026-04-03 14:00:00-04:00,"The Ballpark at Strong Stadium (Beloit, WI)",69,MBA,2026
6486130,615266,Monmouth (IL) Fighting Scots,615154,Beloit Buccaneers,615154,2,bot,Roan Schmidt flied out to cf (0-0).,23,2026-04-03 14:00:00-04:00,"The Ballpark at Strong Stadium (Beloit, WI)",69,MBA,2026
6486130,615266,Monmouth (IL) Fighting Scots,615154,Beloit Buccaneers,615266,3,top,Will Lyng to p for Erick Tiegs.,24,2026-04-03 14:00:00-04:00,"The Ballpark at Strong Stadium (Beloit, WI)",69,MBA,2026
6486130,615266,Monmouth (IL) Fighting Scots,615154,Beloit Buccaneers,615266,3,top,Jacob Blunck singled to left field (1-0 B).,25,2026-04-03 14:00:00-04:00,"The Ballpark at Strong Stadium (Beloit, WI)",69,MBA,2026
6486130,615266,Monmouth (IL) Fighting Scots,615154,Beloit Buccaneers,615266,3,top,Zach Almaguer struck out looking (0-2 FSK).,26,2026-04-03 14:00:00-04:00,"The Ballpark at Strong Stadium (Beloit, WI)",69,MBA,2026
6486130,615266,Monmouth (IL) Fighting Scots,615154,Beloit Buccaneers,615266,3,top,Gabe Zeigler-Harris struck out swinging (2-2 KBFBS).,27,2026-04-03 14:00:00-04:00,"The Ballpark at Strong Stadium (Beloit, WI)",69,MBA,2026
6486130,615266,Monmouth (IL) Fighting Scots,615154,Beloit Buccaneers,615266,3,top,Hunter Wheat singled to right field (0-0)3a Jacob Blunck advanced to second.,28,2026-04-03 14:00:00-04:00,"The Ballpark at Strong Stadium (Beloit, WI)",69,MBA,2026
6486130,615266,Monmouth (IL) Fighting Scots,615154,Beloit Buccaneers,615266,3,top,Aidan Parkins grounded out to ss (0-2 KF).,29,2026-04-03 14:00:00-04:00,"The Ballpark at Strong Stadium (Beloit, WI)",69,MBA,2026
6486130,615266,Monmouth (IL) Fighting Scots,615154,Beloit Buccaneers,615154,3,bot,Nolan Tomsyck singled up the middle (0-0).,30,2026-04-03 14:00:00-04:00,"The Ballpark at Strong Stadium (Beloit, WI)",69,MBA,2026
6486130,615266,Monmouth (IL) Fighting Scots,615154,Beloit Buccaneers,615154,3,bot,Brody Bremer popped up to ss (1-0 B).,31,2026-04-03 14:00:00-04:00,"The Ballpark at Strong Stadium (Beloit, WI)",69,MBA,2026
6486130,615266,Monmouth (IL) Fighting Scots,615154,Beloit Buccaneers,615154,3,bot,Jack Alport singled to right center (2-2 KBFBF)3a Nolan Tomsyck advanced to second.,32,2026-04-03 14:00:00-04:00,"The Ballpark at Strong Stadium (Beloit, WI)",69,MBA,2026
6486130,615266,Monmouth (IL) Fighting Scots,615154,Beloit Buccaneers,615154,3,bot,"Seth Brankey singled down the lf line, RBI (0-0)3a Jack Alport advanced to second3a Nolan Tomsyck scored.",33,2026-04-03 14:00:00-04:00,"The Ballpark at Strong Stadium (Beloit, WI)",69,MBA,2026
6486130,615266,Monmouth (IL) Fighting Scots,615154,Beloit Buccaneers,615154,3,bot,Jacopo Tamburini popped up to 2b (0-0).,34,2026-04-03 14:00:00-04:00,"The Ballpark at Strong Stadium (Beloit, WI)",69,MBA,2026
6486130,615266,Monmouth (IL) Fighting Scots,615154,Beloit Buccaneers,615154,3,bot,Parker Krcmar flied out to cf (1-2 KFB).,35,2026-04-03 14:00:00-04:00,"The Ballpark at Strong Stadium (Beloit, WI)",69,MBA,2026
6486130,615266,Monmouth (IL) Fighting Scots,615154,Beloit Buccaneers,615266,4,top,Eric Campen out at first 1b to p (0-0).,36,2026-04-03 14:00:00-04:00,"The Ballpark at Strong Stadium (Beloit, WI)",69,MBA,2026
6486130,615266,Monmouth (IL) Fighting Scots,615154,Beloit Buccaneers,615266,4,top,Aiden Scott struck out swinging (2-2 BBSFS).,37,2026-04-03 14:00:00-04:00,"The Ballpark at Strong Stadium (Beloit, WI)",69,MBA,2026
6486130,615266,Monmouth (IL) Fighting Scots,615154,Beloit Buccaneers,615266,4,top,Clayton Matkovic struck out looking (2-2 BFBFK).,38,2026-04-03 14:00:00-04:00,"The Ballpark at Strong Stadium (Beloit, WI)",69,MBA,2026
6486130,615266,Monmouth (IL) Fighting Scots,615154,Beloit Buccaneers,615154,4,bot,Blake Nelson grounded out to p (0-1 K).,39,2026-04-03 14:00:00-04:00,"The Ballpark at Strong Stadium (Beloit, WI)",69,MBA,2026
6486130,615266,Monmouth (IL) Fighting Scots,615154,Beloit Buccaneers,615154,4,bot,Jordan Rosenberg grounded out to 3b (3-1 BKBB).,40,2026-04-03 14:00:00-04:00,"The Ballpark at Strong Stadium (Beloit, WI)",69,MBA,2026
6486130,615266,Monmouth (IL) Fighting Scots,615154,Beloit Buccaneers,615154,4,bot,Roan Schmidt struck out looking (1-2 KBFK).,41,2026-04-03 14:00:00-04:00,"The Ballpark at Strong Stadium (Beloit, WI)",69,MBA,2026
6486130,615266,Monmouth (IL) Fighting Scots,615154,Beloit Buccaneers,615266,5,top,Jace Wilkerson flied out to rf (1-1 BF).,42,2026-04-03 14:00:00-04:00,"The Ballpark at Strong Stadium (Beloit, WI)",69,MBA,2026
6486130,615266,Monmouth (IL) Fighting Scots,615154,Beloit Buccaneers,615266,5,top,Jacob Blunck grounded out to ss (0-0).,43,2026-04-03 14:00:00-04:00,"The Ballpark at Strong Stadium (Beloit, WI)",69,MBA,2026
6486130,615266,Monmouth (IL) Fighting Scots,615154,Beloit Buccaneers,615266,5,top,Zach Almaguer flied out to rf (0-0).,44,2026-04-03 14:00:00-04:00,"The Ballpark at Strong Stadium (Beloit, WI)",69,MBA,2026
6486130,615266,Monmouth (IL) Fighting Scots,615154,Beloit Buccaneers,615154,5,bot,Nolan Tomsyck struck out swinging (0-2 KSFS).,45,2026-04-03 14:00:00-04:00,"The Ballpark at Strong Stadium (Beloit, WI)",69,MBA,2026
6486130,615266,Monmouth (IL) Fighting Scots,615154,Beloit Buccaneers,615154,5,bot,Brody Bremer flied out to cf (2-1 BKB).,46,2026-04-03 14:00:00-04:00,"The Ballpark at Strong Stadium (Beloit, WI)",69,MBA,2026
6486130,615266,Monmouth (IL) Fighting Scots,615154,Beloit Buccaneers,615154,5,bot,Jack Alport reached first on a throwing error by 3b (1-2 KFB).,47,2026-04-03 14:00:00-04:00,"The Ballpark at Strong Stadium (Beloit, WI)",69,MBA,2026
6486130,615266,Monmouth (IL) Fighting Scots,615154,Beloit Buccaneers,615154,5,bot,Jack Alport advanced to second on a wild pitch.,48,2026-04-03 14:00:00-04:00,"The Ballpark at Strong Stadium (Beloit, WI)",69,MBA,2026
6486130,615266,Monmouth (IL) Fighting Scots,615154,Beloit Buccaneers,615154,5,bot,Seth Brankey flied out to rf (2-2 KBBK).,49,2026-04-03 14:00:00-04:00,"The Ballpark at Strong Stadium (Beloit, WI)",69,MBA,2026
6486130,615266,Monmouth (IL) Fighting Scots,615154,Beloit Buccaneers,615266,6,top,Tyler Weigand to p for Will Lyng.,50,2026-04-03 14:00:00-04:00,"The Ballpark at Strong Stadium (Beloit, WI)",69,MBA,2026
6486130,615266,Monmouth (IL) Fighting Scots,615154,Beloit Buccaneers,615266,6,top,Gabe Zeigler-Harris reached first on an error by p (0-0).,51,2026-04-03 14:00:00-04:00,"The Ballpark at Strong Stadium (Beloit, WI)",69,MBA,2026
6486130,615266,Monmouth (IL) Fighting Scots,615154,Beloit Buccaneers,615266,6,top,"Hunter Wheat grounded out to p, SAC, bunt (0-1 F)3a Gabe Zeigler-Harris advanced to second.",52,2026-04-03 14:00:00-04:00,"The Ballpark at Strong Stadium (Beloit, WI)",69,MBA,2026
6486130,615266,Monmouth (IL) Fighting Scots,615154,Beloit Buccaneers,615266,6,top,Aidan Parkins struck out looking (1-2 KBKFK).,53,2026-04-03 14:00:00-04:00,"The Ballpark at Strong Stadium (Beloit, WI)",69,MBA,2026
6486130,615266,Monmouth (IL) Fighting Scots,615154,Beloit Buccaneers,615266,6,top,"Eric Campen struck out swinging, out at first c to 1b (2-2 BFBK).",54,2026-04-03 14:00:00-04:00,"The Ballpark at Strong Stadium (Beloit, WI)",69,MBA,2026
6486130,615266,Monmouth (IL) Fighting Scots,615154,Beloit Buccaneers,615154,6,bot,Jacopo Tamburini flied out to rf (2-2 FFBB).,55,2026-04-03 14:00:00-04:00,"The Ballpark at Strong Stadium (Beloit, WI)",69,MBA,2026
6486130,615266,Monmouth (IL) Fighting Scots,615154,Beloit Buccaneers,615154,6,bot,Parker Krcmar grounded out to 3b (2-2 BKFB).,56,2026-04-03 14:00:00-04:00,"The Ballpark at Strong Stadium (Beloit, WI)",69,MBA,2026
6486130,615266,Monmouth (IL) Fighting Scots,615154,Beloit Buccaneers,615154,6,bot,Blake Nelson walked (3-0 BBBB).,57,2026-04-03 14:00:00-04:00,"The Ballpark at Strong Stadium (Beloit, WI)",69,MBA,2026
6486130,615266,Monmouth (IL) Fighting Scots,615154,Beloit Buccaneers,615154,6,bot,Jordan Rosenberg walked (3-1 BBBKB)3a Blake Nelson advanced to second.,58,2026-04-03 14:00:00-04:00,"The Ballpark at Strong Stadium (Beloit, WI)",69,MBA,2026
6486130,615266,Monmouth (IL) Fighting Scots,615154,Beloit Buccaneers,615154,6,bot,Roan Schmidt struck out swinging (1-2 KSBS).,59,2026-04-03 14:00:00-04:00,"The Ballpark at Strong Stadium (Beloit, WI)",69,MBA,2026
6486130,615266,Monmouth (IL) Fighting Scots,615154,Beloit Buccaneers,615266,7,top,Aiden Scott struck out swinging (2-2 KBSBS).,60,2026-04-03 14:00:00-04:00,"The Ballpark at Strong Stadium (Beloit, WI)",69,MBA,2026
6486130,615266,Monmouth (IL) Fighting Scots,615154,Beloit Buccaneers,615266,7,top,Clayton Matkovic flied out to cf (0-2 KK).,61,2026-04-03 14:00:00-04:00,"The Ballpark at Strong Stadium (Beloit, WI)",69,MBA,2026
6486130,615266,Monmouth (IL) Fighting Scots,615154,Beloit Buccaneers,615266,7,top,Jace Wilkerson grounded out to 3b (0-2 SF).,62,2026-04-03 14:00:00-04:00,"The Ballpark at Strong Stadium (Beloit, WI)",69,MBA,2026
6486130,615266,Monmouth (IL) Fighting Scots,615154,Beloit Buccaneers,615154,7,bot,Nolan Tomsyck singled to left center (2-2 FBKB).,63,2026-04-03 14:00:00-04:00,"The Ballpark at Strong Stadium (Beloit, WI)",69,MBA,2026
6486130,615266,Monmouth (IL) Fighting Scots,615154,Beloit Buccaneers,615154,7,bot,Brody Bremer walked (3-1 BBKBB)3a Nolan Tomsyck advanced to second.,64,2026-04-03 14:00:00-04:00,"The Ballpark at Strong Stadium (Beloit, WI)",69,MBA,2026
6486130,615266,Monmouth (IL) Fighting Scots,615154,Beloit Buccaneers,615154,7,bot,Jack Alport flied out to cf (0-2 KSF).,65,2026-04-03 14:00:00-04:00,"The Ballpark at Strong Stadium (Beloit, WI)",69,MBA,2026
6486130,615266,Monmouth (IL) Fighting Scots,615154,Beloit Buccaneers,615154,7,bot,Seth Brankey reached first on an error by 3b (0-2 KF)3a Brody Bremer advanced to second3a Nolan Tomsyck advanced to third.,66,2026-04-03 14:00:00-04:00,"The Ballpark at Strong Stadium (Beloit, WI)",69,MBA,2026
6486130,615266,Monmouth (IL) Fighting Scots,615154,Beloit Buccaneers,615154,7,bot,"Jacopo Tamburini singled to right field, RBI (2-2 SBKFFB)3a Seth Brankey advanced to second3a Brody Bremer advanced to third3a Nolan Tomsyck scored.",67,2026-04-03 14:00:00-04:00,"The Ballpark at Strong Stadium (Beloit, WI)",69,MBA,2026
6486130,615266,Monmouth (IL) Fighting Scots,615154,Beloit Buccaneers,615154,7,bot,Owen Alford to p for Ethan Zaayenga.,68,2026-04-03 14:00:00-04:00,"The Ballpark at Strong Stadium (Beloit, WI)",69,MBA,2026
6486130,615266,Monmouth (IL) Fighting Scots,615154,Beloit Buccaneers,615154,7,bot,"Parker Krcmar reached on a fielder's choice, RBI (2-2 BKBF)3a Jacopo Tamburini out at second 2b to ss3a Seth Brankey advanced to third3a Brody Bremer scored, unearned.",69,2026-04-03 14:00:00-04:00,"The Ballpark at Strong Stadium (Beloit, WI)",69,MBA,2026
6486130,615266,Monmouth (IL) Fighting Scots,615154,Beloit Buccaneers,615154,7,bot,Blake Nelson grounded out to 1b unassisted (2-1 BFB).,70,2026-04-03 14:00:00-04:00,"The Ballpark at Strong Stadium (Beloit, WI)",69,MBA,2026
6486130,615266,Monmouth (IL) Fighting Scots,615154,Beloit Buccaneers,615266,8,top,Ryan Apel to p for Tyler Weigand.,71,2026-04-03 14:00:00-04:00,"The Ballpark at Strong Stadium (Beloit, WI)",69,MBA,2026
6486130,615266,Monmouth (IL) Fighting Scots,615154,Beloit Buccaneers,615266,8,top,Jacob Blunck flied out to cf (1-1 SB).,72,2026-04-03 14:00:00-04:00,"The Ballpark at Strong Stadium (Beloit, WI)",69,MBA,2026
6486130,615266,Monmouth (IL) Fighting Scots,615154,Beloit Buccaneers,615266,8,top,Zach Almaguer popped up to ss (0-0).,73,2026-04-03 14:00:00-04:00,"The Ballpark at Strong Stadium (Beloit, WI)",69,MBA,2026
6486130,615266,Monmouth (IL) Fighting Scots,615154,Beloit Buccaneers,615266,8,top,Gabe Zeigler-Harris walked (3-2 KBSBBFB).,74,2026-04-03 14:00:00-04:00,"The Ballpark at Strong Stadium (Beloit, WI)",69,MBA,2026
6486130,615266,Monmouth (IL) Fighting Scots,615154,Beloit Buccaneers,615266,8,top,Gabe Zeigler-Harris stole second.,75,2026-04-03 14:00:00-04:00,"The Ballpark at Strong Stadium (Beloit, WI)",69,MBA,2026
6486130,615266,Monmouth (IL) Fighting Scots,615154,Beloit Buccaneers,615266,8,top,Hunter Wheat struck out looking (1-2 KSBFK).,76,2026-04-03 14:00:00-04:00,"The Ballpark at Strong Stadium (Beloit, WI)",69,MBA,2026
6486130,615266,Monmouth (IL) Fighting Scots,615154,Beloit Buccaneers,615154,8,bot,Jordan Rosenberg walked (3-0 BBBB).,77,2026-04-03 14:00:00-04:00,"The Ballpark at Strong Stadium (Beloit, WI)",69,MBA,2026
6486130,615266,Monmouth (IL) Fighting Scots,615154,Beloit Buccaneers,615154,8,bot,Jackson O'Brien pinch ran for Jordan Rosenberg.,78,2026-04-03 14:00:00-04:00,"The Ballpark at Strong Stadium (Beloit, WI)",69,MBA,2026
6486130,615266,Monmouth (IL) Fighting Scots,615154,Beloit Buccaneers,615154,8,bot,Roan Schmidt grounded into double play ss to 2b to 1b (0-2 KSF)3a Jackson O'Brien out on the play.,79,2026-04-03 14:00:00-04:00,"The Ballpark at Strong Stadium (Beloit, WI)",69,MBA,2026
6486130,615266,Monmouth (IL) Fighting Scots,615154,Beloit Buccaneers,615154,8,bot,Nolan Tomsyck walked (3-0 BBBB).,80,2026-04-03 14:00:00-04:00,"The Ballpark at Strong Stadium (Beloit, WI)",69,MBA,2026
6486130,615266,Monmouth (IL) Fighting Scots,615154,Beloit Buccaneers,615154,8,bot,"Brody Bremer singled, bunt (0-1 K)3a Nolan Tomsyck advanced to second.",81,2026-04-03 14:00:00-04:00,"The Ballpark at Strong Stadium (Beloit, WI)",69,MBA,2026
6486130,615266,Monmouth (IL) Fighting Scots,615154,Beloit Buccaneers,615154,8,bot,Jack Alport flied out to lf (3-2 KKBBFFBFFF).,82,2026-04-03 14:00:00-04:00,"The Ballpark at Strong Stadium (Beloit, WI)",69,MBA,2026
6486130,615266,Monmouth (IL) Fighting Scots,615154,Beloit Buccaneers,615266,9,top,Alex Klun to p for Ryan Apel.,83,2026-04-03 14:00:00-04:00,"The Ballpark at Strong Stadium (Beloit, WI)",69,MBA,2026
6486130,615266,Monmouth (IL) Fighting Scots,615154,Beloit Buccaneers,615266,9,top,Aidan Parkins singled to left center (0-1 K).,84,2026-04-03 14:00:00-04:00,"The Ballpark at Strong Stadium (Beloit, WI)",69,MBA,2026
6486130,615266,Monmouth (IL) Fighting Scots,615154,Beloit Buccaneers,615266,9,top,"Eric Campen grounded out to p, SAC, bunt (0-0)3a Aidan Parkins advanced to second.",85,2026-04-03 14:00:00-04:00,"The Ballpark at Strong Stadium (Beloit, WI)",69,MBA,2026
6486130,615266,Monmouth (IL) Fighting Scots,615154,Beloit Buccaneers,615266,9,top,Aiden Scott singled to shortstop (2-1 KBB).,86,2026-04-03 14:00:00-04:00,"The Ballpark at Strong Stadium (Beloit, WI)",69,MBA,2026
6486130,615266,Monmouth (IL) Fighting Scots,615154,Beloit Buccaneers,615266,9,top,Clayton Matkovic popped up to 3b (0-1 K).,87,2026-04-03 14:00:00-04:00,"The Ballpark at Strong Stadium (Beloit, WI)",69,MBA,2026
6486130,615266,Monmouth (IL) Fighting Scots,615154,Beloit Buccaneers,615266,9,top,"Jace Wilkerson homered, 3 RBI (0-1 K)3a Aiden Scott scored3a Aidan Parkins scored.",88,2026-04-03 14:00:00-04:00,"The Ballpark at Strong Stadium (Beloit, WI)",69,MBA,2026
6486130,615266,Monmouth (IL) Fighting Scots,615154,Beloit Buccaneers,615266,9,top,Jacob Blunck flied out to cf (2-2 SBBS).,89,2026-04-03 14:00:00-04:00,"The Ballpark at Strong Stadium (Beloit, WI)",69,MBA,2026
6486130,615266,Monmouth (IL) Fighting Scots,615154,Beloit Buccaneers,615154,9,bot,Ryan Garofoli to p for Owen Alford.,90,2026-04-03 14:00:00-04:00,"The Ballpark at Strong Stadium (Beloit, WI)",69,MBA,2026
6486130,615266,Monmouth (IL) Fighting Scots,615154,Beloit Buccaneers,615154,9,bot,Seth Brankey flied out to cf (2-0 BB).,91,2026-04-03 14:00:00-04:00,"The Ballpark at Strong Stadium (Beloit, WI)",69,MBA,2026
6486130,615266,Monmouth (IL) Fighting Scots,615154,Beloit Buccaneers,615154,9,bot,Jacopo Tamburini singled to center field (0-0).,92,2026-04-03 14:00:00-04:00,"The Ballpark at Strong Stadium (Beloit, WI)",69,MBA,2026
6486130,615266,Monmouth (IL) Fighting Scots,615154,Beloit Buccaneers,615154,9,bot,Parker Krcmar walked (3-1 BBBKB)3a Jacopo Tamburini advanced to second.,93,2026-04-03 14:00:00-04:00,"The Ballpark at Strong Stadium (Beloit, WI)",69,MBA,2026
6486130,615266,Monmouth (IL) Fighting Scots,615154,Beloit Buccaneers,615154,9,bot,Blake Nelson walked (3-2 BFBBFB)3a Parker Krcmar advanced to second3a Jacopo Tamburini advanced to third.,94,2026-04-03 14:00:00-04:00,"The Ballpark at Strong Stadium (Beloit, WI)",69,MBA,2026
6486130,615266,Monmouth (IL) Fighting Scots,615154,Beloit Buccaneers,615154,9,bot,Josh Beserra pinch hit for Jackson O'Brien.,95,2026-04-03 14:00:00-04:00,"The Ballpark at Strong Stadium (Beloit, WI)",69,MBA,2026
6486130,615266,Monmouth (IL) Fighting Scots,615154,Beloit Buccaneers,615154,9,bot,Chase Yusi pinch ran for Blake Nelson.,96,2026-04-03 14:00:00-04:00,"The Ballpark at Strong Stadium (Beloit, WI)",69,MBA,2026
6486130,615266,Monmouth (IL) Fighting Scots,615154,Beloit Buccaneers,615154,9,bot,Josh Beserra grounded out to ss (1-1 KB)3a Chase Yusi out at second 2b to ss.,97,2026-04-03 14:00:00-04:00,"The Ballpark at Strong Stadium (Beloit, WI)",69,MBA,2026
6486292,614856,Little Rock Trojans,614814,Western Ill. Leathernecks,614856,1,top,Jerdy Lopez grounded out to ss (0-0).,1,2026-04-03 14:00:00-04:00,"Alfred D. Boyer Stadium (Macomb, IL)",0,MBA,2026
6486292,614856,Little Rock Trojans,614814,Western Ill. Leathernecks,614856,1,top,Kade Smith struck out looking (2-2 BKBKK).,2,2026-04-03 14:00:00-04:00,"Alfred D. Boyer Stadium (Macomb, IL)",0,MBA,2026
6486292,614856,Little Rock Trojans,614814,Western Ill. Leathernecks,614856,1,top,Nolan Freund flied out to cf (1-1 BS).,3,2026-04-03 14:00:00-04:00,"Alfred D. Boyer Stadium (Macomb, IL)",0,MBA,2026
6486292,614856,Little Rock Trojans,614814,Western Ill. Leathernecks,614814,1,bot,Joe Connolly singled to left field (0-0).,4,2026-04-03 14:00:00-04:00,"Alfred D. Boyer Stadium (Macomb, IL)",0,MBA,2026
6486292,614856,Little Rock Trojans,614814,Western Ill. Leathernecks,614814,1,bot,Liam Bushey singled to left field (1-1 KB); Joe Connolly advanced to second.,5,2026-04-03 14:00:00-04:00,"Alfred D. Boyer Stadium (Macomb, IL)",0,MBA,2026
6486292,614856,Little Rock Trojans,614814,Western Ill. Leathernecks,614814,1,bot,Wandel Campana singled to shortstop (0-0); Liam Bushey advanced to second; Joe Connolly advanced to third.,6,2026-04-03 14:00:00-04:00,"Alfred D. Boyer Stadium (Macomb, IL)",0,MBA,2026
6486292,614856,Little Rock Trojans,614814,Western Ill. Leathernecks,614814,1,bot,Gage Hoover lined out to 2b (3-2 BKSFBB).,7,2026-04-03 14:00:00-04:00,"Alfred D. Boyer Stadium (Macomb, IL)",0,MBA,2026
6486292,614856,Little Rock Trojans,614814,Western Ill. Leathernecks,614814,1,bot,Isaiah Monge lined out to ss (1-1 SB).,8,2026-04-03 14:00:00-04:00,"Alfred D. Boyer Stadium (Macomb, IL)",0,MBA,2026
6486292,614856,Little Rock Trojans,614814,Western Ill. Leathernecks,614814,1,bot,"Cordell Coburn singled to left field, 2 RBI (0-0); Wandel Campana advanced to second; Liam Bushey scored; Joe Connolly scored.",9,2026-04-03 14:00:00-04:00,"Alfred D. Boyer Stadium (Macomb, IL)",0,MBA,2026
6486292,614856,Little Rock Trojans,614814,Western Ill. Leathernecks,614814,1,bot,Tyler Large struck out swinging (0-2 SSS).,10,2026-04-03 14:00:00-04:00,"Alfred D. Boyer Stadium (Macomb, IL)",0,MBA,2026
6486292,614856,Little Rock Trojans,614814,Western Ill. Leathernecks,614856,2,top,Easton Roe grounded out to ss (2-1 BSB).,11,2026-04-03 14:00:00-04:00,"Alfred D. Boyer Stadium (Macomb, IL)",0,MBA,2026
6486292,614856,Little Rock Trojans,614814,Western Ill. Leathernecks,614856,2,top,Jack Bilski grounded out to 3b (1-0 B).,12,2026-04-03 14:00:00-04:00,"Alfred D. Boyer Stadium (Macomb, IL)",0,MBA,2026
6486292,614856,Little Rock Trojans,614814,Western Ill. Leathernecks,614856,2,top,Cooper Chaplain flied out to cf (3-2 BBFFFFB).,13,2026-04-03 14:00:00-04:00,"Alfred D. Boyer Stadium (Macomb, IL)",0,MBA,2026
6486292,614856,Little Rock Trojans,614814,Western Ill. Leathernecks,614814,2,bot,Krayton Morse doubled to center field (0-0).,14,2026-04-03 14:00:00-04:00,"Alfred D. Boyer Stadium (Macomb, IL)",0,MBA,2026
6486292,614856,Little Rock Trojans,614814,Western Ill. Leathernecks,614814,2,bot,Krayton Morse advanced to third on a wild pitch.,15,2026-04-03 14:00:00-04:00,"Alfred D. Boyer Stadium (Macomb, IL)",0,MBA,2026
6486292,614856,Little Rock Trojans,614814,Western Ill. Leathernecks,614814,2,bot,Josh McClintock struck out swinging (3-2 FFBBFBS).,16,2026-04-03 14:00:00-04:00,"Alfred D. Boyer Stadium (Macomb, IL)",0,MBA,2026
6486292,614856,Little Rock Trojans,614814,Western Ill. Leathernecks,614814,2,bot,"Joe Connolly grounded out to 2b, RBI (0-0); Krayton Morse scored.",17,2026-04-03 14:00:00-04:00,"Alfred D. Boyer Stadium (Macomb, IL)",0,MBA,2026
6486292,614856,Little Rock Trojans,614814,Western Ill. Leathernecks,614814,2,bot,Liam Bushey flied out to cf (0-0).,18,2026-04-03 14:00:00-04:00,"Alfred D. Boyer Stadium (Macomb, IL)",0,MBA,2026
6486292,614856,Little Rock Trojans,614814,Western Ill. Leathernecks,614856,3,top,Trey Hill singled to center field (2-1 BFB).,19,2026-04-03 14:00:00-04:00,"Alfred D. Boyer Stadium (Macomb, IL)",0,MBA,2026
6486292,614856,Little Rock Trojans,614814,Western Ill. Leathernecks,614856,3,top,Blake Simpson singled to center field (0-1 K); Trey Hill advanced to third.,20,2026-04-03 14:00:00-04:00,"Alfred D. Boyer Stadium (Macomb, IL)",0,MBA,2026
6486292,614856,Little Rock Trojans,614814,Western Ill. Leathernecks,614856,3,top,Michael O'Brien struck out swinging (1-2 KFBS).,21,2026-04-03 14:00:00-04:00,"Alfred D. Boyer Stadium (Macomb, IL)",0,MBA,2026
6486292,614856,Little Rock Trojans,614814,Western Ill. Leathernecks,614856,3,top,"Jerdy Lopez reached on a fielder's choice to catcher, RBI (0-0); Blake Simpson advanced to second; Trey Hill scored.",22,2026-04-03 14:00:00-04:00,"Alfred D. Boyer Stadium (Macomb, IL)",0,MBA,2026
6486292,614856,Little Rock Trojans,614814,Western Ill. Leathernecks,614856,3,top,Jerdy Lopez advanced to second on a wild pitch; Blake Simpson advanced to third.,23,2026-04-03 14:00:00-04:00,"Alfred D. Boyer Stadium (Macomb, IL)",0,MBA,2026
6486292,614856,Little Rock Trojans,614814,Western Ill. Leathernecks,614856,3,top,"Kade Smith singled to center field, RBI (2-1 BBS); Jerdy Lopez advanced to third; Blake Simpson scored.",24,2026-04-03 14:00:00-04:00,"Alfred D. Boyer Stadium (Macomb, IL)",0,MBA,2026
6486292,614856,Little Rock Trojans,614814,Western Ill. Leathernecks,614856,3,top,Kade Smith stole second; Jerdy Lopez stole home.,25,2026-04-03 14:00:00-04:00,"Alfred D. Boyer Stadium (Macomb, IL)",0,MBA,2026
6486292,614856,Little Rock Trojans,614814,Western Ill. Leathernecks,614856,3,top,Nolan Freund grounded out to 2b (2-2 FBBFF); Kade Smith advanced to third.,26,2026-04-03 14:00:00-04:00,"Alfred D. Boyer Stadium (Macomb, IL)",0,MBA,2026
6486292,614856,Little Rock Trojans,614814,Western Ill. Leathernecks,614856,3,top,Easton Roe grounded out to 2b (1-0 B).,27,2026-04-03 14:00:00-04:00,"Alfred D. Boyer Stadium (Macomb, IL)",0,MBA,2026
6486292,614856,Little Rock Trojans,614814,Western Ill. Leathernecks,614814,3,bot,Wandel Campana singled to second base (1-1 KB).,28,2026-04-03 14:00:00-04:00,"Alfred D. Boyer Stadium (Macomb, IL)",0,MBA,2026
6486292,614856,Little Rock Trojans,614814,Western Ill. Leathernecks,614814,3,bot,Gage Hoover grounded out to p (3-2 BSSBFB); Wandel Campana advanced to second.,29,2026-04-03 14:00:00-04:00,"Alfred D. Boyer Stadium (Macomb, IL)",0,MBA,2026
6486292,614856,Little Rock Trojans,614814,Western Ill. Leathernecks,614814,3,bot,Isaiah Monge flied out to rf (0-0).,30,2026-04-03 14:00:00-04:00,"Alfred D. Boyer Stadium (Macomb, IL)",0,MBA,2026
6486292,614856,Little Rock Trojans,614814,Western Ill. Leathernecks,614814,3,bot,Cordell Coburn walked (3-2 SKBBBB).,31,2026-04-03 14:00:00-04:00,"Alfred D. Boyer Stadium (Macomb, IL)",0,MBA,2026
6486292,614856,Little Rock Trojans,614814,Western Ill. Leathernecks,614814,3,bot,Tyler Large grounded out to ss (1-1 BS).,32,2026-04-03 14:00:00-04:00,"Alfred D. Boyer Stadium (Macomb, IL)",0,MBA,2026
6486292,614856,Little Rock Trojans,614814,Western Ill. Leathernecks,614856,4,top,Jack Bilski lined out to 3b (2-1 BBS).,33,2026-04-03 14:00:00-04:00,"Alfred D. Boyer Stadium (Macomb, IL)",0,MBA,2026
6486292,614856,Little Rock Trojans,614814,Western Ill. Leathernecks,614856,4,top,Cooper Chaplain grounded out to 1b unassisted (3-2 BBBKK).,34,2026-04-03 14:00:00-04:00,"Alfred D. Boyer Stadium (Macomb, IL)",0,MBA,2026
6486292,614856,Little Rock Trojans,614814,Western Ill. Leathernecks,614856,4,top,Trey Hill flied out to lf (1-1 BS).,35,2026-04-03 14:00:00-04:00,"Alfred D. Boyer Stadium (Macomb, IL)",0,MBA,2026
6486292,614856,Little Rock Trojans,614814,Western Ill. Leathernecks,614814,4,bot,Krayton Morse popped up to 1b (0-0).,36,2026-04-03 14:00:00-04:00,"Alfred D. Boyer Stadium (Macomb, IL)",0,MBA,2026
6486292,614856,Little Rock Trojans,614814,Western Ill. Leathernecks,614814,4,bot,Josh McClintock doubled to right field (1-1 KB).,37,2026-04-03 14:00:00-04:00,"Alfred D. Boyer Stadium (Macomb, IL)",0,MBA,2026
6486292,614856,Little Rock Trojans,614814,Western Ill. Leathernecks,614814,4,bot,"Joe Connolly grounded out to p, SAC, bunt (0-1 K); Josh McClintock advanced to third.",38,2026-04-03 14:00:00-04:00,"Alfred D. Boyer Stadium (Macomb, IL)",0,MBA,2026
6486292,614856,Little Rock Trojans,614814,Western Ill. Leathernecks,614814,4,bot,"Liam Bushey singled to second base, RBI (0-1 S); Josh McClintock scored.",39,2026-04-03 14:00:00-04:00,"Alfred D. Boyer Stadium (Macomb, IL)",0,MBA,2026
6486292,614856,Little Rock Trojans,614814,Western Ill. Leathernecks,614814,4,bot,Wandel Campana lined out to 2b (0-0).,40,2026-04-03 14:00:00-04:00,"Alfred D. Boyer Stadium (Macomb, IL)",0,MBA,2026
6486292,614856,Little Rock Trojans,614814,Western Ill. Leathernecks,614856,5,top,Blake Simpson walked (3-0 BBBB).,41,2026-04-03 14:00:00-04:00,"Alfred D. Boyer Stadium (Macomb, IL)",0,MBA,2026
6486292,614856,Little Rock Trojans,614814,Western Ill. Leathernecks,614856,5,top,Michael O'Brien struck out swinging (1-2 FFBS).,42,2026-04-03 14:00:00-04:00,"Alfred D. Boyer Stadium (Macomb, IL)",0,MBA,2026
6486292,614856,Little Rock Trojans,614814,Western Ill. Leathernecks,614856,5,top,Jerdy Lopez singled to center field (0-0); Blake Simpson advanced to second.,43,2026-04-03 14:00:00-04:00,"Alfred D. Boyer Stadium (Macomb, IL)",0,MBA,2026
6486292,614856,Little Rock Trojans,614814,Western Ill. Leathernecks,614856,5,top,"Kade Smith doubled to center field, RBI (1-0 B); Jerdy Lopez advanced to third; Blake Simpson scored.",44,2026-04-03 14:00:00-04:00,"Alfred D. Boyer Stadium (Macomb, IL)",0,MBA,2026
6486292,614856,Little Rock Trojans,614814,Western Ill. Leathernecks,614856,5,top,Nolan Freund struck out swinging (0-2 SFS).,45,2026-04-03 14:00:00-04:00,"Alfred D. Boyer Stadium (Macomb, IL)",0,MBA,2026
6486292,614856,Little Rock Trojans,614814,Western Ill. Leathernecks,614856,5,top,Easton Roe flied out to lf (2-2 FBFFB).,46,2026-04-03 14:00:00-04:00,"Alfred D. Boyer Stadium (Macomb, IL)",0,MBA,2026
6486292,614856,Little Rock Trojans,614814,Western Ill. Leathernecks,614814,5,bot,Gage Hoover grounded out to 3b (1-1 SB).,47,2026-04-03 14:00:00-04:00,"Alfred D. Boyer Stadium (Macomb, IL)",0,MBA,2026
6486292,614856,Little Rock Trojans,614814,Western Ill. Leathernecks,614814,5,bot,Isaiah Monge singled (3-2 SSBBB).,48,2026-04-03 14:00:00-04:00,"Alfred D. Boyer Stadium (Macomb, IL)",0,MBA,2026
6486292,614856,Little Rock Trojans,614814,Western Ill. Leathernecks,614814,5,bot,Cordell Coburn struck out swinging (2-2 FKBBS).,49,2026-04-03 14:00:00-04:00,"Alfred D. Boyer Stadium (Macomb, IL)",0,MBA,2026
6486292,614856,Little Rock Trojans,614814,Western Ill. Leathernecks,614814,5,bot,Tyler Large reached on a fielder's choice (0-0); Isaiah Monge out at second 2b unassisted.,50,2026-04-03 14:00:00-04:00,"Alfred D. Boyer Stadium (Macomb, IL)",0,MBA,2026
6486292,614856,Little Rock Trojans,614814,Western Ill. Leathernecks,614856,6,top,Jack Bilski grounded out to 3b (2-0 BB).,51,2026-04-03 14:00:00-04:00,"Alfred D. Boyer Stadium (Macomb, IL)",0,MBA,2026
6486292,614856,Little Rock Trojans,614814,Western Ill. Leathernecks,614856,6,top,Cooper Chaplain popped up to 3b (1-1 BS).,52,2026-04-03 14:00:00-04:00,"Alfred D. Boyer Stadium (Macomb, IL)",0,MBA,2026
6486292,614856,Little Rock Trojans,614814,Western Ill. Leathernecks,614856,6,top,Trey Hill flied out to rf (3-2 SBBSB).,53,2026-04-03 14:00:00-04:00,"Alfred D. Boyer Stadium (Macomb, IL)",0,MBA,2026
6486292,614856,Little Rock Trojans,614814,Western Ill. Leathernecks,614814,6,bot,Krayton Morse singled to right field (0-0).,54,2026-04-03 14:00:00-04:00,"Alfred D. Boyer Stadium (Macomb, IL)",0,MBA,2026
6486292,614856,Little Rock Trojans,614814,Western Ill. Leathernecks,614814,6,bot,Josh McClintock reached on a fielder's choice (1-2 FSB); Krayton Morse out at second 2b to ss.,55,2026-04-03 14:00:00-04:00,"Alfred D. Boyer Stadium (Macomb, IL)",0,MBA,2026
6486292,614856,Little Rock Trojans,614814,Western Ill. Leathernecks,614814,6,bot,"Josh McClintock advanced to second on a throwing error by p, failed pickoff attempt, advanced to third on the error.",56,2026-04-03 14:00:00-04:00,"Alfred D. Boyer Stadium (Macomb, IL)",0,MBA,2026
6486292,614856,Little Rock Trojans,614814,Western Ill. Leathernecks,614814,6,bot,"Joe Connolly singled to center field, RBI (0-1 S); Josh McClintock scored.",57,2026-04-03 14:00:00-04:00,"Alfred D. Boyer Stadium (Macomb, IL)",0,MBA,2026
6486292,614856,Little Rock Trojans,614814,Western Ill. Leathernecks,614814,6,bot,Isaac Evaniew to p for Brannon Westmoreland.,58,2026-04-03 14:00:00-04:00,"Alfred D. Boyer Stadium (Macomb, IL)",0,MBA,2026
6486292,614856,Little Rock Trojans,614814,Western Ill. Leathernecks,614814,6,bot,Liam Bushey grounded out to 2b (1-2 BSFF); Joe Connolly advanced to second.,59,2026-04-03 14:00:00-04:00,"Alfred D. Boyer Stadium (Macomb, IL)",0,MBA,2026
6486292,614856,Little Rock Trojans,614814,Western Ill. Leathernecks,614814,6,bot,Wandel Campana walked (3-0 BBBB).,60,2026-04-03 14:00:00-04:00,"Alfred D. Boyer Stadium (Macomb, IL)",0,MBA,2026
6486292,614856,Little Rock Trojans,614814,Western Ill. Leathernecks,614814,6,bot,Gage Hoover flied out to cf (1-1 BF).,61,2026-04-03 14:00:00-04:00,"Alfred D. Boyer Stadium (Macomb, IL)",0,MBA,2026
6486292,614856,Little Rock Trojans,614814,Western Ill. Leathernecks,614856,7,top,Blake Simpson struck out swinging (0-2 KSS).,62,2026-04-03 14:00:00-04:00,"Alfred D. Boyer Stadium (Macomb, IL)",0,MBA,2026
6486292,614856,Little Rock Trojans,614814,Western Ill. Leathernecks,614856,7,top,Ty Rhoades pinch hit for Michael O'Brien.,63,2026-04-03 14:00:00-04:00,"Alfred D. Boyer Stadium (Macomb, IL)",0,MBA,2026
6486292,614856,Little Rock Trojans,614814,Western Ill. Leathernecks,614856,7,top,Ty Rhoades flied out to cf (1-0 B).,64,2026-04-03 14:00:00-04:00,"Alfred D. Boyer Stadium (Macomb, IL)",0,MBA,2026
6486292,614856,Little Rock Trojans,614814,Western Ill. Leathernecks,614856,7,top,Josh McClintock to ss.,65,2026-04-03 14:00:00-04:00,"Alfred D. Boyer Stadium (Macomb, IL)",0,MBA,2026
6486292,614856,Little Rock Trojans,614814,Western Ill. Leathernecks,614856,7,top,Max Tripure to p.,66,2026-04-03 14:00:00-04:00,"Alfred D. Boyer Stadium (Macomb, IL)",0,MBA,2026
6486292,614856,Little Rock Trojans,614814,Western Ill. Leathernecks,614856,7,top,Jerdy Lopez grounded out to ss (2-2 BBSS).,67,2026-04-03 14:00:00-04:00,"Alfred D. Boyer Stadium (Macomb, IL)",0,MBA,2026
6486292,614856,Little Rock Trojans,614814,Western Ill. Leathernecks,614814,7,bot,Ty Rhoades to cf.,68,2026-04-03 14:00:00-04:00,"Alfred D. Boyer Stadium (Macomb, IL)",0,MBA,2026
6486292,614856,Little Rock Trojans,614814,Western Ill. Leathernecks,614814,7,bot,Isaiah Monge walked (3-0 BBBB).,69,2026-04-03 14:00:00-04:00,"Alfred D. Boyer Stadium (Macomb, IL)",0,MBA,2026
6486292,614856,Little Rock Trojans,614814,Western Ill. Leathernecks,614814,7,bot,Cordell Coburn singled to left field (0-0); Isaiah Monge advanced to second.,70,2026-04-03 14:00:00-04:00,"Alfred D. Boyer Stadium (Macomb, IL)",0,MBA,2026
6486292,614856,Little Rock Trojans,614814,Western Ill. Leathernecks,614814,7,bot,Josh Beezley to p for Isaac Evaniew.,71,2026-04-03 14:00:00-04:00,"Alfred D. Boyer Stadium (Macomb, IL)",0,MBA,2026
6486292,614856,Little Rock Trojans,614814,Western Ill. Leathernecks,614814,7,bot,Tyler Large flied out to c (2-2 BBSFS).,72,2026-04-03 14:00:00-04:00,"Alfred D. Boyer Stadium (Macomb, IL)",0,MBA,2026
6486292,614856,Little Rock Trojans,614814,Western Ill. Leathernecks,614814,7,bot,Krayton Morse struck out swinging (0-2 KFS).,73,2026-04-03 14:00:00-04:00,"Alfred D. Boyer Stadium (Macomb, IL)",0,MBA,2026
6486292,614856,Little Rock Trojans,614814,Western Ill. Leathernecks,614814,7,bot,Josh McClintock reached on a fielder's choice (0-1 K); Cordell Coburn out at second ss to 2b.,74,2026-04-03 14:00:00-04:00,"Alfred D. Boyer Stadium (Macomb, IL)",0,MBA,2026
6486292,614856,Little Rock Trojans,614814,Western Ill. Leathernecks,614856,8,top,Eric Rawlings to p for Max Tripure.,75,2026-04-03 14:00:00-04:00,"Alfred D. Boyer Stadium (Macomb, IL)",0,MBA,2026
6486292,614856,Little Rock Trojans,614814,Western Ill. Leathernecks,614856,8,top,Kade Smith grounded out to ss (2-1 SBB).,76,2026-04-03 14:00:00-04:00,"Alfred D. Boyer Stadium (Macomb, IL)",0,MBA,2026
6486292,614856,Little Rock Trojans,614814,Western Ill. Leathernecks,614856,8,top,Nolan Freund flied out to cf (0-1 F).,77,2026-04-03 14:00:00-04:00,"Alfred D. Boyer Stadium (Macomb, IL)",0,MBA,2026
6486292,614856,Little Rock Trojans,614814,Western Ill. Leathernecks,614856,8,top,Easton Roe flied out to cf (0-2 KS).,78,2026-04-03 14:00:00-04:00,"Alfred D. Boyer Stadium (Macomb, IL)",0,MBA,2026
6486292,614856,Little Rock Trojans,614814,Western Ill. Leathernecks,614814,8,bot,Joe Connolly hit by pitch (3-2 SBSBBFH).,79,2026-04-03 14:00:00-04:00,"Alfred D. Boyer Stadium (Macomb, IL)",0,MBA,2026
6486292,614856,Little Rock Trojans,614814,Western Ill. Leathernecks,614814,8,bot,Brayden Walls to p for Josh Beezley.,80,2026-04-03 14:00:00-04:00,"Alfred D. Boyer Stadium (Macomb, IL)",0,MBA,2026
6486292,614856,Little Rock Trojans,614814,Western Ill. Leathernecks,614814,8,bot,Liam Bushey struck out swinging (1-2 FFBS).,81,2026-04-03 14:00:00-04:00,"Alfred D. Boyer Stadium (Macomb, IL)",0,MBA,2026
6486292,614856,Little Rock Trojans,614814,Western Ill. Leathernecks,614814,8,bot,Joe Connolly stole second.,82,2026-04-03 14:00:00-04:00,"Alfred D. Boyer Stadium (Macomb, IL)",0,MBA,2026
6486292,614856,Little Rock Trojans,614814,Western Ill. Leathernecks,614814,8,bot,Wandel Campana walked (3-2 BSBBSB).,83,2026-04-03 14:00:00-04:00,"Alfred D. Boyer Stadium (Macomb, IL)",0,MBA,2026
6486292,614856,Little Rock Trojans,614814,Western Ill. Leathernecks,614814,8,bot,Malcolm Brown to p for Brayden Walls.,84,2026-04-03 14:00:00-04:00,"Alfred D. Boyer Stadium (Macomb, IL)",0,MBA,2026
6486292,614856,Little Rock Trojans,614814,Western Ill. Leathernecks,614814,8,bot,Gage Hoover struck out looking (0-2 SSK).,85,2026-04-03 14:00:00-04:00,"Alfred D. Boyer Stadium (Macomb, IL)",0,MBA,2026
6486292,614856,Little Rock Trojans,614814,Western Ill. Leathernecks,614814,8,bot,Isaiah Monge grounded out to p (1-2 BFF).,86,2026-04-03 14:00:00-04:00,"Alfred D. Boyer Stadium (Macomb, IL)",0,MBA,2026
6486292,614856,Little Rock Trojans,614814,Western Ill. Leathernecks,614856,9,top,Jack Bilski singled to left field (0-0).,87,2026-04-03 14:00:00-04:00,"Alfred D. Boyer Stadium (Macomb, IL)",0,MBA,2026
6486292,614856,Little Rock Trojans,614814,Western Ill. Leathernecks,614856,9,top,Lance Anderson pinch ran for Jack Bilski.,88,2026-04-03 14:00:00-04:00,"Alfred D. Boyer Stadium (Macomb, IL)",0,MBA,2026
6486292,614856,Little Rock Trojans,614814,Western Ill. Leathernecks,614856,9,top,Cooper Chaplain flied out to cf (0-1 S).,89,2026-04-03 14:00:00-04:00,"Alfred D. Boyer Stadium (Macomb, IL)",0,MBA,2026
6486292,614856,Little Rock Trojans,614814,Western Ill. Leathernecks,614856,9,top,Trey Hill singled to left field (1-2 BFF); Lance Anderson advanced to second.,90,2026-04-03 14:00:00-04:00,"Alfred D. Boyer Stadium (Macomb, IL)",0,MBA,2026
6486292,614856,Little Rock Trojans,614814,Western Ill. Leathernecks,614856,9,top,Blake Simpson walked (3-2 BBSFBB); Trey Hill advanced to second; Lance Anderson advanced to third.,91,2026-04-03 14:00:00-04:00,"Alfred D. Boyer Stadium (Macomb, IL)",0,MBA,2026
6486292,614856,Little Rock Trojans,614814,Western Ill. Leathernecks,614856,9,top,"Ty Rhoades singled to left field, RBI (1-2 BFS); Blake Simpson advanced to second; Trey Hill out at third lf to 3b; Lance Anderson scored.",92,2026-04-03 14:00:00-04:00,"Alfred D. Boyer Stadium (Macomb, IL)",0,MBA,2026
6486292,614856,Little Rock Trojans,614814,Western Ill. Leathernecks,614856,9,top,Jerdy Lopez struck out looking (1-2 KBSK).,93,2026-04-03 14:00:00-04:00,"Alfred D. Boyer Stadium (Macomb, IL)",0,MBA,2026
6486292,614856,Little Rock Trojans,614814,Western Ill. Leathernecks,614814,9,bot,Gage Haley to p for Malcolm Brown.,94,2026-04-03 14:00:00-04:00,"Alfred D. Boyer Stadium (Macomb, IL)",0,MBA,2026
6486292,614856,Little Rock Trojans,614814,Western Ill. Leathernecks,614814,9,bot,Cordell Coburn doubled to left field (2-1 BFB).,95,2026-04-03 14:00:00-04:00,"Alfred D. Boyer Stadium (Macomb, IL)",0,MBA,2026
6486292,614856,Little Rock Trojans,614814,Western Ill. Leathernecks,614814,9,bot,Tyler Large struck out looking (3-2 BSBBSFFK).,96,2026-04-03 14:00:00-04:00,"Alfred D. Boyer Stadium (Macomb, IL)",0,MBA,2026
6486292,614856,Little Rock Trojans,614814,Western Ill. Leathernecks,614814,9,bot,Krayton Morse lined out to ss (2-1 BBK).,97,2026-04-03 14:00:00-04:00,"Alfred D. Boyer Stadium (Macomb, IL)",0,MBA,2026
6486292,614856,Little Rock Trojans,614814,Western Ill. Leathernecks,614814,9,bot,"Josh McClintock struck out swinging, reached first on an error by c (2-2 BBSS); Cordell Coburn advanced to third on a passed ball.",98,2026-04-03 14:00:00-04:00,"Alfred D. Boyer Stadium (Macomb, IL)",0,MBA,2026
6486292,614856,Little Rock Trojans,614814,Western Ill. Leathernecks,614856,10,top,Kade Smith grounded out to ss (2-2 KKBB).,99,2026-04-03 14:00:00-04:00,"Alfred D. Boyer Stadium (Macomb, IL)",0,MBA,2026
6486292,614856,Little Rock Trojans,614814,Western Ill. Leathernecks,614856,10,top,Nolan Freund doubled to center field (1-1 KB).,100,2026-04-03 14:00:00-04:00,"Alfred D. Boyer Stadium (Macomb, IL)",0,MBA,2026
6486292,614856,Little Rock Trojans,614814,Western Ill. Leathernecks,614856,10,top,Easton Roe popped up to 1b (1-0 B); Nolan Freund advanced to third.,101,2026-04-03 14:00:00-04:00,"Alfred D. Boyer Stadium (Macomb, IL)",0,MBA,2026
6486292,614856,Little Rock Trojans,614814,Western Ill. Leathernecks,614856,10,top,Cade Martin pinch hit for Lance Anderson.,102,2026-04-03 14:00:00-04:00,"Alfred D. Boyer Stadium (Macomb, IL)",0,MBA,2026
6486292,614856,Little Rock Trojans,614814,Western Ill. Leathernecks,614856,10,top,"Cade Martin doubled to left field, RBI (1-0 B); Nolan Freund scored.",103,2026-04-03 14:00:00-04:00,"Alfred D. Boyer Stadium (Macomb, IL)",0,MBA,2026
6486292,614856,Little Rock Trojans,614814,Western Ill. Leathernecks,614856,10,top,Cade Martin advanced to third on a wild pitch.,104,2026-04-03 14:00:00-04:00,"Alfred D. Boyer Stadium (Macomb, IL)",0,MBA,2026
6486292,614856,Little Rock Trojans,614814,Western Ill. Leathernecks,614856,10,top,Cooper Chaplain flied out to 1b (1-0 B).,105,2026-04-03 14:00:00-04:00,"Alfred D. Boyer Stadium (Macomb, IL)",0,MBA,2026
6486292,614856,Little Rock Trojans,614814,Western Ill. Leathernecks,614814,10,bot,Joe Connolly grounded out to 2b (1-2 BSK).,106,2026-04-03 14:00:00-04:00,"Alfred D. Boyer Stadium (Macomb, IL)",0,MBA,2026
6486292,614856,Little Rock Trojans,614814,Western Ill. Leathernecks,614814,10,bot,Ty Rhoades to rf for Kade Smith.,107,2026-04-03 14:00:00-04:00,"Alfred D. Boyer Stadium (Macomb, IL)",0,MBA,2026
6486292,614856,Little Rock Trojans,614814,Western Ill. Leathernecks,614814,10,bot,Austin Coyle to cf for Cade Martin.,108,2026-04-03 14:00:00-04:00,"Alfred D. Boyer Stadium (Macomb, IL)",0,MBA,2026
6486292,614856,Little Rock Trojans,614814,Western Ill. Leathernecks,614814,10,bot,Kade Smith to lf for Blake Simpson.,109,2026-04-03 14:00:00-04:00,"Alfred D. Boyer Stadium (Macomb, IL)",0,MBA,2026
6486292,614856,Little Rock Trojans,614814,Western Ill. Leathernecks,614814,10,bot,Jack Bilski to dh for Ty Rhoades.,110,2026-04-03 14:00:00-04:00,"Alfred D. Boyer Stadium (Macomb, IL)",0,MBA,2026
6486292,614856,Little Rock Trojans,614814,Western Ill. Leathernecks,614814,10,bot,Liam Bushey grounded out to 2b (0-0).,111,2026-04-03 14:00:00-04:00,"Alfred D. Boyer Stadium (Macomb, IL)",0,MBA,2026
6486292,614856,Little Rock Trojans,614814,Western Ill. Leathernecks,614814,10,bot,Wandel Campana struck out swinging (2-2 KBBFS).,112,2026-04-03 14:00:00-04:00,"Alfred D. Boyer Stadium (Macomb, IL)",0,MBA,2026
6492897,614727,Saint Peter's Peacocks,614578,Canisius Golden Griffins,614727,1,top,RJ Azarieh grounded out p to 3b to 1b (0-1 K).,1,2026-04-03 14:00:00-04:00,"Demske Sports Complex (Buffalo, NY)",134,MBA,2026
6492897,614727,Saint Peter's Peacocks,614578,Canisius Golden Griffins,614727,1,top,Luke Schwartz doubled to center field (2-1 BBF).,2,2026-04-03 14:00:00-04:00,"Demske Sports Complex (Buffalo, NY)",134,MBA,2026
6492897,614727,Saint Peter's Peacocks,614578,Canisius Golden Griffins,614727,1,top,Alex Manent struck out swinging (2-2 BBKSS).,3,2026-04-03 14:00:00-04:00,"Demske Sports Complex (Buffalo, NY)",134,MBA,2026
6492897,614727,Saint Peter's Peacocks,614578,Canisius Golden Griffins,614727,1,top,Bobby Lavely struck out swinging (1-2 KKBS).,4,2026-04-03 14:00:00-04:00,"Demske Sports Complex (Buffalo, NY)",134,MBA,2026
6492897,614727,Saint Peter's Peacocks,614578,Canisius Golden Griffins,614578,1,bot,"Owen Silliman homered to center field, RBI (0-0).",5,2026-04-03 14:00:00-04:00,"Demske Sports Complex (Buffalo, NY)",134,MBA,2026
6492897,614727,Saint Peter's Peacocks,614578,Canisius Golden Griffins,614578,1,bot,Bennett Cox singled to center field (2-1 BBS).,6,2026-04-03 14:00:00-04:00,"Demske Sports Complex (Buffalo, NY)",134,MBA,2026
6492897,614727,Saint Peter's Peacocks,614578,Canisius Golden Griffins,614578,1,bot,Bennett Cox stole second.,7,2026-04-03 14:00:00-04:00,"Demske Sports Complex (Buffalo, NY)",134,MBA,2026
6492897,614727,Saint Peter's Peacocks,614578,Canisius Golden Griffins,614578,1,bot,Tyson Kaufman flied out to cf (2-2 KBBF).,8,2026-04-03 14:00:00-04:00,"Demske Sports Complex (Buffalo, NY)",134,MBA,2026
6492897,614727,Saint Peter's Peacocks,614578,Canisius Golden Griffins,614578,1,bot,"Thomas Zwirecki doubled to left field, RBI (1-2 SKB); Bennett Cox scored.",9,2026-04-03 14:00:00-04:00,"Demske Sports Complex (Buffalo, NY)",134,MBA,2026
6492897,614727,Saint Peter's Peacocks,614578,Canisius Golden Griffins,614578,1,bot,Justin Bremner struck out swinging (1-2 SBSS).,10,2026-04-03 14:00:00-04:00,"Demske Sports Complex (Buffalo, NY)",134,MBA,2026
6492897,614727,Saint Peter's Peacocks,614578,Canisius Golden Griffins,614578,1,bot,"Jc Spinosa doubled to right field, RBI (2-0 BB); Thomas Zwirecki scored.",11,2026-04-03 14:00:00-04:00,"Demske Sports Complex (Buffalo, NY)",134,MBA,2026
6492897,614727,Saint Peter's Peacocks,614578,Canisius Golden Griffins,614578,1,bot,Rocco Panepinto struck out swinging (0-2 KKS).,12,2026-04-03 14:00:00-04:00,"Demske Sports Complex (Buffalo, NY)",134,MBA,2026
6492897,614727,Saint Peter's Peacocks,614578,Canisius Golden Griffins,614727,2,top,Steve Polizzi struck out looking (2-2 SBBSK).,13,2026-04-03 14:00:00-04:00,"Demske Sports Complex (Buffalo, NY)",134,MBA,2026
6492897,614727,Saint Peter's Peacocks,614578,Canisius Golden Griffins,614727,2,top,Chase Fogg struck out swinging (1-2 SKBS).,14,2026-04-03 14:00:00-04:00,"Demske Sports Complex (Buffalo, NY)",134,MBA,2026
6492897,614727,Saint Peter's Peacocks,614578,Canisius Golden Griffins,614727,2,top,"Aidan Forrest homered to center field, RBI (3-2 BKBBKF).",15,2026-04-03 14:00:00-04:00,"Demske Sports Complex (Buffalo, NY)",134,MBA,2026
6492897,614727,Saint Peter's Peacocks,614578,Canisius Golden Griffins,614727,2,top,Joey Dwyer grounded out to ss (1-0 B).,16,2026-04-03 14:00:00-04:00,"Demske Sports Complex (Buffalo, NY)",134,MBA,2026
6492897,614727,Saint Peter's Peacocks,614578,Canisius Golden Griffins,614578,2,bot,Grady Brown grounded out to 2b (0-0).,17,2026-04-03 14:00:00-04:00,"Demske Sports Complex (Buffalo, NY)",134,MBA,2026
6492897,614727,Saint Peter's Peacocks,614578,Canisius Golden Griffins,614578,2,bot,Blake Herman hit by pitch (2-1 BFH).,18,2026-04-03 14:00:00-04:00,"Demske Sports Complex (Buffalo, NY)",134,MBA,2026
6492897,614727,Saint Peter's Peacocks,614578,Canisius Golden Griffins,614578,2,bot,Owen Silliman walked (3-0 BBBB); Blake Herman advanced to second.,19,2026-04-03 14:00:00-04:00,"Demske Sports Complex (Buffalo, NY)",134,MBA,2026
6492897,614727,Saint Peter's Peacocks,614578,Canisius Golden Griffins,614578,2,bot,Bennett Cox grounded out to p (1-2 KFBFF); Owen Silliman advanced to second; Blake Herman advanced to third.,20,2026-04-03 14:00:00-04:00,"Demske Sports Complex (Buffalo, NY)",134,MBA,2026
6492897,614727,Saint Peter's Peacocks,614578,Canisius Golden Griffins,614578,2,bot,Tyson Kaufman flied out to cf (2-2 KFBB).,21,2026-04-03 14:00:00-04:00,"Demske Sports Complex (Buffalo, NY)",134,MBA,2026
6492897,614727,Saint Peter's Peacocks,614578,Canisius Golden Griffins,614727,3,top,Max Doninger grounded out to 2b (2-2 FBFB).,22,2026-04-03 14:00:00-04:00,"Demske Sports Complex (Buffalo, NY)",134,MBA,2026
6492897,614727,Saint Peter's Peacocks,614578,Canisius Golden Griffins,614727,3,top,RJ Azarieh lined out to 1b (0-0).,23,2026-04-03 14:00:00-04:00,"Demske Sports Complex (Buffalo, NY)",134,MBA,2026
6492897,614727,Saint Peter's Peacocks,614578,Canisius Golden Griffins,614727,3,top,Luke Schwartz grounded out to 2b (1-1 BK).,24,2026-04-03 14:00:00-04:00,"Demske Sports Complex (Buffalo, NY)",134,MBA,2026
6492897,614727,Saint Peter's Peacocks,614578,Canisius Golden Griffins,614578,3,bot,Thomas Zwirecki flied out to rf (1-0 B).,25,2026-04-03 14:00:00-04:00,"Demske Sports Complex (Buffalo, NY)",134,MBA,2026
6492897,614727,Saint Peter's Peacocks,614578,Canisius Golden Griffins,614578,3,bot,Justin Bremner grounded out to ss (1-1 BF).,26,2026-04-03 14:00:00-04:00,"Demske Sports Complex (Buffalo, NY)",134,MBA,2026
6492897,614727,Saint Peter's Peacocks,614578,Canisius Golden Griffins,614578,3,bot,Jc Spinosa tripled to center field (3-2 BBBKF).,27,2026-04-03 14:00:00-04:00,"Demske Sports Complex (Buffalo, NY)",134,MBA,2026
6492897,614727,Saint Peter's Peacocks,614578,Canisius Golden Griffins,614578,3,bot,Rocco Panepinto struck out looking (0-2 FSK).,28,2026-04-03 14:00:00-04:00,"Demske Sports Complex (Buffalo, NY)",134,MBA,2026
6492897,614727,Saint Peter's Peacocks,614578,Canisius Golden Griffins,614727,4,top,Alex Manent reached first on an error by 2b (1-1 KB).,29,2026-04-03 14:00:00-04:00,"Demske Sports Complex (Buffalo, NY)",134,MBA,2026
6492897,614727,Saint Peter's Peacocks,614578,Canisius Golden Griffins,614727,4,top,Bobby Lavely fouled out to ss (2-2 BKFB); Alex Manent advanced to second.,30,2026-04-03 14:00:00-04:00,"Demske Sports Complex (Buffalo, NY)",134,MBA,2026
6492897,614727,Saint Peter's Peacocks,614578,Canisius Golden Griffins,614727,4,top,Steve Polizzi popped up to ss (1-1 KB).,31,2026-04-03 14:00:00-04:00,"Demske Sports Complex (Buffalo, NY)",134,MBA,2026
6492897,614727,Saint Peter's Peacocks,614578,Canisius Golden Griffins,614727,4,top,"Chase Fogg doubled to right field, RBI (0-0); Alex Manent scored, unearned.",32,2026-04-03 14:00:00-04:00,"Demske Sports Complex (Buffalo, NY)",134,MBA,2026
6492897,614727,Saint Peter's Peacocks,614578,Canisius Golden Griffins,614727,4,top,Aidan Forrest struck out swinging (1-2 KBFS).,33,2026-04-03 14:00:00-04:00,"Demske Sports Complex (Buffalo, NY)",134,MBA,2026
6492897,614727,Saint Peter's Peacocks,614578,Canisius Golden Griffins,614578,4,bot,Grady Brown grounded out to 1b unassisted (2-1 BBK).,34,2026-04-03 14:00:00-04:00,"Demske Sports Complex (Buffalo, NY)",134,MBA,2026
6492897,614727,Saint Peter's Peacocks,614578,Canisius Golden Griffins,614578,4,bot,"Blake Herman homered to left field, RBI (1-0 B).",35,2026-04-03 14:00:00-04:00,"Demske Sports Complex (Buffalo, NY)",134,MBA,2026
6492897,614727,Saint Peter's Peacocks,614578,Canisius Golden Griffins,614578,4,bot,Owen Silliman walked (3-2 KBBFBB).,36,2026-04-03 14:00:00-04:00,"Demske Sports Complex (Buffalo, NY)",134,MBA,2026
6492897,614727,Saint Peter's Peacocks,614578,Canisius Golden Griffins,614578,4,bot,Bennett Cox flied out to rf (0-1 F).,37,2026-04-03 14:00:00-04:00,"Demske Sports Complex (Buffalo, NY)",134,MBA,2026
6492897,614727,Saint Peter's Peacocks,614578,Canisius Golden Griffins,614578,4,bot,Tyson Kaufman flied out to cf (3-2 BKBBK).,38,2026-04-03 14:00:00-04:00,"Demske Sports Complex (Buffalo, NY)",134,MBA,2026
6492897,614727,Saint Peter's Peacocks,614578,Canisius Golden Griffins,614727,5,top,Joey Dwyer flied out to cf (1-2 FSBFFF).,39,2026-04-03 14:00:00-04:00,"Demske Sports Complex (Buffalo, NY)",134,MBA,2026
6492897,614727,Saint Peter's Peacocks,614578,Canisius Golden Griffins,614727,5,top,Max Doninger out at first 1b to p (2-2 FSBFB).,40,2026-04-03 14:00:00-04:00,"Demske Sports Complex (Buffalo, NY)",134,MBA,2026
6492897,614727,Saint Peter's Peacocks,614578,Canisius Golden Griffins,614727,5,top,RJ Azarieh doubled to right field (0-2 KS).,41,2026-04-03 14:00:00-04:00,"Demske Sports Complex (Buffalo, NY)",134,MBA,2026
6492897,614727,Saint Peter's Peacocks,614578,Canisius Golden Griffins,614727,5,top,Luke Schwartz grounded out to 3b (0-0).,42,2026-04-03 14:00:00-04:00,"Demske Sports Complex (Buffalo, NY)",134,MBA,2026
6492897,614727,Saint Peter's Peacocks,614578,Canisius Golden Griffins,614578,5,bot,Thomas Zwirecki flied out to lf (2-2 BKBK).,43,2026-04-03 14:00:00-04:00,"Demske Sports Complex (Buffalo, NY)",134,MBA,2026
6492897,614727,Saint Peter's Peacocks,614578,Canisius Golden Griffins,614578,5,bot,Justin Bremner flied out to cf (0-1 K).,44,2026-04-03 14:00:00-04:00,"Demske Sports Complex (Buffalo, NY)",134,MBA,2026
6492897,614727,Saint Peter's Peacocks,614578,Canisius Golden Griffins,614578,5,bot,Jc Spinosa struck out swinging (1-2 SFFBS).,45,2026-04-03 14:00:00-04:00,"Demske Sports Complex (Buffalo, NY)",134,MBA,2026
6492897,614727,Saint Peter's Peacocks,614578,Canisius Golden Griffins,614727,6,top,Mason Cisco to 1b for Blake Herman.,46,2026-04-03 14:00:00-04:00,"Demske Sports Complex (Buffalo, NY)",134,MBA,2026
6492897,614727,Saint Peter's Peacocks,614578,Canisius Golden Griffins,614727,6,top,Thomas Zwirecki to c.,47,2026-04-03 14:00:00-04:00,"Demske Sports Complex (Buffalo, NY)",134,MBA,2026
6492897,614727,Saint Peter's Peacocks,614578,Canisius Golden Griffins,614727,6,top,Bennett Cox to dh.,48,2026-04-03 14:00:00-04:00,"Demske Sports Complex (Buffalo, NY)",134,MBA,2026
6492897,614727,Saint Peter's Peacocks,614578,Canisius Golden Griffins,614727,6,top,Alex Manent walked (3-2 BKKFBBB).,49,2026-04-03 14:00:00-04:00,"Demske Sports Complex (Buffalo, NY)",134,MBA,2026
6492897,614727,Saint Peter's Peacocks,614578,Canisius Golden Griffins,614727,6,top,Bobby Lavely struck out swinging (1-2 BSFS).,50,2026-04-03 14:00:00-04:00,"Demske Sports Complex (Buffalo, NY)",134,MBA,2026
6492897,614727,Saint Peter's Peacocks,614578,Canisius Golden Griffins,614727,6,top,Steve Polizzi singled to center field (0-0); Alex Manent advanced to second.,51,2026-04-03 14:00:00-04:00,"Demske Sports Complex (Buffalo, NY)",134,MBA,2026
6492897,614727,Saint Peter's Peacocks,614578,Canisius Golden Griffins,614727,6,top,Chase Fogg lined out to 3b (1-0 B).,52,2026-04-03 14:00:00-04:00,"Demske Sports Complex (Buffalo, NY)",134,MBA,2026
6492897,614727,Saint Peter's Peacocks,614578,Canisius Golden Griffins,614727,6,top,Aidan Forrest struck out looking (1-2 KSFBK).,53,2026-04-03 14:00:00-04:00,"Demske Sports Complex (Buffalo, NY)",134,MBA,2026
6492897,614727,Saint Peter's Peacocks,614578,Canisius Golden Griffins,614578,6,bot,Rocco Panepinto flied out to lf (0-1 S).,54,2026-04-03 14:00:00-04:00,"Demske Sports Complex (Buffalo, NY)",134,MBA,2026
6492897,614727,Saint Peter's Peacocks,614578,Canisius Golden Griffins,614578,6,bot,Grady Brown grounded out to 2b (0-1 K).,55,2026-04-03 14:00:00-04:00,"Demske Sports Complex (Buffalo, NY)",134,MBA,2026
6492897,614727,Saint Peter's Peacocks,614578,Canisius Golden Griffins,614578,6,bot,Mason Cisco flied out to lf (0-0).,56,2026-04-03 14:00:00-04:00,"Demske Sports Complex (Buffalo, NY)",134,MBA,2026
6492897,614727,Saint Peter's Peacocks,614578,Canisius Golden Griffins,614727,7,top,Andrew Marcello to rf for Rocco Panepinto.,57,2026-04-03 14:00:00-04:00,"Demske Sports Complex (Buffalo, NY)",134,MBA,2026
6492897,614727,Saint Peter's Peacocks,614578,Canisius Golden Griffins,614727,7,top,Sam Staerker to p for Joe Lopinto.,58,2026-04-03 14:00:00-04:00,"Demske Sports Complex (Buffalo, NY)",134,MBA,2026
6492897,614727,Saint Peter's Peacocks,614578,Canisius Golden Griffins,614727,7,top,Joey Dwyer singled to third base (2-1 BSB).,59,2026-04-03 14:00:00-04:00,"Demske Sports Complex (Buffalo, NY)",134,MBA,2026
6492897,614727,Saint Peter's Peacocks,614578,Canisius Golden Griffins,614727,7,top,Max Doninger walked (3-1 BBBKB); Joey Dwyer advanced to second.,60,2026-04-03 14:00:00-04:00,"Demske Sports Complex (Buffalo, NY)",134,MBA,2026
6492897,614727,Saint Peter's Peacocks,614578,Canisius Golden Griffins,614727,7,top,"RJ Azarieh singled to center field, RBI (1-1 BS); Max Doninger advanced to second; Joey Dwyer scored.",61,2026-04-03 14:00:00-04:00,"Demske Sports Complex (Buffalo, NY)",134,MBA,2026
6492897,614727,Saint Peter's Peacocks,614578,Canisius Golden Griffins,614727,7,top,Luke Schwartz popped up to ss (2-2 BFBF).,62,2026-04-03 14:00:00-04:00,"Demske Sports Complex (Buffalo, NY)",134,MBA,2026
6492897,614727,Saint Peter's Peacocks,614578,Canisius Golden Griffins,614727,7,top,Alex Manent struck out swinging (0-2 KSS).,63,2026-04-03 14:00:00-04:00,"Demske Sports Complex (Buffalo, NY)",134,MBA,2026
6492897,614727,Saint Peter's Peacocks,614578,Canisius Golden Griffins,614727,7,top,Bobby Lavely struck out swinging (2-2 KKBBS).,64,2026-04-03 14:00:00-04:00,"Demske Sports Complex (Buffalo, NY)",134,MBA,2026
6492897,614727,Saint Peter's Peacocks,614578,Canisius Golden Griffins,614578,7,bot,Owen Silliman grounded out to 3b (2-2 BBKK).,65,2026-04-03 14:00:00-04:00,"Demske Sports Complex (Buffalo, NY)",134,MBA,2026
6492897,614727,Saint Peter's Peacocks,614578,Canisius Golden Griffins,614578,7,bot,Bennett Cox grounded out to ss (3-1 BBBK).,66,2026-04-03 14:00:00-04:00,"Demske Sports Complex (Buffalo, NY)",134,MBA,2026
6492897,614727,Saint Peter's Peacocks,614578,Canisius Golden Griffins,614578,7,bot,Tyson Kaufman flied out to cf (0-2 KF).,67,2026-04-03 14:00:00-04:00,"Demske Sports Complex (Buffalo, NY)",134,MBA,2026
6492897,614727,Saint Peter's Peacocks,614578,Canisius Golden Griffins,614727,8,top,Steve Polizzi grounded out to ss (2-2 BKKB).,68,2026-04-03 14:00:00-04:00,"Demske Sports Complex (Buffalo, NY)",134,MBA,2026
6492897,614727,Saint Peter's Peacocks,614578,Canisius Golden Griffins,614727,8,top,Chase Fogg struck out swinging (0-2 KKS).,69,2026-04-03 14:00:00-04:00,"Demske Sports Complex (Buffalo, NY)",134,MBA,2026
6492897,614727,Saint Peter's Peacocks,614578,Canisius Golden Griffins,614727,8,top,Aidan Forrest singled to second base (2-2 KSBBF).,70,2026-04-03 14:00:00-04:00,"Demske Sports Complex (Buffalo, NY)",134,MBA,2026
6492897,614727,Saint Peter's Peacocks,614578,Canisius Golden Griffins,614727,8,top,"Joey Dwyer singled to right field (0-0); Aidan Forrest advanced to third, out at home rf to ss to c.",71,2026-04-03 14:00:00-04:00,"Demske Sports Complex (Buffalo, NY)",134,MBA,2026
6492897,614727,Saint Peter's Peacocks,614578,Canisius Golden Griffins,614578,8,bot,Zaine Toneske to p for James Ellis.,72,2026-04-03 14:00:00-04:00,"Demske Sports Complex (Buffalo, NY)",134,MBA,2026
6492897,614727,Saint Peter's Peacocks,614578,Canisius Golden Griffins,614578,8,bot,Thomas Zwirecki flied out to rf (2-1 BKB).,73,2026-04-03 14:00:00-04:00,"Demske Sports Complex (Buffalo, NY)",134,MBA,2026
6492897,614727,Saint Peter's Peacocks,614578,Canisius Golden Griffins,614578,8,bot,Justin Bremner popped up to 2b (0-0).,74,2026-04-03 14:00:00-04:00,"Demske Sports Complex (Buffalo, NY)",134,MBA,2026
6492897,614727,Saint Peter's Peacocks,614578,Canisius Golden Griffins,614578,8,bot,"Jc Spinosa homered to left field, RBI (2-0 BB).",75,2026-04-03 14:00:00-04:00,"Demske Sports Complex (Buffalo, NY)",134,MBA,2026
6492897,614727,Saint Peter's Peacocks,614578,Canisius Golden Griffins,614578,8,bot,Andrew Marcello hit by pitch (1-0 H).,76,2026-04-03 14:00:00-04:00,"Demske Sports Complex (Buffalo, NY)",134,MBA,2026
6492897,614727,Saint Peter's Peacocks,614578,Canisius Golden Griffins,614578,8,bot,Andrew Marcello stole second.,77,2026-04-03 14:00:00-04:00,"Demske Sports Complex (Buffalo, NY)",134,MBA,2026
6492897,614727,Saint Peter's Peacocks,614578,Canisius Golden Griffins,614578,8,bot,Grady Brown walked (3-2 KBBFBB).,78,2026-04-03 14:00:00-04:00,"Demske Sports Complex (Buffalo, NY)",134,MBA,2026
6492897,614727,Saint Peter's Peacocks,614578,Canisius Golden Griffins,614578,8,bot,"Mason Cisco doubled to center field, 2 RBI (1-1 BK); Grady Brown scored; Andrew Marcello scored.",79,2026-04-03 14:00:00-04:00,"Demske Sports Complex (Buffalo, NY)",134,MBA,2026
6492897,614727,Saint Peter's Peacocks,614578,Canisius Golden Griffins,614578,8,bot,Owen Silliman flied out to rf (0-2 KF).,80,2026-04-03 14:00:00-04:00,"Demske Sports Complex (Buffalo, NY)",134,MBA,2026
6492897,614727,Saint Peter's Peacocks,614578,Canisius Golden Griffins,614727,9,top,Max Doninger grounded out to ss (2-1 BKB).,81,2026-04-03 14:00:00-04:00,"Demske Sports Complex (Buffalo, NY)",134,MBA,2026
6492897,614727,Saint Peter's Peacocks,614578,Canisius Golden Griffins,614727,9,top,RJ Azarieh lined out to cf (1-0 B).,82,2026-04-03 14:00:00-04:00,"Demske Sports Complex (Buffalo, NY)",134,MBA,2026
6492897,614727,Saint Peter's Peacocks,614578,Canisius Golden Griffins,614727,9,top,Luke Schwartz struck out swinging (2-2 KSBBS).,83,2026-04-03 14:00:00-04:00,"Demske Sports Complex (Buffalo, NY)",134,MBA,2026
6493252,614887,Mars Hill Lions,614940,Tusculum Pioneers,614887,1,top,Alejandro Aguilar grounded out to ss (1-1 BS).,1,2026-04-03 14:00:00-04:00,"Eastman Credit Union Field at Pioneer Park (Greeneville, TN)",311,MBA,2026
6493252,614887,Mars Hill Lions,614940,Tusculum Pioneers,614887,1,top,Carter Potts struck out swinging (0-2 KSS).,2,2026-04-03 14:00:00-04:00,"Eastman Credit Union Field at Pioneer Park (Greeneville, TN)",311,MBA,2026
6493252,614887,Mars Hill Lions,614940,Tusculum Pioneers,614887,1,top,Mel Rubiera flied out to lf (1-1 KB).,3,2026-04-03 14:00:00-04:00,"Eastman Credit Union Field at Pioneer Park (Greeneville, TN)",311,MBA,2026
6493252,614887,Mars Hill Lions,614940,Tusculum Pioneers,614940,1,bot,"Evan Goins singled up the middle, advanced to second on a fielding error by cf (1-2 KSB).",4,2026-04-03 14:00:00-04:00,"Eastman Credit Union Field at Pioneer Park (Greeneville, TN)",311,MBA,2026
6493252,614887,Mars Hill Lions,614940,Tusculum Pioneers,614940,1,bot,Jake Smith flied out to rf (3-1 BFBB).,5,2026-04-03 14:00:00-04:00,"Eastman Credit Union Field at Pioneer Park (Greeneville, TN)",311,MBA,2026
6493252,614887,Mars Hill Lions,614940,Tusculum Pioneers,614940,1,bot,Landon Dockery singled up the middle (0-0); Evan Goins advanced to third.,6,2026-04-03 14:00:00-04:00,"Eastman Credit Union Field at Pioneer Park (Greeneville, TN)",311,MBA,2026
6493252,614887,Mars Hill Lions,614940,Tusculum Pioneers,614940,1,bot,Landon Dockery stole second.,7,2026-04-03 14:00:00-04:00,"Eastman Credit Union Field at Pioneer Park (Greeneville, TN)",311,MBA,2026
6493252,614887,Mars Hill Lions,614940,Tusculum Pioneers,614940,1,bot,Alejandro Ponte walked (3-1 KBBBB).,8,2026-04-03 14:00:00-04:00,"Eastman Credit Union Field at Pioneer Park (Greeneville, TN)",311,MBA,2026
6493252,614887,Mars Hill Lions,614940,Tusculum Pioneers,614940,1,bot,"Jack Gagen singled to center field, 2 RBI, advanced to second on a throwing error by cf (1-1 SB); Alejandro Ponte advanced to third; Landon Dockery scored; Evan Goins scored.",9,2026-04-03 14:00:00-04:00,"Eastman Credit Union Field at Pioneer Park (Greeneville, TN)",311,MBA,2026
6493252,614887,Mars Hill Lions,614940,Tusculum Pioneers,614940,1,bot,"Kolby Watson flied out to lf, sacrifice fly, RBI (0-0); Alejandro Ponte scored.",10,2026-04-03 14:00:00-04:00,"Eastman Credit Union Field at Pioneer Park (Greeneville, TN)",311,MBA,2026
6493252,614887,Mars Hill Lions,614940,Tusculum Pioneers,614940,1,bot,Jack Gagen advanced to third on a wild pitch.,11,2026-04-03 14:00:00-04:00,"Eastman Credit Union Field at Pioneer Park (Greeneville, TN)",311,MBA,2026
6493252,614887,Mars Hill Lions,614940,Tusculum Pioneers,614940,1,bot,"Nick Satterly homered to left field, 2 RBI (1-0 B); Jack Gagen scored.",12,2026-04-03 14:00:00-04:00,"Eastman Credit Union Field at Pioneer Park (Greeneville, TN)",311,MBA,2026
6493252,614887,Mars Hill Lions,614940,Tusculum Pioneers,614940,1,bot,Jake Absher struck out swinging (1-2 BKFS).,13,2026-04-03 14:00:00-04:00,"Eastman Credit Union Field at Pioneer Park (Greeneville, TN)",311,MBA,2026
6493252,614887,Mars Hill Lions,614940,Tusculum Pioneers,614887,2,top,Chapel Matson reached first on a fielding error by 3b (3-2 BSBBK).,14,2026-04-03 14:00:00-04:00,"Eastman Credit Union Field at Pioneer Park (Greeneville, TN)",311,MBA,2026
6493252,614887,Mars Hill Lions,614940,Tusculum Pioneers,614887,2,top,Gavyn Miller grounded into double play 2b to ss to 1b (0-1 K); Chapel Matson out on the play.,15,2026-04-03 14:00:00-04:00,"Eastman Credit Union Field at Pioneer Park (Greeneville, TN)",311,MBA,2026
6493252,614887,Mars Hill Lions,614940,Tusculum Pioneers,614887,2,top,Evan Ashe struck out looking (1-2 KKBK).,16,2026-04-03 14:00:00-04:00,"Eastman Credit Union Field at Pioneer Park (Greeneville, TN)",311,MBA,2026
6493252,614887,Mars Hill Lions,614940,Tusculum Pioneers,614940,2,bot,Caden Rector singled to left field (3-1 FBBB).,17,2026-04-03 14:00:00-04:00,"Eastman Credit Union Field at Pioneer Park (Greeneville, TN)",311,MBA,2026
6493252,614887,Mars Hill Lions,614940,Tusculum Pioneers,614940,2,bot,"Caden Rector out at second c to ss, caught stealing.",18,2026-04-03 14:00:00-04:00,"Eastman Credit Union Field at Pioneer Park (Greeneville, TN)",311,MBA,2026
6493252,614887,Mars Hill Lions,614940,Tusculum Pioneers,614940,2,bot,Evan Goins flied out to lf (2-1 BFB).,19,2026-04-03 14:00:00-04:00,"Eastman Credit Union Field at Pioneer Park (Greeneville, TN)",311,MBA,2026
6493252,614887,Mars Hill Lions,614940,Tusculum Pioneers,614940,2,bot,Jake Smith grounded out to ss (0-0).,20,2026-04-03 14:00:00-04:00,"Eastman Credit Union Field at Pioneer Park (Greeneville, TN)",311,MBA,2026
6493252,614887,Mars Hill Lions,614940,Tusculum Pioneers,614887,3,top,Terick Bumgarner singled to left center (0-1 S).,21,2026-04-03 14:00:00-04:00,"Eastman Credit Union Field at Pioneer Park (Greeneville, TN)",311,MBA,2026
6493252,614887,Mars Hill Lions,614940,Tusculum Pioneers,614887,3,top,"Peyton Starkey tripled down the rf line, RBI (1-1 BK); Terick Bumgarner scored.",22,2026-04-03 14:00:00-04:00,"Eastman Credit Union Field at Pioneer Park (Greeneville, TN)",311,MBA,2026
6493252,614887,Mars Hill Lions,614940,Tusculum Pioneers,614887,3,top,"Yeriel Pastrana flied out to rf, sacrifice fly, RBI (0-1 K); Peyton Starkey scored.",23,2026-04-03 14:00:00-04:00,"Eastman Credit Union Field at Pioneer Park (Greeneville, TN)",311,MBA,2026
6493252,614887,Mars Hill Lions,614940,Tusculum Pioneers,614887,3,top,Alejandro Aguilar struck out swinging (0-2 KKS).,24,2026-04-03 14:00:00-04:00,"Eastman Credit Union Field at Pioneer Park (Greeneville, TN)",311,MBA,2026
6493252,614887,Mars Hill Lions,614940,Tusculum Pioneers,614887,3,top,Carter Potts popped up to ss (0-0).,25,2026-04-03 14:00:00-04:00,"Eastman Credit Union Field at Pioneer Park (Greeneville, TN)",311,MBA,2026
6493252,614887,Mars Hill Lions,614940,Tusculum Pioneers,614940,3,bot,Landon Dockery grounded out to 2b (0-0).,26,2026-04-03 14:00:00-04:00,"Eastman Credit Union Field at Pioneer Park (Greeneville, TN)",311,MBA,2026
6493252,614887,Mars Hill Lions,614940,Tusculum Pioneers,614940,3,bot,Alejandro Ponte walked (3-2 BBKKBB).,27,2026-04-03 14:00:00-04:00,"Eastman Credit Union Field at Pioneer Park (Greeneville, TN)",311,MBA,2026
6493252,614887,Mars Hill Lions,614940,Tusculum Pioneers,614940,3,bot,Jack Gagen struck out swinging (2-2 SKBBS).,28,2026-04-03 14:00:00-04:00,"Eastman Credit Union Field at Pioneer Park (Greeneville, TN)",311,MBA,2026
6493252,614887,Mars Hill Lions,614940,Tusculum Pioneers,614940,3,bot,Kolby Watson walked (3-1 BBBKB); Alejandro Ponte advanced to second.,29,2026-04-03 14:00:00-04:00,"Eastman Credit Union Field at Pioneer Park (Greeneville, TN)",311,MBA,2026
6493252,614887,Mars Hill Lions,614940,Tusculum Pioneers,614940,3,bot,Nick Satterly struck out looking (3-2 KSBBBK).,30,2026-04-03 14:00:00-04:00,"Eastman Credit Union Field at Pioneer Park (Greeneville, TN)",311,MBA,2026
6493252,614887,Mars Hill Lions,614940,Tusculum Pioneers,614887,4,top,Mel Rubiera flied out to cf (0-1 K).,31,2026-04-03 14:00:00-04:00,"Eastman Credit Union Field at Pioneer Park (Greeneville, TN)",311,MBA,2026
6493252,614887,Mars Hill Lions,614940,Tusculum Pioneers,614887,4,top,Chapel Matson struck out looking (3-2 SBSFBBK).,32,2026-04-03 14:00:00-04:00,"Eastman Credit Union Field at Pioneer Park (Greeneville, TN)",311,MBA,2026
6493252,614887,Mars Hill Lions,614940,Tusculum Pioneers,614887,4,top,Gavyn Miller struck out looking (1-2 FKBK).,33,2026-04-03 14:00:00-04:00,"Eastman Credit Union Field at Pioneer Park (Greeneville, TN)",311,MBA,2026
6493252,614887,Mars Hill Lions,614940,Tusculum Pioneers,614940,4,bot,Jake Absher hit by pitch (1-0 H).,34,2026-04-03 14:00:00-04:00,"Eastman Credit Union Field at Pioneer Park (Greeneville, TN)",311,MBA,2026
6493252,614887,Mars Hill Lions,614940,Tusculum Pioneers,614940,4,bot,"Caden Rector grounded out to 3b, SAC, bunt (0-0); Jake Absher advanced to second.",35,2026-04-03 14:00:00-04:00,"Eastman Credit Union Field at Pioneer Park (Greeneville, TN)",311,MBA,2026
6493252,614887,Mars Hill Lions,614940,Tusculum Pioneers,614940,4,bot,Evan Goins singled through the left side (2-2 KFBB); Jake Absher advanced to third.,36,2026-04-03 14:00:00-04:00,"Eastman Credit Union Field at Pioneer Park (Greeneville, TN)",311,MBA,2026
6493252,614887,Mars Hill Lions,614940,Tusculum Pioneers,614940,4,bot,"Jake Smith doubled down the lf line, RBI (0-0); Evan Goins advanced to third; Jake Absher scored.",37,2026-04-03 14:00:00-04:00,"Eastman Credit Union Field at Pioneer Park (Greeneville, TN)",311,MBA,2026
6493252,614887,Mars Hill Lions,614940,Tusculum Pioneers,614940,4,bot,"Landon Dockery singled to center field, 2 RBI, advanced to second on a fielding error by cf, advanced to third (0-1 K); Jake Smith scored; Evan Goins scored.",38,2026-04-03 14:00:00-04:00,"Eastman Credit Union Field at Pioneer Park (Greeneville, TN)",311,MBA,2026
6493252,614887,Mars Hill Lions,614940,Tusculum Pioneers,614940,4,bot,Alejandro Ponte walked (3-1 KBBBB).,39,2026-04-03 14:00:00-04:00,"Eastman Credit Union Field at Pioneer Park (Greeneville, TN)",311,MBA,2026
6493252,614887,Mars Hill Lions,614940,Tusculum Pioneers,614940,4,bot,"Jack Gagen reached on a fielder's choice, RBI (1-1 FB); Alejandro Ponte out at second 2b to ss; Landon Dockery scored, unearned.",40,2026-04-03 14:00:00-04:00,"Eastman Credit Union Field at Pioneer Park (Greeneville, TN)",311,MBA,2026
6493252,614887,Mars Hill Lions,614940,Tusculum Pioneers,614940,4,bot,Kolby Watson struck out swinging (1-2 KKBS).,41,2026-04-03 14:00:00-04:00,"Eastman Credit Union Field at Pioneer Park (Greeneville, TN)",311,MBA,2026
6493252,614887,Mars Hill Lions,614940,Tusculum Pioneers,614887,5,top,Evan Ashe popped up to 3b (2-1 FBB).,42,2026-04-03 14:00:00-04:00,"Eastman Credit Union Field at Pioneer Park (Greeneville, TN)",311,MBA,2026
6493252,614887,Mars Hill Lions,614940,Tusculum Pioneers,614887,5,top,Terick Bumgarner singled up the middle (0-2 KF).,43,2026-04-03 14:00:00-04:00,"Eastman Credit Union Field at Pioneer Park (Greeneville, TN)",311,MBA,2026
6493252,614887,Mars Hill Lions,614940,Tusculum Pioneers,614887,5,top,Peyton Starkey reached on a fielder's choice (1-0 B); Terick Bumgarner out at second 3b to 2b.,44,2026-04-03 14:00:00-04:00,"Eastman Credit Union Field at Pioneer Park (Greeneville, TN)",311,MBA,2026
6493252,614887,Mars Hill Lions,614940,Tusculum Pioneers,614887,5,top,Yeriel Pastrana singled to left center (0-2 FS); Peyton Starkey advanced to second.,45,2026-04-03 14:00:00-04:00,"Eastman Credit Union Field at Pioneer Park (Greeneville, TN)",311,MBA,2026
6493252,614887,Mars Hill Lions,614940,Tusculum Pioneers,614887,5,top,Alejandro Aguilar struck out swinging (3-2 BBSSFBFS).,46,2026-04-03 14:00:00-04:00,"Eastman Credit Union Field at Pioneer Park (Greeneville, TN)",311,MBA,2026
6493252,614887,Mars Hill Lions,614940,Tusculum Pioneers,614940,5,bot,Seth Coxie to p for Austin Kutz.,47,2026-04-03 14:00:00-04:00,"Eastman Credit Union Field at Pioneer Park (Greeneville, TN)",311,MBA,2026
6493252,614887,Mars Hill Lions,614940,Tusculum Pioneers,614940,5,bot,Nick Satterly grounded out to 3b (3-2 BBFBK).,48,2026-04-03 14:00:00-04:00,"Eastman Credit Union Field at Pioneer Park (Greeneville, TN)",311,MBA,2026
6493252,614887,Mars Hill Lions,614940,Tusculum Pioneers,614940,5,bot,Jake Absher grounded out to ss (3-2 BBBKF).,49,2026-04-03 14:00:00-04:00,"Eastman Credit Union Field at Pioneer Park (Greeneville, TN)",311,MBA,2026
6493252,614887,Mars Hill Lions,614940,Tusculum Pioneers,614940,5,bot,Caden Rector grounded out to 3b (2-1 KBB).,50,2026-04-03 14:00:00-04:00,"Eastman Credit Union Field at Pioneer Park (Greeneville, TN)",311,MBA,2026
6493252,614887,Mars Hill Lions,614940,Tusculum Pioneers,614887,6,top,Carter Potts flied out to lf (1-1 FB).,51,2026-04-03 14:00:00-04:00,"Eastman Credit Union Field at Pioneer Park (Greeneville, TN)",311,MBA,2026
6493252,614887,Mars Hill Lions,614940,Tusculum Pioneers,614887,6,top,Mel Rubiera hit by pitch (3-2 BKFBH).,52,2026-04-03 14:00:00-04:00,"Eastman Credit Union Field at Pioneer Park (Greeneville, TN)",311,MBA,2026
6493252,614887,Mars Hill Lions,614940,Tusculum Pioneers,614887,6,top,Chapel Matson hit by pitch (1-0 H); Mel Rubiera advanced to second.,53,2026-04-03 14:00:00-04:00,"Eastman Credit Union Field at Pioneer Park (Greeneville, TN)",311,MBA,2026
6493252,614887,Mars Hill Lions,614940,Tusculum Pioneers,614887,6,top,"Gavyn Miller singled to center field, RBI (0-2 KF); Chapel Matson advanced to second; Mel Rubiera scored.",54,2026-04-03 14:00:00-04:00,"Eastman Credit Union Field at Pioneer Park (Greeneville, TN)",311,MBA,2026
6493252,614887,Mars Hill Lions,614940,Tusculum Pioneers,614887,6,top,"Evan Ashe grounded out to p, SAC, bunt (0-0); Gavyn Miller advanced to second; Chapel Matson advanced to third.",55,2026-04-03 14:00:00-04:00,"Eastman Credit Union Field at Pioneer Park (Greeneville, TN)",311,MBA,2026
6493252,614887,Mars Hill Lions,614940,Tusculum Pioneers,614887,6,top,Terick Bumgarner struck out looking (3-2 FSBBBK).,56,2026-04-03 14:00:00-04:00,"Eastman Credit Union Field at Pioneer Park (Greeneville, TN)",311,MBA,2026
6493252,614887,Mars Hill Lions,614940,Tusculum Pioneers,614940,6,bot,Evan Goins flied out to lf (2-2 BFBF).,57,2026-04-03 14:00:00-04:00,"Eastman Credit Union Field at Pioneer Park (Greeneville, TN)",311,MBA,2026
6493252,614887,Mars Hill Lions,614940,Tusculum Pioneers,614940,6,bot,Jake Smith singled to center field (0-2 FK).,58,2026-04-03 14:00:00-04:00,"Eastman Credit Union Field at Pioneer Park (Greeneville, TN)",311,MBA,2026
6493252,614887,Mars Hill Lions,614940,Tusculum Pioneers,614940,6,bot,Landon Dockery fouled out to 1b (1-0 B).,59,2026-04-03 14:00:00-04:00,"Eastman Credit Union Field at Pioneer Park (Greeneville, TN)",311,MBA,2026
6493252,614887,Mars Hill Lions,614940,Tusculum Pioneers,614940,6,bot,"Jake Smith out at second c to ss, caught stealing.",60,2026-04-03 14:00:00-04:00,"Eastman Credit Union Field at Pioneer Park (Greeneville, TN)",311,MBA,2026
6493252,614887,Mars Hill Lions,614940,Tusculum Pioneers,614887,7,top,Aiden Tipton to p for Aidan Sproles.,61,2026-04-03 14:00:00-04:00,"Eastman Credit Union Field at Pioneer Park (Greeneville, TN)",311,MBA,2026
6493252,614887,Mars Hill Lions,614940,Tusculum Pioneers,614887,7,top,Peyton Starkey flied out to rf (0-2 KKF).,62,2026-04-03 14:00:00-04:00,"Eastman Credit Union Field at Pioneer Park (Greeneville, TN)",311,MBA,2026
6493252,614887,Mars Hill Lions,614940,Tusculum Pioneers,614887,7,top,"Yeriel Pastrana singled to pitcher, bunt (0-0).",63,2026-04-03 14:00:00-04:00,"Eastman Credit Union Field at Pioneer Park (Greeneville, TN)",311,MBA,2026
6493252,614887,Mars Hill Lions,614940,Tusculum Pioneers,614887,7,top,Alejandro Aguilar struck out swinging (1-2 FFBS).,64,2026-04-03 14:00:00-04:00,"Eastman Credit Union Field at Pioneer Park (Greeneville, TN)",311,MBA,2026
6493252,614887,Mars Hill Lions,614940,Tusculum Pioneers,614887,7,top,Carter Potts popped up to 2b (0-2 KF).,65,2026-04-03 14:00:00-04:00,"Eastman Credit Union Field at Pioneer Park (Greeneville, TN)",311,MBA,2026
6493252,614887,Mars Hill Lions,614940,Tusculum Pioneers,614940,7,bot,Carter Potts to 3b.,66,2026-04-03 14:00:00-04:00,"Eastman Credit Union Field at Pioneer Park (Greeneville, TN)",311,MBA,2026
6493252,614887,Mars Hill Lions,614940,Tusculum Pioneers,614940,7,bot,Julian Lewis to ss for Peyton Starkey.,67,2026-04-03 14:00:00-04:00,"Eastman Credit Union Field at Pioneer Park (Greeneville, TN)",311,MBA,2026
6493252,614887,Mars Hill Lions,614940,Tusculum Pioneers,614940,7,bot,Alejandro Ponte singled through the left side (0-0).,68,2026-04-03 14:00:00-04:00,"Eastman Credit Union Field at Pioneer Park (Greeneville, TN)",311,MBA,2026
6493252,614887,Mars Hill Lions,614940,Tusculum Pioneers,614940,7,bot,"Jack Gagen grounded out to p, SAC, bunt (0-0); Alejandro Ponte advanced to second.",69,2026-04-03 14:00:00-04:00,"Eastman Credit Union Field at Pioneer Park (Greeneville, TN)",311,MBA,2026
6493252,614887,Mars Hill Lions,614940,Tusculum Pioneers,614940,7,bot,Kolby Watson struck out swinging (1-2 BKSS).,70,2026-04-03 14:00:00-04:00,"Eastman Credit Union Field at Pioneer Park (Greeneville, TN)",311,MBA,2026
6493252,614887,Mars Hill Lions,614940,Tusculum Pioneers,614940,7,bot,Nick Satterly struck out swinging (0-2 KSS).,71,2026-04-03 14:00:00-04:00,"Eastman Credit Union Field at Pioneer Park (Greeneville, TN)",311,MBA,2026
6493252,614887,Mars Hill Lions,614940,Tusculum Pioneers,614887,8,top,Mel Rubiera flied out to cf (0-1 K).,72,2026-04-03 14:00:00-04:00,"Eastman Credit Union Field at Pioneer Park (Greeneville, TN)",311,MBA,2026
6493252,614887,Mars Hill Lions,614940,Tusculum Pioneers,614887,8,top,Chapel Matson flied out to cf (3-2 BBKFFBF).,73,2026-04-03 14:00:00-04:00,"Eastman Credit Union Field at Pioneer Park (Greeneville, TN)",311,MBA,2026
6493252,614887,Mars Hill Lions,614940,Tusculum Pioneers,614887,8,top,Gavyn Miller singled to center field (0-2 KF).,74,2026-04-03 14:00:00-04:00,"Eastman Credit Union Field at Pioneer Park (Greeneville, TN)",311,MBA,2026
6493252,614887,Mars Hill Lions,614940,Tusculum Pioneers,614887,8,top,Evan Ashe hit by pitch (3-2 FBKFBFH); Gavyn Miller advanced to second.,75,2026-04-03 14:00:00-04:00,"Eastman Credit Union Field at Pioneer Park (Greeneville, TN)",311,MBA,2026
6493252,614887,Mars Hill Lions,614940,Tusculum Pioneers,614887,8,top,Terick Bumgarner flied out to rf (1-2 KBFF).,76,2026-04-03 14:00:00-04:00,"Eastman Credit Union Field at Pioneer Park (Greeneville, TN)",311,MBA,2026
6493252,614887,Mars Hill Lions,614940,Tusculum Pioneers,614940,8,bot,Jake Absher struck out swinging (1-2 FKFBS).,77,2026-04-03 14:00:00-04:00,"Eastman Credit Union Field at Pioneer Park (Greeneville, TN)",311,MBA,2026
6493252,614887,Mars Hill Lions,614940,Tusculum Pioneers,614940,8,bot,Caden Rector flied out to 2b (2-0 BB).,78,2026-04-03 14:00:00-04:00,"Eastman Credit Union Field at Pioneer Park (Greeneville, TN)",311,MBA,2026
6493252,614887,Mars Hill Lions,614940,Tusculum Pioneers,614940,8,bot,Evan Goins lined out to cf (0-0).,79,2026-04-03 14:00:00-04:00,"Eastman Credit Union Field at Pioneer Park (Greeneville, TN)",311,MBA,2026
6493252,614887,Mars Hill Lions,614940,Tusculum Pioneers,614887,9,top,Julian Lewis struck out looking (2-2 KBBSFK).,80,2026-04-03 14:00:00-04:00,"Eastman Credit Union Field at Pioneer Park (Greeneville, TN)",311,MBA,2026
6493252,614887,Mars Hill Lions,614940,Tusculum Pioneers,614887,9,top,Yeriel Pastrana flied out to rf (1-2 BKS).,81,2026-04-03 14:00:00-04:00,"Eastman Credit Union Field at Pioneer Park (Greeneville, TN)",311,MBA,2026
6493252,614887,Mars Hill Lions,614940,Tusculum Pioneers,614887,9,top,Alejandro Aguilar flied out to cf (2-2 KSBB).,82,2026-04-03 14:00:00-04:00,"Eastman Credit Union Field at Pioneer Park (Greeneville, TN)",311,MBA,2026
6495608,615208,Ferrum Panthers,614953,King (TN) Tornado,615208,1,top,Tyler Mason singled to right field (2-2 KBFFB).,1,2026-04-03 14:00:00-04:00,"Bristol, TN",243,MBA,2026
6495608,615208,Ferrum Panthers,614953,King (TN) Tornado,615208,1,top,Jachob Walters singled to left field (0-0)3a Tyler Mason advanced to second.,2,2026-04-03 14:00:00-04:00,"Bristol, TN",243,MBA,2026
6495608,615208,Ferrum Panthers,614953,King (TN) Tornado,615208,1,top,"Tyler Mason out at third c to 3b, caught stealing.",3,2026-04-03 14:00:00-04:00,"Bristol, TN",243,MBA,2026
6495608,615208,Ferrum Panthers,614953,King (TN) Tornado,615208,1,top,Niko Papathanasiou struck out swinging (2-2 KKBFBS).,4,2026-04-03 14:00:00-04:00,"Bristol, TN",243,MBA,2026
6495608,615208,Ferrum Panthers,614953,King (TN) Tornado,615208,1,top,Garrett Pancione flied out to rf (0-0).,5,2026-04-03 14:00:00-04:00,"Bristol, TN",243,MBA,2026
6495608,615208,Ferrum Panthers,614953,King (TN) Tornado,614953,1,bot,Jose Ruiz walked (3-0 BBBB).,6,2026-04-03 14:00:00-04:00,"Bristol, TN",243,MBA,2026
6495608,615208,Ferrum Panthers,614953,King (TN) Tornado,614953,1,bot,Justin Smith popped up to 3b (1-2 KBS).,7,2026-04-03 14:00:00-04:00,"Bristol, TN",243,MBA,2026
6495608,615208,Ferrum Panthers,614953,King (TN) Tornado,614953,1,bot,Kale Richardson popped up to 2b (0-0).,8,2026-04-03 14:00:00-04:00,"Bristol, TN",243,MBA,2026
6495608,615208,Ferrum Panthers,614953,King (TN) Tornado,614953,1,bot,"Jose Ruiz stole second, advanced to third.",9,2026-04-03 14:00:00-04:00,"Bristol, TN",243,MBA,2026
6495608,615208,Ferrum Panthers,614953,King (TN) Tornado,614953,1,bot,Tommy Regan popped up to ss (2-2 BKSB).,10,2026-04-03 14:00:00-04:00,"Bristol, TN",243,MBA,2026
6495608,615208,Ferrum Panthers,614953,King (TN) Tornado,615208,2,top,Colin Kim struck out swinging (3-2 KBSBBS).,11,2026-04-03 14:00:00-04:00,"Bristol, TN",243,MBA,2026
6495608,615208,Ferrum Panthers,614953,King (TN) Tornado,615208,2,top,CJ Kemmerer grounded out to 3b (2-2 KKBFFFB).,12,2026-04-03 14:00:00-04:00,"Bristol, TN",243,MBA,2026
6495608,615208,Ferrum Panthers,614953,King (TN) Tornado,615208,2,top,JJ Tyree fouled out to 1b (0-1 F).,13,2026-04-03 14:00:00-04:00,"Bristol, TN",243,MBA,2026
6495608,615208,Ferrum Panthers,614953,King (TN) Tornado,614953,2,bot,Misael Garcia grounded out to ss (2-0 BB).,14,2026-04-03 14:00:00-04:00,"Bristol, TN",243,MBA,2026
6495608,615208,Ferrum Panthers,614953,King (TN) Tornado,614953,2,bot,Logan Janney doubled to center field (0-2 KK).,15,2026-04-03 14:00:00-04:00,"Bristol, TN",243,MBA,2026
6495608,615208,Ferrum Panthers,614953,King (TN) Tornado,614953,2,bot,"Logan Janney out at third c to 3b, caught stealing.",16,2026-04-03 14:00:00-04:00,"Bristol, TN",243,MBA,2026
6495608,615208,Ferrum Panthers,614953,King (TN) Tornado,614953,2,bot,Kenny Hirschfeld grounded out to 3b (2-1 BFB).,17,2026-04-03 14:00:00-04:00,"Bristol, TN",243,MBA,2026
6495608,615208,Ferrum Panthers,614953,King (TN) Tornado,615208,3,top,JJ Mulhern doubled down the rf line (2-1 KBB).,18,2026-04-03 14:00:00-04:00,"Bristol, TN",243,MBA,2026
6495608,615208,Ferrum Panthers,614953,King (TN) Tornado,615208,3,top,"Smith Dickinson reached first on a throwing error by 3b, advanced to third (0-0)3a JJ Mulhern scored, unearned.",19,2026-04-03 14:00:00-04:00,"Bristol, TN",243,MBA,2026
6495608,615208,Ferrum Panthers,614953,King (TN) Tornado,615208,3,top,"Tyler Mason flied out to lf, sacrifice fly, RBI (0-0)3a Smith Dickinson scored, unearned.",20,2026-04-03 14:00:00-04:00,"Bristol, TN",243,MBA,2026
6495608,615208,Ferrum Panthers,614953,King (TN) Tornado,615208,3,top,Jachob Walters grounded out to 2b (0-0).,21,2026-04-03 14:00:00-04:00,"Bristol, TN",243,MBA,2026
6495608,615208,Ferrum Panthers,614953,King (TN) Tornado,615208,3,top,Niko Papathanasiou singled to left field (0-0).,22,2026-04-03 14:00:00-04:00,"Bristol, TN",243,MBA,2026
6495608,615208,Ferrum Panthers,614953,King (TN) Tornado,615208,3,top,Garrett Pancione fouled out to 1b (0-0).,23,2026-04-03 14:00:00-04:00,"Bristol, TN",243,MBA,2026
6495608,615208,Ferrum Panthers,614953,King (TN) Tornado,614953,3,bot,Adrian Vidal flied out to lf (1-0 B).,24,2026-04-03 14:00:00-04:00,"Bristol, TN",243,MBA,2026
6495608,615208,Ferrum Panthers,614953,King (TN) Tornado,614953,3,bot,Jacob Eargle out at first 1b to p (0-0).,25,2026-04-03 14:00:00-04:00,"Bristol, TN",243,MBA,2026
6495608,615208,Ferrum Panthers,614953,King (TN) Tornado,614953,3,bot,Jose Ruiz walked (3-2 BBFKBB).,26,2026-04-03 14:00:00-04:00,"Bristol, TN",243,MBA,2026
6495608,615208,Ferrum Panthers,614953,King (TN) Tornado,614953,3,bot,Justin Smith singled up the middle (0-1 F)3a Jose Ruiz advanced to second.,27,2026-04-03 14:00:00-04:00,"Bristol, TN",243,MBA,2026
6495608,615208,Ferrum Panthers,614953,King (TN) Tornado,614953,3,bot,"Jose Ruiz out at third c to ss to 3b, caught stealing.",28,2026-04-03 14:00:00-04:00,"Bristol, TN",243,MBA,2026
6495608,615208,Ferrum Panthers,614953,King (TN) Tornado,615208,4,top,Colin Kim flied out to lf (1-2 FKFB).,29,2026-04-03 14:00:00-04:00,"Bristol, TN",243,MBA,2026
6495608,615208,Ferrum Panthers,614953,King (TN) Tornado,615208,4,top,CJ Kemmerer walked (3-0 BBBB).,30,2026-04-03 14:00:00-04:00,"Bristol, TN",243,MBA,2026
6495608,615208,Ferrum Panthers,614953,King (TN) Tornado,615208,4,top,JJ Tyree grounded into double play ss to 2b to 1b (2-1 BFB)3a CJ Kemmerer out on the play.,31,2026-04-03 14:00:00-04:00,"Bristol, TN",243,MBA,2026
6495608,615208,Ferrum Panthers,614953,King (TN) Tornado,614953,4,bot,Kale Richardson flied out to lf (1-0 B).,32,2026-04-03 14:00:00-04:00,"Bristol, TN",243,MBA,2026
6495608,615208,Ferrum Panthers,614953,King (TN) Tornado,614953,4,bot,Tommy Regan flied out to rf (1-2 KSBF).,33,2026-04-03 14:00:00-04:00,"Bristol, TN",243,MBA,2026
6495608,615208,Ferrum Panthers,614953,King (TN) Tornado,614953,4,bot,Misael Garcia grounded out to 2b (2-2 KBBK).,34,2026-04-03 14:00:00-04:00,"Bristol, TN",243,MBA,2026
6495608,615208,Ferrum Panthers,614953,King (TN) Tornado,615208,5,top,JJ Mulhern struck out looking (2-2 BBSKK).,35,2026-04-03 14:00:00-04:00,"Bristol, TN",243,MBA,2026
6495608,615208,Ferrum Panthers,614953,King (TN) Tornado,615208,5,top,Smith Dickinson flied out to lf (3-2 BFBBF).,36,2026-04-03 14:00:00-04:00,"Bristol, TN",243,MBA,2026
6495608,615208,Ferrum Panthers,614953,King (TN) Tornado,615208,5,top,Tyler Mason tripled to center field (1-2 FBSF).,37,2026-04-03 14:00:00-04:00,"Bristol, TN",243,MBA,2026
6495608,615208,Ferrum Panthers,614953,King (TN) Tornado,615208,5,top,Jachob Walters grounded out to p (1-1 BF).,38,2026-04-03 14:00:00-04:00,"Bristol, TN",243,MBA,2026
6495608,615208,Ferrum Panthers,614953,King (TN) Tornado,614953,5,bot,Logan Janney walked (3-2 BBKFBB).,39,2026-04-03 14:00:00-04:00,"Bristol, TN",243,MBA,2026
6495608,615208,Ferrum Panthers,614953,King (TN) Tornado,614953,5,bot,"Logan Janney out at second c to 1b, caught stealing.",40,2026-04-03 14:00:00-04:00,"Bristol, TN",243,MBA,2026
6495608,615208,Ferrum Panthers,614953,King (TN) Tornado,614953,5,bot,Kenny Hirschfeld struck out looking (3-2 BFBFBFK).,41,2026-04-03 14:00:00-04:00,"Bristol, TN",243,MBA,2026
6495608,615208,Ferrum Panthers,614953,King (TN) Tornado,614953,5,bot,Adrian Vidal flied out to cf (2-2 BSFB).,42,2026-04-03 14:00:00-04:00,"Bristol, TN",243,MBA,2026
6495608,615208,Ferrum Panthers,614953,King (TN) Tornado,615208,6,top,Niko Papathanasiou struck out swinging (1-2 FBFS).,43,2026-04-03 14:00:00-04:00,"Bristol, TN",243,MBA,2026
6495608,615208,Ferrum Panthers,614953,King (TN) Tornado,615208,6,top,Garrett Pancione flied out to rf (0-0).,44,2026-04-03 14:00:00-04:00,"Bristol, TN",243,MBA,2026
6495608,615208,Ferrum Panthers,614953,King (TN) Tornado,615208,6,top,Colin Kim struck out swinging (0-2 KKS).,45,2026-04-03 14:00:00-04:00,"Bristol, TN",243,MBA,2026
6495608,615208,Ferrum Panthers,614953,King (TN) Tornado,614953,6,bot,Jacob Eargle grounded out to ss (0-2 FS).,46,2026-04-03 14:00:00-04:00,"Bristol, TN",243,MBA,2026
6495608,615208,Ferrum Panthers,614953,King (TN) Tornado,614953,6,bot,Jose Ruiz flied out to cf (0-2 KF).,47,2026-04-03 14:00:00-04:00,"Bristol, TN",243,MBA,2026
6495608,615208,Ferrum Panthers,614953,King (TN) Tornado,614953,6,bot,Justin Smith struck out looking (1-2 KBSFK).,48,2026-04-03 14:00:00-04:00,"Bristol, TN",243,MBA,2026
6495608,615208,Ferrum Panthers,614953,King (TN) Tornado,615208,7,top,CJ Kemmerer singled to left field (2-1 FBB).,49,2026-04-03 14:00:00-04:00,"Bristol, TN",243,MBA,2026
6495608,615208,Ferrum Panthers,614953,King (TN) Tornado,615208,7,top,CJ Kemmerer stole second.,50,2026-04-03 14:00:00-04:00,"Bristol, TN",243,MBA,2026
6495608,615208,Ferrum Panthers,614953,King (TN) Tornado,615208,7,top,JJ Tyree struck out swinging (1-2 FBFS).,51,2026-04-03 14:00:00-04:00,"Bristol, TN",243,MBA,2026
6495608,615208,Ferrum Panthers,614953,King (TN) Tornado,615208,7,top,JJ Mulhern grounded out to 2b (0-0)3a CJ Kemmerer advanced to third.,52,2026-04-03 14:00:00-04:00,"Bristol, TN",243,MBA,2026
6495608,615208,Ferrum Panthers,614953,King (TN) Tornado,615208,7,top,Smith Dickinson grounded out to 1b unassisted (0-1 F).,53,2026-04-03 14:00:00-04:00,"Bristol, TN",243,MBA,2026
6495608,615208,Ferrum Panthers,614953,King (TN) Tornado,614953,7,bot,Kale Richardson grounded out to 3b (2-1 FBB).,54,2026-04-03 14:00:00-04:00,"Bristol, TN",243,MBA,2026
6495608,615208,Ferrum Panthers,614953,King (TN) Tornado,614953,7,bot,Tommy Regan grounded out to 3b (0-0).,55,2026-04-03 14:00:00-04:00,"Bristol, TN",243,MBA,2026
6495608,615208,Ferrum Panthers,614953,King (TN) Tornado,614953,7,bot,Misael Garcia flied out to rf (3-1 KBBB).,56,2026-04-03 14:00:00-04:00,"Bristol, TN",243,MBA,2026
6498956,614829,Gardner-Webb Runnin' Bulldogs,614674,UNC Asheville Bulldogs,614829,1,top,"KENNELL,R flied out to rf (1-2 BKK).",1,2026-04-03 14:00:00-04:00,"Greenwood Field (Asheville, NC)",550,MBA,2026
6498956,614829,Gardner-Webb Runnin' Bulldogs,614674,UNC Asheville Bulldogs,614829,1,top,"AGOSTO,K singled to center field (3-2 KBKBFFB).",2,2026-04-03 14:00:00-04:00,"Greenwood Field (Asheville, NC)",550,MBA,2026
6498956,614829,Gardner-Webb Runnin' Bulldogs,614674,UNC Asheville Bulldogs,614829,1,top,"HAUSNER,A flied out to lf (0-1 K).",3,2026-04-03 14:00:00-04:00,"Greenwood Field (Asheville, NC)",550,MBA,2026
6498956,614829,Gardner-Webb Runnin' Bulldogs,614674,UNC Asheville Bulldogs,614829,1,top,"M,ILGENFRITZ struck out swinging (1-2 KBKS).",4,2026-04-03 14:00:00-04:00,"Greenwood Field (Asheville, NC)",550,MBA,2026
6498956,614829,Gardner-Webb Runnin' Bulldogs,614674,UNC Asheville Bulldogs,614674,1,bot,"L. Lowe struck out swinging, out at first c to 1b (3-2 BKKBFFBS).",5,2026-04-03 14:00:00-04:00,"Greenwood Field (Asheville, NC)",550,MBA,2026
6498956,614829,Gardner-Webb Runnin' Bulldogs,614674,UNC Asheville Bulldogs,614674,1,bot,B. Johnson fouled out to 3b (1-2 KFB).,6,2026-04-03 14:00:00-04:00,"Greenwood Field (Asheville, NC)",550,MBA,2026
6498956,614829,Gardner-Webb Runnin' Bulldogs,614674,UNC Asheville Bulldogs,614674,1,bot,P. Gillen flied out to cf (2-0 BB).,7,2026-04-03 14:00:00-04:00,"Greenwood Field (Asheville, NC)",550,MBA,2026
6498956,614829,Gardner-Webb Runnin' Bulldogs,614674,UNC Asheville Bulldogs,614829,2,top,"LIAO,E grounded out to 2b (0-1 K).",8,2026-04-03 14:00:00-04:00,"Greenwood Field (Asheville, NC)",550,MBA,2026
6498956,614829,Gardner-Webb Runnin' Bulldogs,614674,UNC Asheville Bulldogs,614829,2,top,"ECTOR,T grounded out to 1b unassisted (0-2 KK).",9,2026-04-03 14:00:00-04:00,"Greenwood Field (Asheville, NC)",550,MBA,2026
6498956,614829,Gardner-Webb Runnin' Bulldogs,614674,UNC Asheville Bulldogs,614829,2,top,"THOMPSON,Z grounded out to ss (1-2 BKF).",10,2026-04-03 14:00:00-04:00,"Greenwood Field (Asheville, NC)",550,MBA,2026
6498956,614829,Gardner-Webb Runnin' Bulldogs,614674,UNC Asheville Bulldogs,614674,2,bot,O. Michelson grounded out to ss (0-0).,11,2026-04-03 14:00:00-04:00,"Greenwood Field (Asheville, NC)",550,MBA,2026
6498956,614829,Gardner-Webb Runnin' Bulldogs,614674,UNC Asheville Bulldogs,614674,2,bot,B. Green grounded out to ss (0-1 K).,12,2026-04-03 14:00:00-04:00,"Greenwood Field (Asheville, NC)",550,MBA,2026
6498956,614829,Gardner-Webb Runnin' Bulldogs,614674,UNC Asheville Bulldogs,614674,2,bot,T. Parks grounded out to 2b (0-2 KF).,13,2026-04-03 14:00:00-04:00,"Greenwood Field (Asheville, NC)",550,MBA,2026
6498956,614829,Gardner-Webb Runnin' Bulldogs,614674,UNC Asheville Bulldogs,614829,3,top,"GUEVARA,D singled up the middle (0-2 KS).",14,2026-04-03 14:00:00-04:00,"Greenwood Field (Asheville, NC)",550,MBA,2026
6498956,614829,Gardner-Webb Runnin' Bulldogs,614674,UNC Asheville Bulldogs,614829,3,top,"CAMARILLO,A doubled down the rf line (0-2 KS)3a GUEVARA,D advanced to third.",15,2026-04-03 14:00:00-04:00,"Greenwood Field (Asheville, NC)",550,MBA,2026
6498956,614829,Gardner-Webb Runnin' Bulldogs,614674,UNC Asheville Bulldogs,614829,3,top,"KENNELL,R flied out to cf to left center (0-2 SF).",16,2026-04-03 14:00:00-04:00,"Greenwood Field (Asheville, NC)",550,MBA,2026
6498956,614829,Gardner-Webb Runnin' Bulldogs,614674,UNC Asheville Bulldogs,614829,3,top,"AGOSTO,K singled through the right side, 2 RBI (1-1 BK)3a CAMARILLO,A scored3a GUEVARA,D scored.",17,2026-04-03 14:00:00-04:00,"Greenwood Field (Asheville, NC)",550,MBA,2026
6498956,614829,Gardner-Webb Runnin' Bulldogs,614674,UNC Asheville Bulldogs,614829,3,top,"AGOSTO,K out at second c to ss, caught stealing.",18,2026-04-03 14:00:00-04:00,"Greenwood Field (Asheville, NC)",550,MBA,2026
6498956,614829,Gardner-Webb Runnin' Bulldogs,614674,UNC Asheville Bulldogs,614829,3,top,"HAUSNER,A struck out swinging (1-2 KSBS).",19,2026-04-03 14:00:00-04:00,"Greenwood Field (Asheville, NC)",550,MBA,2026
6498956,614829,Gardner-Webb Runnin' Bulldogs,614674,UNC Asheville Bulldogs,614674,3,bot,Z. Swangim grounded out to 3b (0-1 F).,20,2026-04-03 14:00:00-04:00,"Greenwood Field (Asheville, NC)",550,MBA,2026
6498956,614829,Gardner-Webb Runnin' Bulldogs,614674,UNC Asheville Bulldogs,614674,3,bot,C. McGinnis popped up to ss to left center (3-2 BBFBK).,21,2026-04-03 14:00:00-04:00,"Greenwood Field (Asheville, NC)",550,MBA,2026
6498956,614829,Gardner-Webb Runnin' Bulldogs,614674,UNC Asheville Bulldogs,614674,3,bot,J. Pereira grounded out to 2b (2-2 KBKFB).,22,2026-04-03 14:00:00-04:00,"Greenwood Field (Asheville, NC)",550,MBA,2026
6498956,614829,Gardner-Webb Runnin' Bulldogs,614674,UNC Asheville Bulldogs,614829,4,top,"M,ILGENFRITZ singled to left field (0-0).",23,2026-04-03 14:00:00-04:00,"Greenwood Field (Asheville, NC)",550,MBA,2026
6498956,614829,Gardner-Webb Runnin' Bulldogs,614674,UNC Asheville Bulldogs,614829,4,top,"LIAO,E singled through the left side (2-0 BB)3a M,ILGENFRITZ advanced to second.",24,2026-04-03 14:00:00-04:00,"Greenwood Field (Asheville, NC)",550,MBA,2026
6498956,614829,Gardner-Webb Runnin' Bulldogs,614674,UNC Asheville Bulldogs,614829,4,top,"ECTOR,T reached on a fielder's choice, SAC, bunt (0-1 K)3a LIAO,E advanced to second3a M,ILGENFRITZ advanced to third.",25,2026-04-03 14:00:00-04:00,"Greenwood Field (Asheville, NC)",550,MBA,2026
6498956,614829,Gardner-Webb Runnin' Bulldogs,614674,UNC Asheville Bulldogs,614829,4,top,"THOMPSON,Z reached on a fielder's choice, advanced to second, RBI (1-2 BFF)3a ECTOR,T advanced to third3a LIAO,E advanced to third, scored on a throwing error by ss3a M,ILGENFRITZ scored.",26,2026-04-03 14:00:00-04:00,"Greenwood Field (Asheville, NC)",550,MBA,2026
6498956,614829,Gardner-Webb Runnin' Bulldogs,614674,UNC Asheville Bulldogs,614829,4,top,"GUEVARA,D popped up to 2b (0-0).",27,2026-04-03 14:00:00-04:00,"Greenwood Field (Asheville, NC)",550,MBA,2026
6498956,614829,Gardner-Webb Runnin' Bulldogs,614674,UNC Asheville Bulldogs,614829,4,top,"CAMARILLO,A flied out to rf, SF, RBI (0-1 K)3a THOMPSON,Z advanced to third3a ECTOR,T scored.",28,2026-04-03 14:00:00-04:00,"Greenwood Field (Asheville, NC)",550,MBA,2026
6498956,614829,Gardner-Webb Runnin' Bulldogs,614674,UNC Asheville Bulldogs,614829,4,top,"KENNELL,R grounded out to 2b up the middle (0-1 F).",29,2026-04-03 14:00:00-04:00,"Greenwood Field (Asheville, NC)",550,MBA,2026
6498956,614829,Gardner-Webb Runnin' Bulldogs,614674,UNC Asheville Bulldogs,614674,4,bot,L. Lowe struck out swinging (3-2 BBKBKS).,30,2026-04-03 14:00:00-04:00,"Greenwood Field (Asheville, NC)",550,MBA,2026
6498956,614829,Gardner-Webb Runnin' Bulldogs,614674,UNC Asheville Bulldogs,614674,4,bot,B. Johnson lined out to rf (1-1 KB).,31,2026-04-03 14:00:00-04:00,"Greenwood Field (Asheville, NC)",550,MBA,2026
6498956,614829,Gardner-Webb Runnin' Bulldogs,614674,UNC Asheville Bulldogs,614674,4,bot,P. Gillen grounded out to ss (2-0 BB).,32,2026-04-03 14:00:00-04:00,"Greenwood Field (Asheville, NC)",550,MBA,2026
6498956,614829,Gardner-Webb Runnin' Bulldogs,614674,UNC Asheville Bulldogs,614829,5,top,"AGOSTO,K grounded out to 3b (2-1 KBB).",33,2026-04-03 14:00:00-04:00,"Greenwood Field (Asheville, NC)",550,MBA,2026
6498956,614829,Gardner-Webb Runnin' Bulldogs,614674,UNC Asheville Bulldogs,614829,5,top,"HAUSNER,A flied out to lf (1-2 BKF).",34,2026-04-03 14:00:00-04:00,"Greenwood Field (Asheville, NC)",550,MBA,2026
6498956,614829,Gardner-Webb Runnin' Bulldogs,614674,UNC Asheville Bulldogs,614829,5,top,"M,ILGENFRITZ struck out swinging (2-2 BFFBS).",35,2026-04-03 14:00:00-04:00,"Greenwood Field (Asheville, NC)",550,MBA,2026
6498956,614829,Gardner-Webb Runnin' Bulldogs,614674,UNC Asheville Bulldogs,614674,5,bot,O. Michelson grounded out to 2b (3-2 BBFKB).,36,2026-04-03 14:00:00-04:00,"Greenwood Field (Asheville, NC)",550,MBA,2026
6498956,614829,Gardner-Webb Runnin' Bulldogs,614674,UNC Asheville Bulldogs,614674,5,bot,B. Green grounded out to ss (0-1 K).,37,2026-04-03 14:00:00-04:00,"Greenwood Field (Asheville, NC)",550,MBA,2026
6498956,614829,Gardner-Webb Runnin' Bulldogs,614674,UNC Asheville Bulldogs,614674,5,bot,T. Parks popped up to ss (1-2 FKB).,38,2026-04-03 14:00:00-04:00,"Greenwood Field (Asheville, NC)",550,MBA,2026
6498956,614829,Gardner-Webb Runnin' Bulldogs,614674,UNC Asheville Bulldogs,614829,6,top,"LIAO,E hit by pitch (0-0).",39,2026-04-03 14:00:00-04:00,"Greenwood Field (Asheville, NC)",550,MBA,2026
6498956,614829,Gardner-Webb Runnin' Bulldogs,614674,UNC Asheville Bulldogs,614829,6,top,"LIAO,E out at second c to ss, caught stealing.",40,2026-04-03 14:00:00-04:00,"Greenwood Field (Asheville, NC)",550,MBA,2026
6498956,614829,Gardner-Webb Runnin' Bulldogs,614674,UNC Asheville Bulldogs,614829,6,top,"ECTOR,T grounded out to 2b through the right side (1-2 SFB).",41,2026-04-03 14:00:00-04:00,"Greenwood Field (Asheville, NC)",550,MBA,2026
6498956,614829,Gardner-Webb Runnin' Bulldogs,614674,UNC Asheville Bulldogs,614829,6,top,"THOMPSON,Z struck out swinging (2-2 FSBBS).",42,2026-04-03 14:00:00-04:00,"Greenwood Field (Asheville, NC)",550,MBA,2026
6498956,614829,Gardner-Webb Runnin' Bulldogs,614674,UNC Asheville Bulldogs,614674,6,bot,Z. Swangim grounded out to 3b (0-1 K).,43,2026-04-03 14:00:00-04:00,"Greenwood Field (Asheville, NC)",550,MBA,2026
6498956,614829,Gardner-Webb Runnin' Bulldogs,614674,UNC Asheville Bulldogs,614674,6,bot,C. McGinnis flied out to cf (0-0).,44,2026-04-03 14:00:00-04:00,"Greenwood Field (Asheville, NC)",550,MBA,2026
6498956,614829,Gardner-Webb Runnin' Bulldogs,614674,UNC Asheville Bulldogs,614674,6,bot,J. Pereira singled through the left side (0-1 S).,45,2026-04-03 14:00:00-04:00,"Greenwood Field (Asheville, NC)",550,MBA,2026
6498956,614829,Gardner-Webb Runnin' Bulldogs,614674,UNC Asheville Bulldogs,614674,6,bot,J. Pereira stole second.,46,2026-04-03 14:00:00-04:00,"Greenwood Field (Asheville, NC)",550,MBA,2026
6498956,614829,Gardner-Webb Runnin' Bulldogs,614674,UNC Asheville Bulldogs,614674,6,bot,L. Lowe struck out swinging (2-2 SKBBFS).,47,2026-04-03 14:00:00-04:00,"Greenwood Field (Asheville, NC)",550,MBA,2026
6498956,614829,Gardner-Webb Runnin' Bulldogs,614674,UNC Asheville Bulldogs,614829,7,top,"GUEVARA,D flied out to rf (1-2 BKF).",48,2026-04-03 14:00:00-04:00,"Greenwood Field (Asheville, NC)",550,MBA,2026
6498956,614829,Gardner-Webb Runnin' Bulldogs,614674,UNC Asheville Bulldogs,614829,7,top,"CAMARILLO,A reached on a fielding error by ss (0-0).",49,2026-04-03 14:00:00-04:00,"Greenwood Field (Asheville, NC)",550,MBA,2026
6498956,614829,Gardner-Webb Runnin' Bulldogs,614674,UNC Asheville Bulldogs,614829,7,top,"KENNELL,R singled to shortstop (2-2 FBFFB)3a CAMARILLO,A advanced to second.",50,2026-04-03 14:00:00-04:00,"Greenwood Field (Asheville, NC)",550,MBA,2026
6498956,614829,Gardner-Webb Runnin' Bulldogs,614674,UNC Asheville Bulldogs,614829,7,top,"AGOSTO,K reached on a fielder's choice (2-2 BFKFFB)3a KENNELL,R out at second 3b to 2b3a CAMARILLO,A advanced to third.",51,2026-04-03 14:00:00-04:00,"Greenwood Field (Asheville, NC)",550,MBA,2026
6498956,614829,Gardner-Webb Runnin' Bulldogs,614674,UNC Asheville Bulldogs,614829,7,top,"CAMARILLO,A out at home c to ss to c, caught stealing.",52,2026-04-03 14:00:00-04:00,"Greenwood Field (Asheville, NC)",550,MBA,2026
6498956,614829,Gardner-Webb Runnin' Bulldogs,614674,UNC Asheville Bulldogs,614674,7,bot,B. Johnson walked (3-2 BKBFBB).,53,2026-04-03 14:00:00-04:00,"Greenwood Field (Asheville, NC)",550,MBA,2026
6498956,614829,Gardner-Webb Runnin' Bulldogs,614674,UNC Asheville Bulldogs,614674,7,bot,P. Gillen reached on a fielder's choice (0-0)3a B. Johnson out at second 2b to ss.,54,2026-04-03 14:00:00-04:00,"Greenwood Field (Asheville, NC)",550,MBA,2026
6498956,614829,Gardner-Webb Runnin' Bulldogs,614674,UNC Asheville Bulldogs,614674,7,bot,O. Michelson lined out to cf (0-0).,55,2026-04-03 14:00:00-04:00,"Greenwood Field (Asheville, NC)",550,MBA,2026
6498956,614829,Gardner-Webb Runnin' Bulldogs,614674,UNC Asheville Bulldogs,614674,7,bot,B. Green hit by pitch (0-0)3a P. Gillen advanced to second.,56,2026-04-03 14:00:00-04:00,"Greenwood Field (Asheville, NC)",550,MBA,2026
6498956,614829,Gardner-Webb Runnin' Bulldogs,614674,UNC Asheville Bulldogs,614674,7,bot,T. Parks flied out to cf to left center (3-0 BBB).,57,2026-04-03 14:00:00-04:00,"Greenwood Field (Asheville, NC)",550,MBA,2026
6498956,614829,Gardner-Webb Runnin' Bulldogs,614674,UNC Asheville Bulldogs,614829,8,top,"HAUSNER,A out at first 1b to p (0-0).",58,2026-04-03 14:00:00-04:00,"Greenwood Field (Asheville, NC)",550,MBA,2026
6498956,614829,Gardner-Webb Runnin' Bulldogs,614674,UNC Asheville Bulldogs,614829,8,top,"M,ILGENFRITZ walked (3-2 KBKBBB).",59,2026-04-03 14:00:00-04:00,"Greenwood Field (Asheville, NC)",550,MBA,2026
6498956,614829,Gardner-Webb Runnin' Bulldogs,614674,UNC Asheville Bulldogs,614829,8,top,"LIAO,E popped up to 3b (1-1 FB).",60,2026-04-03 14:00:00-04:00,"Greenwood Field (Asheville, NC)",550,MBA,2026
6498956,614829,Gardner-Webb Runnin' Bulldogs,614674,UNC Asheville Bulldogs,614829,8,top,"ECTOR,T flied out to cf (0-0).",61,2026-04-03 14:00:00-04:00,"Greenwood Field (Asheville, NC)",550,MBA,2026
6498956,614829,Gardner-Webb Runnin' Bulldogs,614674,UNC Asheville Bulldogs,614674,8,bot,Z. Swangim struck out swinging (0-2 KSS).,62,2026-04-03 14:00:00-04:00,"Greenwood Field (Asheville, NC)",550,MBA,2026
6498956,614829,Gardner-Webb Runnin' Bulldogs,614674,UNC Asheville Bulldogs,614674,8,bot,"C. McGinnis grounded out to 3b, bunt (0-0).",63,2026-04-03 14:00:00-04:00,"Greenwood Field (Asheville, NC)",550,MBA,2026
6498956,614829,Gardner-Webb Runnin' Bulldogs,614674,UNC Asheville Bulldogs,614674,8,bot,J. Pereira popped up to 2b (1-2 BKS).,64,2026-04-03 14:00:00-04:00,"Greenwood Field (Asheville, NC)",550,MBA,2026
6498956,614829,Gardner-Webb Runnin' Bulldogs,614674,UNC Asheville Bulldogs,614829,9,top,B. Green to p.,65,2026-04-03 14:00:00-04:00,"Greenwood Field (Asheville, NC)",550,MBA,2026
6498956,614829,Gardner-Webb Runnin' Bulldogs,614674,UNC Asheville Bulldogs,614829,9,top,/  for D. Turner.,66,2026-04-03 14:00:00-04:00,"Greenwood Field (Asheville, NC)",550,MBA,2026
6498956,614829,Gardner-Webb Runnin' Bulldogs,614674,UNC Asheville Bulldogs,614829,9,top,"THOMPSON,Z singled through the left side (0-2 KFFF).",67,2026-04-03 14:00:00-04:00,"Greenwood Field (Asheville, NC)",550,MBA,2026
6498956,614829,Gardner-Webb Runnin' Bulldogs,614674,UNC Asheville Bulldogs,614829,9,top,"GUEVARA,D struck out swinging (1-2 SKBFS).",68,2026-04-03 14:00:00-04:00,"Greenwood Field (Asheville, NC)",550,MBA,2026
6498956,614829,Gardner-Webb Runnin' Bulldogs,614674,UNC Asheville Bulldogs,614829,9,top,"CAMARILLO,A singled through the right side (1-0 B)3a THOMPSON,Z advanced to second.",69,2026-04-03 14:00:00-04:00,"Greenwood Field (Asheville, NC)",550,MBA,2026
6498956,614829,Gardner-Webb Runnin' Bulldogs,614674,UNC Asheville Bulldogs,614829,9,top,"KENNELL,R lined out to 1b (2-1 BBF).",70,2026-04-03 14:00:00-04:00,"Greenwood Field (Asheville, NC)",550,MBA,2026
6498956,614829,Gardner-Webb Runnin' Bulldogs,614674,UNC Asheville Bulldogs,614829,9,top,"SMITH,D pinch hit for AGOSTO,K.",71,2026-04-03 14:00:00-04:00,"Greenwood Field (Asheville, NC)",550,MBA,2026
6498956,614829,Gardner-Webb Runnin' Bulldogs,614674,UNC Asheville Bulldogs,614829,9,top,"SMITH,D singled to right field, RBI (0-0)3a CAMARILLO,A advanced to third3a THOMPSON,Z scored.",72,2026-04-03 14:00:00-04:00,"Greenwood Field (Asheville, NC)",550,MBA,2026
6498956,614829,Gardner-Webb Runnin' Bulldogs,614674,UNC Asheville Bulldogs,614829,9,top,"SMITH,D stole second.",73,2026-04-03 14:00:00-04:00,"Greenwood Field (Asheville, NC)",550,MBA,2026
6498956,614829,Gardner-Webb Runnin' Bulldogs,614674,UNC Asheville Bulldogs,614829,9,top,"HAUSNER,A walked (3-2 KBFBBB).",74,2026-04-03 14:00:00-04:00,"Greenwood Field (Asheville, NC)",550,MBA,2026
6498956,614829,Gardner-Webb Runnin' Bulldogs,614674,UNC Asheville Bulldogs,614829,9,top,"M,ILGENFRITZ flied out to cf to left center (0-1 F).",75,2026-04-03 14:00:00-04:00,"Greenwood Field (Asheville, NC)",550,MBA,2026
6498956,614829,Gardner-Webb Runnin' Bulldogs,614674,UNC Asheville Bulldogs,614674,9,bot,L. Lowe flied out to rf (2-2 KBFFB).,76,2026-04-03 14:00:00-04:00,"Greenwood Field (Asheville, NC)",550,MBA,2026
6498956,614829,Gardner-Webb Runnin' Bulldogs,614674,UNC Asheville Bulldogs,614674,9,bot,B. Johnson singled through the right side (1-1 KB).,77,2026-04-03 14:00:00-04:00,"Greenwood Field (Asheville, NC)",550,MBA,2026
6498956,614829,Gardner-Webb Runnin' Bulldogs,614674,UNC Asheville Bulldogs,614674,9,bot,P. Gillen lined out to rf (1-2 KKB).,78,2026-04-03 14:00:00-04:00,"Greenwood Field (Asheville, NC)",550,MBA,2026
6498956,614829,Gardner-Webb Runnin' Bulldogs,614674,UNC Asheville Bulldogs,614674,9,bot,O. Michelson flied out to cf (0-2 KFF).,79,2026-04-03 14:00:00-04:00,"Greenwood Field (Asheville, NC)",550,MBA,2026
6499220,615445,Schreiner Mountaineers,615484,Ozarks (AR) Eagles,615445,1,top,Shawn Rivera walked.,1,2026-04-03 14:00:00-04:00,"Lonnie R. Qualls Field at Thomas and Frances Wilson Complex (Clarksville, AR)",125,MBA,2026
6499220,615445,Schreiner Mountaineers,615484,Ozarks (AR) Eagles,615445,1,top,Daniel Rodri singled to left field; Shawn Rivera advanced to second.,2,2026-04-03 14:00:00-04:00,"Lonnie R. Qualls Field at Thomas and Frances Wilson Complex (Clarksville, AR)",125,MBA,2026
6499220,615445,Schreiner Mountaineers,615484,Ozarks (AR) Eagles,615445,1,top,Blake Juarez reached on a fielder's choice; Daniel Rodri out at second 2b to ss; Shawn Rivera advanced to third.,3,2026-04-03 14:00:00-04:00,"Lonnie R. Qualls Field at Thomas and Frances Wilson Complex (Clarksville, AR)",125,MBA,2026
6499220,615445,Schreiner Mountaineers,615484,Ozarks (AR) Eagles,615445,1,top,"Kale Lackey reached on a fielder's choice, RBI; Blake Juarez out at second 3b to 2b; Shawn Rivera scored.",4,2026-04-03 14:00:00-04:00,"Lonnie R. Qualls Field at Thomas and Frances Wilson Complex (Clarksville, AR)",125,MBA,2026
6499220,615445,Schreiner Mountaineers,615484,Ozarks (AR) Eagles,615445,1,top,"Kale Lackey out at second c to 2b, caught stealing.",5,2026-04-03 14:00:00-04:00,"Lonnie R. Qualls Field at Thomas and Frances Wilson Complex (Clarksville, AR)",125,MBA,2026
6499220,615445,Schreiner Mountaineers,615484,Ozarks (AR) Eagles,615484,1,bot,Taber Childs hit by pitch.,6,2026-04-03 14:00:00-04:00,"Lonnie R. Qualls Field at Thomas and Frances Wilson Complex (Clarksville, AR)",125,MBA,2026
6499220,615445,Schreiner Mountaineers,615484,Ozarks (AR) Eagles,615484,1,bot,Gabriel Elli singled to left field; Taber Childs advanced to second.,7,2026-04-03 14:00:00-04:00,"Lonnie R. Qualls Field at Thomas and Frances Wilson Complex (Clarksville, AR)",125,MBA,2026
6499220,615445,Schreiner Mountaineers,615484,Ozarks (AR) Eagles,615484,1,bot,"Langdon Town singled to right center, RBI; Gabriel Elli advanced to second; Taber Childs scored.",8,2026-04-03 14:00:00-04:00,"Lonnie R. Qualls Field at Thomas and Frances Wilson Complex (Clarksville, AR)",125,MBA,2026
6499220,615445,Schreiner Mountaineers,615484,Ozarks (AR) Eagles,615484,1,bot,Jacob Knox reached on a fielder's choice; Langdon Town advanced to second; Gabriel Elli out at third ss to 3b.,9,2026-04-03 14:00:00-04:00,"Lonnie R. Qualls Field at Thomas and Frances Wilson Complex (Clarksville, AR)",125,MBA,2026
6499220,615445,Schreiner Mountaineers,615484,Ozarks (AR) Eagles,615484,1,bot,Matthew McDo fouled out to p.,10,2026-04-03 14:00:00-04:00,"Lonnie R. Qualls Field at Thomas and Frances Wilson Complex (Clarksville, AR)",125,MBA,2026
6499220,615445,Schreiner Mountaineers,615484,Ozarks (AR) Eagles,615484,1,bot,"Tyler Michli singled to left field, RBI; Jacob Knox advanced to second; Langdon Town scored.",11,2026-04-03 14:00:00-04:00,"Lonnie R. Qualls Field at Thomas and Frances Wilson Complex (Clarksville, AR)",125,MBA,2026
6499220,615445,Schreiner Mountaineers,615484,Ozarks (AR) Eagles,615484,1,bot,Joseph Coon popped up to rf.,12,2026-04-03 14:00:00-04:00,"Lonnie R. Qualls Field at Thomas and Frances Wilson Complex (Clarksville, AR)",125,MBA,2026
6499220,615445,Schreiner Mountaineers,615484,Ozarks (AR) Eagles,615445,2,top,JD Blair lined out to 2b.,13,2026-04-03 14:00:00-04:00,"Lonnie R. Qualls Field at Thomas and Frances Wilson Complex (Clarksville, AR)",125,MBA,2026
6499220,615445,Schreiner Mountaineers,615484,Ozarks (AR) Eagles,615445,2,top,Nolan Harris flied out to cf.,14,2026-04-03 14:00:00-04:00,"Lonnie R. Qualls Field at Thomas and Frances Wilson Complex (Clarksville, AR)",125,MBA,2026
6499220,615445,Schreiner Mountaineers,615484,Ozarks (AR) Eagles,615445,2,top,Ethan Costel flied out to lf.,15,2026-04-03 14:00:00-04:00,"Lonnie R. Qualls Field at Thomas and Frances Wilson Complex (Clarksville, AR)",125,MBA,2026
6499220,615445,Schreiner Mountaineers,615484,Ozarks (AR) Eagles,615484,2,bot,Collin May grounded out to 2b.,16,2026-04-03 14:00:00-04:00,"Lonnie R. Qualls Field at Thomas and Frances Wilson Complex (Clarksville, AR)",125,MBA,2026
6499220,615445,Schreiner Mountaineers,615484,Ozarks (AR) Eagles,615484,2,bot,Rene Garcia grounded out to 2b.,17,2026-04-03 14:00:00-04:00,"Lonnie R. Qualls Field at Thomas and Frances Wilson Complex (Clarksville, AR)",125,MBA,2026
6499220,615445,Schreiner Mountaineers,615484,Ozarks (AR) Eagles,615484,2,bot,Taber Childs flied out to cf.,18,2026-04-03 14:00:00-04:00,"Lonnie R. Qualls Field at Thomas and Frances Wilson Complex (Clarksville, AR)",125,MBA,2026
6499220,615445,Schreiner Mountaineers,615484,Ozarks (AR) Eagles,615445,3,top,Jack Unberha walked.,19,2026-04-03 14:00:00-04:00,"Lonnie R. Qualls Field at Thomas and Frances Wilson Complex (Clarksville, AR)",125,MBA,2026
6499220,615445,Schreiner Mountaineers,615484,Ozarks (AR) Eagles,615445,3,top,"Nate Barrera grounded out to p, SAC, bunt; Jack Unberha advanced to second.",20,2026-04-03 14:00:00-04:00,"Lonnie R. Qualls Field at Thomas and Frances Wilson Complex (Clarksville, AR)",125,MBA,2026
6499220,615445,Schreiner Mountaineers,615484,Ozarks (AR) Eagles,615445,3,top,Shawn Rivera flied out to rf.,21,2026-04-03 14:00:00-04:00,"Lonnie R. Qualls Field at Thomas and Frances Wilson Complex (Clarksville, AR)",125,MBA,2026
6499220,615445,Schreiner Mountaineers,615484,Ozarks (AR) Eagles,615445,3,top,"Daniel Rodri doubled to right center, RBI; Jack Unberha scored.",22,2026-04-03 14:00:00-04:00,"Lonnie R. Qualls Field at Thomas and Frances Wilson Complex (Clarksville, AR)",125,MBA,2026
6499220,615445,Schreiner Mountaineers,615484,Ozarks (AR) Eagles,615445,3,top,Blake Juarez grounded out to 2b.,23,2026-04-03 14:00:00-04:00,"Lonnie R. Qualls Field at Thomas and Frances Wilson Complex (Clarksville, AR)",125,MBA,2026
6499220,615445,Schreiner Mountaineers,615484,Ozarks (AR) Eagles,615484,3,bot,Gabriel Elli flied out to cf.,24,2026-04-03 14:00:00-04:00,"Lonnie R. Qualls Field at Thomas and Frances Wilson Complex (Clarksville, AR)",125,MBA,2026
6499220,615445,Schreiner Mountaineers,615484,Ozarks (AR) Eagles,615484,3,bot,Langdon Town tripled to center field.,25,2026-04-03 14:00:00-04:00,"Lonnie R. Qualls Field at Thomas and Frances Wilson Complex (Clarksville, AR)",125,MBA,2026
6499220,615445,Schreiner Mountaineers,615484,Ozarks (AR) Eagles,615484,3,bot,Jacob Knox grounded out to 3b.,26,2026-04-03 14:00:00-04:00,"Lonnie R. Qualls Field at Thomas and Frances Wilson Complex (Clarksville, AR)",125,MBA,2026
6499220,615445,Schreiner Mountaineers,615484,Ozarks (AR) Eagles,615484,3,bot,Matthew McDo flied out to cf.,27,2026-04-03 14:00:00-04:00,"Lonnie R. Qualls Field at Thomas and Frances Wilson Complex (Clarksville, AR)",125,MBA,2026
6499220,615445,Schreiner Mountaineers,615484,Ozarks (AR) Eagles,615445,4,top,Kale Lackey popped up to 2b.,28,2026-04-03 14:00:00-04:00,"Lonnie R. Qualls Field at Thomas and Frances Wilson Complex (Clarksville, AR)",125,MBA,2026
6499220,615445,Schreiner Mountaineers,615484,Ozarks (AR) Eagles,615445,4,top,JD Blair hit by pitch.,29,2026-04-03 14:00:00-04:00,"Lonnie R. Qualls Field at Thomas and Frances Wilson Complex (Clarksville, AR)",125,MBA,2026
6499220,615445,Schreiner Mountaineers,615484,Ozarks (AR) Eagles,615445,4,top,Nolan Harris reached on a fielder's choice; JD Blair out at second p to ss.,30,2026-04-03 14:00:00-04:00,"Lonnie R. Qualls Field at Thomas and Frances Wilson Complex (Clarksville, AR)",125,MBA,2026
6499220,615445,Schreiner Mountaineers,615484,Ozarks (AR) Eagles,615445,4,top,Ethan Costel singled to left field; Nolan Harris advanced to second.,31,2026-04-03 14:00:00-04:00,"Lonnie R. Qualls Field at Thomas and Frances Wilson Complex (Clarksville, AR)",125,MBA,2026
6499220,615445,Schreiner Mountaineers,615484,Ozarks (AR) Eagles,615445,4,top,Jack Unberha struck out looking.,32,2026-04-03 14:00:00-04:00,"Lonnie R. Qualls Field at Thomas and Frances Wilson Complex (Clarksville, AR)",125,MBA,2026
6499220,615445,Schreiner Mountaineers,615484,Ozarks (AR) Eagles,615484,4,bot,Tyler Michli singled to left field.,33,2026-04-03 14:00:00-04:00,"Lonnie R. Qualls Field at Thomas and Frances Wilson Complex (Clarksville, AR)",125,MBA,2026
6499220,615445,Schreiner Mountaineers,615484,Ozarks (AR) Eagles,615484,4,bot,Joseph Coon popped up to 3b.,34,2026-04-03 14:00:00-04:00,"Lonnie R. Qualls Field at Thomas and Frances Wilson Complex (Clarksville, AR)",125,MBA,2026
6499220,615445,Schreiner Mountaineers,615484,Ozarks (AR) Eagles,615484,4,bot,Collin May grounded into double play ss to 2b to 1b; Tyler Michli out on the play.,35,2026-04-03 14:00:00-04:00,"Lonnie R. Qualls Field at Thomas and Frances Wilson Complex (Clarksville, AR)",125,MBA,2026
6499220,615445,Schreiner Mountaineers,615484,Ozarks (AR) Eagles,615445,5,top,Nate Barrera flied out to cf.,36,2026-04-03 14:00:00-04:00,"Lonnie R. Qualls Field at Thomas and Frances Wilson Complex (Clarksville, AR)",125,MBA,2026
6499220,615445,Schreiner Mountaineers,615484,Ozarks (AR) Eagles,615445,5,top,Shawn Rivera walked.,37,2026-04-03 14:00:00-04:00,"Lonnie R. Qualls Field at Thomas and Frances Wilson Complex (Clarksville, AR)",125,MBA,2026
6499220,615445,Schreiner Mountaineers,615484,Ozarks (AR) Eagles,615445,5,top,Daniel Rodri flied out to rf.,38,2026-04-03 14:00:00-04:00,"Lonnie R. Qualls Field at Thomas and Frances Wilson Complex (Clarksville, AR)",125,MBA,2026
6499220,615445,Schreiner Mountaineers,615484,Ozarks (AR) Eagles,615445,5,top,Blake Juarez flied out to rf.,39,2026-04-03 14:00:00-04:00,"Lonnie R. Qualls Field at Thomas and Frances Wilson Complex (Clarksville, AR)",125,MBA,2026
6499220,615445,Schreiner Mountaineers,615484,Ozarks (AR) Eagles,615484,5,bot,Rene Garcia flied out to lf.,40,2026-04-03 14:00:00-04:00,"Lonnie R. Qualls Field at Thomas and Frances Wilson Complex (Clarksville, AR)",125,MBA,2026
6499220,615445,Schreiner Mountaineers,615484,Ozarks (AR) Eagles,615484,5,bot,Taber Childs struck out swinging.,41,2026-04-03 14:00:00-04:00,"Lonnie R. Qualls Field at Thomas and Frances Wilson Complex (Clarksville, AR)",125,MBA,2026
6499220,615445,Schreiner Mountaineers,615484,Ozarks (AR) Eagles,615484,5,bot,Gabriel Elli flied out to rf.,42,2026-04-03 14:00:00-04:00,"Lonnie R. Qualls Field at Thomas and Frances Wilson Complex (Clarksville, AR)",125,MBA,2026
6499220,615445,Schreiner Mountaineers,615484,Ozarks (AR) Eagles,615445,6,top,Kale Lackey hit by pitch.,43,2026-04-03 14:00:00-04:00,"Lonnie R. Qualls Field at Thomas and Frances Wilson Complex (Clarksville, AR)",125,MBA,2026
6499220,615445,Schreiner Mountaineers,615484,Ozarks (AR) Eagles,615445,6,top,Kale Lackey stole second.,44,2026-04-03 14:00:00-04:00,"Lonnie R. Qualls Field at Thomas and Frances Wilson Complex (Clarksville, AR)",125,MBA,2026
6499220,615445,Schreiner Mountaineers,615484,Ozarks (AR) Eagles,615445,6,top,JD Blair singled to shortstop; Kale Lackey advanced to third.,45,2026-04-03 14:00:00-04:00,"Lonnie R. Qualls Field at Thomas and Frances Wilson Complex (Clarksville, AR)",125,MBA,2026
6499220,615445,Schreiner Mountaineers,615484,Ozarks (AR) Eagles,615445,6,top,"Nolan Harris singled through the right side, RBI; JD Blair advanced to third; Kale Lackey scored.",46,2026-04-03 14:00:00-04:00,"Lonnie R. Qualls Field at Thomas and Frances Wilson Complex (Clarksville, AR)",125,MBA,2026
6499220,615445,Schreiner Mountaineers,615484,Ozarks (AR) Eagles,615445,6,top,"Ethan Costel singled through the left side, RBI; Nolan Harris advanced to second; JD Blair scored.",47,2026-04-03 14:00:00-04:00,"Lonnie R. Qualls Field at Thomas and Frances Wilson Complex (Clarksville, AR)",125,MBA,2026
6499220,615445,Schreiner Mountaineers,615484,Ozarks (AR) Eagles,615445,6,top,"Jack Unberha reached on a fielder's choice, advanced to second, RBI; Ethan Costel scored, unearned; Nolan Harris advanced to third on an error by 1b, scored, unearned.",48,2026-04-03 14:00:00-04:00,"Lonnie R. Qualls Field at Thomas and Frances Wilson Complex (Clarksville, AR)",125,MBA,2026
6499220,615445,Schreiner Mountaineers,615484,Ozarks (AR) Eagles,615445,6,top,Diego Torano to p for Jake Dempsey.,49,2026-04-03 14:00:00-04:00,"Lonnie R. Qualls Field at Thomas and Frances Wilson Complex (Clarksville, AR)",125,MBA,2026
6499220,615445,Schreiner Mountaineers,615484,Ozarks (AR) Eagles,615445,6,top,Nate Barrera struck out looking.,50,2026-04-03 14:00:00-04:00,"Lonnie R. Qualls Field at Thomas and Frances Wilson Complex (Clarksville, AR)",125,MBA,2026
6499220,615445,Schreiner Mountaineers,615484,Ozarks (AR) Eagles,615445,6,top,Shawn Rivera reached on an error by ss.,51,2026-04-03 14:00:00-04:00,"Lonnie R. Qualls Field at Thomas and Frances Wilson Complex (Clarksville, AR)",125,MBA,2026
6499220,615445,Schreiner Mountaineers,615484,Ozarks (AR) Eagles,615445,6,top,Daniel Rodri reached on an error by 3b; Shawn Rivera advanced to second; Jack Unberha advanced to third.,52,2026-04-03 14:00:00-04:00,"Lonnie R. Qualls Field at Thomas and Frances Wilson Complex (Clarksville, AR)",125,MBA,2026
6499220,615445,Schreiner Mountaineers,615484,Ozarks (AR) Eagles,615445,6,top,"Blake Juarez singled to left field, RBI; Daniel Rodri advanced to second; Shawn Rivera advanced to third; Jack Unberha scored, unearned.",53,2026-04-03 14:00:00-04:00,"Lonnie R. Qualls Field at Thomas and Frances Wilson Complex (Clarksville, AR)",125,MBA,2026
6499220,615445,Schreiner Mountaineers,615484,Ozarks (AR) Eagles,615445,6,top,Kale Lackey flied out to lf.,54,2026-04-03 14:00:00-04:00,"Lonnie R. Qualls Field at Thomas and Frances Wilson Complex (Clarksville, AR)",125,MBA,2026
6499220,615445,Schreiner Mountaineers,615484,Ozarks (AR) Eagles,615445,6,top,Julius McCle to p for Diego Torano.,55,2026-04-03 14:00:00-04:00,"Lonnie R. Qualls Field at Thomas and Frances Wilson Complex (Clarksville, AR)",125,MBA,2026
6499220,615445,Schreiner Mountaineers,615484,Ozarks (AR) Eagles,615445,6,top,"JD Blair reached on an error by 2b; Blake Juarez advanced to second; Daniel Rodri advanced to third; Shawn Rivera scored, unearned.",56,2026-04-03 14:00:00-04:00,"Lonnie R. Qualls Field at Thomas and Frances Wilson Complex (Clarksville, AR)",125,MBA,2026
6499220,615445,Schreiner Mountaineers,615484,Ozarks (AR) Eagles,615445,6,top,Nolan Harris grounded out to 1b unassisted.,57,2026-04-03 14:00:00-04:00,"Lonnie R. Qualls Field at Thomas and Frances Wilson Complex (Clarksville, AR)",125,MBA,2026
6499220,615445,Schreiner Mountaineers,615484,Ozarks (AR) Eagles,615484,6,bot,Langdon Town struck out swinging.,58,2026-04-03 14:00:00-04:00,"Lonnie R. Qualls Field at Thomas and Frances Wilson Complex (Clarksville, AR)",125,MBA,2026
6499220,615445,Schreiner Mountaineers,615484,Ozarks (AR) Eagles,615484,6,bot,Jacob Knox grounded out to ss.,59,2026-04-03 14:00:00-04:00,"Lonnie R. Qualls Field at Thomas and Frances Wilson Complex (Clarksville, AR)",125,MBA,2026
6499220,615445,Schreiner Mountaineers,615484,Ozarks (AR) Eagles,615484,6,bot,Matthew McDo flied out to cf.,60,2026-04-03 14:00:00-04:00,"Lonnie R. Qualls Field at Thomas and Frances Wilson Complex (Clarksville, AR)",125,MBA,2026
6499220,615445,Schreiner Mountaineers,615484,Ozarks (AR) Eagles,615445,7,top,Jhasir Caman to p for Julius McCle.,61,2026-04-03 14:00:00-04:00,"Lonnie R. Qualls Field at Thomas and Frances Wilson Complex (Clarksville, AR)",125,MBA,2026
6499220,615445,Schreiner Mountaineers,615484,Ozarks (AR) Eagles,615445,7,top,Mason Bradle to 2b for Joseph Coon.,62,2026-04-03 14:00:00-04:00,"Lonnie R. Qualls Field at Thomas and Frances Wilson Complex (Clarksville, AR)",125,MBA,2026
6499220,615445,Schreiner Mountaineers,615484,Ozarks (AR) Eagles,615445,7,top,Ethan Costel grounded out to ss.,63,2026-04-03 14:00:00-04:00,"Lonnie R. Qualls Field at Thomas and Frances Wilson Complex (Clarksville, AR)",125,MBA,2026
6499220,615445,Schreiner Mountaineers,615484,Ozarks (AR) Eagles,615445,7,top,Jack Unberha grounded out to 2b.,64,2026-04-03 14:00:00-04:00,"Lonnie R. Qualls Field at Thomas and Frances Wilson Complex (Clarksville, AR)",125,MBA,2026
6499220,615445,Schreiner Mountaineers,615484,Ozarks (AR) Eagles,615445,7,top,Nate Barrera struck out swinging.,65,2026-04-03 14:00:00-04:00,"Lonnie R. Qualls Field at Thomas and Frances Wilson Complex (Clarksville, AR)",125,MBA,2026
6499220,615445,Schreiner Mountaineers,615484,Ozarks (AR) Eagles,615484,7,bot,Carson Romer to 2b for Nate Barrera.,66,2026-04-03 14:00:00-04:00,"Lonnie R. Qualls Field at Thomas and Frances Wilson Complex (Clarksville, AR)",125,MBA,2026
6499220,615445,Schreiner Mountaineers,615484,Ozarks (AR) Eagles,615484,7,bot,Henry Sepulv to p for Wyatt Henry.,67,2026-04-03 14:00:00-04:00,"Lonnie R. Qualls Field at Thomas and Frances Wilson Complex (Clarksville, AR)",125,MBA,2026
6499220,615445,Schreiner Mountaineers,615484,Ozarks (AR) Eagles,615484,7,bot,Tyler Michli grounded out to ss.,68,2026-04-03 14:00:00-04:00,"Lonnie R. Qualls Field at Thomas and Frances Wilson Complex (Clarksville, AR)",125,MBA,2026
6499220,615445,Schreiner Mountaineers,615484,Ozarks (AR) Eagles,615484,7,bot,Mason Bradle struck out swinging.,69,2026-04-03 14:00:00-04:00,"Lonnie R. Qualls Field at Thomas and Frances Wilson Complex (Clarksville, AR)",125,MBA,2026
6499220,615445,Schreiner Mountaineers,615484,Ozarks (AR) Eagles,615484,7,bot,Collin May grounded out to c.,70,2026-04-03 14:00:00-04:00,"Lonnie R. Qualls Field at Thomas and Frances Wilson Complex (Clarksville, AR)",125,MBA,2026
6499220,615445,Schreiner Mountaineers,615484,Ozarks (AR) Eagles,615445,8,top,Shawn Rivera singled through the left side.,71,2026-04-03 14:00:00-04:00,"Lonnie R. Qualls Field at Thomas and Frances Wilson Complex (Clarksville, AR)",125,MBA,2026
6499220,615445,Schreiner Mountaineers,615484,Ozarks (AR) Eagles,615445,8,top,Daniel Rodri singled to left field; Shawn Rivera advanced to second.,72,2026-04-03 14:00:00-04:00,"Lonnie R. Qualls Field at Thomas and Frances Wilson Complex (Clarksville, AR)",125,MBA,2026
6499220,615445,Schreiner Mountaineers,615484,Ozarks (AR) Eagles,615445,8,top,"Blake Juarez grounded out to 3b, SAC, bunt; Daniel Rodri advanced to second; Shawn Rivera advanced to third.",73,2026-04-03 14:00:00-04:00,"Lonnie R. Qualls Field at Thomas and Frances Wilson Complex (Clarksville, AR)",125,MBA,2026
6499220,615445,Schreiner Mountaineers,615484,Ozarks (AR) Eagles,615445,8,top,"Kale Lackey singled to left field, RBI; Daniel Rodri advanced to third; Shawn Rivera scored.",74,2026-04-03 14:00:00-04:00,"Lonnie R. Qualls Field at Thomas and Frances Wilson Complex (Clarksville, AR)",125,MBA,2026
6499220,615445,Schreiner Mountaineers,615484,Ozarks (AR) Eagles,615445,8,top,Braydn Rose to p for Jhasir Caman.,75,2026-04-03 14:00:00-04:00,"Lonnie R. Qualls Field at Thomas and Frances Wilson Complex (Clarksville, AR)",125,MBA,2026
6499220,615445,Schreiner Mountaineers,615484,Ozarks (AR) Eagles,615445,8,top,JD Blair hit by pitch; Kale Lackey advanced to second.,76,2026-04-03 14:00:00-04:00,"Lonnie R. Qualls Field at Thomas and Frances Wilson Complex (Clarksville, AR)",125,MBA,2026
6499220,615445,Schreiner Mountaineers,615484,Ozarks (AR) Eagles,615445,8,top,"Nolan Harris singled to right field, 2 RBI; JD Blair advanced to third; Kale Lackey scored; Daniel Rodri scored.",77,2026-04-03 14:00:00-04:00,"Lonnie R. Qualls Field at Thomas and Frances Wilson Complex (Clarksville, AR)",125,MBA,2026
6499220,615445,Schreiner Mountaineers,615484,Ozarks (AR) Eagles,615445,8,top,Ethan Costel hit by pitch; Nolan Harris advanced to second.,78,2026-04-03 14:00:00-04:00,"Lonnie R. Qualls Field at Thomas and Frances Wilson Complex (Clarksville, AR)",125,MBA,2026
6499220,615445,Schreiner Mountaineers,615484,Ozarks (AR) Eagles,615445,8,top,Cade Nickel to p for Braydn Rose.,79,2026-04-03 14:00:00-04:00,"Lonnie R. Qualls Field at Thomas and Frances Wilson Complex (Clarksville, AR)",125,MBA,2026
6499220,615445,Schreiner Mountaineers,615484,Ozarks (AR) Eagles,615445,8,top,"Jack Unberha singled to center field, 2 RBI; Ethan Costel advanced to third; Nolan Harris scored; JD Blair scored.",80,2026-04-03 14:00:00-04:00,"Lonnie R. Qualls Field at Thomas and Frances Wilson Complex (Clarksville, AR)",125,MBA,2026
6499220,615445,Schreiner Mountaineers,615484,Ozarks (AR) Eagles,615445,8,top,Carson Romer walked; Jack Unberha advanced to second.,81,2026-04-03 14:00:00-04:00,"Lonnie R. Qualls Field at Thomas and Frances Wilson Complex (Clarksville, AR)",125,MBA,2026
6499220,615445,Schreiner Mountaineers,615484,Ozarks (AR) Eagles,615445,8,top,"Shawn Rivera walked, RBI; Carson Romer advanced to second; Jack Unberha advanced to third; Ethan Costel scored.",82,2026-04-03 14:00:00-04:00,"Lonnie R. Qualls Field at Thomas and Frances Wilson Complex (Clarksville, AR)",125,MBA,2026
6499220,615445,Schreiner Mountaineers,615484,Ozarks (AR) Eagles,615445,8,top,Derek Baker to p for Cade Nickel.,83,2026-04-03 14:00:00-04:00,"Lonnie R. Qualls Field at Thomas and Frances Wilson Complex (Clarksville, AR)",125,MBA,2026
6499220,615445,Schreiner Mountaineers,615484,Ozarks (AR) Eagles,615445,8,top,"Daniel Rodri singled to left field, RBI; Shawn Rivera advanced to second; Carson Romer advanced to third; Jack Unberha scored.",84,2026-04-03 14:00:00-04:00,"Lonnie R. Qualls Field at Thomas and Frances Wilson Complex (Clarksville, AR)",125,MBA,2026
6499220,615445,Schreiner Mountaineers,615484,Ozarks (AR) Eagles,615445,8,top,"Blake Juarez reached on a fielder's choice, RBI; Daniel Rodri out at second ss to 2b; Shawn Rivera advanced to third; Carson Romer scored.",85,2026-04-03 14:00:00-04:00,"Lonnie R. Qualls Field at Thomas and Frances Wilson Complex (Clarksville, AR)",125,MBA,2026
6499220,615445,Schreiner Mountaineers,615484,Ozarks (AR) Eagles,615445,8,top,Kale Lackey struck out swinging.,86,2026-04-03 14:00:00-04:00,"Lonnie R. Qualls Field at Thomas and Frances Wilson Complex (Clarksville, AR)",125,MBA,2026
6499220,615445,Schreiner Mountaineers,615484,Ozarks (AR) Eagles,615484,8,bot,Philip Pasti pinch hit for Rene Garcia.,87,2026-04-03 14:00:00-04:00,"Lonnie R. Qualls Field at Thomas and Frances Wilson Complex (Clarksville, AR)",125,MBA,2026
6499220,615445,Schreiner Mountaineers,615484,Ozarks (AR) Eagles,615484,8,bot,Ethan Sulliv to p for Henry Sepulv.,88,2026-04-03 14:00:00-04:00,"Lonnie R. Qualls Field at Thomas and Frances Wilson Complex (Clarksville, AR)",125,MBA,2026
6499220,615445,Schreiner Mountaineers,615484,Ozarks (AR) Eagles,615484,8,bot,Philip Pasti struck out looking.,89,2026-04-03 14:00:00-04:00,"Lonnie R. Qualls Field at Thomas and Frances Wilson Complex (Clarksville, AR)",125,MBA,2026
6499220,615445,Schreiner Mountaineers,615484,Ozarks (AR) Eagles,615484,8,bot,Maxon Beasha pinch hit for Taber Childs.,90,2026-04-03 14:00:00-04:00,"Lonnie R. Qualls Field at Thomas and Frances Wilson Complex (Clarksville, AR)",125,MBA,2026
6499220,615445,Schreiner Mountaineers,615484,Ozarks (AR) Eagles,615484,8,bot,Maxon Beasha struck out swinging.,91,2026-04-03 14:00:00-04:00,"Lonnie R. Qualls Field at Thomas and Frances Wilson Complex (Clarksville, AR)",125,MBA,2026
6499220,615445,Schreiner Mountaineers,615484,Ozarks (AR) Eagles,615484,8,bot,Gabriel Elli struck out swinging.,92,2026-04-03 14:00:00-04:00,"Lonnie R. Qualls Field at Thomas and Frances Wilson Complex (Clarksville, AR)",125,MBA,2026
6501375,615337,St. John Fisher Cardinals,615444,St. Joseph's (L.I.) Golden Eagles,615337,1,top,Ryan Vanderlip hit by pitch (3-0 BBBB).,1,2026-04-03 14:00:00-04:00,"St. Joseph's Outdoor Complex (Patchogue, NY)",0,MBA,2026
6501375,615337,St. John Fisher Cardinals,615444,St. Joseph's (L.I.) Golden Eagles,615337,1,top,Ryan Vanderlip stole second.,2,2026-04-03 14:00:00-04:00,"St. Joseph's Outdoor Complex (Patchogue, NY)",0,MBA,2026
6501375,615337,St. John Fisher Cardinals,615444,St. Joseph's (L.I.) Golden Eagles,615337,1,top,Jordan Perry struck out swinging (3-2 KBBBFS).,3,2026-04-03 14:00:00-04:00,"St. Joseph's Outdoor Complex (Patchogue, NY)",0,MBA,2026
6501375,615337,St. John Fisher Cardinals,615444,St. Joseph's (L.I.) Golden Eagles,615337,1,top,Jack Griffin grounded out to p (0-1 K)3a Ryan Vanderlip advanced to third.,4,2026-04-03 14:00:00-04:00,"St. Joseph's Outdoor Complex (Patchogue, NY)",0,MBA,2026
6501375,615337,St. John Fisher Cardinals,615444,St. Joseph's (L.I.) Golden Eagles,615337,1,top,Austin Droge hit by pitch (1-0 H).,5,2026-04-03 14:00:00-04:00,"St. Joseph's Outdoor Complex (Patchogue, NY)",0,MBA,2026
6501375,615337,St. John Fisher Cardinals,615444,St. Joseph's (L.I.) Golden Eagles,615337,1,top,Austin Droge stole second.,6,2026-04-03 14:00:00-04:00,"St. Joseph's Outdoor Complex (Patchogue, NY)",0,MBA,2026
6501375,615337,St. John Fisher Cardinals,615444,St. Joseph's (L.I.) Golden Eagles,615337,1,top,"Jackson Frey singled to right field, 2 RBI (1-2 KKBF)3a Austin Droge scored3a Ryan Vanderlip scored.",7,2026-04-03 14:00:00-04:00,"St. Joseph's Outdoor Complex (Patchogue, NY)",0,MBA,2026
6501375,615337,St. John Fisher Cardinals,615444,St. Joseph's (L.I.) Golden Eagles,615337,1,top,Jackson Frey stole second.,8,2026-04-03 14:00:00-04:00,"St. Joseph's Outdoor Complex (Patchogue, NY)",0,MBA,2026
6501375,615337,St. John Fisher Cardinals,615444,St. Joseph's (L.I.) Golden Eagles,615337,1,top,Mario Cubello hit by pitch (3-2 FBKBFH).,9,2026-04-03 14:00:00-04:00,"St. Joseph's Outdoor Complex (Patchogue, NY)",0,MBA,2026
6501375,615337,St. John Fisher Cardinals,615444,St. Joseph's (L.I.) Golden Eagles,615337,1,top,Brendan Bucello flied out to lf (0-0).,10,2026-04-03 14:00:00-04:00,"St. Joseph's Outdoor Complex (Patchogue, NY)",0,MBA,2026
6501375,615337,St. John Fisher Cardinals,615444,St. Joseph's (L.I.) Golden Eagles,615444,1,bot,Ryan Kurre struck out swinging (3-2 BSKBBS).,11,2026-04-03 14:00:00-04:00,"St. Joseph's Outdoor Complex (Patchogue, NY)",0,MBA,2026
6501375,615337,St. John Fisher Cardinals,615444,St. Joseph's (L.I.) Golden Eagles,615444,1,bot,Andrew Amarando singled to left center (2-1 BKB).,12,2026-04-03 14:00:00-04:00,"St. Joseph's Outdoor Complex (Patchogue, NY)",0,MBA,2026
6501375,615337,St. John Fisher Cardinals,615444,St. Joseph's (L.I.) Golden Eagles,615444,1,bot,Joe Hackal flied out to p (1-2 BKF).,13,2026-04-03 14:00:00-04:00,"St. Joseph's Outdoor Complex (Patchogue, NY)",0,MBA,2026
6501375,615337,St. John Fisher Cardinals,615444,St. Joseph's (L.I.) Golden Eagles,615444,1,bot,Andrew Amarando stole second.,14,2026-04-03 14:00:00-04:00,"St. Joseph's Outdoor Complex (Patchogue, NY)",0,MBA,2026
6501375,615337,St. John Fisher Cardinals,615444,St. Joseph's (L.I.) Golden Eagles,615444,1,bot,Paul McNally out on batter's interference (0-0).,15,2026-04-03 14:00:00-04:00,"St. Joseph's Outdoor Complex (Patchogue, NY)",0,MBA,2026
6501375,615337,St. John Fisher Cardinals,615444,St. Joseph's (L.I.) Golden Eagles,615337,2,top,Scott Sleurs grounded out to 3b (1-2 BKF).,16,2026-04-03 14:00:00-04:00,"St. Joseph's Outdoor Complex (Patchogue, NY)",0,MBA,2026
6501375,615337,St. John Fisher Cardinals,615444,St. Joseph's (L.I.) Golden Eagles,615337,2,top,"Noah Pohrte homered to left field, RBI (2-1 BBK).",17,2026-04-03 14:00:00-04:00,"St. Joseph's Outdoor Complex (Patchogue, NY)",0,MBA,2026
6501375,615337,St. John Fisher Cardinals,615444,St. Joseph's (L.I.) Golden Eagles,615337,2,top,"Ryan Vanderlip singled, bunt (0-1 K).",18,2026-04-03 14:00:00-04:00,"St. Joseph's Outdoor Complex (Patchogue, NY)",0,MBA,2026
6501375,615337,St. John Fisher Cardinals,615444,St. Joseph's (L.I.) Golden Eagles,615337,2,top,Jordan Perry flied out to rf (1-0 B).,19,2026-04-03 14:00:00-04:00,"St. Joseph's Outdoor Complex (Patchogue, NY)",0,MBA,2026
6501375,615337,St. John Fisher Cardinals,615444,St. Joseph's (L.I.) Golden Eagles,615337,2,top,"Ryan Vanderlip out at second p to 1b to ss, caught stealing.",20,2026-04-03 14:00:00-04:00,"St. Joseph's Outdoor Complex (Patchogue, NY)",0,MBA,2026
6501375,615337,St. John Fisher Cardinals,615444,St. Joseph's (L.I.) Golden Eagles,615444,2,bot,Joe Thatcher struck out swinging (1-2 BKKS).,21,2026-04-03 14:00:00-04:00,"St. Joseph's Outdoor Complex (Patchogue, NY)",0,MBA,2026
6501375,615337,St. John Fisher Cardinals,615444,St. Joseph's (L.I.) Golden Eagles,615444,2,bot,Owen Shortell struck out swinging (1-2 BKKS).,22,2026-04-03 14:00:00-04:00,"St. Joseph's Outdoor Complex (Patchogue, NY)",0,MBA,2026
6501375,615337,St. John Fisher Cardinals,615444,St. Joseph's (L.I.) Golden Eagles,615444,2,bot,Dom Crema struck out swinging (1-2 FKBFS).,23,2026-04-03 14:00:00-04:00,"St. Joseph's Outdoor Complex (Patchogue, NY)",0,MBA,2026
6501375,615337,St. John Fisher Cardinals,615444,St. Joseph's (L.I.) Golden Eagles,615337,3,top,Jack Griffin flied out to rf (0-0).,24,2026-04-03 14:00:00-04:00,"St. Joseph's Outdoor Complex (Patchogue, NY)",0,MBA,2026
6501375,615337,St. John Fisher Cardinals,615444,St. Joseph's (L.I.) Golden Eagles,615337,3,top,Austin Droge singled to left field (0-1 K).,25,2026-04-03 14:00:00-04:00,"St. Joseph's Outdoor Complex (Patchogue, NY)",0,MBA,2026
6501375,615337,St. John Fisher Cardinals,615444,St. Joseph's (L.I.) Golden Eagles,615337,3,top,Jackson Frey grounded out to p (2-2 KKFBB)3a Austin Droge advanced to second.,26,2026-04-03 14:00:00-04:00,"St. Joseph's Outdoor Complex (Patchogue, NY)",0,MBA,2026
6501375,615337,St. John Fisher Cardinals,615444,St. Joseph's (L.I.) Golden Eagles,615337,3,top,Mario Cubello flied out to lf (0-2 KF).,27,2026-04-03 14:00:00-04:00,"St. Joseph's Outdoor Complex (Patchogue, NY)",0,MBA,2026
6501375,615337,St. John Fisher Cardinals,615444,St. Joseph's (L.I.) Golden Eagles,615444,3,bot,Alex Johnston popped up to 2b (2-1 BKB).,28,2026-04-03 14:00:00-04:00,"St. Joseph's Outdoor Complex (Patchogue, NY)",0,MBA,2026
6501375,615337,St. John Fisher Cardinals,615444,St. Joseph's (L.I.) Golden Eagles,615444,3,bot,Frankie Asaro walked (3-2 FBBFBB).,29,2026-04-03 14:00:00-04:00,"St. Joseph's Outdoor Complex (Patchogue, NY)",0,MBA,2026
6501375,615337,St. John Fisher Cardinals,615444,St. Joseph's (L.I.) Golden Eagles,615444,3,bot,Ryan Kurre grounded out to 3b (0-1 F)3a Frankie Asaro advanced to second.,30,2026-04-03 14:00:00-04:00,"St. Joseph's Outdoor Complex (Patchogue, NY)",0,MBA,2026
6501375,615337,St. John Fisher Cardinals,615444,St. Joseph's (L.I.) Golden Eagles,615444,3,bot,"Andrew Amarando doubled to left center, RBI (1-1 SB)3a Frankie Asaro scored.",31,2026-04-03 14:00:00-04:00,"St. Joseph's Outdoor Complex (Patchogue, NY)",0,MBA,2026
6501375,615337,St. John Fisher Cardinals,615444,St. Joseph's (L.I.) Golden Eagles,615444,3,bot,Joe Hackal walked (3-1 BFBBB).,32,2026-04-03 14:00:00-04:00,"St. Joseph's Outdoor Complex (Patchogue, NY)",0,MBA,2026
6501375,615337,St. John Fisher Cardinals,615444,St. Joseph's (L.I.) Golden Eagles,615444,3,bot,Paul McNally reached on a fielder's choice to second base (1-1 KB)3a Joe Hackal out at second 2b to ss.,33,2026-04-03 14:00:00-04:00,"St. Joseph's Outdoor Complex (Patchogue, NY)",0,MBA,2026
6501375,615337,St. John Fisher Cardinals,615444,St. Joseph's (L.I.) Golden Eagles,615337,4,top,Brendan Bucello flied out to rf (0-1 K).,34,2026-04-03 14:00:00-04:00,"St. Joseph's Outdoor Complex (Patchogue, NY)",0,MBA,2026
6501375,615337,St. John Fisher Cardinals,615444,St. Joseph's (L.I.) Golden Eagles,615337,4,top,Scott Sleurs hit by pitch (3-1 BBKBH).,35,2026-04-03 14:00:00-04:00,"St. Joseph's Outdoor Complex (Patchogue, NY)",0,MBA,2026
6501375,615337,St. John Fisher Cardinals,615444,St. Joseph's (L.I.) Golden Eagles,615337,4,top,"Noah Pohrte homered to left field, 2 RBI (1-1 BF)3a Scott Sleurs scored.",36,2026-04-03 14:00:00-04:00,"St. Joseph's Outdoor Complex (Patchogue, NY)",0,MBA,2026
6501375,615337,St. John Fisher Cardinals,615444,St. Joseph's (L.I.) Golden Eagles,615337,4,top,Ryan Barlow to p for Riley Morris.,37,2026-04-03 14:00:00-04:00,"St. Joseph's Outdoor Complex (Patchogue, NY)",0,MBA,2026
6501375,615337,St. John Fisher Cardinals,615444,St. Joseph's (L.I.) Golden Eagles,615337,4,top,Ryan Vanderlip struck out looking (0-2 KKK).,38,2026-04-03 14:00:00-04:00,"St. Joseph's Outdoor Complex (Patchogue, NY)",0,MBA,2026
6501375,615337,St. John Fisher Cardinals,615444,St. Joseph's (L.I.) Golden Eagles,615337,4,top,Jordan Perry flied out to cf (2-2 KBFB).,39,2026-04-03 14:00:00-04:00,"St. Joseph's Outdoor Complex (Patchogue, NY)",0,MBA,2026
6501375,615337,St. John Fisher Cardinals,615444,St. Joseph's (L.I.) Golden Eagles,615444,4,bot,Michael Bowler to p for Colin Barry.,40,2026-04-03 14:00:00-04:00,"St. Joseph's Outdoor Complex (Patchogue, NY)",0,MBA,2026
6501375,615337,St. John Fisher Cardinals,615444,St. Joseph's (L.I.) Golden Eagles,615444,4,bot,Joe Thatcher singled to left center (1-0 B).,41,2026-04-03 14:00:00-04:00,"St. Joseph's Outdoor Complex (Patchogue, NY)",0,MBA,2026
6501375,615337,St. John Fisher Cardinals,615444,St. Joseph's (L.I.) Golden Eagles,615444,4,bot,Owen Shortell grounded out to 2b (0-2 KS)3a Joe Thatcher advanced to second.,42,2026-04-03 14:00:00-04:00,"St. Joseph's Outdoor Complex (Patchogue, NY)",0,MBA,2026
6501375,615337,St. John Fisher Cardinals,615444,St. Joseph's (L.I.) Golden Eagles,615444,4,bot,Dom Crema lined out to cf (2-2 BBFK).,43,2026-04-03 14:00:00-04:00,"St. Joseph's Outdoor Complex (Patchogue, NY)",0,MBA,2026
6501375,615337,St. John Fisher Cardinals,615444,St. Joseph's (L.I.) Golden Eagles,615444,4,bot,"Alex Johnston doubled to left center, RBI (1-2 BKK)3a Joe Thatcher scored.",44,2026-04-03 14:00:00-04:00,"St. Joseph's Outdoor Complex (Patchogue, NY)",0,MBA,2026
6501375,615337,St. John Fisher Cardinals,615444,St. Joseph's (L.I.) Golden Eagles,615444,4,bot,Frankie Asaro walked (3-2 BKSBFBB).,45,2026-04-03 14:00:00-04:00,"St. Joseph's Outdoor Complex (Patchogue, NY)",0,MBA,2026
6501375,615337,St. John Fisher Cardinals,615444,St. Joseph's (L.I.) Golden Eagles,615444,4,bot,Ryan Kurre struck out swinging (0-2 KKS).,46,2026-04-03 14:00:00-04:00,"St. Joseph's Outdoor Complex (Patchogue, NY)",0,MBA,2026
6501375,615337,St. John Fisher Cardinals,615444,St. Joseph's (L.I.) Golden Eagles,615337,5,top,Jack Griffin struck out swinging (0-2 KKFS).,47,2026-04-03 14:00:00-04:00,"St. Joseph's Outdoor Complex (Patchogue, NY)",0,MBA,2026
6501375,615337,St. John Fisher Cardinals,615444,St. Joseph's (L.I.) Golden Eagles,615337,5,top,Austin Droge reached first on an error by 2b (1-1 FB).,48,2026-04-03 14:00:00-04:00,"St. Joseph's Outdoor Complex (Patchogue, NY)",0,MBA,2026
6501375,615337,St. John Fisher Cardinals,615444,St. Joseph's (L.I.) Golden Eagles,615337,5,top,Jackson Frey lined out to cf (0-0).,49,2026-04-03 14:00:00-04:00,"St. Joseph's Outdoor Complex (Patchogue, NY)",0,MBA,2026
6501375,615337,St. John Fisher Cardinals,615444,St. Joseph's (L.I.) Golden Eagles,615337,5,top,"Austin Droge out at second c to 2b, caught stealing.",50,2026-04-03 14:00:00-04:00,"St. Joseph's Outdoor Complex (Patchogue, NY)",0,MBA,2026
6501375,615337,St. John Fisher Cardinals,615444,St. Joseph's (L.I.) Golden Eagles,615444,5,bot,Andrew Amarando hit by pitch (2-1 BFH).,51,2026-04-03 14:00:00-04:00,"St. Joseph's Outdoor Complex (Patchogue, NY)",0,MBA,2026
6501375,615337,St. John Fisher Cardinals,615444,St. Joseph's (L.I.) Golden Eagles,615444,5,bot,Nate Nilsen to p for Michael Bowler.,52,2026-04-03 14:00:00-04:00,"St. Joseph's Outdoor Complex (Patchogue, NY)",0,MBA,2026
6501375,615337,St. John Fisher Cardinals,615444,St. Joseph's (L.I.) Golden Eagles,615444,5,bot,"Andrew Amarando out at first p to 1b, picked off.",53,2026-04-03 14:00:00-04:00,"St. Joseph's Outdoor Complex (Patchogue, NY)",0,MBA,2026
6501375,615337,St. John Fisher Cardinals,615444,St. Joseph's (L.I.) Golden Eagles,615444,5,bot,Joe Hackal grounded out to 2b (3-1 BKBB).,54,2026-04-03 14:00:00-04:00,"St. Joseph's Outdoor Complex (Patchogue, NY)",0,MBA,2026
6501375,615337,St. John Fisher Cardinals,615444,St. Joseph's (L.I.) Golden Eagles,615444,5,bot,Paul McNally struck out swinging (1-2 KBKS).,55,2026-04-03 14:00:00-04:00,"St. Joseph's Outdoor Complex (Patchogue, NY)",0,MBA,2026
6501375,615337,St. John Fisher Cardinals,615444,St. Joseph's (L.I.) Golden Eagles,615337,6,top,Mario Cubello grounded out to 1b unassisted (0-1 K).,56,2026-04-03 14:00:00-04:00,"St. Joseph's Outdoor Complex (Patchogue, NY)",0,MBA,2026
6501375,615337,St. John Fisher Cardinals,615444,St. Joseph's (L.I.) Golden Eagles,615337,6,top,Brendan Bucello grounded out to ss (0-2 KK).,57,2026-04-03 14:00:00-04:00,"St. Joseph's Outdoor Complex (Patchogue, NY)",0,MBA,2026
6501375,615337,St. John Fisher Cardinals,615444,St. Joseph's (L.I.) Golden Eagles,615337,6,top,Scott Sleurs singled to center field (1-0 B).,58,2026-04-03 14:00:00-04:00,"St. Joseph's Outdoor Complex (Patchogue, NY)",0,MBA,2026
6501375,615337,St. John Fisher Cardinals,615444,St. Joseph's (L.I.) Golden Eagles,615337,6,top,Scott Sleurs advanced to second on a passed ball.,59,2026-04-03 14:00:00-04:00,"St. Joseph's Outdoor Complex (Patchogue, NY)",0,MBA,2026
6501375,615337,St. John Fisher Cardinals,615444,St. Joseph's (L.I.) Golden Eagles,615337,6,top,Noah Pohrte struck out looking (1-2 SBKK).,60,2026-04-03 14:00:00-04:00,"St. Joseph's Outdoor Complex (Patchogue, NY)",0,MBA,2026
6501375,615337,St. John Fisher Cardinals,615444,St. Joseph's (L.I.) Golden Eagles,615444,6,bot,Joe Thatcher grounded out to 3b (0-0).,61,2026-04-03 14:00:00-04:00,"St. Joseph's Outdoor Complex (Patchogue, NY)",0,MBA,2026
6501375,615337,St. John Fisher Cardinals,615444,St. Joseph's (L.I.) Golden Eagles,615444,6,bot,Owen Shortell doubled to right center (0-0).,62,2026-04-03 14:00:00-04:00,"St. Joseph's Outdoor Complex (Patchogue, NY)",0,MBA,2026
6501375,615337,St. John Fisher Cardinals,615444,St. Joseph's (L.I.) Golden Eagles,615444,6,bot,Dom Crema singled to left field (0-1 K)3a Owen Shortell advanced to third.,63,2026-04-03 14:00:00-04:00,"St. Joseph's Outdoor Complex (Patchogue, NY)",0,MBA,2026
6501375,615337,St. John Fisher Cardinals,615444,St. Joseph's (L.I.) Golden Eagles,615444,6,bot,"Alex Johnston doubled to right field, RBI (2-2 KBBK)3a Dom Crema advanced to third3a Owen Shortell scored.",64,2026-04-03 14:00:00-04:00,"St. Joseph's Outdoor Complex (Patchogue, NY)",0,MBA,2026
6501375,615337,St. John Fisher Cardinals,615444,St. Joseph's (L.I.) Golden Eagles,615444,6,bot,Alex Johnston stole third3a Dom Crema stole home.,65,2026-04-03 14:00:00-04:00,"St. Joseph's Outdoor Complex (Patchogue, NY)",0,MBA,2026
6501375,615337,St. John Fisher Cardinals,615444,St. Joseph's (L.I.) Golden Eagles,615444,6,bot,Frankie Asaro struck out swinging (1-2 KBKS).,66,2026-04-03 14:00:00-04:00,"St. Joseph's Outdoor Complex (Patchogue, NY)",0,MBA,2026
6501375,615337,St. John Fisher Cardinals,615444,St. Joseph's (L.I.) Golden Eagles,615444,6,bot,Ryan Kurre struck out swinging (2-2 KKBBS).,67,2026-04-03 14:00:00-04:00,"St. Joseph's Outdoor Complex (Patchogue, NY)",0,MBA,2026
6501375,615337,St. John Fisher Cardinals,615444,St. Joseph's (L.I.) Golden Eagles,615337,7,top,Ryan Vanderlip reached first on an error by 2b (1-2 KKBF).,68,2026-04-03 14:00:00-04:00,"St. Joseph's Outdoor Complex (Patchogue, NY)",0,MBA,2026
6501375,615337,St. John Fisher Cardinals,615444,St. Joseph's (L.I.) Golden Eagles,615337,7,top,Jordan Perry walked (3-1 BBBKB)3a Ryan Vanderlip advanced to second.,69,2026-04-03 14:00:00-04:00,"St. Joseph's Outdoor Complex (Patchogue, NY)",0,MBA,2026
6501375,615337,St. John Fisher Cardinals,615444,St. Joseph's (L.I.) Golden Eagles,615337,7,top,"Jack Griffin tripled to center field, 2 RBI (0-0)3a Jordan Perry scored3a Ryan Vanderlip scored, unearned.",70,2026-04-03 14:00:00-04:00,"St. Joseph's Outdoor Complex (Patchogue, NY)",0,MBA,2026
6501375,615337,St. John Fisher Cardinals,615444,St. Joseph's (L.I.) Golden Eagles,615337,7,top,Austin Droge struck out swinging (2-2 BFFBS).,71,2026-04-03 14:00:00-04:00,"St. Joseph's Outdoor Complex (Patchogue, NY)",0,MBA,2026
6501375,615337,St. John Fisher Cardinals,615444,St. Joseph's (L.I.) Golden Eagles,615337,7,top,Jackson Frey flied out to cf (0-0).,72,2026-04-03 14:00:00-04:00,"St. Joseph's Outdoor Complex (Patchogue, NY)",0,MBA,2026
6501375,615337,St. John Fisher Cardinals,615444,St. Joseph's (L.I.) Golden Eagles,615337,7,top,"Mario Cubello singled to left field, RBI (2-2 KSFBFFFB)3a Jack Griffin scored, unearned.",73,2026-04-03 14:00:00-04:00,"St. Joseph's Outdoor Complex (Patchogue, NY)",0,MBA,2026
6501375,615337,St. John Fisher Cardinals,615444,St. Joseph's (L.I.) Golden Eagles,615337,7,top,Ryan Reynolds to p for Ryan Barlow.,74,2026-04-03 14:00:00-04:00,"St. Joseph's Outdoor Complex (Patchogue, NY)",0,MBA,2026
6501375,615337,St. John Fisher Cardinals,615444,St. Joseph's (L.I.) Golden Eagles,615337,7,top,Brendan Bucello flied out to cf (2-2 KBSB).,75,2026-04-03 14:00:00-04:00,"St. Joseph's Outdoor Complex (Patchogue, NY)",0,MBA,2026
6501375,615337,St. John Fisher Cardinals,615444,St. Joseph's (L.I.) Golden Eagles,615444,7,bot,Andrew Amarando reached first on an error by ss (1-2 KFB).,76,2026-04-03 14:00:00-04:00,"St. Joseph's Outdoor Complex (Patchogue, NY)",0,MBA,2026
6501375,615337,St. John Fisher Cardinals,615444,St. Joseph's (L.I.) Golden Eagles,615444,7,bot,Joe Hackal grounded out to 1b unassisted (3-2 BKBFB)3a Andrew Amarando advanced to second.,77,2026-04-03 14:00:00-04:00,"St. Joseph's Outdoor Complex (Patchogue, NY)",0,MBA,2026
6501375,615337,St. John Fisher Cardinals,615444,St. Joseph's (L.I.) Golden Eagles,615444,7,bot,Paul McNally struck out swinging (1-2 FBFS).,78,2026-04-03 14:00:00-04:00,"St. Joseph's Outdoor Complex (Patchogue, NY)",0,MBA,2026
6501375,615337,St. John Fisher Cardinals,615444,St. Joseph's (L.I.) Golden Eagles,615444,7,bot,Joe Thatcher walked (3-2 BKBBFB).,79,2026-04-03 14:00:00-04:00,"St. Joseph's Outdoor Complex (Patchogue, NY)",0,MBA,2026
6501375,615337,St. John Fisher Cardinals,615444,St. Joseph's (L.I.) Golden Eagles,615444,7,bot,Luke Horton to p for Nate Nilsen.,80,2026-04-03 14:00:00-04:00,"St. Joseph's Outdoor Complex (Patchogue, NY)",0,MBA,2026
6501375,615337,St. John Fisher Cardinals,615444,St. Joseph's (L.I.) Golden Eagles,615444,7,bot,Owen Shortell grounded out to 3b (2-2 BSBS).,81,2026-04-03 14:00:00-04:00,"St. Joseph's Outdoor Complex (Patchogue, NY)",0,MBA,2026
6501375,615337,St. John Fisher Cardinals,615444,St. Joseph's (L.I.) Golden Eagles,615337,8,top,Scott Sleurs struck out swinging (1-2 KBFS).,82,2026-04-03 14:00:00-04:00,"St. Joseph's Outdoor Complex (Patchogue, NY)",0,MBA,2026
6501375,615337,St. John Fisher Cardinals,615444,St. Joseph's (L.I.) Golden Eagles,615337,8,top,Noah Pohrte flied out to lf (2-2 BKKBK).,83,2026-04-03 14:00:00-04:00,"St. Joseph's Outdoor Complex (Patchogue, NY)",0,MBA,2026
6501375,615337,St. John Fisher Cardinals,615444,St. Joseph's (L.I.) Golden Eagles,615337,8,top,Ryan Vanderlip singled to center field (0-0).,84,2026-04-03 14:00:00-04:00,"St. Joseph's Outdoor Complex (Patchogue, NY)",0,MBA,2026
6501375,615337,St. John Fisher Cardinals,615444,St. Joseph's (L.I.) Golden Eagles,615337,8,top,Jordan Perry reached first on an error by 2b (0-1 K)3a Ryan Vanderlip advanced to third.,85,2026-04-03 14:00:00-04:00,"St. Joseph's Outdoor Complex (Patchogue, NY)",0,MBA,2026
6501375,615337,St. John Fisher Cardinals,615444,St. Joseph's (L.I.) Golden Eagles,615337,8,top,Jack Griffin grounded out to 3b (0-1 K).,86,2026-04-03 14:00:00-04:00,"St. Joseph's Outdoor Complex (Patchogue, NY)",0,MBA,2026
6501375,615337,St. John Fisher Cardinals,615444,St. Joseph's (L.I.) Golden Eagles,615444,8,bot,Dom Crema flied out to cf (0-0).,87,2026-04-03 14:00:00-04:00,"St. Joseph's Outdoor Complex (Patchogue, NY)",0,MBA,2026
6501375,615337,St. John Fisher Cardinals,615444,St. Joseph's (L.I.) Golden Eagles,615444,8,bot,Alex Johnston struck out swinging (2-2 KKFBBFS).,88,2026-04-03 14:00:00-04:00,"St. Joseph's Outdoor Complex (Patchogue, NY)",0,MBA,2026
6501375,615337,St. John Fisher Cardinals,615444,St. Joseph's (L.I.) Golden Eagles,615444,8,bot,Frankie Asaro flied out to cf (0-0).,89,2026-04-03 14:00:00-04:00,"St. Joseph's Outdoor Complex (Patchogue, NY)",0,MBA,2026
6501375,615337,St. John Fisher Cardinals,615444,St. Joseph's (L.I.) Golden Eagles,615337,9,top,Austin Droge flied out to rf (2-2 KBBK).,90,2026-04-03 14:00:00-04:00,"St. Joseph's Outdoor Complex (Patchogue, NY)",0,MBA,2026
6501375,615337,St. John Fisher Cardinals,615444,St. Joseph's (L.I.) Golden Eagles,615337,9,top,Jackson Frey singled to shortstop (1-1 BK).,91,2026-04-03 14:00:00-04:00,"St. Joseph's Outdoor Complex (Patchogue, NY)",0,MBA,2026
6501375,615337,St. John Fisher Cardinals,615444,St. Joseph's (L.I.) Golden Eagles,615337,9,top,"Jackson Frey advanced to second on a wild pitch, advanced to third.",92,2026-04-03 14:00:00-04:00,"St. Joseph's Outdoor Complex (Patchogue, NY)",0,MBA,2026
6501375,615337,St. John Fisher Cardinals,615444,St. Joseph's (L.I.) Golden Eagles,615337,9,top,"Mario Cubello tripled to center field, RBI (1-1 KB)3a Jackson Frey scored.",93,2026-04-03 14:00:00-04:00,"St. Joseph's Outdoor Complex (Patchogue, NY)",0,MBA,2026
6501375,615337,St. John Fisher Cardinals,615444,St. Joseph's (L.I.) Golden Eagles,615337,9,top,Brendan Bucello fouled out to c (3-2 BBKKB).,94,2026-04-03 14:00:00-04:00,"St. Joseph's Outdoor Complex (Patchogue, NY)",0,MBA,2026
6501375,615337,St. John Fisher Cardinals,615444,St. Joseph's (L.I.) Golden Eagles,615337,9,top,"Scott Sleurs tripled to center field, RBI (0-0)3a Mario Cubello scored.",95,2026-04-03 14:00:00-04:00,"St. Joseph's Outdoor Complex (Patchogue, NY)",0,MBA,2026
6501375,615337,St. John Fisher Cardinals,615444,St. Joseph's (L.I.) Golden Eagles,615337,9,top,"Noah Pohrte singled to right field, RBI (0-0)3a Scott Sleurs scored.",96,2026-04-03 14:00:00-04:00,"St. Joseph's Outdoor Complex (Patchogue, NY)",0,MBA,2026
6501375,615337,St. John Fisher Cardinals,615444,St. Joseph's (L.I.) Golden Eagles,615337,9,top,Ryan Vanderlip out on batter's interference (0-0).,97,2026-04-03 14:00:00-04:00,"St. Joseph's Outdoor Complex (Patchogue, NY)",0,MBA,2026
6501375,615337,St. John Fisher Cardinals,615444,St. Joseph's (L.I.) Golden Eagles,615444,9,bot,Ryan Kurre struck out swinging (1-2 BKKK).,98,2026-04-03 14:00:00-04:00,"St. Joseph's Outdoor Complex (Patchogue, NY)",0,MBA,2026
6501375,615337,St. John Fisher Cardinals,615444,St. Joseph's (L.I.) Golden Eagles,615444,9,bot,Andrew Amarando grounded out to ss (0-0).,99,2026-04-03 14:00:00-04:00,"St. Joseph's Outdoor Complex (Patchogue, NY)",0,MBA,2026
6501375,615337,St. John Fisher Cardinals,615444,St. Joseph's (L.I.) Golden Eagles,615444,9,bot,Joe Hackal walked (3-1 KBBBB).,100,2026-04-03 14:00:00-04:00,"St. Joseph's Outdoor Complex (Patchogue, NY)",0,MBA,2026
6501375,615337,St. John Fisher Cardinals,615444,St. Joseph's (L.I.) Golden Eagles,615444,9,bot,Joe Hackal stole second.,101,2026-04-03 14:00:00-04:00,"St. Joseph's Outdoor Complex (Patchogue, NY)",0,MBA,2026
6501375,615337,St. John Fisher Cardinals,615444,St. Joseph's (L.I.) Golden Eagles,615444,9,bot,Joe Hackal stole third.,102,2026-04-03 14:00:00-04:00,"St. Joseph's Outdoor Complex (Patchogue, NY)",0,MBA,2026
6501375,615337,St. John Fisher Cardinals,615444,St. Joseph's (L.I.) Golden Eagles,615444,9,bot,Paul McNally grounded out to ss (3-1 BBBK).,103,2026-04-03 14:00:00-04:00,"St. Joseph's Outdoor Complex (Patchogue, NY)",0,MBA,2026
6503256,615357,Stevens Ducks,615246,Lebanon Valley Flying Dutchmen,615357,1,top,Chip Krese struck out looking (2-2 BFBFK).,1,2026-04-03 14:00:00-04:00,"McGill Field (Annville, PA)",137,MBA,2026
6503256,615357,Stevens Ducks,615246,Lebanon Valley Flying Dutchmen,615357,1,top,Jackson Wein singled up the middle (1-0 B).,2,2026-04-03 14:00:00-04:00,"McGill Field (Annville, PA)",137,MBA,2026
6503256,615357,Stevens Ducks,615246,Lebanon Valley Flying Dutchmen,615357,1,top,Griffin Zitko struck out looking (1-2 KFBK).,3,2026-04-03 14:00:00-04:00,"McGill Field (Annville, PA)",137,MBA,2026
6503256,615357,Stevens Ducks,615246,Lebanon Valley Flying Dutchmen,615357,1,top,"Jackson Wein out at second c to 2b, caught stealing.",4,2026-04-03 14:00:00-04:00,"McGill Field (Annville, PA)",137,MBA,2026
6503256,615357,Stevens Ducks,615246,Lebanon Valley Flying Dutchmen,615246,1,bot,Owen Berry grounded out to 3b (1-1 BK).,5,2026-04-03 14:00:00-04:00,"McGill Field (Annville, PA)",137,MBA,2026
6503256,615357,Stevens Ducks,615246,Lebanon Valley Flying Dutchmen,615246,1,bot,Lucien Burger struck out swinging (2-2 FBBFS).,6,2026-04-03 14:00:00-04:00,"McGill Field (Annville, PA)",137,MBA,2026
6503256,615357,Stevens Ducks,615246,Lebanon Valley Flying Dutchmen,615246,1,bot,Kody Phillips struck out swinging (0-2 KFS).,7,2026-04-03 14:00:00-04:00,"McGill Field (Annville, PA)",137,MBA,2026
6503256,615357,Stevens Ducks,615246,Lebanon Valley Flying Dutchmen,615357,2,top,Garret Wolf struck out swinging (3-2 KBBSBFS).,8,2026-04-03 14:00:00-04:00,"McGill Field (Annville, PA)",137,MBA,2026
6503256,615357,Stevens Ducks,615246,Lebanon Valley Flying Dutchmen,615357,2,top,E.J. Balewitz Jr. struck out swinging (0-2 KFS).,9,2026-04-03 14:00:00-04:00,"McGill Field (Annville, PA)",137,MBA,2026
6503256,615357,Stevens Ducks,615246,Lebanon Valley Flying Dutchmen,615357,2,top,"Adam Barrington singled to pitcher, bunt (0-0).",10,2026-04-03 14:00:00-04:00,"McGill Field (Annville, PA)",137,MBA,2026
6503256,615357,Stevens Ducks,615246,Lebanon Valley Flying Dutchmen,615357,2,top,"Adam Barrington advanced to second on an error by p, advanced to third on the error, failed pickoff attempt.",11,2026-04-03 14:00:00-04:00,"McGill Field (Annville, PA)",137,MBA,2026
6503256,615357,Stevens Ducks,615246,Lebanon Valley Flying Dutchmen,615357,2,top,Tyler Wilke walked (3-2 BKBSBFFFB).,12,2026-04-03 14:00:00-04:00,"McGill Field (Annville, PA)",137,MBA,2026
6503256,615357,Stevens Ducks,615246,Lebanon Valley Flying Dutchmen,615357,2,top,Tyler Wilke stole second.,13,2026-04-03 14:00:00-04:00,"McGill Field (Annville, PA)",137,MBA,2026
6503256,615357,Stevens Ducks,615246,Lebanon Valley Flying Dutchmen,615357,2,top,Vinnie Stigliano flied out to ss to left center (2-1 SBB).,14,2026-04-03 14:00:00-04:00,"McGill Field (Annville, PA)",137,MBA,2026
6503256,615357,Stevens Ducks,615246,Lebanon Valley Flying Dutchmen,615246,2,bot,Devin Kreger struck out swinging (1-2 BSKS).,15,2026-04-03 14:00:00-04:00,"McGill Field (Annville, PA)",137,MBA,2026
6503256,615357,Stevens Ducks,615246,Lebanon Valley Flying Dutchmen,615246,2,bot,Spencer Butz grounded out to ss (0-0).,16,2026-04-03 14:00:00-04:00,"McGill Field (Annville, PA)",137,MBA,2026
6503256,615357,Stevens Ducks,615246,Lebanon Valley Flying Dutchmen,615246,2,bot,Daniel Palmieri grounded out to 2b (3-1 BBBK).,17,2026-04-03 14:00:00-04:00,"McGill Field (Annville, PA)",137,MBA,2026
6503256,615357,Stevens Ducks,615246,Lebanon Valley Flying Dutchmen,615357,3,top,Dylan Fishbough struck out swinging (2-2 BFBSS).,18,2026-04-03 14:00:00-04:00,"McGill Field (Annville, PA)",137,MBA,2026
6503256,615357,Stevens Ducks,615246,Lebanon Valley Flying Dutchmen,615357,3,top,Chip Krese hit by pitch (3-1 KBBH).,19,2026-04-03 14:00:00-04:00,"McGill Field (Annville, PA)",137,MBA,2026
6503256,615357,Stevens Ducks,615246,Lebanon Valley Flying Dutchmen,615357,3,top,Chip Krese advanced to second on a wild pitch.,20,2026-04-03 14:00:00-04:00,"McGill Field (Annville, PA)",137,MBA,2026
6503256,615357,Stevens Ducks,615246,Lebanon Valley Flying Dutchmen,615357,3,top,Jackson Wein flied out to cf (1-2 KBS)3a Chip Krese advanced to third.,21,2026-04-03 14:00:00-04:00,"McGill Field (Annville, PA)",137,MBA,2026
6503256,615357,Stevens Ducks,615246,Lebanon Valley Flying Dutchmen,615357,3,top,"Griffin Zitko reached first on a fielding error by ss (2-2 BFSBFFFFFF)3a Chip Krese scored, unearned.",22,2026-04-03 14:00:00-04:00,"McGill Field (Annville, PA)",137,MBA,2026
6503256,615357,Stevens Ducks,615246,Lebanon Valley Flying Dutchmen,615357,3,top,Garret Wolf singled through the right side (0-1 K)3a Griffin Zitko advanced to second.,23,2026-04-03 14:00:00-04:00,"McGill Field (Annville, PA)",137,MBA,2026
6503256,615357,Stevens Ducks,615246,Lebanon Valley Flying Dutchmen,615357,3,top,Garret Wolf advanced to second on a wild pitch3a Griffin Zitko advanced to third on a wild pitch.,24,2026-04-03 14:00:00-04:00,"McGill Field (Annville, PA)",137,MBA,2026
6503256,615357,Stevens Ducks,615246,Lebanon Valley Flying Dutchmen,615357,3,top,E.J. Balewitz Jr. walked (3-1 KBBBB).,25,2026-04-03 14:00:00-04:00,"McGill Field (Annville, PA)",137,MBA,2026
6503256,615357,Stevens Ducks,615246,Lebanon Valley Flying Dutchmen,615357,3,top,Adam Barrington flied out to rf (2-2 BFSB).,26,2026-04-03 14:00:00-04:00,"McGill Field (Annville, PA)",137,MBA,2026
6503256,615357,Stevens Ducks,615246,Lebanon Valley Flying Dutchmen,615246,3,bot,Kenny Palmieri out at first 1b to p (1-0 B).,27,2026-04-03 14:00:00-04:00,"McGill Field (Annville, PA)",137,MBA,2026
6503256,615357,Stevens Ducks,615246,Lebanon Valley Flying Dutchmen,615246,3,bot,Joey Santora walked (3-2 BBKFBB).,28,2026-04-03 14:00:00-04:00,"McGill Field (Annville, PA)",137,MBA,2026
6503256,615357,Stevens Ducks,615246,Lebanon Valley Flying Dutchmen,615246,3,bot,Dylan Mennillo grounded into double play p to ss to 1b (0-2 KF)3a Joey Santora out on the play.,29,2026-04-03 14:00:00-04:00,"McGill Field (Annville, PA)",137,MBA,2026
6503256,615357,Stevens Ducks,615246,Lebanon Valley Flying Dutchmen,615357,4,top,Tyler Wilke singled to left center (1-0 B).,30,2026-04-03 14:00:00-04:00,"McGill Field (Annville, PA)",137,MBA,2026
6503256,615357,Stevens Ducks,615246,Lebanon Valley Flying Dutchmen,615357,4,top,Vinnie Stigliano singled to right center (1-2 FFBF)3a Tyler Wilke advanced to second.,31,2026-04-03 14:00:00-04:00,"McGill Field (Annville, PA)",137,MBA,2026
6503256,615357,Stevens Ducks,615246,Lebanon Valley Flying Dutchmen,615357,4,top,"Dylan Fishbough out at first 3b to 2b, SAC, bunt (1-0 B)3a Vinnie Stigliano advanced to second3a Tyler Wilke advanced to third.",32,2026-04-03 14:00:00-04:00,"McGill Field (Annville, PA)",137,MBA,2026
6503256,615357,Stevens Ducks,615246,Lebanon Valley Flying Dutchmen,615357,4,top,"Chip Krese singled to center field, RBI (0-1 F)3a Vinnie Stigliano advanced to third3a Tyler Wilke scored.",33,2026-04-03 14:00:00-04:00,"McGill Field (Annville, PA)",137,MBA,2026
6503256,615357,Stevens Ducks,615246,Lebanon Valley Flying Dutchmen,615357,4,top,"Jackson Wein homered to right field, 3 RBI (1-0 B)3a Chip Krese scored3a Vinnie Stigliano scored.",34,2026-04-03 14:00:00-04:00,"McGill Field (Annville, PA)",137,MBA,2026
6503256,615357,Stevens Ducks,615246,Lebanon Valley Flying Dutchmen,615357,4,top,Connor Simms to p for Mj Vottero.,35,2026-04-03 14:00:00-04:00,"McGill Field (Annville, PA)",137,MBA,2026
6503256,615357,Stevens Ducks,615246,Lebanon Valley Flying Dutchmen,615357,4,top,Griffin Zitko walked (3-2 SFBBFBB).,36,2026-04-03 14:00:00-04:00,"McGill Field (Annville, PA)",137,MBA,2026
6503256,615357,Stevens Ducks,615246,Lebanon Valley Flying Dutchmen,615357,4,top,Garret Wolf flied out to rf (1-0 B).,37,2026-04-03 14:00:00-04:00,"McGill Field (Annville, PA)",137,MBA,2026
6503256,615357,Stevens Ducks,615246,Lebanon Valley Flying Dutchmen,615357,4,top,E.J. Balewitz Jr. grounded out to 2b (0-0).,38,2026-04-03 14:00:00-04:00,"McGill Field (Annville, PA)",137,MBA,2026
6503256,615357,Stevens Ducks,615246,Lebanon Valley Flying Dutchmen,615246,4,bot,Owen Berry grounded out to 3b (2-1 BKB).,39,2026-04-03 14:00:00-04:00,"McGill Field (Annville, PA)",137,MBA,2026
6503256,615357,Stevens Ducks,615246,Lebanon Valley Flying Dutchmen,615246,4,bot,Lucien Burger flied out to cf (0-1 F).,40,2026-04-03 14:00:00-04:00,"McGill Field (Annville, PA)",137,MBA,2026
6503256,615357,Stevens Ducks,615246,Lebanon Valley Flying Dutchmen,615246,4,bot,Kody Phillips walked (3-1 BBFBB).,41,2026-04-03 14:00:00-04:00,"McGill Field (Annville, PA)",137,MBA,2026
6503256,615357,Stevens Ducks,615246,Lebanon Valley Flying Dutchmen,615246,4,bot,Devin Kreger singled through the right side (0-1 K)3a Kody Phillips advanced to second.,42,2026-04-03 14:00:00-04:00,"McGill Field (Annville, PA)",137,MBA,2026
6503256,615357,Stevens Ducks,615246,Lebanon Valley Flying Dutchmen,615246,4,bot,Spencer Butz flied out to rf (3-1 BBSB).,43,2026-04-03 14:00:00-04:00,"McGill Field (Annville, PA)",137,MBA,2026
6503256,615357,Stevens Ducks,615246,Lebanon Valley Flying Dutchmen,615357,5,top,Adam Barrington grounded out to p (0-0).,44,2026-04-03 14:00:00-04:00,"McGill Field (Annville, PA)",137,MBA,2026
6503256,615357,Stevens Ducks,615246,Lebanon Valley Flying Dutchmen,615357,5,top,Tyler Wilke grounded out to 3b to shortstop (2-0 BB).,45,2026-04-03 14:00:00-04:00,"McGill Field (Annville, PA)",137,MBA,2026
6503256,615357,Stevens Ducks,615246,Lebanon Valley Flying Dutchmen,615357,5,top,Vinnie Stigliano grounded out to 2b (1-0 B).,46,2026-04-03 14:00:00-04:00,"McGill Field (Annville, PA)",137,MBA,2026
6503256,615357,Stevens Ducks,615246,Lebanon Valley Flying Dutchmen,615246,5,bot,Daniel Palmieri flied out to cf to left center (0-2 KF).,47,2026-04-03 14:00:00-04:00,"McGill Field (Annville, PA)",137,MBA,2026
6503256,615357,Stevens Ducks,615246,Lebanon Valley Flying Dutchmen,615246,5,bot,Kenny Palmieri flied out to lf to left center (1-0 B).,48,2026-04-03 14:00:00-04:00,"McGill Field (Annville, PA)",137,MBA,2026
6503256,615357,Stevens Ducks,615246,Lebanon Valley Flying Dutchmen,615246,5,bot,Joey Santora hit by pitch (3-0 BBH).,49,2026-04-03 14:00:00-04:00,"McGill Field (Annville, PA)",137,MBA,2026
6503256,615357,Stevens Ducks,615246,Lebanon Valley Flying Dutchmen,615246,5,bot,Dylan Mennillo grounded out to 3b (0-1 F).,50,2026-04-03 14:00:00-04:00,"McGill Field (Annville, PA)",137,MBA,2026
6503256,615357,Stevens Ducks,615246,Lebanon Valley Flying Dutchmen,615357,6,top,Dylan Fishbough popped up to 2b (0-0).,51,2026-04-03 14:00:00-04:00,"McGill Field (Annville, PA)",137,MBA,2026
6503256,615357,Stevens Ducks,615246,Lebanon Valley Flying Dutchmen,615357,6,top,Chip Krese struck out swinging (1-2 BKFS).,52,2026-04-03 14:00:00-04:00,"McGill Field (Annville, PA)",137,MBA,2026
6503256,615357,Stevens Ducks,615246,Lebanon Valley Flying Dutchmen,615357,6,top,Jackson Wein walked (3-2 BBKKBB).,53,2026-04-03 14:00:00-04:00,"McGill Field (Annville, PA)",137,MBA,2026
6503256,615357,Stevens Ducks,615246,Lebanon Valley Flying Dutchmen,615357,6,top,"Griffin Zitko singled to left center, advanced to second on a throwing error by 3b, RBI (1-1 BF)3a Jackson Wein scored.",54,2026-04-03 14:00:00-04:00,"McGill Field (Annville, PA)",137,MBA,2026
6503256,615357,Stevens Ducks,615246,Lebanon Valley Flying Dutchmen,615357,6,top,Garret Wolf grounded out to ss up the middle (0-2 FFF).,55,2026-04-03 14:00:00-04:00,"McGill Field (Annville, PA)",137,MBA,2026
6503256,615357,Stevens Ducks,615246,Lebanon Valley Flying Dutchmen,615246,6,bot,Owen Berry grounded out to 2b (0-0).,56,2026-04-03 14:00:00-04:00,"McGill Field (Annville, PA)",137,MBA,2026
6503256,615357,Stevens Ducks,615246,Lebanon Valley Flying Dutchmen,615246,6,bot,Lucien Burger flied out to rf (3-2 BBFKFB).,57,2026-04-03 14:00:00-04:00,"McGill Field (Annville, PA)",137,MBA,2026
6503256,615357,Stevens Ducks,615246,Lebanon Valley Flying Dutchmen,615246,6,bot,Kody Phillips singled through the left side (0-0).,58,2026-04-03 14:00:00-04:00,"McGill Field (Annville, PA)",137,MBA,2026
6503256,615357,Stevens Ducks,615246,Lebanon Valley Flying Dutchmen,615246,6,bot,Devin Kreger flied out to rf (0-0).,59,2026-04-03 14:00:00-04:00,"McGill Field (Annville, PA)",137,MBA,2026
6503256,615357,Stevens Ducks,615246,Lebanon Valley Flying Dutchmen,615357,7,top,E.J. Balewitz Jr. grounded out to 2b (1-1 BK).,60,2026-04-03 14:00:00-04:00,"McGill Field (Annville, PA)",137,MBA,2026
6503256,615357,Stevens Ducks,615246,Lebanon Valley Flying Dutchmen,615357,7,top,Adam Barrington flied out to cf to right center (0-0).,61,2026-04-03 14:00:00-04:00,"McGill Field (Annville, PA)",137,MBA,2026
6503256,615357,Stevens Ducks,615246,Lebanon Valley Flying Dutchmen,615357,7,top,Tyler Wilke struck out looking (0-2 KFK).,62,2026-04-03 14:00:00-04:00,"McGill Field (Annville, PA)",137,MBA,2026
6503256,615357,Stevens Ducks,615246,Lebanon Valley Flying Dutchmen,615246,7,bot,Spencer Butz flied out to lf to left center (3-2 KFBBFB).,63,2026-04-03 14:00:00-04:00,"McGill Field (Annville, PA)",137,MBA,2026
6503256,615357,Stevens Ducks,615246,Lebanon Valley Flying Dutchmen,615246,7,bot,Daniel Palmieri flied out to lf (2-1 KBB).,64,2026-04-03 14:00:00-04:00,"McGill Field (Annville, PA)",137,MBA,2026
6503256,615357,Stevens Ducks,615246,Lebanon Valley Flying Dutchmen,615246,7,bot,Kenny Palmieri walked (3-2 KBBFBFFFB).,65,2026-04-03 14:00:00-04:00,"McGill Field (Annville, PA)",137,MBA,2026
6503256,615357,Stevens Ducks,615246,Lebanon Valley Flying Dutchmen,615246,7,bot,Joey Santora struck out looking (0-2 KFK).,66,2026-04-03 14:00:00-04:00,"McGill Field (Annville, PA)",137,MBA,2026
6503256,615357,Stevens Ducks,615246,Lebanon Valley Flying Dutchmen,615357,8,top,Vinnie Stigliano doubled to right center (0-2 KFFF).,67,2026-04-03 14:00:00-04:00,"McGill Field (Annville, PA)",137,MBA,2026
6503256,615357,Stevens Ducks,615246,Lebanon Valley Flying Dutchmen,615357,8,top,Vinnie Stigliano advanced to third on a wild pitch.,68,2026-04-03 14:00:00-04:00,"McGill Field (Annville, PA)",137,MBA,2026
6503256,615357,Stevens Ducks,615246,Lebanon Valley Flying Dutchmen,615357,8,top,Dylan Fishbough struck out swinging (3-2 FBFBBS).,69,2026-04-03 14:00:00-04:00,"McGill Field (Annville, PA)",137,MBA,2026
6503256,615357,Stevens Ducks,615246,Lebanon Valley Flying Dutchmen,615357,8,top,Chip Krese hit by pitch (2-1 SBH).,70,2026-04-03 14:00:00-04:00,"McGill Field (Annville, PA)",137,MBA,2026
6503256,615357,Stevens Ducks,615246,Lebanon Valley Flying Dutchmen,615357,8,top,Jackson Wein struck out swinging (3-2 BSBBSS)3a Chip Krese stole second.,71,2026-04-03 14:00:00-04:00,"McGill Field (Annville, PA)",137,MBA,2026
6503256,615357,Stevens Ducks,615246,Lebanon Valley Flying Dutchmen,615357,8,top,Parker Raham to p for Connor Simms.,72,2026-04-03 14:00:00-04:00,"McGill Field (Annville, PA)",137,MBA,2026
6503256,615357,Stevens Ducks,615246,Lebanon Valley Flying Dutchmen,615357,8,top,Griffin Zitko grounded out to ss (0-0).,73,2026-04-03 14:00:00-04:00,"McGill Field (Annville, PA)",137,MBA,2026
6503256,615357,Stevens Ducks,615246,Lebanon Valley Flying Dutchmen,615246,8,bot,Dylan Mennillo grounded out to 2b (0-1 K).,74,2026-04-03 14:00:00-04:00,"McGill Field (Annville, PA)",137,MBA,2026
6503256,615357,Stevens Ducks,615246,Lebanon Valley Flying Dutchmen,615246,8,bot,Owen Berry fouled out to 1b (1-1 KB).,75,2026-04-03 14:00:00-04:00,"McGill Field (Annville, PA)",137,MBA,2026
6503256,615357,Stevens Ducks,615246,Lebanon Valley Flying Dutchmen,615246,8,bot,Adam Jirik pinch hit for Lucien Burger.,76,2026-04-03 14:00:00-04:00,"McGill Field (Annville, PA)",137,MBA,2026
6503256,615357,Stevens Ducks,615246,Lebanon Valley Flying Dutchmen,615246,8,bot,Adam Jirik flied out to rf to right center (0-0).,77,2026-04-03 14:00:00-04:00,"McGill Field (Annville, PA)",137,MBA,2026
6503256,615357,Stevens Ducks,615246,Lebanon Valley Flying Dutchmen,615357,9,top,Adam Jirik to lf.,78,2026-04-03 14:00:00-04:00,"McGill Field (Annville, PA)",137,MBA,2026
6503256,615357,Stevens Ducks,615246,Lebanon Valley Flying Dutchmen,615357,9,top,Cole Kingsbury to p for Parker Raham.,79,2026-04-03 14:00:00-04:00,"McGill Field (Annville, PA)",137,MBA,2026
6503256,615357,Stevens Ducks,615246,Lebanon Valley Flying Dutchmen,615357,9,top,Garret Wolf struck out looking (1-2 BFSFFK).,80,2026-04-03 14:00:00-04:00,"McGill Field (Annville, PA)",137,MBA,2026
6503256,615357,Stevens Ducks,615246,Lebanon Valley Flying Dutchmen,615357,9,top,E.J. Balewitz Jr. grounded out to 2b (2-2 KKBB).,81,2026-04-03 14:00:00-04:00,"McGill Field (Annville, PA)",137,MBA,2026
6503256,615357,Stevens Ducks,615246,Lebanon Valley Flying Dutchmen,615357,9,top,Adam Barrington singled to left field (3-2 SBBFFB).,82,2026-04-03 14:00:00-04:00,"McGill Field (Annville, PA)",137,MBA,2026
6503256,615357,Stevens Ducks,615246,Lebanon Valley Flying Dutchmen,615357,9,top,Alex Santora pinch hit for Tyler Wilke.,83,2026-04-03 14:00:00-04:00,"McGill Field (Annville, PA)",137,MBA,2026
6503256,615357,Stevens Ducks,615246,Lebanon Valley Flying Dutchmen,615357,9,top,Adam Barrington stole second.,84,2026-04-03 14:00:00-04:00,"McGill Field (Annville, PA)",137,MBA,2026
6503256,615357,Stevens Ducks,615246,Lebanon Valley Flying Dutchmen,615357,9,top,"Adam Barrington out at third c to 3b, caught stealing.",85,2026-04-03 14:00:00-04:00,"McGill Field (Annville, PA)",137,MBA,2026
6503256,615357,Stevens Ducks,615246,Lebanon Valley Flying Dutchmen,615246,9,bot,Adam Kobayashi to 1b for Garret Wolf.,86,2026-04-03 14:00:00-04:00,"McGill Field (Annville, PA)",137,MBA,2026
6503256,615357,Stevens Ducks,615246,Lebanon Valley Flying Dutchmen,615246,9,bot,Veer Wadhwani to 3b for Alex Santora.,87,2026-04-03 14:00:00-04:00,"McGill Field (Annville, PA)",137,MBA,2026
6503256,615357,Stevens Ducks,615246,Lebanon Valley Flying Dutchmen,615246,9,bot,Kody Phillips hit by pitch (1-0 H).,88,2026-04-03 14:00:00-04:00,"McGill Field (Annville, PA)",137,MBA,2026
6503256,615357,Stevens Ducks,615246,Lebanon Valley Flying Dutchmen,615246,9,bot,Devin Kreger singled to center field (2-2 KKBB)3a Kody Phillips advanced to second.,89,2026-04-03 14:00:00-04:00,"McGill Field (Annville, PA)",137,MBA,2026
6503256,615357,Stevens Ducks,615246,Lebanon Valley Flying Dutchmen,615246,9,bot,Spencer Butz struck out swinging (1-2 KFBFS).,90,2026-04-03 14:00:00-04:00,"McGill Field (Annville, PA)",137,MBA,2026
6503256,615357,Stevens Ducks,615246,Lebanon Valley Flying Dutchmen,615246,9,bot,Daniel Palmieri flied out to lf (0-1 K).,91,2026-04-03 14:00:00-04:00,"McGill Field (Annville, PA)",137,MBA,2026
6503256,615357,Stevens Ducks,615246,Lebanon Valley Flying Dutchmen,615246,9,bot,Kenny Palmieri popped up to ss (0-2 FF).,92,2026-04-03 14:00:00-04:00,"McGill Field (Annville, PA)",137,MBA,2026
6504148,615398,Wis.-Platteville Pioneers,615126,UW-River Falls Falcons,615398,1,top,"Trinity Beland struck out swinging, out at first c to 1b (2-2 BKKFFFBS).",1,2026-04-03 14:00:00-04:00,"First National Bank of River Falls Field (River Falls, WI)",165,MBA,2026
6504148,615398,Wis.-Platteville Pioneers,615126,UW-River Falls Falcons,615398,1,top,Kaleb Elwood lined out to rf (3-2 KKBBFB).,2,2026-04-03 14:00:00-04:00,"First National Bank of River Falls Field (River Falls, WI)",165,MBA,2026
6504148,615398,Wis.-Platteville Pioneers,615126,UW-River Falls Falcons,615398,1,top,Anthony Massa grounded out to 3b (2-2 KBBK).,3,2026-04-03 14:00:00-04:00,"First National Bank of River Falls Field (River Falls, WI)",165,MBA,2026
6504148,615398,Wis.-Platteville Pioneers,615126,UW-River Falls Falcons,615126,1,bot,Tanner Hraby lined out to cf (1-1 BK).,4,2026-04-03 14:00:00-04:00,"First National Bank of River Falls Field (River Falls, WI)",165,MBA,2026
6504148,615398,Wis.-Platteville Pioneers,615126,UW-River Falls Falcons,615126,1,bot,Max Krebs flied out to rf (2-1 BBF).,5,2026-04-03 14:00:00-04:00,"First National Bank of River Falls Field (River Falls, WI)",165,MBA,2026
6504148,615398,Wis.-Platteville Pioneers,615126,UW-River Falls Falcons,615126,1,bot,Andrew Athmann flied out to rf (2-2 KFFBBF).,6,2026-04-03 14:00:00-04:00,"First National Bank of River Falls Field (River Falls, WI)",165,MBA,2026
6504148,615398,Wis.-Platteville Pioneers,615126,UW-River Falls Falcons,615398,2,top,Mason Molitor grounded out to 2b (0-2 KF).,7,2026-04-03 14:00:00-04:00,"First National Bank of River Falls Field (River Falls, WI)",165,MBA,2026
6504148,615398,Wis.-Platteville Pioneers,615126,UW-River Falls Falcons,615398,2,top,Brayden Knoll singled to shortstop (0-2 FKFF).,8,2026-04-03 14:00:00-04:00,"First National Bank of River Falls Field (River Falls, WI)",165,MBA,2026
6504148,615398,Wis.-Platteville Pioneers,615126,UW-River Falls Falcons,615398,2,top,Connor Gresens flied out to rf (2-2 KBBF).,9,2026-04-03 14:00:00-04:00,"First National Bank of River Falls Field (River Falls, WI)",165,MBA,2026
6504148,615398,Wis.-Platteville Pioneers,615126,UW-River Falls Falcons,615398,2,top,"Brayden Knoll out at second c to 2b, caught stealing.",10,2026-04-03 14:00:00-04:00,"First National Bank of River Falls Field (River Falls, WI)",165,MBA,2026
6504148,615398,Wis.-Platteville Pioneers,615126,UW-River Falls Falcons,615126,2,bot,Daniel Kibler singled through the left side (1-2 KBKF).,11,2026-04-03 14:00:00-04:00,"First National Bank of River Falls Field (River Falls, WI)",165,MBA,2026
6504148,615398,Wis.-Platteville Pioneers,615126,UW-River Falls Falcons,615126,2,bot,Kaleb Zabielski grounded out to 2b (0-0); Daniel Kibler advanced to second.,12,2026-04-03 14:00:00-04:00,"First National Bank of River Falls Field (River Falls, WI)",165,MBA,2026
6504148,615398,Wis.-Platteville Pioneers,615126,UW-River Falls Falcons,615126,2,bot,Jeffrey Freund lined into double play p to 2b (1-1 BK); Daniel Kibler out on the play.,13,2026-04-03 14:00:00-04:00,"First National Bank of River Falls Field (River Falls, WI)",165,MBA,2026
6504148,615398,Wis.-Platteville Pioneers,615126,UW-River Falls Falcons,615398,3,top,Spencer Robertson popped up to 2b (1-2 BKK).,14,2026-04-03 14:00:00-04:00,"First National Bank of River Falls Field (River Falls, WI)",165,MBA,2026
6504148,615398,Wis.-Platteville Pioneers,615126,UW-River Falls Falcons,615398,3,top,Dylan Rippentrop grounded out to 1b unassisted (0-2 KK).,15,2026-04-03 14:00:00-04:00,"First National Bank of River Falls Field (River Falls, WI)",165,MBA,2026
6504148,615398,Wis.-Platteville Pioneers,615126,UW-River Falls Falcons,615398,3,top,Evan Bohr struck out looking (0-2 KSK).,16,2026-04-03 14:00:00-04:00,"First National Bank of River Falls Field (River Falls, WI)",165,MBA,2026
6504148,615398,Wis.-Platteville Pioneers,615126,UW-River Falls Falcons,615126,3,bot,Ryan Eckerle singled to right field (0-0).,17,2026-04-03 14:00:00-04:00,"First National Bank of River Falls Field (River Falls, WI)",165,MBA,2026
6504148,615398,Wis.-Platteville Pioneers,615126,UW-River Falls Falcons,615126,3,bot,"Ryan Eckerle out at first p to 1b, picked off.",18,2026-04-03 14:00:00-04:00,"First National Bank of River Falls Field (River Falls, WI)",165,MBA,2026
6504148,615398,Wis.-Platteville Pioneers,615126,UW-River Falls Falcons,615126,3,bot,JV Castillo struck out looking (3-2 BKBBKK).,19,2026-04-03 14:00:00-04:00,"First National Bank of River Falls Field (River Falls, WI)",165,MBA,2026
6504148,615398,Wis.-Platteville Pioneers,615126,UW-River Falls Falcons,615126,3,bot,John Santelman struck out swinging (1-2 BFFS).,20,2026-04-03 14:00:00-04:00,"First National Bank of River Falls Field (River Falls, WI)",165,MBA,2026
6504148,615398,Wis.-Platteville Pioneers,615126,UW-River Falls Falcons,615398,4,top,Trinity Beland flied out to cf (0-1 K).,21,2026-04-03 14:00:00-04:00,"First National Bank of River Falls Field (River Falls, WI)",165,MBA,2026
6504148,615398,Wis.-Platteville Pioneers,615126,UW-River Falls Falcons,615398,4,top,Kaleb Elwood flied out to rf (0-0).,22,2026-04-03 14:00:00-04:00,"First National Bank of River Falls Field (River Falls, WI)",165,MBA,2026
6504148,615398,Wis.-Platteville Pioneers,615126,UW-River Falls Falcons,615398,4,top,Anthony Massa struck out swinging (1-2 KKBS).,23,2026-04-03 14:00:00-04:00,"First National Bank of River Falls Field (River Falls, WI)",165,MBA,2026
6504148,615398,Wis.-Platteville Pioneers,615126,UW-River Falls Falcons,615126,4,bot,"Tanner Hraby homered to left field, RBI (2-0 BB).",24,2026-04-03 14:00:00-04:00,"First National Bank of River Falls Field (River Falls, WI)",165,MBA,2026
6504148,615398,Wis.-Platteville Pioneers,615126,UW-River Falls Falcons,615126,4,bot,Max Krebs flied out to lf (3-2 KSFBFBB).,25,2026-04-03 14:00:00-04:00,"First National Bank of River Falls Field (River Falls, WI)",165,MBA,2026
6504148,615398,Wis.-Platteville Pioneers,615126,UW-River Falls Falcons,615126,4,bot,Andrew Athmann flied out to cf (0-0).,26,2026-04-03 14:00:00-04:00,"First National Bank of River Falls Field (River Falls, WI)",165,MBA,2026
6504148,615398,Wis.-Platteville Pioneers,615126,UW-River Falls Falcons,615126,4,bot,Daniel Kibler reached first on an error by 3b (1-2 FKFFB).,27,2026-04-03 14:00:00-04:00,"First National Bank of River Falls Field (River Falls, WI)",165,MBA,2026
6504148,615398,Wis.-Platteville Pioneers,615126,UW-River Falls Falcons,615126,4,bot,Daniel Kibler advanced to second on a wild pitch.,28,2026-04-03 14:00:00-04:00,"First National Bank of River Falls Field (River Falls, WI)",165,MBA,2026
6504148,615398,Wis.-Platteville Pioneers,615126,UW-River Falls Falcons,615126,4,bot,Kaleb Zabielski struck out swinging (3-2 BBBKKS).,29,2026-04-03 14:00:00-04:00,"First National Bank of River Falls Field (River Falls, WI)",165,MBA,2026
6504148,615398,Wis.-Platteville Pioneers,615126,UW-River Falls Falcons,615398,5,top,Mason Molitor singled up the middle (1-2 KBK).,30,2026-04-03 14:00:00-04:00,"First National Bank of River Falls Field (River Falls, WI)",165,MBA,2026
6504148,615398,Wis.-Platteville Pioneers,615126,UW-River Falls Falcons,615398,5,top,Brayden Knoll reached first on an error by 3b (0-0); Mason Molitor advanced to second.,31,2026-04-03 14:00:00-04:00,"First National Bank of River Falls Field (River Falls, WI)",165,MBA,2026
6504148,615398,Wis.-Platteville Pioneers,615126,UW-River Falls Falcons,615398,5,top,"Connor Gresens out at first p to 2b, SAC, bunt (2-1 BBF); Brayden Knoll advanced to second; Mason Molitor advanced to third.",32,2026-04-03 14:00:00-04:00,"First National Bank of River Falls Field (River Falls, WI)",165,MBA,2026
6504148,615398,Wis.-Platteville Pioneers,615126,UW-River Falls Falcons,615398,5,top,Spencer Robertson struck out swinging (0-2 KKS).,33,2026-04-03 14:00:00-04:00,"First National Bank of River Falls Field (River Falls, WI)",165,MBA,2026
6504148,615398,Wis.-Platteville Pioneers,615126,UW-River Falls Falcons,615398,5,top,Dylan Rippentrop flied out to lf (0-1 K).,34,2026-04-03 14:00:00-04:00,"First National Bank of River Falls Field (River Falls, WI)",165,MBA,2026
6504148,615398,Wis.-Platteville Pioneers,615126,UW-River Falls Falcons,615126,5,bot,Jeffrey Freund singled through the right side (0-1 K).,35,2026-04-03 14:00:00-04:00,"First National Bank of River Falls Field (River Falls, WI)",165,MBA,2026
6504148,615398,Wis.-Platteville Pioneers,615126,UW-River Falls Falcons,615126,5,bot,Jeffrey Freund stole second.,36,2026-04-03 14:00:00-04:00,"First National Bank of River Falls Field (River Falls, WI)",165,MBA,2026
6504148,615398,Wis.-Platteville Pioneers,615126,UW-River Falls Falcons,615126,5,bot,Ryan Eckerle reached first on an error by 2b (3-2 BSFFBB); Jeffrey Freund advanced to third.,37,2026-04-03 14:00:00-04:00,"First National Bank of River Falls Field (River Falls, WI)",165,MBA,2026
6504148,615398,Wis.-Platteville Pioneers,615126,UW-River Falls Falcons,615126,5,bot,JV Castillo grounded into double play ss to 1b (1-1 FB); Ryan Eckerle out on the play; Jeffrey Freund scored.,38,2026-04-03 14:00:00-04:00,"First National Bank of River Falls Field (River Falls, WI)",165,MBA,2026
6504148,615398,Wis.-Platteville Pioneers,615126,UW-River Falls Falcons,615126,5,bot,John Santelman walked (3-1 BBFBB).,39,2026-04-03 14:00:00-04:00,"First National Bank of River Falls Field (River Falls, WI)",165,MBA,2026
6504148,615398,Wis.-Platteville Pioneers,615126,UW-River Falls Falcons,615126,5,bot,Tanner Hraby singled to second base (0-2 SF); John Santelman advanced to second.,40,2026-04-03 14:00:00-04:00,"First National Bank of River Falls Field (River Falls, WI)",165,MBA,2026
6504148,615398,Wis.-Platteville Pioneers,615126,UW-River Falls Falcons,615126,5,bot,Tanner Hraby stole second; John Santelman stole third.,41,2026-04-03 14:00:00-04:00,"First National Bank of River Falls Field (River Falls, WI)",165,MBA,2026
6504148,615398,Wis.-Platteville Pioneers,615126,UW-River Falls Falcons,615126,5,bot,Max Krebs struck out swinging (1-2 SSBS).,42,2026-04-03 14:00:00-04:00,"First National Bank of River Falls Field (River Falls, WI)",165,MBA,2026
6504148,615398,Wis.-Platteville Pioneers,615126,UW-River Falls Falcons,615398,6,top,Evan Bohr flied out to cf (1-2 KKB).,43,2026-04-03 14:00:00-04:00,"First National Bank of River Falls Field (River Falls, WI)",165,MBA,2026
6504148,615398,Wis.-Platteville Pioneers,615126,UW-River Falls Falcons,615398,6,top,Trinity Beland singled through the right side (1-1 KB).,44,2026-04-03 14:00:00-04:00,"First National Bank of River Falls Field (River Falls, WI)",165,MBA,2026
6504148,615398,Wis.-Platteville Pioneers,615126,UW-River Falls Falcons,615398,6,top,Kaleb Elwood flied out to rf (2-2 KKBBF).,45,2026-04-03 14:00:00-04:00,"First National Bank of River Falls Field (River Falls, WI)",165,MBA,2026
6504148,615398,Wis.-Platteville Pioneers,615126,UW-River Falls Falcons,615398,6,top,Anthony Massa doubled to right center (2-2 BKFB); Trinity Beland advanced to third.,46,2026-04-03 14:00:00-04:00,"First National Bank of River Falls Field (River Falls, WI)",165,MBA,2026
6504148,615398,Wis.-Platteville Pioneers,615126,UW-River Falls Falcons,615398,6,top,Mason Molitor struck out swinging (0-2 KKS).,47,2026-04-03 14:00:00-04:00,"First National Bank of River Falls Field (River Falls, WI)",165,MBA,2026
6504148,615398,Wis.-Platteville Pioneers,615126,UW-River Falls Falcons,615126,6,bot,Andrew Athmann doubled to right center (0-1 K).,48,2026-04-03 14:00:00-04:00,"First National Bank of River Falls Field (River Falls, WI)",165,MBA,2026
6504148,615398,Wis.-Platteville Pioneers,615126,UW-River Falls Falcons,615126,6,bot,Daniel Kibler grounded out to ss (1-1 FB).,49,2026-04-03 14:00:00-04:00,"First National Bank of River Falls Field (River Falls, WI)",165,MBA,2026
6504148,615398,Wis.-Platteville Pioneers,615126,UW-River Falls Falcons,615126,6,bot,"Kaleb Zabielski grounded out to p, bunt (0-0); Andrew Athmann advanced to third.",50,2026-04-03 14:00:00-04:00,"First National Bank of River Falls Field (River Falls, WI)",165,MBA,2026
6504148,615398,Wis.-Platteville Pioneers,615126,UW-River Falls Falcons,615126,6,bot,"Jeffrey Freund singled to right center, RBI (1-1 BK); Andrew Athmann scored.",51,2026-04-03 14:00:00-04:00,"First National Bank of River Falls Field (River Falls, WI)",165,MBA,2026
6504148,615398,Wis.-Platteville Pioneers,615126,UW-River Falls Falcons,615126,6,bot,Ryan Eckerle grounded out to 1b unassisted (0-1 F).,52,2026-04-03 14:00:00-04:00,"First National Bank of River Falls Field (River Falls, WI)",165,MBA,2026
6504148,615398,Wis.-Platteville Pioneers,615126,UW-River Falls Falcons,615398,7,top,Brayden Knoll flied out to lf (0-2 KFFF).,53,2026-04-03 14:00:00-04:00,"First National Bank of River Falls Field (River Falls, WI)",165,MBA,2026
6504148,615398,Wis.-Platteville Pioneers,615126,UW-River Falls Falcons,615398,7,top,Connor Gresens singled to shortstop (1-0 B).,54,2026-04-03 14:00:00-04:00,"First National Bank of River Falls Field (River Falls, WI)",165,MBA,2026
6504148,615398,Wis.-Platteville Pioneers,615126,UW-River Falls Falcons,615398,7,top,Connor Gresens stole second.,55,2026-04-03 14:00:00-04:00,"First National Bank of River Falls Field (River Falls, WI)",165,MBA,2026
6504148,615398,Wis.-Platteville Pioneers,615126,UW-River Falls Falcons,615398,7,top,Spencer Robertson flied out to cf (2-2 BSKB).,56,2026-04-03 14:00:00-04:00,"First National Bank of River Falls Field (River Falls, WI)",165,MBA,2026
6504148,615398,Wis.-Platteville Pioneers,615126,UW-River Falls Falcons,615398,7,top,Dylan Rippentrop grounded out to p (2-1 BKB).,57,2026-04-03 14:00:00-04:00,"First National Bank of River Falls Field (River Falls, WI)",165,MBA,2026
6504148,615398,Wis.-Platteville Pioneers,615126,UW-River Falls Falcons,615126,7,bot,Brayden Schimmel to p for Jordan Stanton.,58,2026-04-03 14:00:00-04:00,"First National Bank of River Falls Field (River Falls, WI)",165,MBA,2026
6504148,615398,Wis.-Platteville Pioneers,615126,UW-River Falls Falcons,615126,7,bot,JV Castillo grounded out to 2b (0-0).,59,2026-04-03 14:00:00-04:00,"First National Bank of River Falls Field (River Falls, WI)",165,MBA,2026
6504148,615398,Wis.-Platteville Pioneers,615126,UW-River Falls Falcons,615126,7,bot,John Santelman struck out looking (2-2 BKBKK).,60,2026-04-03 14:00:00-04:00,"First National Bank of River Falls Field (River Falls, WI)",165,MBA,2026
6504148,615398,Wis.-Platteville Pioneers,615126,UW-River Falls Falcons,615126,7,bot,Tanner Hraby singled up the middle (1-1 BK).,61,2026-04-03 14:00:00-04:00,"First National Bank of River Falls Field (River Falls, WI)",165,MBA,2026
6504148,615398,Wis.-Platteville Pioneers,615126,UW-River Falls Falcons,615126,7,bot,Tanner Hraby stole second.,62,2026-04-03 14:00:00-04:00,"First National Bank of River Falls Field (River Falls, WI)",165,MBA,2026
6504148,615398,Wis.-Platteville Pioneers,615126,UW-River Falls Falcons,615126,7,bot,Max Krebs struck out swinging (2-2 FFBBS).,63,2026-04-03 14:00:00-04:00,"First National Bank of River Falls Field (River Falls, WI)",165,MBA,2026
6504148,615398,Wis.-Platteville Pioneers,615126,UW-River Falls Falcons,615398,8,top,Evan Senobe to p for Shaun Gavin.,64,2026-04-03 14:00:00-04:00,"First National Bank of River Falls Field (River Falls, WI)",165,MBA,2026
6504148,615398,Wis.-Platteville Pioneers,615126,UW-River Falls Falcons,615398,8,top,Evan Bohr struck out swinging (0-2 KKFS).,65,2026-04-03 14:00:00-04:00,"First National Bank of River Falls Field (River Falls, WI)",165,MBA,2026
6504148,615398,Wis.-Platteville Pioneers,615126,UW-River Falls Falcons,615398,8,top,Trinity Beland singled up the middle (0-1 K).,66,2026-04-03 14:00:00-04:00,"First National Bank of River Falls Field (River Falls, WI)",165,MBA,2026
6504148,615398,Wis.-Platteville Pioneers,615126,UW-River Falls Falcons,615398,8,top,Kaleb Elwood struck out swinging (0-2 KKFS).,67,2026-04-03 14:00:00-04:00,"First National Bank of River Falls Field (River Falls, WI)",165,MBA,2026
6504148,615398,Wis.-Platteville Pioneers,615126,UW-River Falls Falcons,615398,8,top,Anthony Massa struck out swinging (2-2 BKKBFFS).,68,2026-04-03 14:00:00-04:00,"First National Bank of River Falls Field (River Falls, WI)",165,MBA,2026
6504148,615398,Wis.-Platteville Pioneers,615126,UW-River Falls Falcons,615126,8,bot,Andrew Athmann flied out to cf (1-2 KSB).,69,2026-04-03 14:00:00-04:00,"First National Bank of River Falls Field (River Falls, WI)",165,MBA,2026
6504148,615398,Wis.-Platteville Pioneers,615126,UW-River Falls Falcons,615126,8,bot,Daniel Kibler flied out to lf (1-2 KBF).,70,2026-04-03 14:00:00-04:00,"First National Bank of River Falls Field (River Falls, WI)",165,MBA,2026
6504148,615398,Wis.-Platteville Pioneers,615126,UW-River Falls Falcons,615126,8,bot,Kaleb Zabielski grounded out to ss (1-0 B).,71,2026-04-03 14:00:00-04:00,"First National Bank of River Falls Field (River Falls, WI)",165,MBA,2026
6504148,615398,Wis.-Platteville Pioneers,615126,UW-River Falls Falcons,615398,9,top,Mason Molitor walked (3-1 BBKBB).,72,2026-04-03 14:00:00-04:00,"First National Bank of River Falls Field (River Falls, WI)",165,MBA,2026
6504148,615398,Wis.-Platteville Pioneers,615126,UW-River Falls Falcons,615398,9,top,Brayden Knoll struck out swinging (0-2 SKS).,73,2026-04-03 14:00:00-04:00,"First National Bank of River Falls Field (River Falls, WI)",165,MBA,2026
6504148,615398,Wis.-Platteville Pioneers,615126,UW-River Falls Falcons,615398,9,top,Connor Gresens flied out to rf (0-1 K).,74,2026-04-03 14:00:00-04:00,"First National Bank of River Falls Field (River Falls, WI)",165,MBA,2026
6504148,615398,Wis.-Platteville Pioneers,615126,UW-River Falls Falcons,615398,9,top,Spencer Robertson struck out looking (2-2 KBBKK).,75,2026-04-03 14:00:00-04:00,"First National Bank of River Falls Field (River Falls, WI)",165,MBA,2026
6505611,614744,SIUE Cougars,614758,Southern Ind. Screaming Eagles,614744,1,top,Chase Bloomer popped up to 2b (2-2 KBBS).,1,2026-04-03 14:00:00-04:00,"USI Baseball Field (Evansville, IN)",0,MBA,2026
6505611,614744,SIUE Cougars,614758,Southern Ind. Screaming Eagles,614744,1,top,Ryan Niedzwiedz flied out to cf (0-1 K).,2,2026-04-03 14:00:00-04:00,"USI Baseball Field (Evansville, IN)",0,MBA,2026
6505611,614744,SIUE Cougars,614758,Southern Ind. Screaming Eagles,614744,1,top,Mack Mitchell hit by pitch (1-0 H).,3,2026-04-03 14:00:00-04:00,"USI Baseball Field (Evansville, IN)",0,MBA,2026
6505611,614744,SIUE Cougars,614758,Southern Ind. Screaming Eagles,614744,1,top,Joshua Heyder singled to center field (1-0 B)3a Mack Mitchell advanced to third.,4,2026-04-03 14:00:00-04:00,"USI Baseball Field (Evansville, IN)",0,MBA,2026
6505611,614744,SIUE Cougars,614758,Southern Ind. Screaming Eagles,614744,1,top,Ethan Willoughby walked (3-0 BBBB)3a Joshua Heyder advanced to second.,5,2026-04-03 14:00:00-04:00,"USI Baseball Field (Evansville, IN)",0,MBA,2026
6505611,614744,SIUE Cougars,614758,Southern Ind. Screaming Eagles,614744,1,top,Cooper Eggert grounded out to ss (0-0).,6,2026-04-03 14:00:00-04:00,"USI Baseball Field (Evansville, IN)",0,MBA,2026
6505611,614744,SIUE Cougars,614758,Southern Ind. Screaming Eagles,614758,1,bot,Parker Martin popped up to 3b (1-2 BSS).,7,2026-04-03 14:00:00-04:00,"USI Baseball Field (Evansville, IN)",0,MBA,2026
6505611,614744,SIUE Cougars,614758,Southern Ind. Screaming Eagles,614758,1,bot,Khi Holiday grounded out to 3b (0-0).,8,2026-04-03 14:00:00-04:00,"USI Baseball Field (Evansville, IN)",0,MBA,2026
6505611,614744,SIUE Cougars,614758,Southern Ind. Screaming Eagles,614758,1,bot,Patrick McLellan tripled to left center (0-2 FF).,9,2026-04-03 14:00:00-04:00,"USI Baseball Field (Evansville, IN)",0,MBA,2026
6505611,614744,SIUE Cougars,614758,Southern Ind. Screaming Eagles,614758,1,bot,Clayton Slack struck out swinging (0-2 SKS).,10,2026-04-03 14:00:00-04:00,"USI Baseball Field (Evansville, IN)",0,MBA,2026
6505611,614744,SIUE Cougars,614758,Southern Ind. Screaming Eagles,614744,2,top,Brenden Fry singled to right field (1-0 B).,11,2026-04-03 14:00:00-04:00,"USI Baseball Field (Evansville, IN)",0,MBA,2026
6505611,614744,SIUE Cougars,614758,Southern Ind. Screaming Eagles,614744,2,top,Sean Kang walked (3-1 FBBBB)3a Brenden Fry advanced to second.,12,2026-04-03 14:00:00-04:00,"USI Baseball Field (Evansville, IN)",0,MBA,2026
6505611,614744,SIUE Cougars,614758,Southern Ind. Screaming Eagles,614744,2,top,"Daniel Gierer grounded out to c, SAC, bunt (0-0)3a Sean Kang advanced to second3a Brenden Fry advanced to third.",13,2026-04-03 14:00:00-04:00,"USI Baseball Field (Evansville, IN)",0,MBA,2026
6505611,614744,SIUE Cougars,614758,Southern Ind. Screaming Eagles,614744,2,top,"Sean Kang advanced to third, scored on a throwing error by p, unearned3a Brenden Fry scored on a wild pitch.",14,2026-04-03 14:00:00-04:00,"USI Baseball Field (Evansville, IN)",0,MBA,2026
6505611,614744,SIUE Cougars,614758,Southern Ind. Screaming Eagles,614744,2,top,Chase Bloomer walked (3-0 BBBB).,15,2026-04-03 14:00:00-04:00,"USI Baseball Field (Evansville, IN)",0,MBA,2026
6505611,614744,SIUE Cougars,614758,Southern Ind. Screaming Eagles,614744,2,top,"Chase Bloomer stole second, advanced to third on a throwing error by c.",16,2026-04-03 14:00:00-04:00,"USI Baseball Field (Evansville, IN)",0,MBA,2026
6505611,614744,SIUE Cougars,614758,Southern Ind. Screaming Eagles,614744,2,top,Ryan Niedzwiedz struck out swinging (1-2 BKFS).,17,2026-04-03 14:00:00-04:00,"USI Baseball Field (Evansville, IN)",0,MBA,2026
6505611,614744,SIUE Cougars,614758,Southern Ind. Screaming Eagles,614744,2,top,Mack Mitchell flied out to cf (1-2 KFBFF).,18,2026-04-03 14:00:00-04:00,"USI Baseball Field (Evansville, IN)",0,MBA,2026
6505611,614744,SIUE Cougars,614758,Southern Ind. Screaming Eagles,614758,2,bot,Drue Saenz lined out to 3b (0-0).,19,2026-04-03 14:00:00-04:00,"USI Baseball Field (Evansville, IN)",0,MBA,2026
6505611,614744,SIUE Cougars,614758,Southern Ind. Screaming Eagles,614758,2,bot,Jesse Velders struck out swinging (0-2 KSS).,20,2026-04-03 14:00:00-04:00,"USI Baseball Field (Evansville, IN)",0,MBA,2026
6505611,614744,SIUE Cougars,614758,Southern Ind. Screaming Eagles,614758,2,bot,Noah Foster singled to right field (1-1 BK).,21,2026-04-03 14:00:00-04:00,"USI Baseball Field (Evansville, IN)",0,MBA,2026
6505611,614744,SIUE Cougars,614758,Southern Ind. Screaming Eagles,614758,2,bot,Micajah Wall popped up to ss (0-1 S).,22,2026-04-03 14:00:00-04:00,"USI Baseball Field (Evansville, IN)",0,MBA,2026
6505611,614744,SIUE Cougars,614758,Southern Ind. Screaming Eagles,614744,3,top,Joshua Heyder walked (3-2 KFBBBB).,23,2026-04-03 14:00:00-04:00,"USI Baseball Field (Evansville, IN)",0,MBA,2026
6505611,614744,SIUE Cougars,614758,Southern Ind. Screaming Eagles,614744,3,top,Ethan Willoughby struck out swinging (3-2 FBKBBS).,24,2026-04-03 14:00:00-04:00,"USI Baseball Field (Evansville, IN)",0,MBA,2026
6505611,614744,SIUE Cougars,614758,Southern Ind. Screaming Eagles,614744,3,top,Cooper Eggert grounded out p to 2b to 1b (1-2 BKK)3a Joshua Heyder advanced to second.,25,2026-04-03 14:00:00-04:00,"USI Baseball Field (Evansville, IN)",0,MBA,2026
6505611,614744,SIUE Cougars,614758,Southern Ind. Screaming Eagles,614744,3,top,Brenden Fry flied out to rf (1-2 FFB).,26,2026-04-03 14:00:00-04:00,"USI Baseball Field (Evansville, IN)",0,MBA,2026
6505611,614744,SIUE Cougars,614758,Southern Ind. Screaming Eagles,614758,3,bot,Zion Stephens struck out swinging (2-2 SBSFBS).,27,2026-04-03 14:00:00-04:00,"USI Baseball Field (Evansville, IN)",0,MBA,2026
6505611,614744,SIUE Cougars,614758,Southern Ind. Screaming Eagles,614758,3,bot,Parker Martin grounded out to 2b (0-0).,28,2026-04-03 14:00:00-04:00,"USI Baseball Field (Evansville, IN)",0,MBA,2026
6505611,614744,SIUE Cougars,614758,Southern Ind. Screaming Eagles,614758,3,bot,Khi Holiday grounded out to ss (0-1 K).,29,2026-04-03 14:00:00-04:00,"USI Baseball Field (Evansville, IN)",0,MBA,2026
6505611,614744,SIUE Cougars,614758,Southern Ind. Screaming Eagles,614744,4,top,Sean Kang walked (3-2 KBBSFBB).,30,2026-04-03 14:00:00-04:00,"USI Baseball Field (Evansville, IN)",0,MBA,2026
6505611,614744,SIUE Cougars,614758,Southern Ind. Screaming Eagles,614744,4,top,Daniel Gierer struck out swinging (1-2 SFBS).,31,2026-04-03 14:00:00-04:00,"USI Baseball Field (Evansville, IN)",0,MBA,2026
6505611,614744,SIUE Cougars,614758,Southern Ind. Screaming Eagles,614744,4,top,Chase Bloomer singled through the left side (0-1 S)3a Sean Kang advanced to second.,32,2026-04-03 14:00:00-04:00,"USI Baseball Field (Evansville, IN)",0,MBA,2026
6505611,614744,SIUE Cougars,614758,Southern Ind. Screaming Eagles,614744,4,top,"Ryan Niedzwiedz singled to right field, RBI (1-2 BKF)3a Chase Bloomer advanced to third3a Sean Kang scored.",33,2026-04-03 14:00:00-04:00,"USI Baseball Field (Evansville, IN)",0,MBA,2026
6505611,614744,SIUE Cougars,614758,Southern Ind. Screaming Eagles,614744,4,top,"Mack Mitchell doubled down the lf line, RBI (3-0 BBB)3a Ryan Niedzwiedz advanced to third3a Chase Bloomer scored.",34,2026-04-03 14:00:00-04:00,"USI Baseball Field (Evansville, IN)",0,MBA,2026
6505611,614744,SIUE Cougars,614758,Southern Ind. Screaming Eagles,614744,4,top,Tyler Welch to p for Ryan Weller.,35,2026-04-03 14:00:00-04:00,"USI Baseball Field (Evansville, IN)",0,MBA,2026
6505611,614744,SIUE Cougars,614758,Southern Ind. Screaming Eagles,614744,4,top,"Joshua Heyder singled to left field, 2 RBI (1-0 B)3a Mack Mitchell scored3a Ryan Niedzwiedz scored.",36,2026-04-03 14:00:00-04:00,"USI Baseball Field (Evansville, IN)",0,MBA,2026
6505611,614744,SIUE Cougars,614758,Southern Ind. Screaming Eagles,614744,4,top,Ethan Willoughby flied out to rf (0-2 SF).,37,2026-04-03 14:00:00-04:00,"USI Baseball Field (Evansville, IN)",0,MBA,2026
6505611,614744,SIUE Cougars,614758,Southern Ind. Screaming Eagles,614744,4,top,Cooper Eggert grounded out to 2b (0-0).,38,2026-04-03 14:00:00-04:00,"USI Baseball Field (Evansville, IN)",0,MBA,2026
6505611,614744,SIUE Cougars,614758,Southern Ind. Screaming Eagles,614758,4,bot,Patrick McLellan singled to left field (0-1 K).,39,2026-04-03 14:00:00-04:00,"USI Baseball Field (Evansville, IN)",0,MBA,2026
6505611,614744,SIUE Cougars,614758,Southern Ind. Screaming Eagles,614758,4,bot,Clayton Slack singled to left field (2-2 KBFFB)3a Patrick McLellan advanced to second.,40,2026-04-03 14:00:00-04:00,"USI Baseball Field (Evansville, IN)",0,MBA,2026
6505611,614744,SIUE Cougars,614758,Southern Ind. Screaming Eagles,614758,4,bot,Drue Saenz flied out to rf (1-0 B)3a Patrick McLellan advanced to third.,41,2026-04-03 14:00:00-04:00,"USI Baseball Field (Evansville, IN)",0,MBA,2026
6505611,614744,SIUE Cougars,614758,Southern Ind. Screaming Eagles,614758,4,bot,"Jesse Velders reached on a fielder's choice, RBI (0-0)3a Clayton Slack out at second ss to 2b3a Patrick McLellan scored.",42,2026-04-03 14:00:00-04:00,"USI Baseball Field (Evansville, IN)",0,MBA,2026
6505611,614744,SIUE Cougars,614758,Southern Ind. Screaming Eagles,614758,4,bot,"Noah Foster singled to left field, advanced to second on a fielding error by lf, RBI (1-0 B)3a Jesse Velders scored.",43,2026-04-03 14:00:00-04:00,"USI Baseball Field (Evansville, IN)",0,MBA,2026
6505611,614744,SIUE Cougars,614758,Southern Ind. Screaming Eagles,614758,4,bot,"Micajah Wall singled to left field, RBI (2-2 FBFB)3a Noah Foster scored, unearned.",44,2026-04-03 14:00:00-04:00,"USI Baseball Field (Evansville, IN)",0,MBA,2026
6505611,614744,SIUE Cougars,614758,Southern Ind. Screaming Eagles,614758,4,bot,Evan Zapp pinch hit for Zion Stephens.,45,2026-04-03 14:00:00-04:00,"USI Baseball Field (Evansville, IN)",0,MBA,2026
6505611,614744,SIUE Cougars,614758,Southern Ind. Screaming Eagles,614758,4,bot,Micajah Wall advanced to second on a wild pitch.,46,2026-04-03 14:00:00-04:00,"USI Baseball Field (Evansville, IN)",0,MBA,2026
6505611,614744,SIUE Cougars,614758,Southern Ind. Screaming Eagles,614758,4,bot,Evan Zapp struck out swinging (1-2 BKKFFS).,47,2026-04-03 14:00:00-04:00,"USI Baseball Field (Evansville, IN)",0,MBA,2026
6505611,614744,SIUE Cougars,614758,Southern Ind. Screaming Eagles,614744,5,top,Ryan Skwarek to 2b for Evan Zapp.,48,2026-04-03 14:00:00-04:00,"USI Baseball Field (Evansville, IN)",0,MBA,2026
6505611,614744,SIUE Cougars,614758,Southern Ind. Screaming Eagles,614744,5,top,Jai Jensen to p for Tyler Welch.,49,2026-04-03 14:00:00-04:00,"USI Baseball Field (Evansville, IN)",0,MBA,2026
6505611,614744,SIUE Cougars,614758,Southern Ind. Screaming Eagles,614744,5,top,Brenden Fry tripled to right field (1-1 BF).,50,2026-04-03 14:00:00-04:00,"USI Baseball Field (Evansville, IN)",0,MBA,2026
6505611,614744,SIUE Cougars,614758,Southern Ind. Screaming Eagles,614744,5,top,Sean Kang lined out to 3b (0-0).,51,2026-04-03 14:00:00-04:00,"USI Baseball Field (Evansville, IN)",0,MBA,2026
6505611,614744,SIUE Cougars,614758,Southern Ind. Screaming Eagles,614744,5,top,"Daniel Gierer singled through the left side, RBI (2-1 BBS)3a Brenden Fry scored.",52,2026-04-03 14:00:00-04:00,"USI Baseball Field (Evansville, IN)",0,MBA,2026
6505611,614744,SIUE Cougars,614758,Southern Ind. Screaming Eagles,614744,5,top,Ian Anderson to p for Jai Jensen.,53,2026-04-03 14:00:00-04:00,"USI Baseball Field (Evansville, IN)",0,MBA,2026
6505611,614744,SIUE Cougars,614758,Southern Ind. Screaming Eagles,614744,5,top,Chase Bloomer struck out swinging (1-2 KBFS)3a Daniel Gierer stole second.,54,2026-04-03 14:00:00-04:00,"USI Baseball Field (Evansville, IN)",0,MBA,2026
6505611,614744,SIUE Cougars,614758,Southern Ind. Screaming Eagles,614744,5,top,Ryan Niedzwiedz walked (3-2 BKBFBFFB).,55,2026-04-03 14:00:00-04:00,"USI Baseball Field (Evansville, IN)",0,MBA,2026
6505611,614744,SIUE Cougars,614758,Southern Ind. Screaming Eagles,614744,5,top,Ryan Niedzwiedz advanced to second on a wild pitch3a Daniel Gierer advanced to third on a wild pitch.,56,2026-04-03 14:00:00-04:00,"USI Baseball Field (Evansville, IN)",0,MBA,2026
6505611,614744,SIUE Cougars,614758,Southern Ind. Screaming Eagles,614744,5,top,Mack Mitchell struck out swinging (1-2 KBSS).,57,2026-04-03 14:00:00-04:00,"USI Baseball Field (Evansville, IN)",0,MBA,2026
6505611,614744,SIUE Cougars,614758,Southern Ind. Screaming Eagles,614758,5,bot,Parker Martin grounded out to 2b (0-1 K).,58,2026-04-03 14:00:00-04:00,"USI Baseball Field (Evansville, IN)",0,MBA,2026
6505611,614744,SIUE Cougars,614758,Southern Ind. Screaming Eagles,614758,5,bot,Khi Holiday lined out to p (0-1 K).,59,2026-04-03 14:00:00-04:00,"USI Baseball Field (Evansville, IN)",0,MBA,2026
6505611,614744,SIUE Cougars,614758,Southern Ind. Screaming Eagles,614758,5,bot,Patrick McLellan struck out looking (1-2 KBKK).,60,2026-04-03 14:00:00-04:00,"USI Baseball Field (Evansville, IN)",0,MBA,2026
6505611,614744,SIUE Cougars,614758,Southern Ind. Screaming Eagles,614744,6,top,Jake Porter to p for Ian Anderson.,61,2026-04-03 14:00:00-04:00,"USI Baseball Field (Evansville, IN)",0,MBA,2026
6505611,614744,SIUE Cougars,614758,Southern Ind. Screaming Eagles,614744,6,top,Joshua Heyder lined out to 2b (1-0 B).,62,2026-04-03 14:00:00-04:00,"USI Baseball Field (Evansville, IN)",0,MBA,2026
6505611,614744,SIUE Cougars,614758,Southern Ind. Screaming Eagles,614744,6,top,Ethan Willoughby grounded out to 2b (1-1 KB).,63,2026-04-03 14:00:00-04:00,"USI Baseball Field (Evansville, IN)",0,MBA,2026
6505611,614744,SIUE Cougars,614758,Southern Ind. Screaming Eagles,614744,6,top,Cooper Eggert grounded out to ss (1-1 BK).,64,2026-04-03 14:00:00-04:00,"USI Baseball Field (Evansville, IN)",0,MBA,2026
6505611,614744,SIUE Cougars,614758,Southern Ind. Screaming Eagles,614758,6,bot,Clayton Slack singled through the right side (0-1 K).,65,2026-04-03 14:00:00-04:00,"USI Baseball Field (Evansville, IN)",0,MBA,2026
6505611,614744,SIUE Cougars,614758,Southern Ind. Screaming Eagles,614758,6,bot,Drue Saenz grounded out to p (1-2 FKB)3a Clayton Slack advanced to second.,66,2026-04-03 14:00:00-04:00,"USI Baseball Field (Evansville, IN)",0,MBA,2026
6505611,614744,SIUE Cougars,614758,Southern Ind. Screaming Eagles,614758,6,bot,"Jesse Velders doubled to left field, RBI (1-0 B)3a Clayton Slack scored.",67,2026-04-03 14:00:00-04:00,"USI Baseball Field (Evansville, IN)",0,MBA,2026
6505611,614744,SIUE Cougars,614758,Southern Ind. Screaming Eagles,614758,6,bot,"Noah Foster singled to third base (0-0)3a Jesse Velders advanced to third, out at home 1b to c.",68,2026-04-03 14:00:00-04:00,"USI Baseball Field (Evansville, IN)",0,MBA,2026
6505611,614744,SIUE Cougars,614758,Southern Ind. Screaming Eagles,614758,6,bot,Micajah Wall singled through the left side (1-1 BK)3a Noah Foster advanced to second.,69,2026-04-03 14:00:00-04:00,"USI Baseball Field (Evansville, IN)",0,MBA,2026
6505611,614744,SIUE Cougars,614758,Southern Ind. Screaming Eagles,614758,6,bot,Ryan Skwarek popped up to rf (1-2 BSF).,70,2026-04-03 14:00:00-04:00,"USI Baseball Field (Evansville, IN)",0,MBA,2026
6505611,614744,SIUE Cougars,614758,Southern Ind. Screaming Eagles,614744,7,top,Brenden Fry struck out swinging (1-2 KKBS).,71,2026-04-03 14:00:00-04:00,"USI Baseball Field (Evansville, IN)",0,MBA,2026
6505611,614744,SIUE Cougars,614758,Southern Ind. Screaming Eagles,614744,7,top,Sean Kang flied out to lf (1-2 KFB).,72,2026-04-03 14:00:00-04:00,"USI Baseball Field (Evansville, IN)",0,MBA,2026
6505611,614744,SIUE Cougars,614758,Southern Ind. Screaming Eagles,614744,7,top,Daniel Gierer grounded out to 2b (1-1 BK).,73,2026-04-03 14:00:00-04:00,"USI Baseball Field (Evansville, IN)",0,MBA,2026
6505611,614744,SIUE Cougars,614758,Southern Ind. Screaming Eagles,614758,7,bot,Porter Conn to p for Spencer Stearns.,74,2026-04-03 14:00:00-04:00,"USI Baseball Field (Evansville, IN)",0,MBA,2026
6505611,614744,SIUE Cougars,614758,Southern Ind. Screaming Eagles,614758,7,bot,Parker Martin lined out to lf (1-2 SBS).,75,2026-04-03 14:00:00-04:00,"USI Baseball Field (Evansville, IN)",0,MBA,2026
6505611,614744,SIUE Cougars,614758,Southern Ind. Screaming Eagles,614758,7,bot,Khi Holiday flied out to cf (3-1 BBBK).,76,2026-04-03 14:00:00-04:00,"USI Baseball Field (Evansville, IN)",0,MBA,2026
6505611,614744,SIUE Cougars,614758,Southern Ind. Screaming Eagles,614758,7,bot,Patrick McLellan walked (3-2 BKBBKFB).,77,2026-04-03 14:00:00-04:00,"USI Baseball Field (Evansville, IN)",0,MBA,2026
6505611,614744,SIUE Cougars,614758,Southern Ind. Screaming Eagles,614758,7,bot,Clayton Slack singled to pitcher (0-0)3a Patrick McLellan advanced to second.,78,2026-04-03 14:00:00-04:00,"USI Baseball Field (Evansville, IN)",0,MBA,2026
6505611,614744,SIUE Cougars,614758,Southern Ind. Screaming Eagles,614758,7,bot,Drue Saenz singled through the right side (1-1 KB)3a Clayton Slack advanced to second3a Patrick McLellan advanced to third.,79,2026-04-03 14:00:00-04:00,"USI Baseball Field (Evansville, IN)",0,MBA,2026
6505611,614744,SIUE Cougars,614758,Southern Ind. Screaming Eagles,614758,7,bot,Jesse Velders struck out swinging (1-2 KSBS).,80,2026-04-03 14:00:00-04:00,"USI Baseball Field (Evansville, IN)",0,MBA,2026
6505611,614744,SIUE Cougars,614758,Southern Ind. Screaming Eagles,614744,8,top,Chase Bloomer struck out looking (1-2 KBKK).,81,2026-04-03 14:00:00-04:00,"USI Baseball Field (Evansville, IN)",0,MBA,2026
6505611,614744,SIUE Cougars,614758,Southern Ind. Screaming Eagles,614744,8,top,Ryan Niedzwiedz struck out swinging (1-2 BKFS).,82,2026-04-03 14:00:00-04:00,"USI Baseball Field (Evansville, IN)",0,MBA,2026
6505611,614744,SIUE Cougars,614758,Southern Ind. Screaming Eagles,614744,8,top,Mack Mitchell struck out swinging (1-2 BFKS).,83,2026-04-03 14:00:00-04:00,"USI Baseball Field (Evansville, IN)",0,MBA,2026
6505611,614744,SIUE Cougars,614758,Southern Ind. Screaming Eagles,614758,8,bot,Noah Foster singled to right field (1-0 B).,84,2026-04-03 14:00:00-04:00,"USI Baseball Field (Evansville, IN)",0,MBA,2026
6505611,614744,SIUE Cougars,614758,Southern Ind. Screaming Eagles,614758,8,bot,Noah Foster advanced to second on a wild pitch.,85,2026-04-03 14:00:00-04:00,"USI Baseball Field (Evansville, IN)",0,MBA,2026
6505611,614744,SIUE Cougars,614758,Southern Ind. Screaming Eagles,614758,8,bot,Micajah Wall walked (3-1 BBBKB).,86,2026-04-03 14:00:00-04:00,"USI Baseball Field (Evansville, IN)",0,MBA,2026
6505611,614744,SIUE Cougars,614758,Southern Ind. Screaming Eagles,614758,8,bot,Brennen Grams to p for Porter Conn.,87,2026-04-03 14:00:00-04:00,"USI Baseball Field (Evansville, IN)",0,MBA,2026
6505611,614744,SIUE Cougars,614758,Southern Ind. Screaming Eagles,614758,8,bot,Ethan Rothschild pinch hit for Ryan Skwarek.,88,2026-04-03 14:00:00-04:00,"USI Baseball Field (Evansville, IN)",0,MBA,2026
6505611,614744,SIUE Cougars,614758,Southern Ind. Screaming Eagles,614758,8,bot,Ethan Rothschild walked (3-0 BBBB)3a Micajah Wall advanced to second3a Noah Foster advanced to third.,89,2026-04-03 14:00:00-04:00,"USI Baseball Field (Evansville, IN)",0,MBA,2026
6505611,614744,SIUE Cougars,614758,Southern Ind. Screaming Eagles,614758,8,bot,Parker Martin struck out swinging (0-2 KSS).,90,2026-04-03 14:00:00-04:00,"USI Baseball Field (Evansville, IN)",0,MBA,2026
6505611,614744,SIUE Cougars,614758,Southern Ind. Screaming Eagles,614758,8,bot,Khi Holiday struck out looking (0-2 KSK).,91,2026-04-03 14:00:00-04:00,"USI Baseball Field (Evansville, IN)",0,MBA,2026
6505611,614744,SIUE Cougars,614758,Southern Ind. Screaming Eagles,614758,8,bot,Ethan Rothschild advanced to second3a Micajah Wall advanced to third3a Noah Foster scored on a wild pitch.,92,2026-04-03 14:00:00-04:00,"USI Baseball Field (Evansville, IN)",0,MBA,2026
6505611,614744,SIUE Cougars,614758,Southern Ind. Screaming Eagles,614758,8,bot,Patrick McLellan walked (3-1 BKBBB).,93,2026-04-03 14:00:00-04:00,"USI Baseball Field (Evansville, IN)",0,MBA,2026
6505611,614744,SIUE Cougars,614758,Southern Ind. Screaming Eagles,614758,8,bot,Easton Harris to p for Brennen Grams.,94,2026-04-03 14:00:00-04:00,"USI Baseball Field (Evansville, IN)",0,MBA,2026
6505611,614744,SIUE Cougars,614758,Southern Ind. Screaming Eagles,614758,8,bot,Dane DeWees pinch ran for Ethan Rothschild.,95,2026-04-03 14:00:00-04:00,"USI Baseball Field (Evansville, IN)",0,MBA,2026
6505611,614744,SIUE Cougars,614758,Southern Ind. Screaming Eagles,614758,8,bot,Clayton Slack reached on a fielder's choice (1-1 BK)3a Patrick McLellan advanced to second3a Dane DeWees out at third 3b unassisted.,96,2026-04-03 14:00:00-04:00,"USI Baseball Field (Evansville, IN)",0,MBA,2026
6505611,614744,SIUE Cougars,614758,Southern Ind. Screaming Eagles,614744,9,top,Skylar Graham to 2b for Dane DeWees.,97,2026-04-03 14:00:00-04:00,"USI Baseball Field (Evansville, IN)",0,MBA,2026
6505611,614744,SIUE Cougars,614758,Southern Ind. Screaming Eagles,614744,9,top,Joshua Heyder singled through the left side (0-2 KF).,98,2026-04-03 14:00:00-04:00,"USI Baseball Field (Evansville, IN)",0,MBA,2026
6505611,614744,SIUE Cougars,614758,Southern Ind. Screaming Eagles,614744,9,top,Gage Franck pinch ran for Joshua Heyder.,99,2026-04-03 14:00:00-04:00,"USI Baseball Field (Evansville, IN)",0,MBA,2026
6505611,614744,SIUE Cougars,614758,Southern Ind. Screaming Eagles,614744,9,top,Ethan Willoughby doubled to left center (1-0 B)3a Gage Franck advanced to third.,100,2026-04-03 14:00:00-04:00,"USI Baseball Field (Evansville, IN)",0,MBA,2026
6505611,614744,SIUE Cougars,614758,Southern Ind. Screaming Eagles,614744,9,top,Jacob Barrett to p for Jake Porter.,101,2026-04-03 14:00:00-04:00,"USI Baseball Field (Evansville, IN)",0,MBA,2026
6505611,614744,SIUE Cougars,614758,Southern Ind. Screaming Eagles,614744,9,top,Ethan Willoughby advanced to third on a wild pitch3a Gage Franck scored.,102,2026-04-03 14:00:00-04:00,"USI Baseball Field (Evansville, IN)",0,MBA,2026
6505611,614744,SIUE Cougars,614758,Southern Ind. Screaming Eagles,614744,9,top,Cooper Eggert reached on a fielder's choice (2-2 BSBS)3a Ethan Willoughby out at home 1b to c.,103,2026-04-03 14:00:00-04:00,"USI Baseball Field (Evansville, IN)",0,MBA,2026
6505611,614744,SIUE Cougars,614758,Southern Ind. Screaming Eagles,614744,9,top,Brenden Fry struck out swinging (1-2 SBKS).,104,2026-04-03 14:00:00-04:00,"USI Baseball Field (Evansville, IN)",0,MBA,2026
6505611,614744,SIUE Cougars,614758,Southern Ind. Screaming Eagles,614744,9,top,Cooper Eggert advanced to second on a wild pitch.,105,2026-04-03 14:00:00-04:00,"USI Baseball Field (Evansville, IN)",0,MBA,2026
6505611,614744,SIUE Cougars,614758,Southern Ind. Screaming Eagles,614744,9,top,"Sean Kang singled up the middle, RBI (2-2 KBKFB)3a Cooper Eggert scored.",106,2026-04-03 14:00:00-04:00,"USI Baseball Field (Evansville, IN)",0,MBA,2026
6505611,614744,SIUE Cougars,614758,Southern Ind. Screaming Eagles,614744,9,top,Sean Kang stole second.,107,2026-04-03 14:00:00-04:00,"USI Baseball Field (Evansville, IN)",0,MBA,2026
6505611,614744,SIUE Cougars,614758,Southern Ind. Screaming Eagles,614744,9,top,"Daniel Gierer struck out swinging, out at first c to 1b (2-2 SBBK).",108,2026-04-03 14:00:00-04:00,"USI Baseball Field (Evansville, IN)",0,MBA,2026
6505611,614744,SIUE Cougars,614758,Southern Ind. Screaming Eagles,614758,9,bot,Drue Saenz grounded out to ss (2-2 KBKB).,109,2026-04-03 14:00:00-04:00,"USI Baseball Field (Evansville, IN)",0,MBA,2026
6505611,614744,SIUE Cougars,614758,Southern Ind. Screaming Eagles,614758,9,bot,Jesse Velders grounded out to 3b (2-2 KKBBF).,110,2026-04-03 14:00:00-04:00,"USI Baseball Field (Evansville, IN)",0,MBA,2026
6505611,614744,SIUE Cougars,614758,Southern Ind. Screaming Eagles,614758,9,bot,Noah Foster singled (0-1 K).,111,2026-04-03 14:00:00-04:00,"USI Baseball Field (Evansville, IN)",0,MBA,2026
6505611,614744,SIUE Cougars,614758,Southern Ind. Screaming Eagles,614758,9,bot,"Micajah Wall singled, advanced to second (0-2 KK)3a Noah Foster advanced to second on a throwing error by 3b, advanced to third.",112,2026-04-03 14:00:00-04:00,"USI Baseball Field (Evansville, IN)",0,MBA,2026
6505611,614744,SIUE Cougars,614758,Southern Ind. Screaming Eagles,614758,9,bot,"Skylar Graham doubled down the lf line, 2 RBI (3-2 KBKBBF)3a Micajah Wall scored, unearned3a Noah Foster scored, unearned.",113,2026-04-03 14:00:00-04:00,"USI Baseball Field (Evansville, IN)",0,MBA,2026
6505611,614744,SIUE Cougars,614758,Southern Ind. Screaming Eagles,614758,9,bot,Parker Martin grounded out to 2b (1-1 BK).,114,2026-04-03 14:00:00-04:00,"USI Baseball Field (Evansville, IN)",0,MBA,2026
6506691,614564,Butler Bulldogs,614803,Villanova Wildcats,614564,1,top,Logan Crock grounded out to 2b (0-1 K).,1,2026-04-03 14:00:00-04:00,"Villanova Ballpark at Plymouth (Plymouth Meeting, PA)",123,MBA,2026
6506691,614564,Butler Bulldogs,614803,Villanova Wildcats,614564,1,top,Matthew Rhoades struck out swinging (3-2 FBBBFS).,2,2026-04-03 14:00:00-04:00,"Villanova Ballpark at Plymouth (Plymouth Meeting, PA)",123,MBA,2026
6506691,614564,Butler Bulldogs,614803,Villanova Wildcats,614564,1,top,Gavin Gilmore grounded out to 2b (0-0).,3,2026-04-03 14:00:00-04:00,"Villanova Ballpark at Plymouth (Plymouth Meeting, PA)",123,MBA,2026
6506691,614564,Butler Bulldogs,614803,Villanova Wildcats,614803,1,bot,Michael Whooley grounded out to 3b (0-2 SS).,4,2026-04-03 14:00:00-04:00,"Villanova Ballpark at Plymouth (Plymouth Meeting, PA)",123,MBA,2026
6506691,614564,Butler Bulldogs,614803,Villanova Wildcats,614803,1,bot,Austin Lemon flied out to lf (0-0).,5,2026-04-03 14:00:00-04:00,"Villanova Ballpark at Plymouth (Plymouth Meeting, PA)",123,MBA,2026
6506691,614564,Butler Bulldogs,614803,Villanova Wildcats,614803,1,bot,Brayden Leonard grounded out to 2b (2-2 BKBF).,6,2026-04-03 14:00:00-04:00,"Villanova Ballpark at Plymouth (Plymouth Meeting, PA)",123,MBA,2026
6506691,614564,Butler Bulldogs,614803,Villanova Wildcats,614564,2,top,David Ayers struck out swinging (2-2 SKBBS).,7,2026-04-03 14:00:00-04:00,"Villanova Ballpark at Plymouth (Plymouth Meeting, PA)",123,MBA,2026
6506691,614564,Butler Bulldogs,614803,Villanova Wildcats,614564,2,top,Will White struck out swinging (0-2 KKS).,8,2026-04-03 14:00:00-04:00,"Villanova Ballpark at Plymouth (Plymouth Meeting, PA)",123,MBA,2026
6506691,614564,Butler Bulldogs,614803,Villanova Wildcats,614564,2,top,Charlie Schebler flied out to rf (2-1 BBS).,9,2026-04-03 14:00:00-04:00,"Villanova Ballpark at Plymouth (Plymouth Meeting, PA)",123,MBA,2026
6506691,614564,Butler Bulldogs,614803,Villanova Wildcats,614803,2,bot,John Freitag struck out looking (0-2 FSFK).,10,2026-04-03 14:00:00-04:00,"Villanova Ballpark at Plymouth (Plymouth Meeting, PA)",123,MBA,2026
6506691,614564,Butler Bulldogs,614803,Villanova Wildcats,614803,2,bot,"Collin Quintano homered to left field, RBI (2-2 BSKB).",11,2026-04-03 14:00:00-04:00,"Villanova Ballpark at Plymouth (Plymouth Meeting, PA)",123,MBA,2026
6506691,614564,Butler Bulldogs,614803,Villanova Wildcats,614803,2,bot,Mark Giallusi flied out to cf (0-0).,12,2026-04-03 14:00:00-04:00,"Villanova Ballpark at Plymouth (Plymouth Meeting, PA)",123,MBA,2026
6506691,614564,Butler Bulldogs,614803,Villanova Wildcats,614803,2,bot,Larry Hotaling struck out swinging (0-2 KKS).,13,2026-04-03 14:00:00-04:00,"Villanova Ballpark at Plymouth (Plymouth Meeting, PA)",123,MBA,2026
6506691,614564,Butler Bulldogs,614803,Villanova Wildcats,614564,3,top,Gunnar Duncan struck out swinging (1-2 KFFBS).,14,2026-04-03 14:00:00-04:00,"Villanova Ballpark at Plymouth (Plymouth Meeting, PA)",123,MBA,2026
6506691,614564,Butler Bulldogs,614803,Villanova Wildcats,614564,3,top,Danny Gavin walked (3-1 BBKBB).,15,2026-04-03 14:00:00-04:00,"Villanova Ballpark at Plymouth (Plymouth Meeting, PA)",123,MBA,2026
6506691,614564,Butler Bulldogs,614803,Villanova Wildcats,614564,3,top,Easton Moore grounded out to 2b (1-1 SB); Danny Gavin advanced to second.,16,2026-04-03 14:00:00-04:00,"Villanova Ballpark at Plymouth (Plymouth Meeting, PA)",123,MBA,2026
6506691,614564,Butler Bulldogs,614803,Villanova Wildcats,614564,3,top,"Logan Crock singled to center field, RBI (1-1 KB); Danny Gavin scored.",17,2026-04-03 14:00:00-04:00,"Villanova Ballpark at Plymouth (Plymouth Meeting, PA)",123,MBA,2026
6506691,614564,Butler Bulldogs,614803,Villanova Wildcats,614564,3,top,Logan Crock stole second.,18,2026-04-03 14:00:00-04:00,"Villanova Ballpark at Plymouth (Plymouth Meeting, PA)",123,MBA,2026
6506691,614564,Butler Bulldogs,614803,Villanova Wildcats,614564,3,top,Matthew Rhoades flied out to rf (3-2 BFFBB).,19,2026-04-03 14:00:00-04:00,"Villanova Ballpark at Plymouth (Plymouth Meeting, PA)",123,MBA,2026
6506691,614564,Butler Bulldogs,614803,Villanova Wildcats,614803,3,bot,Aidan Barry grounded out to 2b (2-0 BB).,20,2026-04-03 14:00:00-04:00,"Villanova Ballpark at Plymouth (Plymouth Meeting, PA)",123,MBA,2026
6506691,614564,Butler Bulldogs,614803,Villanova Wildcats,614803,3,bot,Jack Roventini struck out looking (1-2 KKBK).,21,2026-04-03 14:00:00-04:00,"Villanova Ballpark at Plymouth (Plymouth Meeting, PA)",123,MBA,2026
6506691,614564,Butler Bulldogs,614803,Villanova Wildcats,614803,3,bot,Michael Whooley flied out to lf (0-0).,22,2026-04-03 14:00:00-04:00,"Villanova Ballpark at Plymouth (Plymouth Meeting, PA)",123,MBA,2026
6506691,614564,Butler Bulldogs,614803,Villanova Wildcats,614564,4,top,Gavin Gilmore fouled out to c (0-0).,23,2026-04-03 14:00:00-04:00,"Villanova Ballpark at Plymouth (Plymouth Meeting, PA)",123,MBA,2026
6506691,614564,Butler Bulldogs,614803,Villanova Wildcats,614564,4,top,David Ayers struck out looking (0-2 KFK).,24,2026-04-03 14:00:00-04:00,"Villanova Ballpark at Plymouth (Plymouth Meeting, PA)",123,MBA,2026
6506691,614564,Butler Bulldogs,614803,Villanova Wildcats,614564,4,top,Will White struck out swinging (2-2 FSBBS).,25,2026-04-03 14:00:00-04:00,"Villanova Ballpark at Plymouth (Plymouth Meeting, PA)",123,MBA,2026
6506691,614564,Butler Bulldogs,614803,Villanova Wildcats,614803,4,bot,Austin Lemon singled up the middle (2-1 BKB).,26,2026-04-03 14:00:00-04:00,"Villanova Ballpark at Plymouth (Plymouth Meeting, PA)",123,MBA,2026
6506691,614564,Butler Bulldogs,614803,Villanova Wildcats,614803,4,bot,Brayden Leonard flied out to lf (0-0).,27,2026-04-03 14:00:00-04:00,"Villanova Ballpark at Plymouth (Plymouth Meeting, PA)",123,MBA,2026
6506691,614564,Butler Bulldogs,614803,Villanova Wildcats,614803,4,bot,John Freitag popped up to ss (2-1 KBB).,28,2026-04-03 14:00:00-04:00,"Villanova Ballpark at Plymouth (Plymouth Meeting, PA)",123,MBA,2026
6506691,614564,Butler Bulldogs,614803,Villanova Wildcats,614803,4,bot,Collin Quintano flied out to rf (0-0).,29,2026-04-03 14:00:00-04:00,"Villanova Ballpark at Plymouth (Plymouth Meeting, PA)",123,MBA,2026
6506691,614564,Butler Bulldogs,614803,Villanova Wildcats,614564,5,top,Charlie Schebler struck out swinging (1-2 KFFBS).,30,2026-04-03 14:00:00-04:00,"Villanova Ballpark at Plymouth (Plymouth Meeting, PA)",123,MBA,2026
6506691,614564,Butler Bulldogs,614803,Villanova Wildcats,614564,5,top,Gunnar Duncan grounded out to 2b (3-2 BBKKFBF).,31,2026-04-03 14:00:00-04:00,"Villanova Ballpark at Plymouth (Plymouth Meeting, PA)",123,MBA,2026
6506691,614564,Butler Bulldogs,614803,Villanova Wildcats,614564,5,top,Danny Gavin struck out swinging (1-2 BSFS).,32,2026-04-03 14:00:00-04:00,"Villanova Ballpark at Plymouth (Plymouth Meeting, PA)",123,MBA,2026
6506691,614564,Butler Bulldogs,614803,Villanova Wildcats,614803,5,bot,Mark Giallusi flied out to cf (1-0 B).,33,2026-04-03 14:00:00-04:00,"Villanova Ballpark at Plymouth (Plymouth Meeting, PA)",123,MBA,2026
6506691,614564,Butler Bulldogs,614803,Villanova Wildcats,614803,5,bot,Larry Hotaling grounded out to ss (2-0 BB).,34,2026-04-03 14:00:00-04:00,"Villanova Ballpark at Plymouth (Plymouth Meeting, PA)",123,MBA,2026
6506691,614564,Butler Bulldogs,614803,Villanova Wildcats,614803,5,bot,Aidan Barry singled to right center (2-1 BBK).,35,2026-04-03 14:00:00-04:00,"Villanova Ballpark at Plymouth (Plymouth Meeting, PA)",123,MBA,2026
6506691,614564,Butler Bulldogs,614803,Villanova Wildcats,614803,5,bot,"Jack Roventini tripled to center field, RBI (0-1 K); Aidan Barry scored.",36,2026-04-03 14:00:00-04:00,"Villanova Ballpark at Plymouth (Plymouth Meeting, PA)",123,MBA,2026
6506691,614564,Butler Bulldogs,614803,Villanova Wildcats,614803,5,bot,Michael Whooley popped up to 1b (0-1 K).,37,2026-04-03 14:00:00-04:00,"Villanova Ballpark at Plymouth (Plymouth Meeting, PA)",123,MBA,2026
6506691,614564,Butler Bulldogs,614803,Villanova Wildcats,614564,6,top,Easton Moore flied out to rf (0-0).,38,2026-04-03 14:00:00-04:00,"Villanova Ballpark at Plymouth (Plymouth Meeting, PA)",123,MBA,2026
6506691,614564,Butler Bulldogs,614803,Villanova Wildcats,614564,6,top,Logan Crock flied out to cf (1-0 B).,39,2026-04-03 14:00:00-04:00,"Villanova Ballpark at Plymouth (Plymouth Meeting, PA)",123,MBA,2026
6506691,614564,Butler Bulldogs,614803,Villanova Wildcats,614564,6,top,Matthew Rhoades walked (3-1 KBBBB).,40,2026-04-03 14:00:00-04:00,"Villanova Ballpark at Plymouth (Plymouth Meeting, PA)",123,MBA,2026
6506691,614564,Butler Bulldogs,614803,Villanova Wildcats,614564,6,top,"Gavin Gilmore homered to left field, 2 RBI (1-2 BFFFF); Matthew Rhoades scored.",41,2026-04-03 14:00:00-04:00,"Villanova Ballpark at Plymouth (Plymouth Meeting, PA)",123,MBA,2026
6506691,614564,Butler Bulldogs,614803,Villanova Wildcats,614564,6,top,David Ayers struck out swinging (2-2 FBSBS).,42,2026-04-03 14:00:00-04:00,"Villanova Ballpark at Plymouth (Plymouth Meeting, PA)",123,MBA,2026
6506691,614564,Butler Bulldogs,614803,Villanova Wildcats,614803,6,bot,Alex Christie to 3b for Easton Moore.,43,2026-04-03 14:00:00-04:00,"Villanova Ballpark at Plymouth (Plymouth Meeting, PA)",123,MBA,2026
6506691,614564,Butler Bulldogs,614803,Villanova Wildcats,614803,6,bot,Austin Lemon out at first 1b to p (2-2 BFBFF).,44,2026-04-03 14:00:00-04:00,"Villanova Ballpark at Plymouth (Plymouth Meeting, PA)",123,MBA,2026
6506691,614564,Butler Bulldogs,614803,Villanova Wildcats,614803,6,bot,Brayden Leonard singled to left field (2-2 KBKFFB).,45,2026-04-03 14:00:00-04:00,"Villanova Ballpark at Plymouth (Plymouth Meeting, PA)",123,MBA,2026
6506691,614564,Butler Bulldogs,614803,Villanova Wildcats,614803,6,bot,John Freitag singled to second base (0-0); Brayden Leonard advanced to third.,46,2026-04-03 14:00:00-04:00,"Villanova Ballpark at Plymouth (Plymouth Meeting, PA)",123,MBA,2026
6506691,614564,Butler Bulldogs,614803,Villanova Wildcats,614803,6,bot,JoJo Montgomery pinch ran for John Freitag.,47,2026-04-03 14:00:00-04:00,"Villanova Ballpark at Plymouth (Plymouth Meeting, PA)",123,MBA,2026
6506691,614564,Butler Bulldogs,614803,Villanova Wildcats,614803,6,bot,"Collin Quintano singled to third base, RBI (2-2 BFFB); JoJo Montgomery advanced to second; Brayden Leonard scored.",48,2026-04-03 14:00:00-04:00,"Villanova Ballpark at Plymouth (Plymouth Meeting, PA)",123,MBA,2026
6506691,614564,Butler Bulldogs,614803,Villanova Wildcats,614803,6,bot,"Mark Giallusi singled through the left side, RBI (1-2 BKS); Collin Quintano advanced to second; JoJo Montgomery scored.",49,2026-04-03 14:00:00-04:00,"Villanova Ballpark at Plymouth (Plymouth Meeting, PA)",123,MBA,2026
6506691,614564,Butler Bulldogs,614803,Villanova Wildcats,614803,6,bot,"Larry Hotaling flied out to cf, sacrifice fly (1-2 FSBF); Collin Quintano advanced to third.",50,2026-04-03 14:00:00-04:00,"Villanova Ballpark at Plymouth (Plymouth Meeting, PA)",123,MBA,2026
6506691,614564,Butler Bulldogs,614803,Villanova Wildcats,614803,6,bot,Aidan Barry popped up to ss (1-1 BS).,51,2026-04-03 14:00:00-04:00,"Villanova Ballpark at Plymouth (Plymouth Meeting, PA)",123,MBA,2026
6506691,614564,Butler Bulldogs,614803,Villanova Wildcats,614564,7,top,Will Parkinson to p for Jack Kelley.,52,2026-04-03 14:00:00-04:00,"Villanova Ballpark at Plymouth (Plymouth Meeting, PA)",123,MBA,2026
6506691,614564,Butler Bulldogs,614803,Villanova Wildcats,614564,7,top,Will White walked (3-2 KSBBBFB).,53,2026-04-03 14:00:00-04:00,"Villanova Ballpark at Plymouth (Plymouth Meeting, PA)",123,MBA,2026
6506691,614564,Butler Bulldogs,614803,Villanova Wildcats,614564,7,top,Logan Baker pinch hit for Charlie Schebler.,54,2026-04-03 14:00:00-04:00,"Villanova Ballpark at Plymouth (Plymouth Meeting, PA)",123,MBA,2026
6506691,614564,Butler Bulldogs,614803,Villanova Wildcats,614564,7,top,"Logan Baker out at first 1b to 2b, SAC, bunt (0-0); Will White advanced to second.",55,2026-04-03 14:00:00-04:00,"Villanova Ballpark at Plymouth (Plymouth Meeting, PA)",123,MBA,2026
6506691,614564,Butler Bulldogs,614803,Villanova Wildcats,614564,7,top,Gunnar Duncan flied out to rf (2-1 BBK).,56,2026-04-03 14:00:00-04:00,"Villanova Ballpark at Plymouth (Plymouth Meeting, PA)",123,MBA,2026
6506691,614564,Butler Bulldogs,614803,Villanova Wildcats,614564,7,top,Connor Sackett pinch hit for Danny Gavin.,57,2026-04-03 14:00:00-04:00,"Villanova Ballpark at Plymouth (Plymouth Meeting, PA)",123,MBA,2026
6506691,614564,Butler Bulldogs,614803,Villanova Wildcats,614564,7,top,Will White stole third.,58,2026-04-03 14:00:00-04:00,"Villanova Ballpark at Plymouth (Plymouth Meeting, PA)",123,MBA,2026
6506691,614564,Butler Bulldogs,614803,Villanova Wildcats,614564,7,top,Connor Sackett struck out looking (2-2 KKBBK).,59,2026-04-03 14:00:00-04:00,"Villanova Ballpark at Plymouth (Plymouth Meeting, PA)",123,MBA,2026
6506691,614564,Butler Bulldogs,614803,Villanova Wildcats,614803,7,bot,Logan Baker to 2b.,60,2026-04-03 14:00:00-04:00,"Villanova Ballpark at Plymouth (Plymouth Meeting, PA)",123,MBA,2026
6506691,614564,Butler Bulldogs,614803,Villanova Wildcats,614803,7,bot,Logan Wiley to p for Max Winders.,61,2026-04-03 14:00:00-04:00,"Villanova Ballpark at Plymouth (Plymouth Meeting, PA)",123,MBA,2026
6506691,614564,Butler Bulldogs,614803,Villanova Wildcats,614803,7,bot,Jack Roventini struck out swinging (1-2 KBKS).,62,2026-04-03 14:00:00-04:00,"Villanova Ballpark at Plymouth (Plymouth Meeting, PA)",123,MBA,2026
6506691,614564,Butler Bulldogs,614803,Villanova Wildcats,614803,7,bot,Michael Whooley flied out to lf (0-1 K).,63,2026-04-03 14:00:00-04:00,"Villanova Ballpark at Plymouth (Plymouth Meeting, PA)",123,MBA,2026
6506691,614564,Butler Bulldogs,614803,Villanova Wildcats,614803,7,bot,Austin Lemon struck out swinging (1-2 KKBS).,64,2026-04-03 14:00:00-04:00,"Villanova Ballpark at Plymouth (Plymouth Meeting, PA)",123,MBA,2026
6506691,614564,Butler Bulldogs,614803,Villanova Wildcats,614564,8,top,Alex Christie popped up to p (3-2 BSBBK).,65,2026-04-03 14:00:00-04:00,"Villanova Ballpark at Plymouth (Plymouth Meeting, PA)",123,MBA,2026
6506691,614564,Butler Bulldogs,614803,Villanova Wildcats,614564,8,top,Logan Crock flied out to lf (1-2 KKFB).,66,2026-04-03 14:00:00-04:00,"Villanova Ballpark at Plymouth (Plymouth Meeting, PA)",123,MBA,2026
6506691,614564,Butler Bulldogs,614803,Villanova Wildcats,614564,8,top,Matthew Rhoades reached first on an error by 3b (1-1 BK).,67,2026-04-03 14:00:00-04:00,"Villanova Ballpark at Plymouth (Plymouth Meeting, PA)",123,MBA,2026
6506691,614564,Butler Bulldogs,614803,Villanova Wildcats,614564,8,top,Gavin Gilmore flied out to rf (0-1 K).,68,2026-04-03 14:00:00-04:00,"Villanova Ballpark at Plymouth (Plymouth Meeting, PA)",123,MBA,2026
6506691,614564,Butler Bulldogs,614803,Villanova Wildcats,614803,8,bot,Alex Kanipe to p for Logan Wiley.,69,2026-04-03 14:00:00-04:00,"Villanova Ballpark at Plymouth (Plymouth Meeting, PA)",123,MBA,2026
6506691,614564,Butler Bulldogs,614803,Villanova Wildcats,614803,8,bot,Brayden Leonard grounded out to ss (1-2 KKB).,70,2026-04-03 14:00:00-04:00,"Villanova Ballpark at Plymouth (Plymouth Meeting, PA)",123,MBA,2026
6506691,614564,Butler Bulldogs,614803,Villanova Wildcats,614803,8,bot,Carter Richey pinch hit for JoJo Montgomery.,71,2026-04-03 14:00:00-04:00,"Villanova Ballpark at Plymouth (Plymouth Meeting, PA)",123,MBA,2026
6506691,614564,Butler Bulldogs,614803,Villanova Wildcats,614803,8,bot,Carter Richey struck out looking (2-2 KBKBFK).,72,2026-04-03 14:00:00-04:00,"Villanova Ballpark at Plymouth (Plymouth Meeting, PA)",123,MBA,2026
6506691,614564,Butler Bulldogs,614803,Villanova Wildcats,614803,8,bot,Collin Quintano doubled to right field (0-2 KK).,73,2026-04-03 14:00:00-04:00,"Villanova Ballpark at Plymouth (Plymouth Meeting, PA)",123,MBA,2026
6506691,614564,Butler Bulldogs,614803,Villanova Wildcats,614803,8,bot,Trent Toole pinch ran for Collin Quintano.,74,2026-04-03 14:00:00-04:00,"Villanova Ballpark at Plymouth (Plymouth Meeting, PA)",123,MBA,2026
6506691,614564,Butler Bulldogs,614803,Villanova Wildcats,614803,8,bot,Mark Giallusi was intentionally walked (3-0 BBBB).,75,2026-04-03 14:00:00-04:00,"Villanova Ballpark at Plymouth (Plymouth Meeting, PA)",123,MBA,2026
6506691,614564,Butler Bulldogs,614803,Villanova Wildcats,614803,8,bot,"Larry Hotaling reached first on an error by ss (3-2 BBSBF); Mark Giallusi advanced to second; Trent Toole scored, unearned.",76,2026-04-03 14:00:00-04:00,"Villanova Ballpark at Plymouth (Plymouth Meeting, PA)",123,MBA,2026
6506691,614564,Butler Bulldogs,614803,Villanova Wildcats,614803,8,bot,Aidan Barry struck out swinging (0-2 KKS).,77,2026-04-03 14:00:00-04:00,"Villanova Ballpark at Plymouth (Plymouth Meeting, PA)",123,MBA,2026
6506691,614564,Butler Bulldogs,614803,Villanova Wildcats,614564,9,top,Trent Toole to 1b.,78,2026-04-03 14:00:00-04:00,"Villanova Ballpark at Plymouth (Plymouth Meeting, PA)",123,MBA,2026
6506691,614564,Butler Bulldogs,614803,Villanova Wildcats,614564,9,top,David Ayers hit by pitch (1-1 FH).,79,2026-04-03 14:00:00-04:00,"Villanova Ballpark at Plymouth (Plymouth Meeting, PA)",123,MBA,2026
6506691,614564,Butler Bulldogs,614803,Villanova Wildcats,614564,9,top,"Will White homered to right field, 2 RBI (0-0); David Ayers scored.",80,2026-04-03 14:00:00-04:00,"Villanova Ballpark at Plymouth (Plymouth Meeting, PA)",123,MBA,2026
6506691,614564,Butler Bulldogs,614803,Villanova Wildcats,614564,9,top,"Logan Baker homered to left field, RBI (0-1 K).",81,2026-04-03 14:00:00-04:00,"Villanova Ballpark at Plymouth (Plymouth Meeting, PA)",123,MBA,2026
6506691,614564,Butler Bulldogs,614803,Villanova Wildcats,614564,9,top,Jeremiah Holder to p for Will Parkinson.,82,2026-04-03 14:00:00-04:00,"Villanova Ballpark at Plymouth (Plymouth Meeting, PA)",123,MBA,2026
6506691,614564,Butler Bulldogs,614803,Villanova Wildcats,614564,9,top,Gunnar Duncan singled to center field (0-0).,83,2026-04-03 14:00:00-04:00,"Villanova Ballpark at Plymouth (Plymouth Meeting, PA)",123,MBA,2026
6506691,614564,Butler Bulldogs,614803,Villanova Wildcats,614564,9,top,Jack Zeller pinch hit for Connor Sackett.,84,2026-04-03 14:00:00-04:00,"Villanova Ballpark at Plymouth (Plymouth Meeting, PA)",123,MBA,2026
6506691,614564,Butler Bulldogs,614803,Villanova Wildcats,614564,9,top,Gunnar Duncan stole second.,85,2026-04-03 14:00:00-04:00,"Villanova Ballpark at Plymouth (Plymouth Meeting, PA)",123,MBA,2026
6506691,614564,Butler Bulldogs,614803,Villanova Wildcats,614564,9,top,Jack Zeller struck out swinging (2-2 KKBBS).,86,2026-04-03 14:00:00-04:00,"Villanova Ballpark at Plymouth (Plymouth Meeting, PA)",123,MBA,2026
6506691,614564,Butler Bulldogs,614803,Villanova Wildcats,614564,9,top,Alex Christie walked (3-1 BFBBB).,87,2026-04-03 14:00:00-04:00,"Villanova Ballpark at Plymouth (Plymouth Meeting, PA)",123,MBA,2026
6506691,614564,Butler Bulldogs,614803,Villanova Wildcats,614564,9,top,Logan Crock flied out to cf (0-1 K).,88,2026-04-03 14:00:00-04:00,"Villanova Ballpark at Plymouth (Plymouth Meeting, PA)",123,MBA,2026
6506691,614564,Butler Bulldogs,614803,Villanova Wildcats,614564,9,top,Matthew Rhoades singled through the right side (0-2 FSF); Alex Christie advanced to second; Gunnar Duncan advanced to third.,89,2026-04-03 14:00:00-04:00,"Villanova Ballpark at Plymouth (Plymouth Meeting, PA)",123,MBA,2026
6506691,614564,Butler Bulldogs,614803,Villanova Wildcats,614564,9,top,"Gavin Gilmore walked, RBI (3-2 BKBFFFBB); Matthew Rhoades advanced to second; Alex Christie advanced to third; Gunnar Duncan scored.",90,2026-04-03 14:00:00-04:00,"Villanova Ballpark at Plymouth (Plymouth Meeting, PA)",123,MBA,2026
6506691,614564,Butler Bulldogs,614803,Villanova Wildcats,614564,9,top,David Ayers struck out swinging (1-2 KSBS).,91,2026-04-03 14:00:00-04:00,"Villanova Ballpark at Plymouth (Plymouth Meeting, PA)",123,MBA,2026
6506691,614564,Butler Bulldogs,614803,Villanova Wildcats,614803,9,bot,Brock Buckley to p for Alex Kanipe.,92,2026-04-03 14:00:00-04:00,"Villanova Ballpark at Plymouth (Plymouth Meeting, PA)",123,MBA,2026
6506691,614564,Butler Bulldogs,614803,Villanova Wildcats,614803,9,bot,Jack Roventini grounded out to p (0-1 K).,93,2026-04-03 14:00:00-04:00,"Villanova Ballpark at Plymouth (Plymouth Meeting, PA)",123,MBA,2026
6506691,614564,Butler Bulldogs,614803,Villanova Wildcats,614803,9,bot,Michael Whooley grounded out to ss (2-2 KBFB).,94,2026-04-03 14:00:00-04:00,"Villanova Ballpark at Plymouth (Plymouth Meeting, PA)",123,MBA,2026
6506691,614564,Butler Bulldogs,614803,Villanova Wildcats,614803,9,bot,Austin Lemon grounded out to ss (0-0).,95,2026-04-03 14:00:00-04:00,"Villanova Ballpark at Plymouth (Plymouth Meeting, PA)",123,MBA,2026
6507132,614913,CSU Pueblo ThunderWolves,615025,Colo. Sch. of Mines Orediggers,614913,1,top,Logan Kelly hit by pitch (3-2 BKBFH).,1,2026-04-03 14:00:00-04:00,"Jim Darden Field (Golden, CO)",0,MBA,2026
6507132,614913,CSU Pueblo ThunderWolves,615025,Colo. Sch. of Mines Orediggers,614913,1,top,Logan Kelly stole second.,2,2026-04-03 14:00:00-04:00,"Jim Darden Field (Golden, CO)",0,MBA,2026
6507132,614913,CSU Pueblo ThunderWolves,615025,Colo. Sch. of Mines Orediggers,614913,1,top,Jeremiah Sanchez walked (3-2 BBBKKFB).,3,2026-04-03 14:00:00-04:00,"Jim Darden Field (Golden, CO)",0,MBA,2026
6507132,614913,CSU Pueblo ThunderWolves,615025,Colo. Sch. of Mines Orediggers,614913,1,top,Tyler Clementz singled to right field (1-2 BKF)3a Jeremiah Sanchez advanced to second3a Logan Kelly advanced to third.,4,2026-04-03 14:00:00-04:00,"Jim Darden Field (Golden, CO)",0,MBA,2026
6507132,614913,CSU Pueblo ThunderWolves,615025,Colo. Sch. of Mines Orediggers,614913,1,top,"Jake Hixenbaugh reached on a fielder's choice to second base, RBI (1-0 B)3a Tyler Clementz out at second 2b to ss3a Jeremiah Sanchez advanced to third3a Logan Kelly scored.",5,2026-04-03 14:00:00-04:00,"Jim Darden Field (Golden, CO)",0,MBA,2026
6507132,614913,CSU Pueblo ThunderWolves,615025,Colo. Sch. of Mines Orediggers,614913,1,top,"Jason Arriola singled through the right side, RBI (1-1 KB)3a Jake Hixenbaugh advanced to third3a Jeremiah Sanchez scored.",6,2026-04-03 14:00:00-04:00,"Jim Darden Field (Golden, CO)",0,MBA,2026
6507132,614913,CSU Pueblo ThunderWolves,615025,Colo. Sch. of Mines Orediggers,614913,1,top,George Andrews hit by pitch (3-2 FBBFH)3a Jason Arriola advanced to second.,7,2026-04-03 14:00:00-04:00,"Jim Darden Field (Golden, CO)",0,MBA,2026
6507132,614913,CSU Pueblo ThunderWolves,615025,Colo. Sch. of Mines Orediggers,614913,1,top,"Devean Alvarez singled through the right side, 2 RBI (1-0 B)3a George Andrews advanced to third3a Jason Arriola scored3a Jake Hixenbaugh scored.",8,2026-04-03 14:00:00-04:00,"Jim Darden Field (Golden, CO)",0,MBA,2026
6507132,614913,CSU Pueblo ThunderWolves,615025,Colo. Sch. of Mines Orediggers,614913,1,top,Devean Alvarez stole second.,9,2026-04-03 14:00:00-04:00,"Jim Darden Field (Golden, CO)",0,MBA,2026
6507132,614913,CSU Pueblo ThunderWolves,615025,Colo. Sch. of Mines Orediggers,614913,1,top,"Taehyung Kim singled to right field, RBI (3-2 BBKFBF)3a Devean Alvarez advanced to third3a George Andrews scored.",10,2026-04-03 14:00:00-04:00,"Jim Darden Field (Golden, CO)",0,MBA,2026
6507132,614913,CSU Pueblo ThunderWolves,615025,Colo. Sch. of Mines Orediggers,614913,1,top,"Kyle Miller flied out to cf, sacrifice fly, RBI (0-1 K)3a Devean Alvarez scored.",11,2026-04-03 14:00:00-04:00,"Jim Darden Field (Golden, CO)",0,MBA,2026
6507132,614913,CSU Pueblo ThunderWolves,615025,Colo. Sch. of Mines Orediggers,614913,1,top,"Logan Kelly doubled to left center, RBI (0-1 S)3a Taehyung Kim scored.",12,2026-04-03 14:00:00-04:00,"Jim Darden Field (Golden, CO)",0,MBA,2026
6507132,614913,CSU Pueblo ThunderWolves,615025,Colo. Sch. of Mines Orediggers,614913,1,top,Logan Kelly stole third.,13,2026-04-03 14:00:00-04:00,"Jim Darden Field (Golden, CO)",0,MBA,2026
6507132,614913,CSU Pueblo ThunderWolves,615025,Colo. Sch. of Mines Orediggers,614913,1,top,Jeremiah Sanchez grounded out to 2b (3-2 KBFBFBF).,14,2026-04-03 14:00:00-04:00,"Jim Darden Field (Golden, CO)",0,MBA,2026
6507132,614913,CSU Pueblo ThunderWolves,615025,Colo. Sch. of Mines Orediggers,615025,1,bot,Brody Duvall singled to shortstop (0-2 KFF).,15,2026-04-03 14:00:00-04:00,"Jim Darden Field (Golden, CO)",0,MBA,2026
6507132,614913,CSU Pueblo ThunderWolves,615025,Colo. Sch. of Mines Orediggers,615025,1,bot,Alex Dunagan grounded out to c (2-2 KBFFB)3a Brody Duvall advanced to second.,16,2026-04-03 14:00:00-04:00,"Jim Darden Field (Golden, CO)",0,MBA,2026
6507132,614913,CSU Pueblo ThunderWolves,615025,Colo. Sch. of Mines Orediggers,615025,1,bot,Evan Bilter hit by pitch (3-2 FBKBFBH).,17,2026-04-03 14:00:00-04:00,"Jim Darden Field (Golden, CO)",0,MBA,2026
6507132,614913,CSU Pueblo ThunderWolves,615025,Colo. Sch. of Mines Orediggers,615025,1,bot,Jackson Babcock walked (3-0 BBBB)3a Evan Bilter advanced to second3a Brody Duvall advanced to third.,18,2026-04-03 14:00:00-04:00,"Jim Darden Field (Golden, CO)",0,MBA,2026
6507132,614913,CSU Pueblo ThunderWolves,615025,Colo. Sch. of Mines Orediggers,615025,1,bot,"Tyler Easter reached on a fielder's choice to pitcher (0-2 SF)3a Jackson Babcock advanced to second, advanced to third on the error3a Evan Bilter advanced to third, scored on a throwing error by c, unearned3a Brody Duvall out at home p to c.",19,2026-04-03 14:00:00-04:00,"Jim Darden Field (Golden, CO)",0,MBA,2026
6507132,614913,CSU Pueblo ThunderWolves,615025,Colo. Sch. of Mines Orediggers,615025,1,bot,Tyler Pina walked (3-0 BBB)3a Tyler Easter advanced to second.,20,2026-04-03 14:00:00-04:00,"Jim Darden Field (Golden, CO)",0,MBA,2026
6507132,614913,CSU Pueblo ThunderWolves,615025,Colo. Sch. of Mines Orediggers,615025,1,bot,Tyler Hummel reached on a fielder's choice to second base (0-1 K)3a Tyler Pina out at second 2b to ss.,21,2026-04-03 14:00:00-04:00,"Jim Darden Field (Golden, CO)",0,MBA,2026
6507132,614913,CSU Pueblo ThunderWolves,615025,Colo. Sch. of Mines Orediggers,614913,2,top,Tyler Clementz lined out to 2b (1-0 B).,22,2026-04-03 14:00:00-04:00,"Jim Darden Field (Golden, CO)",0,MBA,2026
6507132,614913,CSU Pueblo ThunderWolves,615025,Colo. Sch. of Mines Orediggers,614913,2,top,Jake Hixenbaugh walked (3-2 BBBKKB).,23,2026-04-03 14:00:00-04:00,"Jim Darden Field (Golden, CO)",0,MBA,2026
6507132,614913,CSU Pueblo ThunderWolves,615025,Colo. Sch. of Mines Orediggers,614913,2,top,Jason Arriola walked (3-2 BFBBKB)3a Jake Hixenbaugh advanced to second.,24,2026-04-03 14:00:00-04:00,"Jim Darden Field (Golden, CO)",0,MBA,2026
6507132,614913,CSU Pueblo ThunderWolves,615025,Colo. Sch. of Mines Orediggers,614913,2,top,"George Andrews homered to center field, 3 RBI (0-0)3a Jason Arriola scored3a Jake Hixenbaugh scored.",25,2026-04-03 14:00:00-04:00,"Jim Darden Field (Golden, CO)",0,MBA,2026
6507132,614913,CSU Pueblo ThunderWolves,615025,Colo. Sch. of Mines Orediggers,614913,2,top,Devean Alvarez struck out looking (0-2 FKK).,26,2026-04-03 14:00:00-04:00,"Jim Darden Field (Golden, CO)",0,MBA,2026
6507132,614913,CSU Pueblo ThunderWolves,615025,Colo. Sch. of Mines Orediggers,614913,2,top,Taehyung Kim singled to right field (1-1 BK).,27,2026-04-03 14:00:00-04:00,"Jim Darden Field (Golden, CO)",0,MBA,2026
6507132,614913,CSU Pueblo ThunderWolves,615025,Colo. Sch. of Mines Orediggers,614913,2,top,Kyle Miller grounded out to 2b (0-0).,28,2026-04-03 14:00:00-04:00,"Jim Darden Field (Golden, CO)",0,MBA,2026
6507132,614913,CSU Pueblo ThunderWolves,615025,Colo. Sch. of Mines Orediggers,615025,2,bot,Ben Leiphart walked (3-0 BBBB).,29,2026-04-03 14:00:00-04:00,"Jim Darden Field (Golden, CO)",0,MBA,2026
6507132,614913,CSU Pueblo ThunderWolves,615025,Colo. Sch. of Mines Orediggers,615025,2,bot,Ben Leiphart advanced to second on a balk.,30,2026-04-03 14:00:00-04:00,"Jim Darden Field (Golden, CO)",0,MBA,2026
6507132,614913,CSU Pueblo ThunderWolves,615025,Colo. Sch. of Mines Orediggers,615025,2,bot,Justin Kubojiri struck out swinging (0-2 KKS).,31,2026-04-03 14:00:00-04:00,"Jim Darden Field (Golden, CO)",0,MBA,2026
6507132,614913,CSU Pueblo ThunderWolves,615025,Colo. Sch. of Mines Orediggers,615025,2,bot,Brody Duvall walked (3-0 BBBB).,32,2026-04-03 14:00:00-04:00,"Jim Darden Field (Golden, CO)",0,MBA,2026
6507132,614913,CSU Pueblo ThunderWolves,615025,Colo. Sch. of Mines Orediggers,615025,2,bot,"Alex Dunagan singled down the lf line, RBI (0-2 KS)3a Brody Duvall advanced to second3a Ben Leiphart scored.",33,2026-04-03 14:00:00-04:00,"Jim Darden Field (Golden, CO)",0,MBA,2026
6507132,614913,CSU Pueblo ThunderWolves,615025,Colo. Sch. of Mines Orediggers,615025,2,bot,Justin Holcomb pinch ran for Alex Dunagan.,34,2026-04-03 14:00:00-04:00,"Jim Darden Field (Golden, CO)",0,MBA,2026
6507132,614913,CSU Pueblo ThunderWolves,615025,Colo. Sch. of Mines Orediggers,615025,2,bot,Evan Bilter flied out to rf (2-2 KBKB)3a Brody Duvall advanced to third.,35,2026-04-03 14:00:00-04:00,"Jim Darden Field (Golden, CO)",0,MBA,2026
6507132,614913,CSU Pueblo ThunderWolves,615025,Colo. Sch. of Mines Orediggers,615025,2,bot,Jackson Babcock grounded out to 2b (1-0 B).,36,2026-04-03 14:00:00-04:00,"Jim Darden Field (Golden, CO)",0,MBA,2026
6507132,614913,CSU Pueblo ThunderWolves,615025,Colo. Sch. of Mines Orediggers,614913,3,top,Justin Holcomb to lf.,37,2026-04-03 14:00:00-04:00,"Jim Darden Field (Golden, CO)",0,MBA,2026
6507132,614913,CSU Pueblo ThunderWolves,615025,Colo. Sch. of Mines Orediggers,614913,3,top,Logan Kelly flied out to cf (1-0 B).,38,2026-04-03 14:00:00-04:00,"Jim Darden Field (Golden, CO)",0,MBA,2026
6507132,614913,CSU Pueblo ThunderWolves,615025,Colo. Sch. of Mines Orediggers,614913,3,top,Jeremiah Sanchez singled to right field (0-2 KS).,39,2026-04-03 14:00:00-04:00,"Jim Darden Field (Golden, CO)",0,MBA,2026
6507132,614913,CSU Pueblo ThunderWolves,615025,Colo. Sch. of Mines Orediggers,614913,3,top,Tyler Clementz struck out looking (3-2 FKBBBFK).,40,2026-04-03 14:00:00-04:00,"Jim Darden Field (Golden, CO)",0,MBA,2026
6507132,614913,CSU Pueblo ThunderWolves,615025,Colo. Sch. of Mines Orediggers,614913,3,top,Jake Hixenbaugh doubled down the lf line (2-0 BB)3a Jeremiah Sanchez advanced to third.,41,2026-04-03 14:00:00-04:00,"Jim Darden Field (Golden, CO)",0,MBA,2026
6507132,614913,CSU Pueblo ThunderWolves,615025,Colo. Sch. of Mines Orediggers,614913,3,top,Jason Arriola walked (3-2 KBBFBB).,42,2026-04-03 14:00:00-04:00,"Jim Darden Field (Golden, CO)",0,MBA,2026
6507132,614913,CSU Pueblo ThunderWolves,615025,Colo. Sch. of Mines Orediggers,614913,3,top,Nicholas Spidel to p for Will Niles.,43,2026-04-03 14:00:00-04:00,"Jim Darden Field (Golden, CO)",0,MBA,2026
6507132,614913,CSU Pueblo ThunderWolves,615025,Colo. Sch. of Mines Orediggers,614913,3,top,George Andrews grounded out to ss (0-1 K).,44,2026-04-03 14:00:00-04:00,"Jim Darden Field (Golden, CO)",0,MBA,2026
6507132,614913,CSU Pueblo ThunderWolves,615025,Colo. Sch. of Mines Orediggers,615025,3,bot,Tyler Easter struck out swinging (2-2 BKBSS).,45,2026-04-03 14:00:00-04:00,"Jim Darden Field (Golden, CO)",0,MBA,2026
6507132,614913,CSU Pueblo ThunderWolves,615025,Colo. Sch. of Mines Orediggers,615025,3,bot,Tyler Pina doubled to right center (1-1 KB).,46,2026-04-03 14:00:00-04:00,"Jim Darden Field (Golden, CO)",0,MBA,2026
6507132,614913,CSU Pueblo ThunderWolves,615025,Colo. Sch. of Mines Orediggers,615025,3,bot,Tyler Hummel reached first on a fielding error by ss (0-2 FK)3a Tyler Pina advanced to third.,47,2026-04-03 14:00:00-04:00,"Jim Darden Field (Golden, CO)",0,MBA,2026
6507132,614913,CSU Pueblo ThunderWolves,615025,Colo. Sch. of Mines Orediggers,615025,3,bot,"Ben Leiphart singled down the lf line, RBI (0-0)3a Tyler Hummel advanced to second3a Tyler Pina scored.",48,2026-04-03 14:00:00-04:00,"Jim Darden Field (Golden, CO)",0,MBA,2026
6507132,614913,CSU Pueblo ThunderWolves,615025,Colo. Sch. of Mines Orediggers,615025,3,bot,Justin Kubojiri grounded into double play 2b to ss to 1b (0-0)3a Ben Leiphart out on the play.,49,2026-04-03 14:00:00-04:00,"Jim Darden Field (Golden, CO)",0,MBA,2026
6507132,614913,CSU Pueblo ThunderWolves,615025,Colo. Sch. of Mines Orediggers,614913,4,top,Devean Alvarez hit by pitch (2-2 KKFFBH).,50,2026-04-03 14:00:00-04:00,"Jim Darden Field (Golden, CO)",0,MBA,2026
6507132,614913,CSU Pueblo ThunderWolves,615025,Colo. Sch. of Mines Orediggers,614913,4,top,Taehyung Kim grounded into double play 2b to ss to 1b (0-0)3a Devean Alvarez out on the play.,51,2026-04-03 14:00:00-04:00,"Jim Darden Field (Golden, CO)",0,MBA,2026
6507132,614913,CSU Pueblo ThunderWolves,615025,Colo. Sch. of Mines Orediggers,614913,4,top,Kyle Miller singled up the middle (1-2 BKK).,52,2026-04-03 14:00:00-04:00,"Jim Darden Field (Golden, CO)",0,MBA,2026
6507132,614913,CSU Pueblo ThunderWolves,615025,Colo. Sch. of Mines Orediggers,614913,4,top,Kyle Miller stole second.,53,2026-04-03 14:00:00-04:00,"Jim Darden Field (Golden, CO)",0,MBA,2026
6507132,614913,CSU Pueblo ThunderWolves,615025,Colo. Sch. of Mines Orediggers,614913,4,top,Kyle Miller advanced to third on a wild pitch.,54,2026-04-03 14:00:00-04:00,"Jim Darden Field (Golden, CO)",0,MBA,2026
6507132,614913,CSU Pueblo ThunderWolves,615025,Colo. Sch. of Mines Orediggers,614913,4,top,Logan Kelly walked (3-2 BKBSBB).,55,2026-04-03 14:00:00-04:00,"Jim Darden Field (Golden, CO)",0,MBA,2026
6507132,614913,CSU Pueblo ThunderWolves,615025,Colo. Sch. of Mines Orediggers,614913,4,top,Jeremiah Sanchez walked (3-2 KBFBBB)3a Logan Kelly stole second.,56,2026-04-03 14:00:00-04:00,"Jim Darden Field (Golden, CO)",0,MBA,2026
6507132,614913,CSU Pueblo ThunderWolves,615025,Colo. Sch. of Mines Orediggers,614913,4,top,Tyler Clementz grounded out to 1b unassisted (1-2 SKB).,57,2026-04-03 14:00:00-04:00,"Jim Darden Field (Golden, CO)",0,MBA,2026
6507132,614913,CSU Pueblo ThunderWolves,615025,Colo. Sch. of Mines Orediggers,615025,4,bot,Devean Alvarez to 2b.,58,2026-04-03 14:00:00-04:00,"Jim Darden Field (Golden, CO)",0,MBA,2026
6507132,614913,CSU Pueblo ThunderWolves,615025,Colo. Sch. of Mines Orediggers,615025,4,bot,Jacob Petersheim to p.,59,2026-04-03 14:00:00-04:00,"Jim Darden Field (Golden, CO)",0,MBA,2026
6507132,614913,CSU Pueblo ThunderWolves,615025,Colo. Sch. of Mines Orediggers,615025,4,bot,Brody Duvall doubled down the lf line (0-0).,60,2026-04-03 14:00:00-04:00,"Jim Darden Field (Golden, CO)",0,MBA,2026
6507132,614913,CSU Pueblo ThunderWolves,615025,Colo. Sch. of Mines Orediggers,615025,4,bot,Justin Holcomb walked (3-2 FBBSBB).,61,2026-04-03 14:00:00-04:00,"Jim Darden Field (Golden, CO)",0,MBA,2026
6507132,614913,CSU Pueblo ThunderWolves,615025,Colo. Sch. of Mines Orediggers,615025,4,bot,Evan Bilter struck out swinging (3-2 SSBBFBS).,62,2026-04-03 14:00:00-04:00,"Jim Darden Field (Golden, CO)",0,MBA,2026
6507132,614913,CSU Pueblo ThunderWolves,615025,Colo. Sch. of Mines Orediggers,615025,4,bot,Jackson Babcock reached first on a throwing error by 2b (0-0)3a Justin Holcomb advanced to second3a Brody Duvall advanced to third.,63,2026-04-03 14:00:00-04:00,"Jim Darden Field (Golden, CO)",0,MBA,2026
6507132,614913,CSU Pueblo ThunderWolves,615025,Colo. Sch. of Mines Orediggers,615025,4,bot,"Tyler Easter doubled to left center, 3 RBI (1-1 SB)3a Jackson Babcock scored, unearned3a Justin Holcomb scored3a Brody Duvall scored.",64,2026-04-03 14:00:00-04:00,"Jim Darden Field (Golden, CO)",0,MBA,2026
6507132,614913,CSU Pueblo ThunderWolves,615025,Colo. Sch. of Mines Orediggers,615025,4,bot,Tyler Pina grounded out to 2b (0-1 F)3a Tyler Easter advanced to third.,65,2026-04-03 14:00:00-04:00,"Jim Darden Field (Golden, CO)",0,MBA,2026
6507132,614913,CSU Pueblo ThunderWolves,615025,Colo. Sch. of Mines Orediggers,615025,4,bot,Tyler Hummel popped up to 2b (1-1 KB).,66,2026-04-03 14:00:00-04:00,"Jim Darden Field (Golden, CO)",0,MBA,2026
6507132,614913,CSU Pueblo ThunderWolves,615025,Colo. Sch. of Mines Orediggers,614913,5,top,Matthew Turner to p for Nicholas Spidel.,67,2026-04-03 14:00:00-04:00,"Jim Darden Field (Golden, CO)",0,MBA,2026
6507132,614913,CSU Pueblo ThunderWolves,615025,Colo. Sch. of Mines Orediggers,614913,5,top,Jake Hixenbaugh grounded out to ss (2-2 KBFBF).,68,2026-04-03 14:00:00-04:00,"Jim Darden Field (Golden, CO)",0,MBA,2026
6507132,614913,CSU Pueblo ThunderWolves,615025,Colo. Sch. of Mines Orediggers,614913,5,top,"Jason Arriola struck out swinging, reached first on a throwing error by c (1-2 KSBS).",69,2026-04-03 14:00:00-04:00,"Jim Darden Field (Golden, CO)",0,MBA,2026
6507132,614913,CSU Pueblo ThunderWolves,615025,Colo. Sch. of Mines Orediggers,614913,5,top,George Andrews struck out looking (2-2 KFBBK)3a Jason Arriola stole second.,70,2026-04-03 14:00:00-04:00,"Jim Darden Field (Golden, CO)",0,MBA,2026
6507132,614913,CSU Pueblo ThunderWolves,615025,Colo. Sch. of Mines Orediggers,614913,5,top,Devean Alvarez struck out swinging (0-2 SFS).,71,2026-04-03 14:00:00-04:00,"Jim Darden Field (Golden, CO)",0,MBA,2026
6507132,614913,CSU Pueblo ThunderWolves,615025,Colo. Sch. of Mines Orediggers,615025,5,bot,Ben Leiphart struck out swinging (1-2 KKBS).,72,2026-04-03 14:00:00-04:00,"Jim Darden Field (Golden, CO)",0,MBA,2026
6507132,614913,CSU Pueblo ThunderWolves,615025,Colo. Sch. of Mines Orediggers,615025,5,bot,Joe Reitz pinch hit for Justin Kubojiri.,73,2026-04-03 14:00:00-04:00,"Jim Darden Field (Golden, CO)",0,MBA,2026
6507132,614913,CSU Pueblo ThunderWolves,615025,Colo. Sch. of Mines Orediggers,615025,5,bot,Joe Reitz hit by pitch (2-0 BH).,74,2026-04-03 14:00:00-04:00,"Jim Darden Field (Golden, CO)",0,MBA,2026
6507132,614913,CSU Pueblo ThunderWolves,615025,Colo. Sch. of Mines Orediggers,615025,5,bot,Brody Duvall singled down the lf line (1-0 B)3a Joe Reitz advanced to second.,75,2026-04-03 14:00:00-04:00,"Jim Darden Field (Golden, CO)",0,MBA,2026
6507132,614913,CSU Pueblo ThunderWolves,615025,Colo. Sch. of Mines Orediggers,615025,5,bot,"Brody Duvall advanced to second3a Joe Reitz out at third c to 3b, caught stealing.",76,2026-04-03 14:00:00-04:00,"Jim Darden Field (Golden, CO)",0,MBA,2026
6507132,614913,CSU Pueblo ThunderWolves,615025,Colo. Sch. of Mines Orediggers,615025,5,bot,Justin Holcomb walked (3-2 BFBKBB).,77,2026-04-03 14:00:00-04:00,"Jim Darden Field (Golden, CO)",0,MBA,2026
6507132,614913,CSU Pueblo ThunderWolves,615025,Colo. Sch. of Mines Orediggers,615025,5,bot,"Evan Bilter doubled to left field, 2 RBI (0-2 KK)3a Justin Holcomb scored3a Brody Duvall scored.",78,2026-04-03 14:00:00-04:00,"Jim Darden Field (Golden, CO)",0,MBA,2026
6507132,614913,CSU Pueblo ThunderWolves,615025,Colo. Sch. of Mines Orediggers,615025,5,bot,Alex Oliver to p for Jacob Petersheim.,79,2026-04-03 14:00:00-04:00,"Jim Darden Field (Golden, CO)",0,MBA,2026
6507132,614913,CSU Pueblo ThunderWolves,615025,Colo. Sch. of Mines Orediggers,615025,5,bot,Jackson Babcock grounded out to 2b (1-1 KB).,80,2026-04-03 14:00:00-04:00,"Jim Darden Field (Golden, CO)",0,MBA,2026
6507132,614913,CSU Pueblo ThunderWolves,615025,Colo. Sch. of Mines Orediggers,614913,6,top,Joe Reitz to 2b.,81,2026-04-03 14:00:00-04:00,"Jim Darden Field (Golden, CO)",0,MBA,2026
6507132,614913,CSU Pueblo ThunderWolves,615025,Colo. Sch. of Mines Orediggers,614913,6,top,Taehyung Kim flied out to cf (2-2 KBKFB).,82,2026-04-03 14:00:00-04:00,"Jim Darden Field (Golden, CO)",0,MBA,2026
6507132,614913,CSU Pueblo ThunderWolves,615025,Colo. Sch. of Mines Orediggers,614913,6,top,Kyle Miller grounded out to ss (2-2 BSSB).,83,2026-04-03 14:00:00-04:00,"Jim Darden Field (Golden, CO)",0,MBA,2026
6507132,614913,CSU Pueblo ThunderWolves,615025,Colo. Sch. of Mines Orediggers,614913,6,top,"Logan Kelly reached first on a fielding error by rf, advanced to third (2-2 SFFBB).",84,2026-04-03 14:00:00-04:00,"Jim Darden Field (Golden, CO)",0,MBA,2026
6507132,614913,CSU Pueblo ThunderWolves,615025,Colo. Sch. of Mines Orediggers,614913,6,top,"Logan Kelly scored on a wild pitch, unearned.",85,2026-04-03 14:00:00-04:00,"Jim Darden Field (Golden, CO)",0,MBA,2026
6507132,614913,CSU Pueblo ThunderWolves,615025,Colo. Sch. of Mines Orediggers,614913,6,top,Jeremiah Sanchez popped up to ss (2-1 KBB).,86,2026-04-03 14:00:00-04:00,"Jim Darden Field (Golden, CO)",0,MBA,2026
6507132,614913,CSU Pueblo ThunderWolves,615025,Colo. Sch. of Mines Orediggers,615025,6,bot,Tyler Easter grounded out to 3b (0-0).,87,2026-04-03 14:00:00-04:00,"Jim Darden Field (Golden, CO)",0,MBA,2026
6507132,614913,CSU Pueblo ThunderWolves,615025,Colo. Sch. of Mines Orediggers,615025,6,bot,Tyler Pina singled to third base (3-2 KFBBB).,88,2026-04-03 14:00:00-04:00,"Jim Darden Field (Golden, CO)",0,MBA,2026
6507132,614913,CSU Pueblo ThunderWolves,615025,Colo. Sch. of Mines Orediggers,615025,6,bot,Tyler Hummel reached first on a fielding error by ss (1-2 BKK)3a Tyler Pina advanced to second.,89,2026-04-03 14:00:00-04:00,"Jim Darden Field (Golden, CO)",0,MBA,2026
6507132,614913,CSU Pueblo ThunderWolves,615025,Colo. Sch. of Mines Orediggers,615025,6,bot,Ben Leiphart struck out swinging (1-2 BFSS).,90,2026-04-03 14:00:00-04:00,"Jim Darden Field (Golden, CO)",0,MBA,2026
6507132,614913,CSU Pueblo ThunderWolves,615025,Colo. Sch. of Mines Orediggers,615025,6,bot,"Joe Reitz singled to left field, RBI (2-2 SBFB)3a Tyler Hummel advanced to second3a Tyler Pina scored, unearned.",91,2026-04-03 14:00:00-04:00,"Jim Darden Field (Golden, CO)",0,MBA,2026
6507132,614913,CSU Pueblo ThunderWolves,615025,Colo. Sch. of Mines Orediggers,615025,6,bot,"Brody Duvall singled to right center, RBI (0-0)3a Joe Reitz advanced to third3a Tyler Hummel scored, unearned.",92,2026-04-03 14:00:00-04:00,"Jim Darden Field (Golden, CO)",0,MBA,2026
6507132,614913,CSU Pueblo ThunderWolves,615025,Colo. Sch. of Mines Orediggers,615025,6,bot,Jack Novak to p for Alex Oliver.,93,2026-04-03 14:00:00-04:00,"Jim Darden Field (Golden, CO)",0,MBA,2026
6507132,614913,CSU Pueblo ThunderWolves,615025,Colo. Sch. of Mines Orediggers,615025,6,bot,Justin Holcomb grounded out to 2b (3-2 FBBBK).,94,2026-04-03 14:00:00-04:00,"Jim Darden Field (Golden, CO)",0,MBA,2026
6507132,614913,CSU Pueblo ThunderWolves,615025,Colo. Sch. of Mines Orediggers,614913,7,top,Alex Freund to lf for Justin Holcomb.,95,2026-04-03 14:00:00-04:00,"Jim Darden Field (Golden, CO)",0,MBA,2026
6507132,614913,CSU Pueblo ThunderWolves,615025,Colo. Sch. of Mines Orediggers,614913,7,top,Tyler Clementz singled to left field (0-2 FFF).,96,2026-04-03 14:00:00-04:00,"Jim Darden Field (Golden, CO)",0,MBA,2026
6507132,614913,CSU Pueblo ThunderWolves,615025,Colo. Sch. of Mines Orediggers,614913,7,top,"Jake Hixenbaugh grounded out to 3b, SAC (1-0 B)3a Tyler Clementz advanced to second.",97,2026-04-03 14:00:00-04:00,"Jim Darden Field (Golden, CO)",0,MBA,2026
6507132,614913,CSU Pueblo ThunderWolves,615025,Colo. Sch. of Mines Orediggers,614913,7,top,"Jason Arriola homered to right field, 2 RBI (0-0)3a Tyler Clementz scored.",98,2026-04-03 14:00:00-04:00,"Jim Darden Field (Golden, CO)",0,MBA,2026
6507132,614913,CSU Pueblo ThunderWolves,615025,Colo. Sch. of Mines Orediggers,614913,7,top,Dax Howard pinch hit for George Andrews.,99,2026-04-03 14:00:00-04:00,"Jim Darden Field (Golden, CO)",0,MBA,2026
6507132,614913,CSU Pueblo ThunderWolves,615025,Colo. Sch. of Mines Orediggers,614913,7,top,Dax Howard walked (3-2 KKBBFBB).,100,2026-04-03 14:00:00-04:00,"Jim Darden Field (Golden, CO)",0,MBA,2026
6507132,614913,CSU Pueblo ThunderWolves,615025,Colo. Sch. of Mines Orediggers,614913,7,top,Devean Alvarez grounded out to ss (1-2 BFF)3a Dax Howard advanced to second.,101,2026-04-03 14:00:00-04:00,"Jim Darden Field (Golden, CO)",0,MBA,2026
6507132,614913,CSU Pueblo ThunderWolves,615025,Colo. Sch. of Mines Orediggers,614913,7,top,Taehyung Kim walked (3-1 BBBKB).,102,2026-04-03 14:00:00-04:00,"Jim Darden Field (Golden, CO)",0,MBA,2026
6507132,614913,CSU Pueblo ThunderWolves,615025,Colo. Sch. of Mines Orediggers,614913,7,top,Dillon Alcouffe to p for Matthew Turner.,103,2026-04-03 14:00:00-04:00,"Jim Darden Field (Golden, CO)",0,MBA,2026
6507132,614913,CSU Pueblo ThunderWolves,615025,Colo. Sch. of Mines Orediggers,614913,7,top,Kyle Miller reached on a fielder's choice to third base (2-0 BB)3a Taehyung Kim advanced to second3a Dax Howard out at third 3b unassisted.,104,2026-04-03 14:00:00-04:00,"Jim Darden Field (Golden, CO)",0,MBA,2026
6507132,614913,CSU Pueblo ThunderWolves,615025,Colo. Sch. of Mines Orediggers,615025,7,bot,Evan Bilter walked (3-2 KBBKBB).,105,2026-04-03 14:00:00-04:00,"Jim Darden Field (Golden, CO)",0,MBA,2026
6507132,614913,CSU Pueblo ThunderWolves,615025,Colo. Sch. of Mines Orediggers,615025,7,bot,Jackson Babcock popped up to ss (1-0 B).,106,2026-04-03 14:00:00-04:00,"Jim Darden Field (Golden, CO)",0,MBA,2026
6507132,614913,CSU Pueblo ThunderWolves,615025,Colo. Sch. of Mines Orediggers,615025,7,bot,Tyler Easter doubled to right center (1-0 B)3a Evan Bilter advanced to third.,107,2026-04-03 14:00:00-04:00,"Jim Darden Field (Golden, CO)",0,MBA,2026
6507132,614913,CSU Pueblo ThunderWolves,615025,Colo. Sch. of Mines Orediggers,615025,7,bot,Tyler Pina walked (3-1 BFBBB).,108,2026-04-03 14:00:00-04:00,"Jim Darden Field (Golden, CO)",0,MBA,2026
6507132,614913,CSU Pueblo ThunderWolves,615025,Colo. Sch. of Mines Orediggers,615025,7,bot,Clayden Brandon to p for Jack Novak.,109,2026-04-03 14:00:00-04:00,"Jim Darden Field (Golden, CO)",0,MBA,2026
6507132,614913,CSU Pueblo ThunderWolves,615025,Colo. Sch. of Mines Orediggers,615025,7,bot,Keyan Lundvall pinch hit for Tyler Hummel.,110,2026-04-03 14:00:00-04:00,"Jim Darden Field (Golden, CO)",0,MBA,2026
6507132,614913,CSU Pueblo ThunderWolves,615025,Colo. Sch. of Mines Orediggers,615025,7,bot,Keyan Lundvall struck out looking (1-2 FFBK).,111,2026-04-03 14:00:00-04:00,"Jim Darden Field (Golden, CO)",0,MBA,2026
6507132,614913,CSU Pueblo ThunderWolves,615025,Colo. Sch. of Mines Orediggers,615025,7,bot,Owen Elser pinch ran for Tyler Pina.,112,2026-04-03 14:00:00-04:00,"Jim Darden Field (Golden, CO)",0,MBA,2026
6507132,614913,CSU Pueblo ThunderWolves,615025,Colo. Sch. of Mines Orediggers,615025,7,bot,"Ben Leiphart doubled to left center, 3 RBI (0-0)3a Owen Elser scored3a Tyler Easter scored3a Evan Bilter scored.",113,2026-04-03 14:00:00-04:00,"Jim Darden Field (Golden, CO)",0,MBA,2026
6507132,614913,CSU Pueblo ThunderWolves,615025,Colo. Sch. of Mines Orediggers,615025,7,bot,"Joe Reitz singled through the right side, RBI (0-0)3a Ben Leiphart scored.",114,2026-04-03 14:00:00-04:00,"Jim Darden Field (Golden, CO)",0,MBA,2026
6511494,614678,UNCW Seahawks,614751,Stony Brook Seawolves,614678,1,top,"J. Pennella struck out swinging, out at first c unassisted (1-2 BFKS).",1,2026-04-03 14:00:00-04:00,"Joe Nathan Field (Stony Brook, NY)",237,MBA,2026
6511494,614678,UNCW Seahawks,614751,Stony Brook Seawolves,614678,1,top,"K. Jones struck out swinging, out at first c to 1b (1-2 KKBS).",2,2026-04-03 14:00:00-04:00,"Joe Nathan Field (Stony Brook, NY)",237,MBA,2026
6511494,614678,UNCW Seahawks,614751,Stony Brook Seawolves,614678,1,top,T. Lucas struck out swinging (1-2 FKBS).,3,2026-04-03 14:00:00-04:00,"Joe Nathan Field (Stony Brook, NY)",237,MBA,2026
6511494,614678,UNCW Seahawks,614751,Stony Brook Seawolves,614751,1,bot,Chris Carson walked (3-2 BBKKBB).,4,2026-04-03 14:00:00-04:00,"Joe Nathan Field (Stony Brook, NY)",237,MBA,2026
6511494,614678,UNCW Seahawks,614751,Stony Brook Seawolves,614751,1,bot,Chris Carson advanced to second on a throwing error by p.,5,2026-04-03 14:00:00-04:00,"Joe Nathan Field (Stony Brook, NY)",237,MBA,2026
6511494,614678,UNCW Seahawks,614751,Stony Brook Seawolves,614751,1,bot,Nick Zampieron struck out looking (1-2 SBFK).,6,2026-04-03 14:00:00-04:00,"Joe Nathan Field (Stony Brook, NY)",237,MBA,2026
6511494,614678,UNCW Seahawks,614751,Stony Brook Seawolves,614751,1,bot,Mike Villani grounded out to 2b (0-2 SK)3a Chris Carson advanced to third.,7,2026-04-03 14:00:00-04:00,"Joe Nathan Field (Stony Brook, NY)",237,MBA,2026
6511494,614678,UNCW Seahawks,614751,Stony Brook Seawolves,614751,1,bot,Jack Scheri struck out looking (3-2 BKBBKK).,8,2026-04-03 14:00:00-04:00,"Joe Nathan Field (Stony Brook, NY)",237,MBA,2026
6511494,614678,UNCW Seahawks,614751,Stony Brook Seawolves,614678,2,top,"M. Hughes struck out swinging, out at first c to 1b (0-2 SKS).",9,2026-04-03 14:00:00-04:00,"Joe Nathan Field (Stony Brook, NY)",237,MBA,2026
6511494,614678,UNCW Seahawks,614751,Stony Brook Seawolves,614678,2,top,"C. Nelson struck out swinging, out at first c to 1b (1-2 KKBS).",10,2026-04-03 14:00:00-04:00,"Joe Nathan Field (Stony Brook, NY)",237,MBA,2026
6511494,614678,UNCW Seahawks,614751,Stony Brook Seawolves,614678,2,top,W. Tyrrell flied out to cf (1-0 B).,11,2026-04-03 14:00:00-04:00,"Joe Nathan Field (Stony Brook, NY)",237,MBA,2026
6511494,614678,UNCW Seahawks,614751,Stony Brook Seawolves,614751,2,bot,Nicholas Dromboski walked (3-1 BBKBB).,12,2026-04-03 14:00:00-04:00,"Joe Nathan Field (Stony Brook, NY)",237,MBA,2026
6511494,614678,UNCW Seahawks,614751,Stony Brook Seawolves,614751,2,bot,"Nicholas Dromboski stole second, advanced to third on a throwing error by c.",13,2026-04-03 14:00:00-04:00,"Joe Nathan Field (Stony Brook, NY)",237,MBA,2026
6511494,614678,UNCW Seahawks,614751,Stony Brook Seawolves,614751,2,bot,"Scott Gell flied out to rf, sacrifice fly, RBI (1-2 BKK)3a Nicholas Dromboski scored, unearned.",14,2026-04-03 14:00:00-04:00,"Joe Nathan Field (Stony Brook, NY)",237,MBA,2026
6511494,614678,UNCW Seahawks,614751,Stony Brook Seawolves,614751,2,bot,Matthew Jackson singled to center field (0-1 S).,15,2026-04-03 14:00:00-04:00,"Joe Nathan Field (Stony Brook, NY)",237,MBA,2026
6511494,614678,UNCW Seahawks,614751,Stony Brook Seawolves,614751,2,bot,Aidyn Coffey flied out to cf (2-0 BB).,16,2026-04-03 14:00:00-04:00,"Joe Nathan Field (Stony Brook, NY)",237,MBA,2026
6511494,614678,UNCW Seahawks,614751,Stony Brook Seawolves,614751,2,bot,"Matthew Jackson out at second c to 2b, caught stealing.",17,2026-04-03 14:00:00-04:00,"Joe Nathan Field (Stony Brook, NY)",237,MBA,2026
6511494,614678,UNCW Seahawks,614751,Stony Brook Seawolves,614678,3,top,J. Bechtel singled through the left side (1-1 KB).,18,2026-04-03 14:00:00-04:00,"Joe Nathan Field (Stony Brook, NY)",237,MBA,2026
6511494,614678,UNCW Seahawks,614751,Stony Brook Seawolves,614678,3,top,C. Carpenter struck out swinging (0-2 KF)3a J. Bechtel advanced to second.,19,2026-04-03 14:00:00-04:00,"Joe Nathan Field (Stony Brook, NY)",237,MBA,2026
6511494,614678,UNCW Seahawks,614751,Stony Brook Seawolves,614678,3,top,J. Martinez flied out to cf (0-1 K).,20,2026-04-03 14:00:00-04:00,"Joe Nathan Field (Stony Brook, NY)",237,MBA,2026
6511494,614678,UNCW Seahawks,614751,Stony Brook Seawolves,614678,3,top,"J. Pennella singled to center field, RBI (3-1 BBBK)3a J. Bechtel scored.",21,2026-04-03 14:00:00-04:00,"Joe Nathan Field (Stony Brook, NY)",237,MBA,2026
6511494,614678,UNCW Seahawks,614751,Stony Brook Seawolves,614678,3,top,J. Pennella advanced to second on a balk.,22,2026-04-03 14:00:00-04:00,"Joe Nathan Field (Stony Brook, NY)",237,MBA,2026
6511494,614678,UNCW Seahawks,614751,Stony Brook Seawolves,614678,3,top,K. Jones popped up to 2b (3-1 BBSB).,23,2026-04-03 14:00:00-04:00,"Joe Nathan Field (Stony Brook, NY)",237,MBA,2026
6511494,614678,UNCW Seahawks,614751,Stony Brook Seawolves,614751,3,bot,James Schaffer popped up to ss (1-0 B).,24,2026-04-03 14:00:00-04:00,"Joe Nathan Field (Stony Brook, NY)",237,MBA,2026
6511494,614678,UNCW Seahawks,614751,Stony Brook Seawolves,614751,3,bot,Chris Carson singled to right center (1-1 BK).,25,2026-04-03 14:00:00-04:00,"Joe Nathan Field (Stony Brook, NY)",237,MBA,2026
6511494,614678,UNCW Seahawks,614751,Stony Brook Seawolves,614751,3,bot,Chris Carson advanced to second on a wild pitch.,26,2026-04-03 14:00:00-04:00,"Joe Nathan Field (Stony Brook, NY)",237,MBA,2026
6511494,614678,UNCW Seahawks,614751,Stony Brook Seawolves,614751,3,bot,Nick Zampieron struck out swinging (2-2 KFFBBS).,27,2026-04-03 14:00:00-04:00,"Joe Nathan Field (Stony Brook, NY)",237,MBA,2026
6511494,614678,UNCW Seahawks,614751,Stony Brook Seawolves,614751,3,bot,Chris Carson advanced to third on a wild pitch.,28,2026-04-03 14:00:00-04:00,"Joe Nathan Field (Stony Brook, NY)",237,MBA,2026
6511494,614678,UNCW Seahawks,614751,Stony Brook Seawolves,614751,3,bot,Mike Villani walked (3-0 BBBB).,29,2026-04-03 14:00:00-04:00,"Joe Nathan Field (Stony Brook, NY)",237,MBA,2026
6511494,614678,UNCW Seahawks,614751,Stony Brook Seawolves,614751,3,bot,"Jack Scheri singled to left field, RBI (0-0)3a Mike Villani advanced to second3a Chris Carson scored.",30,2026-04-03 14:00:00-04:00,"Joe Nathan Field (Stony Brook, NY)",237,MBA,2026
6511494,614678,UNCW Seahawks,614751,Stony Brook Seawolves,614751,3,bot,"Nicholas Dromboski doubled to right center, 2 RBI (0-0)3a Jack Scheri scored3a Mike Villani scored.",31,2026-04-03 14:00:00-04:00,"Joe Nathan Field (Stony Brook, NY)",237,MBA,2026
6511494,614678,UNCW Seahawks,614751,Stony Brook Seawolves,614751,3,bot,Scott Gell struck out swinging (0-2 KSS).,32,2026-04-03 14:00:00-04:00,"Joe Nathan Field (Stony Brook, NY)",237,MBA,2026
6511494,614678,UNCW Seahawks,614751,Stony Brook Seawolves,614678,4,top,T. Lucas doubled to left center (3-2 KBBKB).,33,2026-04-03 14:00:00-04:00,"Joe Nathan Field (Stony Brook, NY)",237,MBA,2026
6511494,614678,UNCW Seahawks,614751,Stony Brook Seawolves,614678,4,top,M. Hughes flied out to cf (2-0 BB).,34,2026-04-03 14:00:00-04:00,"Joe Nathan Field (Stony Brook, NY)",237,MBA,2026
6511494,614678,UNCW Seahawks,614751,Stony Brook Seawolves,614678,4,top,C. Nelson struck out swinging (3-2 BBKBSS).,35,2026-04-03 14:00:00-04:00,"Joe Nathan Field (Stony Brook, NY)",237,MBA,2026
6511494,614678,UNCW Seahawks,614751,Stony Brook Seawolves,614678,4,top,W. Tyrrell hit by pitch (1-1 KH).,36,2026-04-03 14:00:00-04:00,"Joe Nathan Field (Stony Brook, NY)",237,MBA,2026
6511494,614678,UNCW Seahawks,614751,Stony Brook Seawolves,614678,4,top,J. Bechtel grounded out to ss (1-1 BF).,37,2026-04-03 14:00:00-04:00,"Joe Nathan Field (Stony Brook, NY)",237,MBA,2026
6511494,614678,UNCW Seahawks,614751,Stony Brook Seawolves,614751,4,bot,Matthew Jackson singled through the right side (1-0 B).,38,2026-04-03 14:00:00-04:00,"Joe Nathan Field (Stony Brook, NY)",237,MBA,2026
6511494,614678,UNCW Seahawks,614751,Stony Brook Seawolves,614751,4,bot,Matthew Jackson stole second.,39,2026-04-03 14:00:00-04:00,"Joe Nathan Field (Stony Brook, NY)",237,MBA,2026
6511494,614678,UNCW Seahawks,614751,Stony Brook Seawolves,614751,4,bot,"Matthew Jackson out at third c to 3b, caught stealing.",40,2026-04-03 14:00:00-04:00,"Joe Nathan Field (Stony Brook, NY)",237,MBA,2026
6511494,614678,UNCW Seahawks,614751,Stony Brook Seawolves,614751,4,bot,Aidyn Coffey struck out swinging (2-2 KKBBS).,41,2026-04-03 14:00:00-04:00,"Joe Nathan Field (Stony Brook, NY)",237,MBA,2026
6511494,614678,UNCW Seahawks,614751,Stony Brook Seawolves,614751,4,bot,James Schaffer singled through the right side (1-1 BK).,42,2026-04-03 14:00:00-04:00,"Joe Nathan Field (Stony Brook, NY)",237,MBA,2026
6511494,614678,UNCW Seahawks,614751,Stony Brook Seawolves,614751,4,bot,Chris Carson grounded out to 2b (1-0 B).,43,2026-04-03 14:00:00-04:00,"Joe Nathan Field (Stony Brook, NY)",237,MBA,2026
6511494,614678,UNCW Seahawks,614751,Stony Brook Seawolves,614678,5,top,C. Carpenter singled through the left side (0-1 K).,44,2026-04-03 14:00:00-04:00,"Joe Nathan Field (Stony Brook, NY)",237,MBA,2026
6511494,614678,UNCW Seahawks,614751,Stony Brook Seawolves,614678,5,top,J. Martinez singled through the left side (2-0 BB)3a C. Carpenter advanced to second.,45,2026-04-03 14:00:00-04:00,"Joe Nathan Field (Stony Brook, NY)",237,MBA,2026
6511494,614678,UNCW Seahawks,614751,Stony Brook Seawolves,614678,5,top,J. Pennella grounded into double play ss to 2b to 1b (0-0)3a J. Martinez out on the play3a C. Carpenter advanced to third.,46,2026-04-03 14:00:00-04:00,"Joe Nathan Field (Stony Brook, NY)",237,MBA,2026
6511494,614678,UNCW Seahawks,614751,Stony Brook Seawolves,614678,5,top,K. Jones hit by pitch (3-2 BKBFH).,47,2026-04-03 14:00:00-04:00,"Joe Nathan Field (Stony Brook, NY)",237,MBA,2026
6511494,614678,UNCW Seahawks,614751,Stony Brook Seawolves,614678,5,top,T. Lucas grounded out to ss (3-2 FBSBB).,48,2026-04-03 14:00:00-04:00,"Joe Nathan Field (Stony Brook, NY)",237,MBA,2026
6511494,614678,UNCW Seahawks,614751,Stony Brook Seawolves,614751,5,bot,"Nick Zampieron singled to pitcher, bunt (0-1 S).",49,2026-04-03 14:00:00-04:00,"Joe Nathan Field (Stony Brook, NY)",237,MBA,2026
6511494,614678,UNCW Seahawks,614751,Stony Brook Seawolves,614751,5,bot,Nick Zampieron stole second.,50,2026-04-03 14:00:00-04:00,"Joe Nathan Field (Stony Brook, NY)",237,MBA,2026
6511494,614678,UNCW Seahawks,614751,Stony Brook Seawolves,614751,5,bot,Nick Zampieron out at third ss to 3b.,51,2026-04-03 14:00:00-04:00,"Joe Nathan Field (Stony Brook, NY)",237,MBA,2026
6511494,614678,UNCW Seahawks,614751,Stony Brook Seawolves,614751,5,bot,Mike Villani flied out to cf (3-2 BKFFBB).,52,2026-04-03 14:00:00-04:00,"Joe Nathan Field (Stony Brook, NY)",237,MBA,2026
6511494,614678,UNCW Seahawks,614751,Stony Brook Seawolves,614751,5,bot,Jack Scheri popped up to ss (0-0).,53,2026-04-03 14:00:00-04:00,"Joe Nathan Field (Stony Brook, NY)",237,MBA,2026
6511494,614678,UNCW Seahawks,614751,Stony Brook Seawolves,614678,6,top,M. Hughes singled to center field (2-2 BBFKF).,54,2026-04-03 14:00:00-04:00,"Joe Nathan Field (Stony Brook, NY)",237,MBA,2026
6511494,614678,UNCW Seahawks,614751,Stony Brook Seawolves,614678,6,top,C. Nelson struck out swinging (1-2 KFBS).,55,2026-04-03 14:00:00-04:00,"Joe Nathan Field (Stony Brook, NY)",237,MBA,2026
6511494,614678,UNCW Seahawks,614751,Stony Brook Seawolves,614678,6,top,M. Hughes stole second.,56,2026-04-03 14:00:00-04:00,"Joe Nathan Field (Stony Brook, NY)",237,MBA,2026
6511494,614678,UNCW Seahawks,614751,Stony Brook Seawolves,614678,6,top,"W. Tyrrell struck out swinging, out at first c to 1b (2-2 SKBBS).",57,2026-04-03 14:00:00-04:00,"Joe Nathan Field (Stony Brook, NY)",237,MBA,2026
6511494,614678,UNCW Seahawks,614751,Stony Brook Seawolves,614678,6,top,J. Bechtel popped up to ss (0-0).,58,2026-04-03 14:00:00-04:00,"Joe Nathan Field (Stony Brook, NY)",237,MBA,2026
6511494,614678,UNCW Seahawks,614751,Stony Brook Seawolves,614751,6,bot,Nicholas Dromboski walked (3-2 KKBBBB).,59,2026-04-03 14:00:00-04:00,"Joe Nathan Field (Stony Brook, NY)",237,MBA,2026
6511494,614678,UNCW Seahawks,614751,Stony Brook Seawolves,614751,6,bot,"Nicholas Dromboski out at second c to 2b, caught stealing.",60,2026-04-03 14:00:00-04:00,"Joe Nathan Field (Stony Brook, NY)",237,MBA,2026
6511494,614678,UNCW Seahawks,614751,Stony Brook Seawolves,614751,6,bot,Scott Gell grounded out to 2b (3-2 BKBKB).,61,2026-04-03 14:00:00-04:00,"Joe Nathan Field (Stony Brook, NY)",237,MBA,2026
6511494,614678,UNCW Seahawks,614751,Stony Brook Seawolves,614751,6,bot,Matthew Jackson grounded out to 2b (3-2 BKBFB).,62,2026-04-03 14:00:00-04:00,"Joe Nathan Field (Stony Brook, NY)",237,MBA,2026
6511494,614678,UNCW Seahawks,614751,Stony Brook Seawolves,614678,7,top,C. Carpenter doubled to center field (1-0 B).,63,2026-04-03 14:00:00-04:00,"Joe Nathan Field (Stony Brook, NY)",237,MBA,2026
6511494,614678,UNCW Seahawks,614751,Stony Brook Seawolves,614678,7,top,J. Martinez singled to center field (3-2 BBFFFB)3a C. Carpenter advanced to third.,64,2026-04-03 14:00:00-04:00,"Joe Nathan Field (Stony Brook, NY)",237,MBA,2026
6511494,614678,UNCW Seahawks,614751,Stony Brook Seawolves,614678,7,top,Aidan Colagrande to p for Hunter Colagrande.,65,2026-04-03 14:00:00-04:00,"Joe Nathan Field (Stony Brook, NY)",237,MBA,2026
6511494,614678,UNCW Seahawks,614751,Stony Brook Seawolves,614678,7,top,"J. Pennella flied out to lf, sacrifice fly, RBI (2-0 BB)3a C. Carpenter scored.",66,2026-04-03 14:00:00-04:00,"Joe Nathan Field (Stony Brook, NY)",237,MBA,2026
6511494,614678,UNCW Seahawks,614751,Stony Brook Seawolves,614678,7,top,K. Jones grounded into double play ss to 2b to 1b (0-2 KF)3a J. Martinez out on the play.,67,2026-04-03 14:00:00-04:00,"Joe Nathan Field (Stony Brook, NY)",237,MBA,2026
6511494,614678,UNCW Seahawks,614751,Stony Brook Seawolves,614751,7,bot,M. Ruh to p for C. Allen.,68,2026-04-03 14:00:00-04:00,"Joe Nathan Field (Stony Brook, NY)",237,MBA,2026
6511494,614678,UNCW Seahawks,614751,Stony Brook Seawolves,614751,7,bot,Aidyn Coffey struck out swinging (1-2 BKKS).,69,2026-04-03 14:00:00-04:00,"Joe Nathan Field (Stony Brook, NY)",237,MBA,2026
6511494,614678,UNCW Seahawks,614751,Stony Brook Seawolves,614751,7,bot,James Schaffer flied out to cf (0-0).,70,2026-04-03 14:00:00-04:00,"Joe Nathan Field (Stony Brook, NY)",237,MBA,2026
6511494,614678,UNCW Seahawks,614751,Stony Brook Seawolves,614751,7,bot,Chris Carson struck out swinging (1-2 FSFBS).,71,2026-04-03 14:00:00-04:00,"Joe Nathan Field (Stony Brook, NY)",237,MBA,2026
6511494,614678,UNCW Seahawks,614751,Stony Brook Seawolves,614678,8,top,T. Lucas grounded out to ss (1-0 B).,72,2026-04-03 14:00:00-04:00,"Joe Nathan Field (Stony Brook, NY)",237,MBA,2026
6511494,614678,UNCW Seahawks,614751,Stony Brook Seawolves,614678,8,top,M. Hughes flied out to cf (0-2 KKF).,73,2026-04-03 14:00:00-04:00,"Joe Nathan Field (Stony Brook, NY)",237,MBA,2026
6511494,614678,UNCW Seahawks,614751,Stony Brook Seawolves,614678,8,top,C. Nelson flied out to rf (1-0 B).,74,2026-04-03 14:00:00-04:00,"Joe Nathan Field (Stony Brook, NY)",237,MBA,2026
6511494,614678,UNCW Seahawks,614751,Stony Brook Seawolves,614751,8,bot,Nick Zampieron flied out to rf (2-2 FKBB).,75,2026-04-03 14:00:00-04:00,"Joe Nathan Field (Stony Brook, NY)",237,MBA,2026
6511494,614678,UNCW Seahawks,614751,Stony Brook Seawolves,614751,8,bot,Mike Villani grounded out to ss (0-1 K).,76,2026-04-03 14:00:00-04:00,"Joe Nathan Field (Stony Brook, NY)",237,MBA,2026
6511494,614678,UNCW Seahawks,614751,Stony Brook Seawolves,614751,8,bot,Jack Scheri struck out swinging (0-2 SKS).,77,2026-04-03 14:00:00-04:00,"Joe Nathan Field (Stony Brook, NY)",237,MBA,2026
6511494,614678,UNCW Seahawks,614751,Stony Brook Seawolves,614678,9,top,W. Tyrrell flied out to rf (0-2 KK).,78,2026-04-03 14:00:00-04:00,"Joe Nathan Field (Stony Brook, NY)",237,MBA,2026
6511494,614678,UNCW Seahawks,614751,Stony Brook Seawolves,614678,9,top,J. Bechtel struck out swinging (2-2 BSKBS).,79,2026-04-03 14:00:00-04:00,"Joe Nathan Field (Stony Brook, NY)",237,MBA,2026
6511494,614678,UNCW Seahawks,614751,Stony Brook Seawolves,614678,9,top,C. Carpenter struck out looking (3-2 SBBBFK).,80,2026-04-03 14:00:00-04:00,"Joe Nathan Field (Stony Brook, NY)",237,MBA,2026
6514594,615175,Centenary (LA) Gents,615446,Texas Lutheran Bulldogs,615175,1,top,Blaine Birkelbach struck out swinging (2-2 KBBFS).,1,2026-04-03 14:00:00-04:00,"Katt-Isbel Field (Seguin, TX)",135,MBA,2026
6514594,615175,Centenary (LA) Gents,615446,Texas Lutheran Bulldogs,615175,1,top,Turner Mclelland flied out to cf (2-1 BBK).,2,2026-04-03 14:00:00-04:00,"Katt-Isbel Field (Seguin, TX)",135,MBA,2026
6514594,615175,Centenary (LA) Gents,615446,Texas Lutheran Bulldogs,615175,1,top,Noah Paulson struck out swinging (1-2 BKFS).,3,2026-04-03 14:00:00-04:00,"Katt-Isbel Field (Seguin, TX)",135,MBA,2026
6514594,615175,Centenary (LA) Gents,615446,Texas Lutheran Bulldogs,615446,1,bot,Chase Bourgeois flied out to cf (2-1 BBK).,4,2026-04-03 14:00:00-04:00,"Katt-Isbel Field (Seguin, TX)",135,MBA,2026
6514594,615175,Centenary (LA) Gents,615446,Texas Lutheran Bulldogs,615446,1,bot,Caleb Alfaro flied out to lf (3-1 BBKB).,5,2026-04-03 14:00:00-04:00,"Katt-Isbel Field (Seguin, TX)",135,MBA,2026
6514594,615175,Centenary (LA) Gents,615446,Texas Lutheran Bulldogs,615446,1,bot,Brayden Sprencel singled through the right side (1-1 KB).,6,2026-04-03 14:00:00-04:00,"Katt-Isbel Field (Seguin, TX)",135,MBA,2026
6514594,615175,Centenary (LA) Gents,615446,Texas Lutheran Bulldogs,615446,1,bot,Brayden Sprencel advanced to second on a wild pitch.,7,2026-04-03 14:00:00-04:00,"Katt-Isbel Field (Seguin, TX)",135,MBA,2026
6514594,615175,Centenary (LA) Gents,615446,Texas Lutheran Bulldogs,615446,1,bot,Adam Peavy grounded out to ss (3-2 KBKBB).,8,2026-04-03 14:00:00-04:00,"Katt-Isbel Field (Seguin, TX)",135,MBA,2026
6514594,615175,Centenary (LA) Gents,615446,Texas Lutheran Bulldogs,615175,2,top,Ethan Hopkins flied out to ss (0-2 KKF).,9,2026-04-03 14:00:00-04:00,"Katt-Isbel Field (Seguin, TX)",135,MBA,2026
6514594,615175,Centenary (LA) Gents,615446,Texas Lutheran Bulldogs,615175,2,top,Bryce Bienvenu walked (3-2 BBKKFFFBB).,10,2026-04-03 14:00:00-04:00,"Katt-Isbel Field (Seguin, TX)",135,MBA,2026
6514594,615175,Centenary (LA) Gents,615446,Texas Lutheran Bulldogs,615175,2,top,Bryce Bienvenu advanced to second on a wild pitch.,11,2026-04-03 14:00:00-04:00,"Katt-Isbel Field (Seguin, TX)",135,MBA,2026
6514594,615175,Centenary (LA) Gents,615446,Texas Lutheran Bulldogs,615175,2,top,Garritt Romero flied out to ss (2-1 BBK).,12,2026-04-03 14:00:00-04:00,"Katt-Isbel Field (Seguin, TX)",135,MBA,2026
6514594,615175,Centenary (LA) Gents,615446,Texas Lutheran Bulldogs,615175,2,top,"Vance Sartor singled through the left side, RBI (1-0 B); Bryce Bienvenu advanced to third, scored on a fielding error by lf.",13,2026-04-03 14:00:00-04:00,"Katt-Isbel Field (Seguin, TX)",135,MBA,2026
6514594,615175,Centenary (LA) Gents,615446,Texas Lutheran Bulldogs,615175,2,top,Aron Gillum singled to left field (0-0); Vance Sartor advanced to second.,14,2026-04-03 14:00:00-04:00,"Katt-Isbel Field (Seguin, TX)",135,MBA,2026
6514594,615175,Centenary (LA) Gents,615446,Texas Lutheran Bulldogs,615175,2,top,Jackson Bunch flied out to cf (2-2 BKFFBF).,15,2026-04-03 14:00:00-04:00,"Katt-Isbel Field (Seguin, TX)",135,MBA,2026
6514594,615175,Centenary (LA) Gents,615446,Texas Lutheran Bulldogs,615446,2,bot,Cole Cravens walked (3-1 BBKBB).,16,2026-04-03 14:00:00-04:00,"Katt-Isbel Field (Seguin, TX)",135,MBA,2026
6514594,615175,Centenary (LA) Gents,615446,Texas Lutheran Bulldogs,615446,2,bot,Cooper Jen reached on a fielder's choice (1-1 BF); Cole Cravens out at second ss to 2b.,17,2026-04-03 14:00:00-04:00,"Katt-Isbel Field (Seguin, TX)",135,MBA,2026
6514594,615175,Centenary (LA) Gents,615446,Texas Lutheran Bulldogs,615446,2,bot,Caleb Small flied out to cf (1-0 B).,18,2026-04-03 14:00:00-04:00,"Katt-Isbel Field (Seguin, TX)",135,MBA,2026
6514594,615175,Centenary (LA) Gents,615446,Texas Lutheran Bulldogs,615446,2,bot,Michael Barrera flied out to cf (2-0 BB).,19,2026-04-03 14:00:00-04:00,"Katt-Isbel Field (Seguin, TX)",135,MBA,2026
6514594,615175,Centenary (LA) Gents,615446,Texas Lutheran Bulldogs,615175,3,top,Blaine Birkelbach flied out to cf (2-1 BFB).,20,2026-04-03 14:00:00-04:00,"Katt-Isbel Field (Seguin, TX)",135,MBA,2026
6514594,615175,Centenary (LA) Gents,615446,Texas Lutheran Bulldogs,615175,3,top,Turner Mclelland flied out to cf (0-1 F).,21,2026-04-03 14:00:00-04:00,"Katt-Isbel Field (Seguin, TX)",135,MBA,2026
6514594,615175,Centenary (LA) Gents,615446,Texas Lutheran Bulldogs,615175,3,top,Noah Paulson struck out looking (2-2 KSBBK).,22,2026-04-03 14:00:00-04:00,"Katt-Isbel Field (Seguin, TX)",135,MBA,2026
6514594,615175,Centenary (LA) Gents,615446,Texas Lutheran Bulldogs,615446,3,bot,Aiden Spires struck out swinging (0-2 KFS).,23,2026-04-03 14:00:00-04:00,"Katt-Isbel Field (Seguin, TX)",135,MBA,2026
6514594,615175,Centenary (LA) Gents,615446,Texas Lutheran Bulldogs,615446,3,bot,Chase Bourgeois singled to right field (0-0).,24,2026-04-03 14:00:00-04:00,"Katt-Isbel Field (Seguin, TX)",135,MBA,2026
6514594,615175,Centenary (LA) Gents,615446,Texas Lutheran Bulldogs,615446,3,bot,Caleb Alfaro singled to center field (0-0); Chase Bourgeois advanced to third.,25,2026-04-03 14:00:00-04:00,"Katt-Isbel Field (Seguin, TX)",135,MBA,2026
6514594,615175,Centenary (LA) Gents,615446,Texas Lutheran Bulldogs,615446,3,bot,"Brayden Sprencel grounded out to p, SAC, bunt, RBI (0-0); Caleb Alfaro advanced to second; Chase Bourgeois scored.",26,2026-04-03 14:00:00-04:00,"Katt-Isbel Field (Seguin, TX)",135,MBA,2026
6514594,615175,Centenary (LA) Gents,615446,Texas Lutheran Bulldogs,615446,3,bot,"Adam Peavy doubled to right center, RBI (1-1 BF); Caleb Alfaro scored.",27,2026-04-03 14:00:00-04:00,"Katt-Isbel Field (Seguin, TX)",135,MBA,2026
6514594,615175,Centenary (LA) Gents,615446,Texas Lutheran Bulldogs,615446,3,bot,Cole Cravens grounded out to ss (1-0 B).,28,2026-04-03 14:00:00-04:00,"Katt-Isbel Field (Seguin, TX)",135,MBA,2026
6514594,615175,Centenary (LA) Gents,615446,Texas Lutheran Bulldogs,615175,4,top,Ethan Hopkins grounded out to p (0-1 F).,29,2026-04-03 14:00:00-04:00,"Katt-Isbel Field (Seguin, TX)",135,MBA,2026
6514594,615175,Centenary (LA) Gents,615446,Texas Lutheran Bulldogs,615175,4,top,Bryce Bienvenu walked (3-1 KBBBB).,30,2026-04-03 14:00:00-04:00,"Katt-Isbel Field (Seguin, TX)",135,MBA,2026
6514594,615175,Centenary (LA) Gents,615446,Texas Lutheran Bulldogs,615175,4,top,Garritt Romero singled to left field (1-2 KBK); Bryce Bienvenu advanced to second.,31,2026-04-03 14:00:00-04:00,"Katt-Isbel Field (Seguin, TX)",135,MBA,2026
6514594,615175,Centenary (LA) Gents,615446,Texas Lutheran Bulldogs,615175,4,top,Garritt Romero advanced to second; Bryce Bienvenu advanced to third on a wild pitch.,32,2026-04-03 14:00:00-04:00,"Katt-Isbel Field (Seguin, TX)",135,MBA,2026
6514594,615175,Centenary (LA) Gents,615446,Texas Lutheran Bulldogs,615175,4,top,Vance Sartor reached on a fielder's choice (2-2 BBKFF); Bryce Bienvenu scored on a throwing error by 3b.,33,2026-04-03 14:00:00-04:00,"Katt-Isbel Field (Seguin, TX)",135,MBA,2026
6514594,615175,Centenary (LA) Gents,615446,Texas Lutheran Bulldogs,615175,4,top,Garritt Romero stole third.,34,2026-04-03 14:00:00-04:00,"Katt-Isbel Field (Seguin, TX)",135,MBA,2026
6514594,615175,Centenary (LA) Gents,615446,Texas Lutheran Bulldogs,615175,4,top,"Aron Gillum singled up the middle, RBI (1-1 BK); Vance Sartor advanced to second; Garritt Romero scored.",35,2026-04-03 14:00:00-04:00,"Katt-Isbel Field (Seguin, TX)",135,MBA,2026
6514594,615175,Centenary (LA) Gents,615446,Texas Lutheran Bulldogs,615175,4,top,Jackson Bunch grounded into double play 2b to 1b (2-1 BBK); Aron Gillum out on the play.,36,2026-04-03 14:00:00-04:00,"Katt-Isbel Field (Seguin, TX)",135,MBA,2026
6514594,615175,Centenary (LA) Gents,615446,Texas Lutheran Bulldogs,615446,4,bot,Cooper Jen flied out to 3b (1-2 BKK).,37,2026-04-03 14:00:00-04:00,"Katt-Isbel Field (Seguin, TX)",135,MBA,2026
6514594,615175,Centenary (LA) Gents,615446,Texas Lutheran Bulldogs,615446,4,bot,Caleb Small singled through the left side (2-2 BFBF).,38,2026-04-03 14:00:00-04:00,"Katt-Isbel Field (Seguin, TX)",135,MBA,2026
6514594,615175,Centenary (LA) Gents,615446,Texas Lutheran Bulldogs,615446,4,bot,Michael Barrera flied out to lf (0-0).,39,2026-04-03 14:00:00-04:00,"Katt-Isbel Field (Seguin, TX)",135,MBA,2026
6514594,615175,Centenary (LA) Gents,615446,Texas Lutheran Bulldogs,615446,4,bot,Caleb Small stole second.,40,2026-04-03 14:00:00-04:00,"Katt-Isbel Field (Seguin, TX)",135,MBA,2026
6514594,615175,Centenary (LA) Gents,615446,Texas Lutheran Bulldogs,615446,4,bot,"Aiden Spires singled up the middle, RBI (2-2 BSBKF); Caleb Small scored.",41,2026-04-03 14:00:00-04:00,"Katt-Isbel Field (Seguin, TX)",135,MBA,2026
6514594,615175,Centenary (LA) Gents,615446,Texas Lutheran Bulldogs,615446,4,bot,Chase Bourgeois flied out to cf (3-1 BBFB).,42,2026-04-03 14:00:00-04:00,"Katt-Isbel Field (Seguin, TX)",135,MBA,2026
6514594,615175,Centenary (LA) Gents,615446,Texas Lutheran Bulldogs,615175,5,top,Blaine Birkelbach flied out to ss (0-0).,43,2026-04-03 14:00:00-04:00,"Katt-Isbel Field (Seguin, TX)",135,MBA,2026
6514594,615175,Centenary (LA) Gents,615446,Texas Lutheran Bulldogs,615175,5,top,Turner Mclelland flied out to lf (1-1 KB).,44,2026-04-03 14:00:00-04:00,"Katt-Isbel Field (Seguin, TX)",135,MBA,2026
6514594,615175,Centenary (LA) Gents,615446,Texas Lutheran Bulldogs,615175,5,top,Noah Paulson flied out to cf (0-0).,45,2026-04-03 14:00:00-04:00,"Katt-Isbel Field (Seguin, TX)",135,MBA,2026
6514594,615175,Centenary (LA) Gents,615446,Texas Lutheran Bulldogs,615446,5,bot,Caleb Alfaro singled through the right side (1-0 B).,46,2026-04-03 14:00:00-04:00,"Katt-Isbel Field (Seguin, TX)",135,MBA,2026
6514594,615175,Centenary (LA) Gents,615446,Texas Lutheran Bulldogs,615446,5,bot,Brayden Sprencel grounded out to ss (1-0 B); Caleb Alfaro advanced to second.,47,2026-04-03 14:00:00-04:00,"Katt-Isbel Field (Seguin, TX)",135,MBA,2026
6514594,615175,Centenary (LA) Gents,615446,Texas Lutheran Bulldogs,615446,5,bot,Adam Peavy was intentionally walked (3-0 BBBB).,48,2026-04-03 14:00:00-04:00,"Katt-Isbel Field (Seguin, TX)",135,MBA,2026
6514594,615175,Centenary (LA) Gents,615446,Texas Lutheran Bulldogs,615446,5,bot,Cole Cravens struck out swinging (0-2 KFS).,49,2026-04-03 14:00:00-04:00,"Katt-Isbel Field (Seguin, TX)",135,MBA,2026
6514594,615175,Centenary (LA) Gents,615446,Texas Lutheran Bulldogs,615446,5,bot,Cooper Jen flied out to rf (1-0 B).,50,2026-04-03 14:00:00-04:00,"Katt-Isbel Field (Seguin, TX)",135,MBA,2026
6514594,615175,Centenary (LA) Gents,615446,Texas Lutheran Bulldogs,615175,6,top,Ethan Hopkins out at first 1b to p (1-2 KKBFF).,51,2026-04-03 14:00:00-04:00,"Katt-Isbel Field (Seguin, TX)",135,MBA,2026
6514594,615175,Centenary (LA) Gents,615446,Texas Lutheran Bulldogs,615175,6,top,Bryce Bienvenu grounded out to 2b (0-2 KFF).,52,2026-04-03 14:00:00-04:00,"Katt-Isbel Field (Seguin, TX)",135,MBA,2026
6514594,615175,Centenary (LA) Gents,615446,Texas Lutheran Bulldogs,615175,6,top,Garritt Romero grounded out to 2b (1-0 B).,53,2026-04-03 14:00:00-04:00,"Katt-Isbel Field (Seguin, TX)",135,MBA,2026
6514594,615175,Centenary (LA) Gents,615446,Texas Lutheran Bulldogs,615446,6,bot,Caleb Small flied out to cf (3-1 BBBK).,54,2026-04-03 14:00:00-04:00,"Katt-Isbel Field (Seguin, TX)",135,MBA,2026
6514594,615175,Centenary (LA) Gents,615446,Texas Lutheran Bulldogs,615446,6,bot,Michael Barrera grounded out to ss (2-2 KBFB).,55,2026-04-03 14:00:00-04:00,"Katt-Isbel Field (Seguin, TX)",135,MBA,2026
6514594,615175,Centenary (LA) Gents,615446,Texas Lutheran Bulldogs,615446,6,bot,Aiden Spires singled through the left side (3-2 SFBBB).,56,2026-04-03 14:00:00-04:00,"Katt-Isbel Field (Seguin, TX)",135,MBA,2026
6514594,615175,Centenary (LA) Gents,615446,Texas Lutheran Bulldogs,615446,6,bot,Aiden Spires stole second.,57,2026-04-03 14:00:00-04:00,"Katt-Isbel Field (Seguin, TX)",135,MBA,2026
6514594,615175,Centenary (LA) Gents,615446,Texas Lutheran Bulldogs,615446,6,bot,Chase Bourgeois walked (3-2 KBBFBB).,58,2026-04-03 14:00:00-04:00,"Katt-Isbel Field (Seguin, TX)",135,MBA,2026
6514594,615175,Centenary (LA) Gents,615446,Texas Lutheran Bulldogs,615446,6,bot,"Caleb Alfaro doubled to left center, RBI (1-1 FB); Chase Bourgeois advanced to third; Aiden Spires scored.",59,2026-04-03 14:00:00-04:00,"Katt-Isbel Field (Seguin, TX)",135,MBA,2026
6514594,615175,Centenary (LA) Gents,615446,Texas Lutheran Bulldogs,615446,6,bot,Coen Laroux to p for Jacob Broussard.,60,2026-04-03 14:00:00-04:00,"Katt-Isbel Field (Seguin, TX)",135,MBA,2026
6514594,615175,Centenary (LA) Gents,615446,Texas Lutheran Bulldogs,615446,6,bot,Brayden Sprencel flied out to cf (0-1 K).,61,2026-04-03 14:00:00-04:00,"Katt-Isbel Field (Seguin, TX)",135,MBA,2026
6514594,615175,Centenary (LA) Gents,615446,Texas Lutheran Bulldogs,615175,7,top,Vance Sartor flied out to rf (1-2 BKK).,62,2026-04-03 14:00:00-04:00,"Katt-Isbel Field (Seguin, TX)",135,MBA,2026
6514594,615175,Centenary (LA) Gents,615446,Texas Lutheran Bulldogs,615175,7,top,Aron Gillum flied out to rf (0-2 KS).,63,2026-04-03 14:00:00-04:00,"Katt-Isbel Field (Seguin, TX)",135,MBA,2026
6514594,615175,Centenary (LA) Gents,615446,Texas Lutheran Bulldogs,615175,7,top,Jackson Bunch flied out to 2b (3-2 BBBKK).,64,2026-04-03 14:00:00-04:00,"Katt-Isbel Field (Seguin, TX)",135,MBA,2026
6514594,615175,Centenary (LA) Gents,615446,Texas Lutheran Bulldogs,615446,7,bot,Adam Peavy doubled down the lf line (1-2 KSB).,65,2026-04-03 14:00:00-04:00,"Katt-Isbel Field (Seguin, TX)",135,MBA,2026
6514594,615175,Centenary (LA) Gents,615446,Texas Lutheran Bulldogs,615446,7,bot,Mathew Elizondo pinch hit for Cole Cravens.,66,2026-04-03 14:00:00-04:00,"Katt-Isbel Field (Seguin, TX)",135,MBA,2026
6514594,615175,Centenary (LA) Gents,615446,Texas Lutheran Bulldogs,615446,7,bot,Adam Peavy advanced to third on a passed ball.,67,2026-04-03 14:00:00-04:00,"Katt-Isbel Field (Seguin, TX)",135,MBA,2026
6514594,615175,Centenary (LA) Gents,615446,Texas Lutheran Bulldogs,615446,7,bot,"Mathew Elizondo struck out swinging, out at first c unassisted (3-2 KBBKBS).",68,2026-04-03 14:00:00-04:00,"Katt-Isbel Field (Seguin, TX)",135,MBA,2026
6514594,615175,Centenary (LA) Gents,615446,Texas Lutheran Bulldogs,615446,7,bot,Kadyn Hall pinch hit for Cooper Jen.,69,2026-04-03 14:00:00-04:00,"Katt-Isbel Field (Seguin, TX)",135,MBA,2026
6514594,615175,Centenary (LA) Gents,615446,Texas Lutheran Bulldogs,615446,7,bot,Kadyn Hall struck out swinging (1-2 SBSS).,70,2026-04-03 14:00:00-04:00,"Katt-Isbel Field (Seguin, TX)",135,MBA,2026
6514594,615175,Centenary (LA) Gents,615446,Texas Lutheran Bulldogs,615446,7,bot,Caleb Small was intentionally walked (3-0 BBBB).,71,2026-04-03 14:00:00-04:00,"Katt-Isbel Field (Seguin, TX)",135,MBA,2026
6514594,615175,Centenary (LA) Gents,615446,Texas Lutheran Bulldogs,615446,7,bot,Caleb Small stole second.,72,2026-04-03 14:00:00-04:00,"Katt-Isbel Field (Seguin, TX)",135,MBA,2026
6514594,615175,Centenary (LA) Gents,615446,Texas Lutheran Bulldogs,615446,7,bot,Michael Barrera grounded out to 3b (3-2 BFFBB).,73,2026-04-03 14:00:00-04:00,"Katt-Isbel Field (Seguin, TX)",135,MBA,2026
6514594,615175,Centenary (LA) Gents,615446,Texas Lutheran Bulldogs,615175,8,top,Mathew Elizondo to 2b.,74,2026-04-03 14:00:00-04:00,"Katt-Isbel Field (Seguin, TX)",135,MBA,2026
6514594,615175,Centenary (LA) Gents,615446,Texas Lutheran Bulldogs,615175,8,top,Kadyn Hall to c.,75,2026-04-03 14:00:00-04:00,"Katt-Isbel Field (Seguin, TX)",135,MBA,2026
6514594,615175,Centenary (LA) Gents,615446,Texas Lutheran Bulldogs,615175,8,top,Joe Hernandez to p for Isaiah Ramirez.,76,2026-04-03 14:00:00-04:00,"Katt-Isbel Field (Seguin, TX)",135,MBA,2026
6514594,615175,Centenary (LA) Gents,615446,Texas Lutheran Bulldogs,615175,8,top,Blaine Birkelbach walked (3-2 BKBBKB).,77,2026-04-03 14:00:00-04:00,"Katt-Isbel Field (Seguin, TX)",135,MBA,2026
6514594,615175,Centenary (LA) Gents,615446,Texas Lutheran Bulldogs,615175,8,top,Turner Mclelland walked (3-2 KKBBFBFFB); Blaine Birkelbach advanced to second.,78,2026-04-03 14:00:00-04:00,"Katt-Isbel Field (Seguin, TX)",135,MBA,2026
6514594,615175,Centenary (LA) Gents,615446,Texas Lutheran Bulldogs,615175,8,top,Parker Schutte to p for Joe Hernandez.,79,2026-04-03 14:00:00-04:00,"Katt-Isbel Field (Seguin, TX)",135,MBA,2026
6514594,615175,Centenary (LA) Gents,615446,Texas Lutheran Bulldogs,615175,8,top,"Noah Paulson singled to right field, RBI (3-1 BKBB); Turner Mclelland advanced to third; Blaine Birkelbach scored.",80,2026-04-03 14:00:00-04:00,"Katt-Isbel Field (Seguin, TX)",135,MBA,2026
6514594,615175,Centenary (LA) Gents,615446,Texas Lutheran Bulldogs,615175,8,top,"Ethan Hopkins flied out to lf, sacrifice fly, RBI (0-0); Turner Mclelland scored.",81,2026-04-03 14:00:00-04:00,"Katt-Isbel Field (Seguin, TX)",135,MBA,2026
6514594,615175,Centenary (LA) Gents,615446,Texas Lutheran Bulldogs,615175,8,top,Noah Paulson advanced to second on a wild pitch.,82,2026-04-03 14:00:00-04:00,"Katt-Isbel Field (Seguin, TX)",135,MBA,2026
6514594,615175,Centenary (LA) Gents,615446,Texas Lutheran Bulldogs,615175,8,top,Bryce Bienvenu flied out to cf (2-1 FBB); Noah Paulson advanced to third.,83,2026-04-03 14:00:00-04:00,"Katt-Isbel Field (Seguin, TX)",135,MBA,2026
6514594,615175,Centenary (LA) Gents,615446,Texas Lutheran Bulldogs,615175,8,top,Garritt Romero grounded out to p (2-2 KKFBB).,84,2026-04-03 14:00:00-04:00,"Katt-Isbel Field (Seguin, TX)",135,MBA,2026
6514594,615175,Centenary (LA) Gents,615446,Texas Lutheran Bulldogs,615446,8,bot,Aiden Spires singled through the left side (0-1 K).,85,2026-04-03 14:00:00-04:00,"Katt-Isbel Field (Seguin, TX)",135,MBA,2026
6514594,615175,Centenary (LA) Gents,615446,Texas Lutheran Bulldogs,615446,8,bot,Aiden Spires advanced to second on a wild pitch.,86,2026-04-03 14:00:00-04:00,"Katt-Isbel Field (Seguin, TX)",135,MBA,2026
6514594,615175,Centenary (LA) Gents,615446,Texas Lutheran Bulldogs,615446,8,bot,Aiden Spires advanced to third on a wild pitch.,87,2026-04-03 14:00:00-04:00,"Katt-Isbel Field (Seguin, TX)",135,MBA,2026
6514594,615175,Centenary (LA) Gents,615446,Texas Lutheran Bulldogs,615446,8,bot,Chase Bourgeois walked (3-0 BBBB).,88,2026-04-03 14:00:00-04:00,"Katt-Isbel Field (Seguin, TX)",135,MBA,2026
6514594,615175,Centenary (LA) Gents,615446,Texas Lutheran Bulldogs,615446,8,bot,Chase Bourgeois stole second.,89,2026-04-03 14:00:00-04:00,"Katt-Isbel Field (Seguin, TX)",135,MBA,2026
6514594,615175,Centenary (LA) Gents,615446,Texas Lutheran Bulldogs,615446,8,bot,Caleb Alfaro grounded out to 1b unassisted (1-2 BKF).,90,2026-04-03 14:00:00-04:00,"Katt-Isbel Field (Seguin, TX)",135,MBA,2026
6514594,615175,Centenary (LA) Gents,615446,Texas Lutheran Bulldogs,615446,8,bot,"Brayden Sprencel singled to right field, advanced to second on the throw, RBI (1-2 FFFB); Chase Bourgeois advanced to third, scored on a throwing error by rf, unearned; Aiden Spires scored.",91,2026-04-03 14:00:00-04:00,"Katt-Isbel Field (Seguin, TX)",135,MBA,2026
6514594,615175,Centenary (LA) Gents,615446,Texas Lutheran Bulldogs,615446,8,bot,Adam Peavy was intentionally walked (3-0 BBBB).,92,2026-04-03 14:00:00-04:00,"Katt-Isbel Field (Seguin, TX)",135,MBA,2026
6514594,615175,Centenary (LA) Gents,615446,Texas Lutheran Bulldogs,615446,8,bot,Diego Flores pinch ran for Brayden Sprencel.,93,2026-04-03 14:00:00-04:00,"Katt-Isbel Field (Seguin, TX)",135,MBA,2026
6514594,615175,Centenary (LA) Gents,615446,Texas Lutheran Bulldogs,615446,8,bot,Adam Peavy stole second; Diego Flores stole third.,94,2026-04-03 14:00:00-04:00,"Katt-Isbel Field (Seguin, TX)",135,MBA,2026
6514594,615175,Centenary (LA) Gents,615446,Texas Lutheran Bulldogs,615446,8,bot,"Mathew Elizondo flied out to rf, sacrifice fly, RBI (1-2 BKK); Adam Peavy advanced to third; Diego Flores scored.",95,2026-04-03 14:00:00-04:00,"Katt-Isbel Field (Seguin, TX)",135,MBA,2026
6514594,615175,Centenary (LA) Gents,615446,Texas Lutheran Bulldogs,615446,8,bot,Carson Dingler to p for Coen Laroux.,96,2026-04-03 14:00:00-04:00,"Katt-Isbel Field (Seguin, TX)",135,MBA,2026
6514594,615175,Centenary (LA) Gents,615446,Texas Lutheran Bulldogs,615446,8,bot,Kadyn Hall grounded out to 3b (1-0 B).,97,2026-04-03 14:00:00-04:00,"Katt-Isbel Field (Seguin, TX)",135,MBA,2026
6514594,615175,Centenary (LA) Gents,615446,Texas Lutheran Bulldogs,615175,9,top,Vance Sartor flied out to 1b (2-1 BBK).,98,2026-04-03 14:00:00-04:00,"Katt-Isbel Field (Seguin, TX)",135,MBA,2026
6514594,615175,Centenary (LA) Gents,615446,Texas Lutheran Bulldogs,615175,9,top,Clay Menard pinch hit for Aron Gillum.,99,2026-04-03 14:00:00-04:00,"Katt-Isbel Field (Seguin, TX)",135,MBA,2026
6514594,615175,Centenary (LA) Gents,615446,Texas Lutheran Bulldogs,615175,9,top,Clay Menard struck out looking (3-2 BKBKFBK).,100,2026-04-03 14:00:00-04:00,"Katt-Isbel Field (Seguin, TX)",135,MBA,2026
6514594,615175,Centenary (LA) Gents,615446,Texas Lutheran Bulldogs,615175,9,top,Walker Wicklund pinch hit for Jackson Bunch.,101,2026-04-03 14:00:00-04:00,"Katt-Isbel Field (Seguin, TX)",135,MBA,2026
6514594,615175,Centenary (LA) Gents,615446,Texas Lutheran Bulldogs,615175,9,top,Walker Wicklund walked (3-1 BFBBB).,102,2026-04-03 14:00:00-04:00,"Katt-Isbel Field (Seguin, TX)",135,MBA,2026
6514594,615175,Centenary (LA) Gents,615446,Texas Lutheran Bulldogs,615175,9,top,Andrew Landry pinch ran for Walker Wicklund.,103,2026-04-03 14:00:00-04:00,"Katt-Isbel Field (Seguin, TX)",135,MBA,2026
6514594,615175,Centenary (LA) Gents,615446,Texas Lutheran Bulldogs,615175,9,top,Blaine Birkelbach grounded out to 2b (2-2 BBKK).,104,2026-04-03 14:00:00-04:00,"Katt-Isbel Field (Seguin, TX)",135,MBA,2026
6515432,614870,Lincoln (MO) Blue Tigers,614896,Rockhurst Hawks,614870,1,top,Andy Srebroski iv lined out to 3b (1-1 KB).,1,2026-04-03 14:00:00-04:00,"Loyola Park (Kansas City, MO)",86,MBA,2026
6515432,614870,Lincoln (MO) Blue Tigers,614896,Rockhurst Hawks,614870,1,top,Daren Walters-Ansell struck out swinging (0-2 FKS).,2,2026-04-03 14:00:00-04:00,"Loyola Park (Kansas City, MO)",86,MBA,2026
6515432,614870,Lincoln (MO) Blue Tigers,614896,Rockhurst Hawks,614870,1,top,E. Stuckenschneider grounded out to ss (1-2 BSS).,3,2026-04-03 14:00:00-04:00,"Loyola Park (Kansas City, MO)",86,MBA,2026
6515432,614870,Lincoln (MO) Blue Tigers,614896,Rockhurst Hawks,614896,1,bot,Josh Syfert popped up to 2b (1-2 FBF).,4,2026-04-03 14:00:00-04:00,"Loyola Park (Kansas City, MO)",86,MBA,2026
6515432,614870,Lincoln (MO) Blue Tigers,614896,Rockhurst Hawks,614896,1,bot,Afton Koch walked (3-1 BKBBB).,5,2026-04-03 14:00:00-04:00,"Loyola Park (Kansas City, MO)",86,MBA,2026
6515432,614870,Lincoln (MO) Blue Tigers,614896,Rockhurst Hawks,614896,1,bot,Michael Laudando singled to left field (0-2 KF); Afton Koch advanced to second.,6,2026-04-03 14:00:00-04:00,"Loyola Park (Kansas City, MO)",86,MBA,2026
6515432,614870,Lincoln (MO) Blue Tigers,614896,Rockhurst Hawks,614896,1,bot,Colton Wemhoff hit by pitch (1-1 FH); Michael Laudando advanced to second; Afton Koch advanced to third.,7,2026-04-03 14:00:00-04:00,"Loyola Park (Kansas City, MO)",86,MBA,2026
6515432,614870,Lincoln (MO) Blue Tigers,614896,Rockhurst Hawks,614896,1,bot,Dakota Hanna struck out looking (0-2 KKFK).,8,2026-04-03 14:00:00-04:00,"Loyola Park (Kansas City, MO)",86,MBA,2026
6515432,614870,Lincoln (MO) Blue Tigers,614896,Rockhurst Hawks,614896,1,bot,"Avery Garmon doubled to left field, 3 RBI (3-2 FBFBBF); Colton Wemhoff scored; Michael Laudando scored; Afton Koch scored.",9,2026-04-03 14:00:00-04:00,"Loyola Park (Kansas City, MO)",86,MBA,2026
6515432,614870,Lincoln (MO) Blue Tigers,614896,Rockhurst Hawks,614896,1,bot,Braeden Barbee hit by pitch (3-1 BBKH).,10,2026-04-03 14:00:00-04:00,"Loyola Park (Kansas City, MO)",86,MBA,2026
6515432,614870,Lincoln (MO) Blue Tigers,614896,Rockhurst Hawks,614896,1,bot,"Tyler Strongman doubled to left center, 2 RBI (1-0 B); Braeden Barbee scored; Avery Garmon scored.",11,2026-04-03 14:00:00-04:00,"Loyola Park (Kansas City, MO)",86,MBA,2026
6515432,614870,Lincoln (MO) Blue Tigers,614896,Rockhurst Hawks,614896,1,bot,Peyton Clerk grounded out to 3b (2-2 BFBFF).,12,2026-04-03 14:00:00-04:00,"Loyola Park (Kansas City, MO)",86,MBA,2026
6515432,614870,Lincoln (MO) Blue Tigers,614896,Rockhurst Hawks,614870,2,top,Hunter Mitchell struck out swinging (2-2 BBKKS).,13,2026-04-03 14:00:00-04:00,"Loyola Park (Kansas City, MO)",86,MBA,2026
6515432,614870,Lincoln (MO) Blue Tigers,614896,Rockhurst Hawks,614870,2,top,Blythe Blakey struck out swinging (0-2 SKS).,14,2026-04-03 14:00:00-04:00,"Loyola Park (Kansas City, MO)",86,MBA,2026
6515432,614870,Lincoln (MO) Blue Tigers,614896,Rockhurst Hawks,614870,2,top,Nolan Laughlin grounded out to ss (0-0).,15,2026-04-03 14:00:00-04:00,"Loyola Park (Kansas City, MO)",86,MBA,2026
6515432,614870,Lincoln (MO) Blue Tigers,614896,Rockhurst Hawks,614896,2,bot,Josh Syfert struck out swinging (0-2 KKS).,16,2026-04-03 14:00:00-04:00,"Loyola Park (Kansas City, MO)",86,MBA,2026
6515432,614870,Lincoln (MO) Blue Tigers,614896,Rockhurst Hawks,614896,2,bot,Afton Koch lined out to cf (3-2 FFBFBB).,17,2026-04-03 14:00:00-04:00,"Loyola Park (Kansas City, MO)",86,MBA,2026
6515432,614870,Lincoln (MO) Blue Tigers,614896,Rockhurst Hawks,614896,2,bot,Michael Laudando singled through the left side (0-0).,18,2026-04-03 14:00:00-04:00,"Loyola Park (Kansas City, MO)",86,MBA,2026
6515432,614870,Lincoln (MO) Blue Tigers,614896,Rockhurst Hawks,614896,2,bot,"Colton Wemhoff doubled to right center, RBI (0-0); Michael Laudando scored.",19,2026-04-03 14:00:00-04:00,"Loyola Park (Kansas City, MO)",86,MBA,2026
6515432,614870,Lincoln (MO) Blue Tigers,614896,Rockhurst Hawks,614896,2,bot,Dakota Hanna struck out swinging (2-2 BBFFS).,20,2026-04-03 14:00:00-04:00,"Loyola Park (Kansas City, MO)",86,MBA,2026
6515432,614870,Lincoln (MO) Blue Tigers,614896,Rockhurst Hawks,614870,3,top,Tim Fleming grounded out to 2b (2-0 BB).,21,2026-04-03 14:00:00-04:00,"Loyola Park (Kansas City, MO)",86,MBA,2026
6515432,614870,Lincoln (MO) Blue Tigers,614896,Rockhurst Hawks,614870,3,top,Jacob Schulte singled up the middle (0-0).,22,2026-04-03 14:00:00-04:00,"Loyola Park (Kansas City, MO)",86,MBA,2026
6515432,614870,Lincoln (MO) Blue Tigers,614896,Rockhurst Hawks,614870,3,top,Brody Johns singled to shortstop (0-0); Jacob Schulte advanced to second.,23,2026-04-03 14:00:00-04:00,"Loyola Park (Kansas City, MO)",86,MBA,2026
6515432,614870,Lincoln (MO) Blue Tigers,614896,Rockhurst Hawks,614870,3,top,Andy Srebroski iv struck out swinging (1-2 KSBS).,24,2026-04-03 14:00:00-04:00,"Loyola Park (Kansas City, MO)",86,MBA,2026
6515432,614870,Lincoln (MO) Blue Tigers,614896,Rockhurst Hawks,614870,3,top,Daren Walters-Ansell struck out looking (2-2 BBSFK).,25,2026-04-03 14:00:00-04:00,"Loyola Park (Kansas City, MO)",86,MBA,2026
6515432,614870,Lincoln (MO) Blue Tigers,614896,Rockhurst Hawks,614896,3,bot,Avery Garmon singled down the lf line (0-1 S).,26,2026-04-03 14:00:00-04:00,"Loyola Park (Kansas City, MO)",86,MBA,2026
6515432,614870,Lincoln (MO) Blue Tigers,614896,Rockhurst Hawks,614896,3,bot,"Braeden Barbee tripled to left center, RBI (2-2 KFBB); Avery Garmon scored.",27,2026-04-03 14:00:00-04:00,"Loyola Park (Kansas City, MO)",86,MBA,2026
6515432,614870,Lincoln (MO) Blue Tigers,614896,Rockhurst Hawks,614896,3,bot,Ty Ollison to p for Jonah Claborn.,28,2026-04-03 14:00:00-04:00,"Loyola Park (Kansas City, MO)",86,MBA,2026
6515432,614870,Lincoln (MO) Blue Tigers,614896,Rockhurst Hawks,614896,3,bot,"Tyler Strongman singled up the middle, RBI (3-2 BKBKB); Braeden Barbee scored.",29,2026-04-03 14:00:00-04:00,"Loyola Park (Kansas City, MO)",86,MBA,2026
6515432,614870,Lincoln (MO) Blue Tigers,614896,Rockhurst Hawks,614896,3,bot,Peyton Clerk singled to right field (0-0); Tyler Strongman advanced to third.,30,2026-04-03 14:00:00-04:00,"Loyola Park (Kansas City, MO)",86,MBA,2026
6515432,614870,Lincoln (MO) Blue Tigers,614896,Rockhurst Hawks,614896,3,bot,"Josh Syfert grounded out to 2b, RBI (0-2 KK); Peyton Clerk advanced to second; Tyler Strongman scored.",31,2026-04-03 14:00:00-04:00,"Loyola Park (Kansas City, MO)",86,MBA,2026
6515432,614870,Lincoln (MO) Blue Tigers,614896,Rockhurst Hawks,614896,3,bot,Afton Koch walked (3-2 BBKFBFB).,32,2026-04-03 14:00:00-04:00,"Loyola Park (Kansas City, MO)",86,MBA,2026
6515432,614870,Lincoln (MO) Blue Tigers,614896,Rockhurst Hawks,614896,3,bot,"Michael Laudando doubled to center field, 2 RBI (0-1 K); Afton Koch scored; Peyton Clerk scored.",33,2026-04-03 14:00:00-04:00,"Loyola Park (Kansas City, MO)",86,MBA,2026
6515432,614870,Lincoln (MO) Blue Tigers,614896,Rockhurst Hawks,614896,3,bot,Michael Laudando advanced to third on a wild pitch.,34,2026-04-03 14:00:00-04:00,"Loyola Park (Kansas City, MO)",86,MBA,2026
6515432,614870,Lincoln (MO) Blue Tigers,614896,Rockhurst Hawks,614896,3,bot,Colton Wemhoff walked (3-1 BBBKB).,35,2026-04-03 14:00:00-04:00,"Loyola Park (Kansas City, MO)",86,MBA,2026
6515432,614870,Lincoln (MO) Blue Tigers,614896,Rockhurst Hawks,614896,3,bot,Dakota Hanna struck out swinging (2-2 BKBSS).,36,2026-04-03 14:00:00-04:00,"Loyola Park (Kansas City, MO)",86,MBA,2026
6515432,614870,Lincoln (MO) Blue Tigers,614896,Rockhurst Hawks,614896,3,bot,"Avery Garmon doubled down the rf line, RBI (2-2 KBKB); Colton Wemhoff advanced to third; Michael Laudando scored.",37,2026-04-03 14:00:00-04:00,"Loyola Park (Kansas City, MO)",86,MBA,2026
6515432,614870,Lincoln (MO) Blue Tigers,614896,Rockhurst Hawks,614896,3,bot,Braeden Barbee walked (3-0 BBBB).,38,2026-04-03 14:00:00-04:00,"Loyola Park (Kansas City, MO)",86,MBA,2026
6515432,614870,Lincoln (MO) Blue Tigers,614896,Rockhurst Hawks,614896,3,bot,Michael Chase to c for Tyler Strongman.,39,2026-04-03 14:00:00-04:00,"Loyola Park (Kansas City, MO)",86,MBA,2026
6515432,614870,Lincoln (MO) Blue Tigers,614896,Rockhurst Hawks,614896,3,bot,Jacob Claborn to p for Ty Ollison.,40,2026-04-03 14:00:00-04:00,"Loyola Park (Kansas City, MO)",86,MBA,2026
6515432,614870,Lincoln (MO) Blue Tigers,614896,Rockhurst Hawks,614896,3,bot,Michael Chase reached on a fielder's choice (2-2 BBKF); Braeden Barbee out at second ss to 2b.,41,2026-04-03 14:00:00-04:00,"Loyola Park (Kansas City, MO)",86,MBA,2026
6515432,614870,Lincoln (MO) Blue Tigers,614896,Rockhurst Hawks,614870,4,top,Jeff Cisneros to 1b for Avery Garmon.,42,2026-04-03 14:00:00-04:00,"Loyola Park (Kansas City, MO)",86,MBA,2026
6515432,614870,Lincoln (MO) Blue Tigers,614896,Rockhurst Hawks,614870,4,top,E. Stuckenschneider singled through the left side (2-0 BB).,43,2026-04-03 14:00:00-04:00,"Loyola Park (Kansas City, MO)",86,MBA,2026
6515432,614870,Lincoln (MO) Blue Tigers,614896,Rockhurst Hawks,614870,4,top,Hunter Mitchell singled to center field (0-0); E. Stuckenschneider advanced to second.,44,2026-04-03 14:00:00-04:00,"Loyola Park (Kansas City, MO)",86,MBA,2026
6515432,614870,Lincoln (MO) Blue Tigers,614896,Rockhurst Hawks,614870,4,top,Glenn Berhorst pinch ran for Hunter Mitchell.,45,2026-04-03 14:00:00-04:00,"Loyola Park (Kansas City, MO)",86,MBA,2026
6515432,614870,Lincoln (MO) Blue Tigers,614896,Rockhurst Hawks,614870,4,top,Glenn Berhorst advanced to second on a wild pitch; E. Stuckenschneider advanced to third.,46,2026-04-03 14:00:00-04:00,"Loyola Park (Kansas City, MO)",86,MBA,2026
6515432,614870,Lincoln (MO) Blue Tigers,614896,Rockhurst Hawks,614870,4,top,"Blythe Blakey flied out to lf, sacrifice fly, RBI (0-2 FS); E. Stuckenschneider scored.",47,2026-04-03 14:00:00-04:00,"Loyola Park (Kansas City, MO)",86,MBA,2026
6515432,614870,Lincoln (MO) Blue Tigers,614896,Rockhurst Hawks,614870,4,top,Nolan Laughlin grounded out to 3b (1-1 KB).,48,2026-04-03 14:00:00-04:00,"Loyola Park (Kansas City, MO)",86,MBA,2026
6515432,614870,Lincoln (MO) Blue Tigers,614896,Rockhurst Hawks,614870,4,top,Tim Fleming singled to shortstop (0-1 K); Glenn Berhorst advanced to third.,49,2026-04-03 14:00:00-04:00,"Loyola Park (Kansas City, MO)",86,MBA,2026
6515432,614870,Lincoln (MO) Blue Tigers,614896,Rockhurst Hawks,614870,4,top,"Jacob Schulte singled to right center, RBI (0-2 FSF); Tim Fleming advanced to second; Glenn Berhorst scored.",50,2026-04-03 14:00:00-04:00,"Loyola Park (Kansas City, MO)",86,MBA,2026
6515432,614870,Lincoln (MO) Blue Tigers,614896,Rockhurst Hawks,614870,4,top,Brody Johns lined out to rf (1-0 B).,51,2026-04-03 14:00:00-04:00,"Loyola Park (Kansas City, MO)",86,MBA,2026
6515432,614870,Lincoln (MO) Blue Tigers,614896,Rockhurst Hawks,614896,4,bot,Glenn Berhorst to 1b.,52,2026-04-03 14:00:00-04:00,"Loyola Park (Kansas City, MO)",86,MBA,2026
6515432,614870,Lincoln (MO) Blue Tigers,614896,Rockhurst Hawks,614896,4,bot,Peyton Clerk singled to shortstop (1-0 B).,53,2026-04-03 14:00:00-04:00,"Loyola Park (Kansas City, MO)",86,MBA,2026
6515432,614870,Lincoln (MO) Blue Tigers,614896,Rockhurst Hawks,614896,4,bot,Josh Syfert flied out to cf (0-0).,54,2026-04-03 14:00:00-04:00,"Loyola Park (Kansas City, MO)",86,MBA,2026
6515432,614870,Lincoln (MO) Blue Tigers,614896,Rockhurst Hawks,614896,4,bot,Afton Koch grounded out to 1b unassisted (0-0); Peyton Clerk advanced to second.,55,2026-04-03 14:00:00-04:00,"Loyola Park (Kansas City, MO)",86,MBA,2026
6515432,614870,Lincoln (MO) Blue Tigers,614896,Rockhurst Hawks,614896,4,bot,"Michael Laudando doubled down the rf line, RBI (1-2 FBK); Peyton Clerk scored.",56,2026-04-03 14:00:00-04:00,"Loyola Park (Kansas City, MO)",86,MBA,2026
6515432,614870,Lincoln (MO) Blue Tigers,614896,Rockhurst Hawks,614896,4,bot,"Colton Wemhoff singled up the middle, RBI (1-0 B); Michael Laudando scored.",57,2026-04-03 14:00:00-04:00,"Loyola Park (Kansas City, MO)",86,MBA,2026
6515432,614870,Lincoln (MO) Blue Tigers,614896,Rockhurst Hawks,614896,4,bot,Dakota Hanna singled to shortstop (2-2 BFBS); Colton Wemhoff advanced to second.,58,2026-04-03 14:00:00-04:00,"Loyola Park (Kansas City, MO)",86,MBA,2026
6515432,614870,Lincoln (MO) Blue Tigers,614896,Rockhurst Hawks,614896,4,bot,Jeff Cisneros flied out to lf (2-0 BB).,59,2026-04-03 14:00:00-04:00,"Loyola Park (Kansas City, MO)",86,MBA,2026
6515432,614870,Lincoln (MO) Blue Tigers,614896,Rockhurst Hawks,614870,5,top,Chase Leathers to cf for Josh Syfert.,60,2026-04-03 14:00:00-04:00,"Loyola Park (Kansas City, MO)",86,MBA,2026
6515432,614870,Lincoln (MO) Blue Tigers,614896,Rockhurst Hawks,614870,5,top,Cal Ramthun to lf for Colton Wemhoff.,61,2026-04-03 14:00:00-04:00,"Loyola Park (Kansas City, MO)",86,MBA,2026
6515432,614870,Lincoln (MO) Blue Tigers,614896,Rockhurst Hawks,614870,5,top,Gustavo Leon to ss for Dakota Hanna.,62,2026-04-03 14:00:00-04:00,"Loyola Park (Kansas City, MO)",86,MBA,2026
6515432,614870,Lincoln (MO) Blue Tigers,614896,Rockhurst Hawks,614870,5,top,Archer Nolen to p for Meade Rutherford.,63,2026-04-03 14:00:00-04:00,"Loyola Park (Kansas City, MO)",86,MBA,2026
6515432,614870,Lincoln (MO) Blue Tigers,614896,Rockhurst Hawks,614870,5,top,Andy Srebroski iv lined out to ss (1-2 SBK).,64,2026-04-03 14:00:00-04:00,"Loyola Park (Kansas City, MO)",86,MBA,2026
6515432,614870,Lincoln (MO) Blue Tigers,614896,Rockhurst Hawks,614870,5,top,Daren Walters-Ansell flied out to cf (2-2 BFBK).,65,2026-04-03 14:00:00-04:00,"Loyola Park (Kansas City, MO)",86,MBA,2026
6515432,614870,Lincoln (MO) Blue Tigers,614896,Rockhurst Hawks,614870,5,top,E. Stuckenschneider flied out to cf (0-0).,66,2026-04-03 14:00:00-04:00,"Loyola Park (Kansas City, MO)",86,MBA,2026
6515432,614870,Lincoln (MO) Blue Tigers,614896,Rockhurst Hawks,614896,5,bot,Chase Morris to ss for Daren Walters-Ansell.,67,2026-04-03 14:00:00-04:00,"Loyola Park (Kansas City, MO)",86,MBA,2026
6515432,614870,Lincoln (MO) Blue Tigers,614896,Rockhurst Hawks,614896,5,bot,Cole Chinnock pinch hit for Braeden Barbee.,68,2026-04-03 14:00:00-04:00,"Loyola Park (Kansas City, MO)",86,MBA,2026
6515432,614870,Lincoln (MO) Blue Tigers,614896,Rockhurst Hawks,614896,5,bot,Cole Chinnock singled to second base (0-0).,69,2026-04-03 14:00:00-04:00,"Loyola Park (Kansas City, MO)",86,MBA,2026
6515432,614870,Lincoln (MO) Blue Tigers,614896,Rockhurst Hawks,614896,5,bot,Michael Chase flied out to rf (2-0 BB).,70,2026-04-03 14:00:00-04:00,"Loyola Park (Kansas City, MO)",86,MBA,2026
6515432,614870,Lincoln (MO) Blue Tigers,614896,Rockhurst Hawks,614896,5,bot,Sam Shelton pinch hit for Peyton Clerk.,71,2026-04-03 14:00:00-04:00,"Loyola Park (Kansas City, MO)",86,MBA,2026
6515432,614870,Lincoln (MO) Blue Tigers,614896,Rockhurst Hawks,614896,5,bot,Sam Shelton popped up to 3b (1-1 BK).,72,2026-04-03 14:00:00-04:00,"Loyola Park (Kansas City, MO)",86,MBA,2026
6515432,614870,Lincoln (MO) Blue Tigers,614896,Rockhurst Hawks,614896,5,bot,Chase Leathers lined out to rf (0-0).,73,2026-04-03 14:00:00-04:00,"Loyola Park (Kansas City, MO)",86,MBA,2026
6515432,614870,Lincoln (MO) Blue Tigers,614896,Rockhurst Hawks,614870,6,top,Keynen Drury to 3b for Afton Koch.,74,2026-04-03 14:00:00-04:00,"Loyola Park (Kansas City, MO)",86,MBA,2026
6515432,614870,Lincoln (MO) Blue Tigers,614896,Rockhurst Hawks,614870,6,top,Cole Chinnock to rf.,75,2026-04-03 14:00:00-04:00,"Loyola Park (Kansas City, MO)",86,MBA,2026
6515432,614870,Lincoln (MO) Blue Tigers,614896,Rockhurst Hawks,614870,6,top,Sam Shelton to 2b.,76,2026-04-03 14:00:00-04:00,"Loyola Park (Kansas City, MO)",86,MBA,2026
6515432,614870,Lincoln (MO) Blue Tigers,614896,Rockhurst Hawks,614870,6,top,Cade Luetkemeyer to p for Archer Nolen.,77,2026-04-03 14:00:00-04:00,"Loyola Park (Kansas City, MO)",86,MBA,2026
6515432,614870,Lincoln (MO) Blue Tigers,614896,Rockhurst Hawks,614870,6,top,Glenn Berhorst singled to right field (2-2 BKBKF).,78,2026-04-03 14:00:00-04:00,"Loyola Park (Kansas City, MO)",86,MBA,2026
6515432,614870,Lincoln (MO) Blue Tigers,614896,Rockhurst Hawks,614870,6,top,Blythe Blakey hit by pitch (1-2 KFH); Glenn Berhorst advanced to second.,79,2026-04-03 14:00:00-04:00,"Loyola Park (Kansas City, MO)",86,MBA,2026
6515432,614870,Lincoln (MO) Blue Tigers,614896,Rockhurst Hawks,614870,6,top,Zane Hunter ii pinch hit for Nolan Laughlin.,80,2026-04-03 14:00:00-04:00,"Loyola Park (Kansas City, MO)",86,MBA,2026
6515432,614870,Lincoln (MO) Blue Tigers,614896,Rockhurst Hawks,614870,6,top,Diego Silva pinch ran for Blythe Blakey.,81,2026-04-03 14:00:00-04:00,"Loyola Park (Kansas City, MO)",86,MBA,2026
6515432,614870,Lincoln (MO) Blue Tigers,614896,Rockhurst Hawks,614870,6,top,Zane Hunter ii struck out looking (0-2 SSK).,82,2026-04-03 14:00:00-04:00,"Loyola Park (Kansas City, MO)",86,MBA,2026
6515432,614870,Lincoln (MO) Blue Tigers,614896,Rockhurst Hawks,614870,6,top,Tim Fleming hit by pitch (1-2 KSH); Diego Silva advanced to second; Glenn Berhorst advanced to third.,83,2026-04-03 14:00:00-04:00,"Loyola Park (Kansas City, MO)",86,MBA,2026
6515432,614870,Lincoln (MO) Blue Tigers,614896,Rockhurst Hawks,614870,6,top,Jacob Schulte infield fly to ss (1-0 B).,84,2026-04-03 14:00:00-04:00,"Loyola Park (Kansas City, MO)",86,MBA,2026
6515432,614870,Lincoln (MO) Blue Tigers,614896,Rockhurst Hawks,614870,6,top,Brody Johns struck out swinging (0-2 KKS).,85,2026-04-03 14:00:00-04:00,"Loyola Park (Kansas City, MO)",86,MBA,2026
6515432,614870,Lincoln (MO) Blue Tigers,614896,Rockhurst Hawks,614896,6,bot,Diego Silva to 3b.,86,2026-04-03 14:00:00-04:00,"Loyola Park (Kansas City, MO)",86,MBA,2026
6515432,614870,Lincoln (MO) Blue Tigers,614896,Rockhurst Hawks,614896,6,bot,Zane Hunter ii to c.,87,2026-04-03 14:00:00-04:00,"Loyola Park (Kansas City, MO)",86,MBA,2026
6515432,614870,Lincoln (MO) Blue Tigers,614896,Rockhurst Hawks,614896,6,bot,Keynen Drury grounded out to 3b (3-2 BKBSB).,88,2026-04-03 14:00:00-04:00,"Loyola Park (Kansas City, MO)",86,MBA,2026
6515432,614870,Lincoln (MO) Blue Tigers,614896,Rockhurst Hawks,614896,6,bot,Anthony Tocco pinch hit for Michael Laudando.,89,2026-04-03 14:00:00-04:00,"Loyola Park (Kansas City, MO)",86,MBA,2026
6515432,614870,Lincoln (MO) Blue Tigers,614896,Rockhurst Hawks,614896,6,bot,Anthony Tocco lined out to 2b (2-0 BB).,90,2026-04-03 14:00:00-04:00,"Loyola Park (Kansas City, MO)",86,MBA,2026
6515432,614870,Lincoln (MO) Blue Tigers,614896,Rockhurst Hawks,614896,6,bot,Cal Ramthun doubled down the lf line (1-0 B).,91,2026-04-03 14:00:00-04:00,"Loyola Park (Kansas City, MO)",86,MBA,2026
6515432,614870,Lincoln (MO) Blue Tigers,614896,Rockhurst Hawks,614896,6,bot,Gustavo Leon grounded out to 1b unassisted (0-1 S).,92,2026-04-03 14:00:00-04:00,"Loyola Park (Kansas City, MO)",86,MBA,2026
6515432,614870,Lincoln (MO) Blue Tigers,614896,Rockhurst Hawks,614870,7,top,Jackson LeCluyse to p for Cade Luetkemeyer.,93,2026-04-03 14:00:00-04:00,"Loyola Park (Kansas City, MO)",86,MBA,2026
6515432,614870,Lincoln (MO) Blue Tigers,614896,Rockhurst Hawks,614870,7,top,Blake Holtmeyer pinch hit for Andy Srebroski iv.,94,2026-04-03 14:00:00-04:00,"Loyola Park (Kansas City, MO)",86,MBA,2026
6515432,614870,Lincoln (MO) Blue Tigers,614896,Rockhurst Hawks,614870,7,top,Blake Holtmeyer grounded out to p (1-0 B).,95,2026-04-03 14:00:00-04:00,"Loyola Park (Kansas City, MO)",86,MBA,2026
6515432,614870,Lincoln (MO) Blue Tigers,614896,Rockhurst Hawks,614870,7,top,Chase Morris grounded out to p (1-1 KB).,96,2026-04-03 14:00:00-04:00,"Loyola Park (Kansas City, MO)",86,MBA,2026
6515432,614870,Lincoln (MO) Blue Tigers,614896,Rockhurst Hawks,614870,7,top,Aiden Boeckmann pinch hit for E. Stuckenschneider.,97,2026-04-03 14:00:00-04:00,"Loyola Park (Kansas City, MO)",86,MBA,2026
6515432,614870,Lincoln (MO) Blue Tigers,614896,Rockhurst Hawks,614870,7,top,Aiden Boeckmann singled to third base (0-1 K).,98,2026-04-03 14:00:00-04:00,"Loyola Park (Kansas City, MO)",86,MBA,2026
6515432,614870,Lincoln (MO) Blue Tigers,614896,Rockhurst Hawks,614870,7,top,Glenn Berhorst popped up to p (0-2 FK).,99,2026-04-03 14:00:00-04:00,"Loyola Park (Kansas City, MO)",86,MBA,2026
6518169,614981,Northwestern Okla. Rangers,614990,Okla. Baptist Bison,614981,1,top,Alex Dabrowski grounded out to 2b (0-0).,1,2026-04-03 14:00:00-04:00,"Bison Field at Ford Park (Shawnee, OK)",78,MBA,2026
6518169,614981,Northwestern Okla. Rangers,614990,Okla. Baptist Bison,614981,1,top,Blake Mattern doubled to left field (1-1 BK).,2,2026-04-03 14:00:00-04:00,"Bison Field at Ford Park (Shawnee, OK)",78,MBA,2026
6518169,614981,Northwestern Okla. Rangers,614990,Okla. Baptist Bison,614981,1,top,Chase Gordon flied out to cf (1-0 B)3a Blake Mattern advanced to third.,3,2026-04-03 14:00:00-04:00,"Bison Field at Ford Park (Shawnee, OK)",78,MBA,2026
6518169,614981,Northwestern Okla. Rangers,614990,Okla. Baptist Bison,614981,1,top,Cole Barton grounded out to ss (0-2 FS).,4,2026-04-03 14:00:00-04:00,"Bison Field at Ford Park (Shawnee, OK)",78,MBA,2026
6518169,614981,Northwestern Okla. Rangers,614990,Okla. Baptist Bison,614990,1,bot,Matt Marsic doubled to left center (0-1 K).,5,2026-04-03 14:00:00-04:00,"Bison Field at Ford Park (Shawnee, OK)",78,MBA,2026
6518169,614981,Northwestern Okla. Rangers,614990,Okla. Baptist Bison,614990,1,bot,Quinn Johnson flied out to cf to left center (0-1 K)3a Matt Marsic advanced to third.,6,2026-04-03 14:00:00-04:00,"Bison Field at Ford Park (Shawnee, OK)",78,MBA,2026
6518169,614981,Northwestern Okla. Rangers,614990,Okla. Baptist Bison,614990,1,bot,"Tui Amosa grounded out to 2b, RBI (2-1 BKB)3a Matt Marsic scored.",7,2026-04-03 14:00:00-04:00,"Bison Field at Ford Park (Shawnee, OK)",78,MBA,2026
6518169,614981,Northwestern Okla. Rangers,614990,Okla. Baptist Bison,614990,1,bot,"Lucas Schaefer homered to left center, RBI (0-1 F).",8,2026-04-03 14:00:00-04:00,"Bison Field at Ford Park (Shawnee, OK)",78,MBA,2026
6518169,614981,Northwestern Okla. Rangers,614990,Okla. Baptist Bison,614990,1,bot,Ben Green grounded out to 2b (0-0).,9,2026-04-03 14:00:00-04:00,"Bison Field at Ford Park (Shawnee, OK)",78,MBA,2026
6518169,614981,Northwestern Okla. Rangers,614990,Okla. Baptist Bison,614981,2,top,Jason McCarty grounded out to ss (1-1 BK).,10,2026-04-03 14:00:00-04:00,"Bison Field at Ford Park (Shawnee, OK)",78,MBA,2026
6518169,614981,Northwestern Okla. Rangers,614990,Okla. Baptist Bison,614981,2,top,Joel Lindahl popped up to 2b to right field (2-2 KKBB).,11,2026-04-03 14:00:00-04:00,"Bison Field at Ford Park (Shawnee, OK)",78,MBA,2026
6518169,614981,Northwestern Okla. Rangers,614990,Okla. Baptist Bison,614981,2,top,Matthew Bailey grounded out to 2b (2-2 BFBF).,12,2026-04-03 14:00:00-04:00,"Bison Field at Ford Park (Shawnee, OK)",78,MBA,2026
6518169,614981,Northwestern Okla. Rangers,614990,Okla. Baptist Bison,614990,2,bot,Braden Smith grounded out to ss (3-1 BBFB).,13,2026-04-03 14:00:00-04:00,"Bison Field at Ford Park (Shawnee, OK)",78,MBA,2026
6518169,614981,Northwestern Okla. Rangers,614990,Okla. Baptist Bison,614990,2,bot,Keenan Morris doubled to right center (1-1 BF).,14,2026-04-03 14:00:00-04:00,"Bison Field at Ford Park (Shawnee, OK)",78,MBA,2026
6518169,614981,Northwestern Okla. Rangers,614990,Okla. Baptist Bison,614990,2,bot,"Zane Bennett homered to center field, 2 RBI (3-2 KBKBB)3a Keenan Morris scored.",15,2026-04-03 14:00:00-04:00,"Bison Field at Ford Park (Shawnee, OK)",78,MBA,2026
6518169,614981,Northwestern Okla. Rangers,614990,Okla. Baptist Bison,614990,2,bot,Isaac Hill doubled down the lf line (1-1 KB).,16,2026-04-03 14:00:00-04:00,"Bison Field at Ford Park (Shawnee, OK)",78,MBA,2026
6518169,614981,Northwestern Okla. Rangers,614990,Okla. Baptist Bison,614990,2,bot,Matt Marsic grounded out to 2b (2-1 BBF)3a Isaac Hill advanced to third.,17,2026-04-03 14:00:00-04:00,"Bison Field at Ford Park (Shawnee, OK)",78,MBA,2026
6518169,614981,Northwestern Okla. Rangers,614990,Okla. Baptist Bison,614990,2,bot,"Quinn Johnson singled to right center, RBI (0-0)3a Isaac Hill scored.",18,2026-04-03 14:00:00-04:00,"Bison Field at Ford Park (Shawnee, OK)",78,MBA,2026
6518169,614981,Northwestern Okla. Rangers,614990,Okla. Baptist Bison,614990,2,bot,Kaden Spray to p for Kyle Holzer.,19,2026-04-03 14:00:00-04:00,"Bison Field at Ford Park (Shawnee, OK)",78,MBA,2026
6518169,614981,Northwestern Okla. Rangers,614990,Okla. Baptist Bison,614990,2,bot,Tui Amosa walked (3-2 BBKFBB)3a Quinn Johnson advanced to second.,20,2026-04-03 14:00:00-04:00,"Bison Field at Ford Park (Shawnee, OK)",78,MBA,2026
6518169,614981,Northwestern Okla. Rangers,614990,Okla. Baptist Bison,614990,2,bot,"Lucas Schaefer singled through the left side, RBI (1-2 BFS)3a Tui Amosa advanced to second3a Quinn Johnson scored.",21,2026-04-03 14:00:00-04:00,"Bison Field at Ford Park (Shawnee, OK)",78,MBA,2026
6518169,614981,Northwestern Okla. Rangers,614990,Okla. Baptist Bison,614990,2,bot,Ben Green grounded out to p (3-2 SKBBB).,22,2026-04-03 14:00:00-04:00,"Bison Field at Ford Park (Shawnee, OK)",78,MBA,2026
6518169,614981,Northwestern Okla. Rangers,614990,Okla. Baptist Bison,614981,3,top,Grayson Connell to p for Kody Bialas.,23,2026-04-03 14:00:00-04:00,"Bison Field at Ford Park (Shawnee, OK)",78,MBA,2026
6518169,614981,Northwestern Okla. Rangers,614990,Okla. Baptist Bison,614981,3,top,Jailon GoodFellow struck out swinging (2-2 BBSKS).,24,2026-04-03 14:00:00-04:00,"Bison Field at Ford Park (Shawnee, OK)",78,MBA,2026
6518169,614981,Northwestern Okla. Rangers,614990,Okla. Baptist Bison,614981,3,top,Brandon Jennings struck out swinging (1-2 SBSS).,25,2026-04-03 14:00:00-04:00,"Bison Field at Ford Park (Shawnee, OK)",78,MBA,2026
6518169,614981,Northwestern Okla. Rangers,614990,Okla. Baptist Bison,614981,3,top,Alex Dabrowski struck out swinging (1-2 FKBS).,26,2026-04-03 14:00:00-04:00,"Bison Field at Ford Park (Shawnee, OK)",78,MBA,2026
6518169,614981,Northwestern Okla. Rangers,614990,Okla. Baptist Bison,614990,3,bot,Braden Smith grounded out to 3b (0-1 S).,27,2026-04-03 14:00:00-04:00,"Bison Field at Ford Park (Shawnee, OK)",78,MBA,2026
6518169,614981,Northwestern Okla. Rangers,614990,Okla. Baptist Bison,614990,3,bot,Keenan Morris walked (3-1 BSBBB).,28,2026-04-03 14:00:00-04:00,"Bison Field at Ford Park (Shawnee, OK)",78,MBA,2026
6518169,614981,Northwestern Okla. Rangers,614990,Okla. Baptist Bison,614990,3,bot,Keenan Morris advanced to second on a passed ball.,29,2026-04-03 14:00:00-04:00,"Bison Field at Ford Park (Shawnee, OK)",78,MBA,2026
6518169,614981,Northwestern Okla. Rangers,614990,Okla. Baptist Bison,614990,3,bot,"Zane Bennett doubled to right field, RBI (3-2 BKBKB)3a Keenan Morris scored.",30,2026-04-03 14:00:00-04:00,"Bison Field at Ford Park (Shawnee, OK)",78,MBA,2026
6518169,614981,Northwestern Okla. Rangers,614990,Okla. Baptist Bison,614990,3,bot,Zane Bennett advanced to third on a wild pitch.,31,2026-04-03 14:00:00-04:00,"Bison Field at Ford Park (Shawnee, OK)",78,MBA,2026
6518169,614981,Northwestern Okla. Rangers,614990,Okla. Baptist Bison,614990,3,bot,Isaac Hill walked (3-2 BBBKKB).,32,2026-04-03 14:00:00-04:00,"Bison Field at Ford Park (Shawnee, OK)",78,MBA,2026
6518169,614981,Northwestern Okla. Rangers,614990,Okla. Baptist Bison,614990,3,bot,"Matt Marsic singled through the right side, RBI (0-1 K)3a Isaac Hill advanced to third3a Zane Bennett scored.",33,2026-04-03 14:00:00-04:00,"Bison Field at Ford Park (Shawnee, OK)",78,MBA,2026
6518169,614981,Northwestern Okla. Rangers,614990,Okla. Baptist Bison,614990,3,bot,Matt Marsic advanced to second on a wild pitch.,34,2026-04-03 14:00:00-04:00,"Bison Field at Ford Park (Shawnee, OK)",78,MBA,2026
6518169,614981,Northwestern Okla. Rangers,614990,Okla. Baptist Bison,614990,3,bot,"Quinn Johnson flied out to cf, sacrifice fly, RBI (1-0 B)3a Matt Marsic advanced to third3a Isaac Hill scored.",35,2026-04-03 14:00:00-04:00,"Bison Field at Ford Park (Shawnee, OK)",78,MBA,2026
6518169,614981,Northwestern Okla. Rangers,614990,Okla. Baptist Bison,614990,3,bot,"Tui Amosa doubled to right field, RBI (3-2 SKBBB)3a Matt Marsic scored.",36,2026-04-03 14:00:00-04:00,"Bison Field at Ford Park (Shawnee, OK)",78,MBA,2026
6518169,614981,Northwestern Okla. Rangers,614990,Okla. Baptist Bison,614990,3,bot,Trey Barkman to p for Kaden Spray.,37,2026-04-03 14:00:00-04:00,"Bison Field at Ford Park (Shawnee, OK)",78,MBA,2026
6518169,614981,Northwestern Okla. Rangers,614990,Okla. Baptist Bison,614990,3,bot,Tui Amosa advanced to third on a wild pitch.,38,2026-04-03 14:00:00-04:00,"Bison Field at Ford Park (Shawnee, OK)",78,MBA,2026
6518169,614981,Northwestern Okla. Rangers,614990,Okla. Baptist Bison,614990,3,bot,Tui Amosa scored on a wild pitch.,39,2026-04-03 14:00:00-04:00,"Bison Field at Ford Park (Shawnee, OK)",78,MBA,2026
6518169,614981,Northwestern Okla. Rangers,614990,Okla. Baptist Bison,614990,3,bot,Lucas Schaefer walked (3-2 KBBBKB).,40,2026-04-03 14:00:00-04:00,"Bison Field at Ford Park (Shawnee, OK)",78,MBA,2026
6518169,614981,Northwestern Okla. Rangers,614990,Okla. Baptist Bison,614990,3,bot,Ben Green singled through the right side (0-1 F)3a Lucas Schaefer advanced to third.,41,2026-04-03 14:00:00-04:00,"Bison Field at Ford Park (Shawnee, OK)",78,MBA,2026
6518169,614981,Northwestern Okla. Rangers,614990,Okla. Baptist Bison,614990,3,bot,Braden Smith flied out to cf (0-0).,42,2026-04-03 14:00:00-04:00,"Bison Field at Ford Park (Shawnee, OK)",78,MBA,2026
6518169,614981,Northwestern Okla. Rangers,614990,Okla. Baptist Bison,614981,4,top,Blake Mattern singled through the right side (2-1 BBF).,43,2026-04-03 14:00:00-04:00,"Bison Field at Ford Park (Shawnee, OK)",78,MBA,2026
6518169,614981,Northwestern Okla. Rangers,614990,Okla. Baptist Bison,614981,4,top,Mason Cox to c for Braden Smith.,44,2026-04-03 14:00:00-04:00,"Bison Field at Ford Park (Shawnee, OK)",78,MBA,2026
6518169,614981,Northwestern Okla. Rangers,614990,Okla. Baptist Bison,614981,4,top,Blake Mattern advanced to second on a passed ball.,45,2026-04-03 14:00:00-04:00,"Bison Field at Ford Park (Shawnee, OK)",78,MBA,2026
6518169,614981,Northwestern Okla. Rangers,614990,Okla. Baptist Bison,614981,4,top,Chase Gordon singled to left field (2-2 FBBF)3a Blake Mattern advanced to third.,46,2026-04-03 14:00:00-04:00,"Bison Field at Ford Park (Shawnee, OK)",78,MBA,2026
6518169,614981,Northwestern Okla. Rangers,614990,Okla. Baptist Bison,614981,4,top,"Cole Barton singled to shortstop, RBI (0-2 FS)3a Chase Gordon advanced to second3a Blake Mattern scored.",47,2026-04-03 14:00:00-04:00,"Bison Field at Ford Park (Shawnee, OK)",78,MBA,2026
6518169,614981,Northwestern Okla. Rangers,614990,Okla. Baptist Bison,614981,4,top,Jason McCarty struck out swinging (0-2 FKS).,48,2026-04-03 14:00:00-04:00,"Bison Field at Ford Park (Shawnee, OK)",78,MBA,2026
6518169,614981,Northwestern Okla. Rangers,614990,Okla. Baptist Bison,614981,4,top,Joel Lindahl grounded into double play 3b to 2b to 1b (0-1 K)3a Cole Barton out on the play.,49,2026-04-03 14:00:00-04:00,"Bison Field at Ford Park (Shawnee, OK)",78,MBA,2026
6518169,614981,Northwestern Okla. Rangers,614990,Okla. Baptist Bison,614990,4,bot,Keenan Morris struck out looking (2-2 BBKFK).,50,2026-04-03 14:00:00-04:00,"Bison Field at Ford Park (Shawnee, OK)",78,MBA,2026
6518169,614981,Northwestern Okla. Rangers,614990,Okla. Baptist Bison,614990,4,bot,Zane Bennett struck out looking (2-2 KKBBK).,51,2026-04-03 14:00:00-04:00,"Bison Field at Ford Park (Shawnee, OK)",78,MBA,2026
6518169,614981,Northwestern Okla. Rangers,614990,Okla. Baptist Bison,614990,4,bot,Isaac Hill struck out looking (2-2 BKBKK).,52,2026-04-03 14:00:00-04:00,"Bison Field at Ford Park (Shawnee, OK)",78,MBA,2026
6518169,614981,Northwestern Okla. Rangers,614990,Okla. Baptist Bison,614981,5,top,Matthew Bailey grounded out to p (0-0).,53,2026-04-03 14:00:00-04:00,"Bison Field at Ford Park (Shawnee, OK)",78,MBA,2026
6518169,614981,Northwestern Okla. Rangers,614990,Okla. Baptist Bison,614981,5,top,Jailon GoodFellow struck out swinging (1-2 FFBS).,54,2026-04-03 14:00:00-04:00,"Bison Field at Ford Park (Shawnee, OK)",78,MBA,2026
6518169,614981,Northwestern Okla. Rangers,614990,Okla. Baptist Bison,614981,5,top,Brandon Jennings struck out swinging (1-2 BKKFS).,55,2026-04-03 14:00:00-04:00,"Bison Field at Ford Park (Shawnee, OK)",78,MBA,2026
6518169,614981,Northwestern Okla. Rangers,614990,Okla. Baptist Bison,614990,5,bot,Matt Marsic walked (3-0 BBBB).,56,2026-04-03 14:00:00-04:00,"Bison Field at Ford Park (Shawnee, OK)",78,MBA,2026
6518169,614981,Northwestern Okla. Rangers,614990,Okla. Baptist Bison,614990,5,bot,"Matt Marsic out at second c to 2b, caught stealing.",57,2026-04-03 14:00:00-04:00,"Bison Field at Ford Park (Shawnee, OK)",78,MBA,2026
6518169,614981,Northwestern Okla. Rangers,614990,Okla. Baptist Bison,614990,5,bot,Quinn Johnson struck out looking (1-2 BKKK).,58,2026-04-03 14:00:00-04:00,"Bison Field at Ford Park (Shawnee, OK)",78,MBA,2026
6518169,614981,Northwestern Okla. Rangers,614990,Okla. Baptist Bison,614990,5,bot,Tui Amosa grounded out to 2b (2-2 KBSFBF).,59,2026-04-03 14:00:00-04:00,"Bison Field at Ford Park (Shawnee, OK)",78,MBA,2026
6518169,614981,Northwestern Okla. Rangers,614990,Okla. Baptist Bison,614981,6,top,Alex Dabrowski walked (3-2 BSBSBB).,60,2026-04-03 14:00:00-04:00,"Bison Field at Ford Park (Shawnee, OK)",78,MBA,2026
6518169,614981,Northwestern Okla. Rangers,614990,Okla. Baptist Bison,614981,6,top,Blake Mattern struck out swinging (2-2 FKBBFFS).,61,2026-04-03 14:00:00-04:00,"Bison Field at Ford Park (Shawnee, OK)",78,MBA,2026
6518169,614981,Northwestern Okla. Rangers,614990,Okla. Baptist Bison,614981,6,top,Chase Gordon singled to right field (2-0 BB)3a Alex Dabrowski advanced to second.,62,2026-04-03 14:00:00-04:00,"Bison Field at Ford Park (Shawnee, OK)",78,MBA,2026
6518169,614981,Northwestern Okla. Rangers,614990,Okla. Baptist Bison,614981,6,top,Cole Barton grounded into double play ss to 2b to 1b (0-0)3a Chase Gordon out on the play.,63,2026-04-03 14:00:00-04:00,"Bison Field at Ford Park (Shawnee, OK)",78,MBA,2026
6518169,614981,Northwestern Okla. Rangers,614990,Okla. Baptist Bison,614990,6,bot,Lucas Schaefer grounded out to 2b (0-1 S).,64,2026-04-03 14:00:00-04:00,"Bison Field at Ford Park (Shawnee, OK)",78,MBA,2026
6518169,614981,Northwestern Okla. Rangers,614990,Okla. Baptist Bison,614990,6,bot,Ben Green grounded out to 1b unassisted (2-2 KBBK).,65,2026-04-03 14:00:00-04:00,"Bison Field at Ford Park (Shawnee, OK)",78,MBA,2026
6518169,614981,Northwestern Okla. Rangers,614990,Okla. Baptist Bison,614990,6,bot,Mason Cox popped up to 2b (0-0).,66,2026-04-03 14:00:00-04:00,"Bison Field at Ford Park (Shawnee, OK)",78,MBA,2026
6518169,614981,Northwestern Okla. Rangers,614990,Okla. Baptist Bison,614981,7,top,Jason McCarty out at first 1b to p (1-2 KKBF).,67,2026-04-03 14:00:00-04:00,"Bison Field at Ford Park (Shawnee, OK)",78,MBA,2026
6518169,614981,Northwestern Okla. Rangers,614990,Okla. Baptist Bison,614981,7,top,Joel Lindahl singled up the middle (0-2 KF).,68,2026-04-03 14:00:00-04:00,"Bison Field at Ford Park (Shawnee, OK)",78,MBA,2026
6518169,614981,Northwestern Okla. Rangers,614990,Okla. Baptist Bison,614981,7,top,Matthew Bailey singled to second base (1-2 BFK)3a Joel Lindahl advanced to second.,69,2026-04-03 14:00:00-04:00,"Bison Field at Ford Park (Shawnee, OK)",78,MBA,2026
6518169,614981,Northwestern Okla. Rangers,614990,Okla. Baptist Bison,614981,7,top,Jailon GoodFellow flied out to cf (0-1 F)3a Joel Lindahl advanced to third.,70,2026-04-03 14:00:00-04:00,"Bison Field at Ford Park (Shawnee, OK)",78,MBA,2026
6518169,614981,Northwestern Okla. Rangers,614990,Okla. Baptist Bison,614981,7,top,Matthew Bailey stole second.,71,2026-04-03 14:00:00-04:00,"Bison Field at Ford Park (Shawnee, OK)",78,MBA,2026
6518169,614981,Northwestern Okla. Rangers,614990,Okla. Baptist Bison,614981,7,top,Brandon Jennings struck out swinging (0-2 SSFFS).,72,2026-04-03 14:00:00-04:00,"Bison Field at Ford Park (Shawnee, OK)",78,MBA,2026
6518740,614978,Union (TN) Bulldogs,615000,UAH Chargers,614978,1,top,Kylon Joyner doubled to left center (1-0 B).,1,2026-04-03 14:00:00-04:00,"Charger Park (Huntsville, AL)",428,MBA,2026
6518740,614978,Union (TN) Bulldogs,615000,UAH Chargers,614978,1,top,"Dyllon Barrett out at first p to 2b, SAC, bunt (0-0)3a Kylon Joyner advanced to third.",2,2026-04-03 14:00:00-04:00,"Charger Park (Huntsville, AL)",428,MBA,2026
6518740,614978,Union (TN) Bulldogs,615000,UAH Chargers,614978,1,top,Elijah Ramsey lined out to 1b (1-0 B).,3,2026-04-03 14:00:00-04:00,"Charger Park (Huntsville, AL)",428,MBA,2026
6518740,614978,Union (TN) Bulldogs,615000,UAH Chargers,614978,1,top,Grant Ross grounded out to ss (2-1 FBB).,4,2026-04-03 14:00:00-04:00,"Charger Park (Huntsville, AL)",428,MBA,2026
6518740,614978,Union (TN) Bulldogs,615000,UAH Chargers,615000,1,bot,CJ Carson flied out to lf (1-2 BFFF).,5,2026-04-03 14:00:00-04:00,"Charger Park (Huntsville, AL)",428,MBA,2026
6518740,614978,Union (TN) Bulldogs,615000,UAH Chargers,615000,1,bot,Caleb Mahan singled to left field (0-1 S).,6,2026-04-03 14:00:00-04:00,"Charger Park (Huntsville, AL)",428,MBA,2026
6518740,614978,Union (TN) Bulldogs,615000,UAH Chargers,615000,1,bot,Seth Staggs reached on a fielder's choice (0-0)3a Caleb Mahan out at second ss to 2b.,7,2026-04-03 14:00:00-04:00,"Charger Park (Huntsville, AL)",428,MBA,2026
6518740,614978,Union (TN) Bulldogs,615000,UAH Chargers,615000,1,bot,"Taylor Bush homered to center field, 2 RBI (3-1 SBBB)3a Seth Staggs scored.",8,2026-04-03 14:00:00-04:00,"Charger Park (Huntsville, AL)",428,MBA,2026
6518740,614978,Union (TN) Bulldogs,615000,UAH Chargers,615000,1,bot,Braxton Griffin grounded out to p (1-0 B).,9,2026-04-03 14:00:00-04:00,"Charger Park (Huntsville, AL)",428,MBA,2026
6518740,614978,Union (TN) Bulldogs,615000,UAH Chargers,614978,2,top,Caleb Davis out at first 1b to p (1-1 FB).,10,2026-04-03 14:00:00-04:00,"Charger Park (Huntsville, AL)",428,MBA,2026
6518740,614978,Union (TN) Bulldogs,615000,UAH Chargers,614978,2,top,Eli Gipson singled to left field (2-2 BFSBF).,11,2026-04-03 14:00:00-04:00,"Charger Park (Huntsville, AL)",428,MBA,2026
6518740,614978,Union (TN) Bulldogs,615000,UAH Chargers,614978,2,top,Jordan Allen reached first on an error by 3b (1-2 KFB)3a Eli Gipson advanced to second.,12,2026-04-03 14:00:00-04:00,"Charger Park (Huntsville, AL)",428,MBA,2026
6518740,614978,Union (TN) Bulldogs,615000,UAH Chargers,614978,2,top,Canyon Pace fouled out to c (1-0 B).,13,2026-04-03 14:00:00-04:00,"Charger Park (Huntsville, AL)",428,MBA,2026
6518740,614978,Union (TN) Bulldogs,615000,UAH Chargers,614978,2,top,"Ethan Quinn doubled down the lf line, 2 RBI (3-2 BFFBB)3a Jordan Allen scored, unearned3a Eli Gipson scored.",14,2026-04-03 14:00:00-04:00,"Charger Park (Huntsville, AL)",428,MBA,2026
6518740,614978,Union (TN) Bulldogs,615000,UAH Chargers,614978,2,top,Ethan Quinn stole third.,15,2026-04-03 14:00:00-04:00,"Charger Park (Huntsville, AL)",428,MBA,2026
6518740,614978,Union (TN) Bulldogs,615000,UAH Chargers,614978,2,top,Kylon Joyner struck out swinging (2-2 BFKBS).,16,2026-04-03 14:00:00-04:00,"Charger Park (Huntsville, AL)",428,MBA,2026
6518740,614978,Union (TN) Bulldogs,615000,UAH Chargers,615000,2,bot,Ian Reagan grounded out to ss (3-2 KFBBB).,17,2026-04-03 14:00:00-04:00,"Charger Park (Huntsville, AL)",428,MBA,2026
6518740,614978,Union (TN) Bulldogs,615000,UAH Chargers,615000,2,bot,"Jayce Upton homered to center field, RBI (2-1 KBB).",18,2026-04-03 14:00:00-04:00,"Charger Park (Huntsville, AL)",428,MBA,2026
6518740,614978,Union (TN) Bulldogs,615000,UAH Chargers,615000,2,bot,Eli Wells struck out swinging (2-2 BBFFS).,19,2026-04-03 14:00:00-04:00,"Charger Park (Huntsville, AL)",428,MBA,2026
6518740,614978,Union (TN) Bulldogs,615000,UAH Chargers,615000,2,bot,Hugh Windle doubled to left center (1-1 FB).,20,2026-04-03 14:00:00-04:00,"Charger Park (Huntsville, AL)",428,MBA,2026
6518740,614978,Union (TN) Bulldogs,615000,UAH Chargers,615000,2,bot,CJ Carson walked (3-2 BFBSBFFB).,21,2026-04-03 14:00:00-04:00,"Charger Park (Huntsville, AL)",428,MBA,2026
6518740,614978,Union (TN) Bulldogs,615000,UAH Chargers,615000,2,bot,"Caleb Mahan singled to left field, RBI (0-0)3a CJ Carson advanced to third3a Hugh Windle scored.",22,2026-04-03 14:00:00-04:00,"Charger Park (Huntsville, AL)",428,MBA,2026
6518740,614978,Union (TN) Bulldogs,615000,UAH Chargers,615000,2,bot,Caleb Mahan stole second.,23,2026-04-03 14:00:00-04:00,"Charger Park (Huntsville, AL)",428,MBA,2026
6518740,614978,Union (TN) Bulldogs,615000,UAH Chargers,615000,2,bot,Seth Staggs flied out to lf (1-2 KBF).,24,2026-04-03 14:00:00-04:00,"Charger Park (Huntsville, AL)",428,MBA,2026
6518740,614978,Union (TN) Bulldogs,615000,UAH Chargers,614978,3,top,Dyllon Barrett walked (3-2 KBBFBB).,25,2026-04-03 14:00:00-04:00,"Charger Park (Huntsville, AL)",428,MBA,2026
6518740,614978,Union (TN) Bulldogs,615000,UAH Chargers,614978,3,top,Elijah Ramsey struck out swinging (2-2 FBSBS).,26,2026-04-03 14:00:00-04:00,"Charger Park (Huntsville, AL)",428,MBA,2026
6518740,614978,Union (TN) Bulldogs,615000,UAH Chargers,614978,3,top,Grant Ross singled to right field (3-2 BFBBF)3a Dyllon Barrett advanced to third.,27,2026-04-03 14:00:00-04:00,"Charger Park (Huntsville, AL)",428,MBA,2026
6518740,614978,Union (TN) Bulldogs,615000,UAH Chargers,614978,3,top,"Caleb Davis grounded out to 2b, RBI (1-1 BF)3a Grant Ross advanced to second3a Dyllon Barrett scored.",28,2026-04-03 14:00:00-04:00,"Charger Park (Huntsville, AL)",428,MBA,2026
6518740,614978,Union (TN) Bulldogs,615000,UAH Chargers,614978,3,top,"Eli Gipson homered to left center, 2 RBI (2-0 BB)3a Grant Ross scored.",29,2026-04-03 14:00:00-04:00,"Charger Park (Huntsville, AL)",428,MBA,2026
6518740,614978,Union (TN) Bulldogs,615000,UAH Chargers,614978,3,top,Jordan Allen reached first on a fielding error by 2b (3-2 BBKFB).,30,2026-04-03 14:00:00-04:00,"Charger Park (Huntsville, AL)",428,MBA,2026
6518740,614978,Union (TN) Bulldogs,615000,UAH Chargers,614978,3,top,Canyon Pace struck out swinging (1-2 BKSS).,31,2026-04-03 14:00:00-04:00,"Charger Park (Huntsville, AL)",428,MBA,2026
6518740,614978,Union (TN) Bulldogs,615000,UAH Chargers,615000,3,bot,Taylor Bush flied out to lf (2-2 KBFFFB).,32,2026-04-03 14:00:00-04:00,"Charger Park (Huntsville, AL)",428,MBA,2026
6518740,614978,Union (TN) Bulldogs,615000,UAH Chargers,615000,3,bot,Braxton Griffin walked (3-1 BKBBB).,33,2026-04-03 14:00:00-04:00,"Charger Park (Huntsville, AL)",428,MBA,2026
6518740,614978,Union (TN) Bulldogs,615000,UAH Chargers,615000,3,bot,Ian Reagan singled to center field (0-2 SFF)3a Braxton Griffin advanced to second.,34,2026-04-03 14:00:00-04:00,"Charger Park (Huntsville, AL)",428,MBA,2026
6518740,614978,Union (TN) Bulldogs,615000,UAH Chargers,615000,3,bot,Jayce Upton grounded into double play 2b to ss to 1b (2-1 KBB)3a Ian Reagan out on the play.,35,2026-04-03 14:00:00-04:00,"Charger Park (Huntsville, AL)",428,MBA,2026
6518740,614978,Union (TN) Bulldogs,615000,UAH Chargers,614978,4,top,Ethan Quinn doubled to left center (0-0).,36,2026-04-03 14:00:00-04:00,"Charger Park (Huntsville, AL)",428,MBA,2026
6518740,614978,Union (TN) Bulldogs,615000,UAH Chargers,614978,4,top,Kylon Joyner walked (3-2 BFBBFFB).,37,2026-04-03 14:00:00-04:00,"Charger Park (Huntsville, AL)",428,MBA,2026
6518740,614978,Union (TN) Bulldogs,615000,UAH Chargers,614978,4,top,"Dyllon Barrett out at first c to 2b, SAC, bunt (0-0)3a Kylon Joyner advanced to second3a Ethan Quinn advanced to third.",38,2026-04-03 14:00:00-04:00,"Charger Park (Huntsville, AL)",428,MBA,2026
6518740,614978,Union (TN) Bulldogs,615000,UAH Chargers,614978,4,top,Kylon Joyner advanced to third on a wild pitch3a Ethan Quinn scored on a wild pitch.,39,2026-04-03 14:00:00-04:00,"Charger Park (Huntsville, AL)",428,MBA,2026
6518740,614978,Union (TN) Bulldogs,615000,UAH Chargers,614978,4,top,Jake Cardin to p for Cole Loftis.,40,2026-04-03 14:00:00-04:00,"Charger Park (Huntsville, AL)",428,MBA,2026
6518740,614978,Union (TN) Bulldogs,615000,UAH Chargers,614978,4,top,"Elijah Ramsey singled to right field, RBI (1-0 B)3a Kylon Joyner scored.",41,2026-04-03 14:00:00-04:00,"Charger Park (Huntsville, AL)",428,MBA,2026
6518740,614978,Union (TN) Bulldogs,615000,UAH Chargers,614978,4,top,Grant Ross walked (3-2 BBBKSB)3a Elijah Ramsey advanced to second.,42,2026-04-03 14:00:00-04:00,"Charger Park (Huntsville, AL)",428,MBA,2026
6518740,614978,Union (TN) Bulldogs,615000,UAH Chargers,614978,4,top,Caleb Davis grounded out to 2b (1-1 KB)3a Grant Ross advanced to second3a Elijah Ramsey advanced to third.,43,2026-04-03 14:00:00-04:00,"Charger Park (Huntsville, AL)",428,MBA,2026
6518740,614978,Union (TN) Bulldogs,615000,UAH Chargers,614978,4,top,Grant Ross advanced to third on a wild pitch3a Elijah Ramsey scored on a wild pitch.,44,2026-04-03 14:00:00-04:00,"Charger Park (Huntsville, AL)",428,MBA,2026
6518740,614978,Union (TN) Bulldogs,615000,UAH Chargers,614978,4,top,Eli Gipson grounded out to 2b (3-2 BKBBK).,45,2026-04-03 14:00:00-04:00,"Charger Park (Huntsville, AL)",428,MBA,2026
6518740,614978,Union (TN) Bulldogs,615000,UAH Chargers,615000,4,bot,Eli Wells grounded out to 2b (0-2 FK).,46,2026-04-03 14:00:00-04:00,"Charger Park (Huntsville, AL)",428,MBA,2026
6518740,614978,Union (TN) Bulldogs,615000,UAH Chargers,615000,4,bot,Hugh Windle grounded out to ss (1-0 B).,47,2026-04-03 14:00:00-04:00,"Charger Park (Huntsville, AL)",428,MBA,2026
6518740,614978,Union (TN) Bulldogs,615000,UAH Chargers,615000,4,bot,CJ Carson flied out to lf (2-1 KBB).,48,2026-04-03 14:00:00-04:00,"Charger Park (Huntsville, AL)",428,MBA,2026
6518740,614978,Union (TN) Bulldogs,615000,UAH Chargers,614978,5,top,"Jordan Allen homered to center field, RBI (0-0).",49,2026-04-03 14:00:00-04:00,"Charger Park (Huntsville, AL)",428,MBA,2026
6518740,614978,Union (TN) Bulldogs,615000,UAH Chargers,614978,5,top,Canyon Pace grounded out to ss (1-2 FKB).,50,2026-04-03 14:00:00-04:00,"Charger Park (Huntsville, AL)",428,MBA,2026
6518740,614978,Union (TN) Bulldogs,615000,UAH Chargers,614978,5,top,Ethan Quinn grounded out to 2b (1-2 BSK).,51,2026-04-03 14:00:00-04:00,"Charger Park (Huntsville, AL)",428,MBA,2026
6518740,614978,Union (TN) Bulldogs,615000,UAH Chargers,614978,5,top,Kylon Joyner grounded out to p (1-1 KB).,52,2026-04-03 14:00:00-04:00,"Charger Park (Huntsville, AL)",428,MBA,2026
6518740,614978,Union (TN) Bulldogs,615000,UAH Chargers,615000,5,bot,Caleb Mahan singled to center field (1-0 B).,53,2026-04-03 14:00:00-04:00,"Charger Park (Huntsville, AL)",428,MBA,2026
6518740,614978,Union (TN) Bulldogs,615000,UAH Chargers,615000,5,bot,Caleb Mahan advanced to second on a wild pitch.,54,2026-04-03 14:00:00-04:00,"Charger Park (Huntsville, AL)",428,MBA,2026
6518740,614978,Union (TN) Bulldogs,615000,UAH Chargers,615000,5,bot,Seth Staggs singled to shortstop (3-2 BFBBF)3a Caleb Mahan advanced to third.,55,2026-04-03 14:00:00-04:00,"Charger Park (Huntsville, AL)",428,MBA,2026
6518740,614978,Union (TN) Bulldogs,615000,UAH Chargers,615000,5,bot,Taylor Bush walked (3-1 BSBBB)3a Seth Staggs advanced to second.,56,2026-04-03 14:00:00-04:00,"Charger Park (Huntsville, AL)",428,MBA,2026
6518740,614978,Union (TN) Bulldogs,615000,UAH Chargers,615000,5,bot,Braxton Griffin grounded into double play p to c to 1b (2-2 BBSF)3a Taylor Bush advanced to second3a Seth Staggs advanced to third3a Caleb Mahan out on the play.,57,2026-04-03 14:00:00-04:00,"Charger Park (Huntsville, AL)",428,MBA,2026
6518740,614978,Union (TN) Bulldogs,615000,UAH Chargers,615000,5,bot,"Ian Reagan singled to right field, 2 RBI (0-2 KF)3a Taylor Bush scored3a Seth Staggs scored.",58,2026-04-03 14:00:00-04:00,"Charger Park (Huntsville, AL)",428,MBA,2026
6518740,614978,Union (TN) Bulldogs,615000,UAH Chargers,615000,5,bot,Jayce Upton grounded out to 2b (0-0).,59,2026-04-03 14:00:00-04:00,"Charger Park (Huntsville, AL)",428,MBA,2026
6518740,614978,Union (TN) Bulldogs,615000,UAH Chargers,614978,6,top,Nathan Mayfield to lf for Braxton Griffin.,60,2026-04-03 14:00:00-04:00,"Charger Park (Huntsville, AL)",428,MBA,2026
6518740,614978,Union (TN) Bulldogs,615000,UAH Chargers,614978,6,top,Dyllon Barrett grounded out to 2b (2-1 BFB).,61,2026-04-03 14:00:00-04:00,"Charger Park (Huntsville, AL)",428,MBA,2026
6518740,614978,Union (TN) Bulldogs,615000,UAH Chargers,614978,6,top,Elijah Ramsey grounded out to p (3-1 BKBB).,62,2026-04-03 14:00:00-04:00,"Charger Park (Huntsville, AL)",428,MBA,2026
6518740,614978,Union (TN) Bulldogs,615000,UAH Chargers,614978,6,top,Grant Ross struck out swinging (3-2 FBFBBS).,63,2026-04-03 14:00:00-04:00,"Charger Park (Huntsville, AL)",428,MBA,2026
6518740,614978,Union (TN) Bulldogs,615000,UAH Chargers,615000,6,bot,Nathan Myers to p for Lane Evans.,64,2026-04-03 14:00:00-04:00,"Charger Park (Huntsville, AL)",428,MBA,2026
6518740,614978,Union (TN) Bulldogs,615000,UAH Chargers,615000,6,bot,Eli Wells doubled to center field (1-0 B).,65,2026-04-03 14:00:00-04:00,"Charger Park (Huntsville, AL)",428,MBA,2026
6518740,614978,Union (TN) Bulldogs,615000,UAH Chargers,615000,6,bot,"Hugh Windle singled to center field, RBI (0-0)3a Eli Wells scored.",66,2026-04-03 14:00:00-04:00,"Charger Park (Huntsville, AL)",428,MBA,2026
6518740,614978,Union (TN) Bulldogs,615000,UAH Chargers,615000,6,bot,CJ Carson flied out to lf (1-0 B).,67,2026-04-03 14:00:00-04:00,"Charger Park (Huntsville, AL)",428,MBA,2026
6518740,614978,Union (TN) Bulldogs,615000,UAH Chargers,615000,6,bot,Caleb Mahan singled to right field (2-1 KBB)3a Hugh Windle advanced to third.,68,2026-04-03 14:00:00-04:00,"Charger Park (Huntsville, AL)",428,MBA,2026
6518740,614978,Union (TN) Bulldogs,615000,UAH Chargers,615000,6,bot,Caleb Mahan stole second.,69,2026-04-03 14:00:00-04:00,"Charger Park (Huntsville, AL)",428,MBA,2026
6518740,614978,Union (TN) Bulldogs,615000,UAH Chargers,615000,6,bot,"Seth Staggs doubled to left center, 2 RBI (2-2 BFFB)3a Caleb Mahan scored3a Hugh Windle scored.",70,2026-04-03 14:00:00-04:00,"Charger Park (Huntsville, AL)",428,MBA,2026
6518740,614978,Union (TN) Bulldogs,615000,UAH Chargers,615000,6,bot,Eli Jackson to p for Nathan Myers.,71,2026-04-03 14:00:00-04:00,"Charger Park (Huntsville, AL)",428,MBA,2026
6518740,614978,Union (TN) Bulldogs,615000,UAH Chargers,615000,6,bot,Seth Staggs advanced to third on a passed ball.,72,2026-04-03 14:00:00-04:00,"Charger Park (Huntsville, AL)",428,MBA,2026
6518740,614978,Union (TN) Bulldogs,615000,UAH Chargers,615000,6,bot,"Taylor Bush doubled to left field, RBI (2-1 BFB)3a Seth Staggs scored.",73,2026-04-03 14:00:00-04:00,"Charger Park (Huntsville, AL)",428,MBA,2026
6518740,614978,Union (TN) Bulldogs,615000,UAH Chargers,615000,6,bot,"Nathan Mayfield singled through the left side, RBI (2-2 KBBK)3a Taylor Bush scored.",74,2026-04-03 14:00:00-04:00,"Charger Park (Huntsville, AL)",428,MBA,2026
6518740,614978,Union (TN) Bulldogs,615000,UAH Chargers,615000,6,bot,Chris Troyer to p for Eli Jackson.,75,2026-04-03 14:00:00-04:00,"Charger Park (Huntsville, AL)",428,MBA,2026
6518740,614978,Union (TN) Bulldogs,615000,UAH Chargers,615000,6,bot,Ian Reagan walked (3-1 SBBBB)3a Nathan Mayfield advanced to second.,76,2026-04-03 14:00:00-04:00,"Charger Park (Huntsville, AL)",428,MBA,2026
6518740,614978,Union (TN) Bulldogs,615000,UAH Chargers,615000,6,bot,Jayce Upton struck out swinging (1-2 FBKS).,77,2026-04-03 14:00:00-04:00,"Charger Park (Huntsville, AL)",428,MBA,2026
6518740,614978,Union (TN) Bulldogs,615000,UAH Chargers,615000,6,bot,Eli Wells flied out to cf (1-0 B).,78,2026-04-03 14:00:00-04:00,"Charger Park (Huntsville, AL)",428,MBA,2026
6518740,614978,Union (TN) Bulldogs,615000,UAH Chargers,614978,7,top,Caleb Davis hit by pitch (2-0 BH).,79,2026-04-03 14:00:00-04:00,"Charger Park (Huntsville, AL)",428,MBA,2026
6518740,614978,Union (TN) Bulldogs,615000,UAH Chargers,614978,7,top,Ian Sonner to p for Jake Cardin.,80,2026-04-03 14:00:00-04:00,"Charger Park (Huntsville, AL)",428,MBA,2026
6518740,614978,Union (TN) Bulldogs,615000,UAH Chargers,614978,7,top,Eli Gipson singled up the middle (2-2 KFBBFF)3a Caleb Davis advanced to third.,81,2026-04-03 14:00:00-04:00,"Charger Park (Huntsville, AL)",428,MBA,2026
6518740,614978,Union (TN) Bulldogs,615000,UAH Chargers,614978,7,top,"Jordan Allen tripled down the rf line, 2 RBI (1-2 BFF)3a Eli Gipson scored3a Caleb Davis scored.",82,2026-04-03 14:00:00-04:00,"Charger Park (Huntsville, AL)",428,MBA,2026
6518740,614978,Union (TN) Bulldogs,615000,UAH Chargers,614978,7,top,"Canyon Pace doubled to left center, RBI (0-2 KS)3a Jordan Allen scored.",83,2026-04-03 14:00:00-04:00,"Charger Park (Huntsville, AL)",428,MBA,2026
6518740,614978,Union (TN) Bulldogs,615000,UAH Chargers,614978,7,top,Ethan Quinn struck out looking (3-2 KKBBBFFK).,84,2026-04-03 14:00:00-04:00,"Charger Park (Huntsville, AL)",428,MBA,2026
6518740,614978,Union (TN) Bulldogs,615000,UAH Chargers,614978,7,top,"Kylon Joyner doubled to right field, RBI (1-1 KB)3a Canyon Pace scored.",85,2026-04-03 14:00:00-04:00,"Charger Park (Huntsville, AL)",428,MBA,2026
6518740,614978,Union (TN) Bulldogs,615000,UAH Chargers,614978,7,top,Tyler Smith to p for Ian Sonner.,86,2026-04-03 14:00:00-04:00,"Charger Park (Huntsville, AL)",428,MBA,2026
6518740,614978,Union (TN) Bulldogs,615000,UAH Chargers,614978,7,top,"Dyllon Barrett doubled down the rf line, RBI (3-2 BKFBB)3a Kylon Joyner scored.",87,2026-04-03 14:00:00-04:00,"Charger Park (Huntsville, AL)",428,MBA,2026
6518740,614978,Union (TN) Bulldogs,615000,UAH Chargers,614978,7,top,Elijah Ramsey grounded out to p (0-0)3a Dyllon Barrett advanced to third.,88,2026-04-03 14:00:00-04:00,"Charger Park (Huntsville, AL)",428,MBA,2026
6518740,614978,Union (TN) Bulldogs,615000,UAH Chargers,614978,7,top,"Grant Ross doubled to left field, RBI (3-0 BBB)3a Dyllon Barrett scored.",89,2026-04-03 14:00:00-04:00,"Charger Park (Huntsville, AL)",428,MBA,2026
6518740,614978,Union (TN) Bulldogs,615000,UAH Chargers,614978,7,top,Caleb Davis grounded out to 2b (0-0).,90,2026-04-03 14:00:00-04:00,"Charger Park (Huntsville, AL)",428,MBA,2026
6518740,614978,Union (TN) Bulldogs,615000,UAH Chargers,615000,7,bot,Hugh Windle grounded out to 3b (0-0).,91,2026-04-03 14:00:00-04:00,"Charger Park (Huntsville, AL)",428,MBA,2026
6518740,614978,Union (TN) Bulldogs,615000,UAH Chargers,615000,7,bot,"CJ Carson singled to second base, bunt (0-0).",92,2026-04-03 14:00:00-04:00,"Charger Park (Huntsville, AL)",428,MBA,2026
6518740,614978,Union (TN) Bulldogs,615000,UAH Chargers,615000,7,bot,Caleb Mahan singled to left field (1-1 KB)3a CJ Carson advanced to second.,93,2026-04-03 14:00:00-04:00,"Charger Park (Huntsville, AL)",428,MBA,2026
6518740,614978,Union (TN) Bulldogs,615000,UAH Chargers,615000,7,bot,Seth Staggs walked (3-1 BBBKB)3a Caleb Mahan advanced to second3a CJ Carson advanced to third.,94,2026-04-03 14:00:00-04:00,"Charger Park (Huntsville, AL)",428,MBA,2026
6518740,614978,Union (TN) Bulldogs,615000,UAH Chargers,615000,7,bot,"Taylor Bush walked, RBI (3-1 BBKBB)3a Seth Staggs advanced to second3a Caleb Mahan advanced to third3a CJ Carson scored.",95,2026-04-03 14:00:00-04:00,"Charger Park (Huntsville, AL)",428,MBA,2026
6518740,614978,Union (TN) Bulldogs,615000,UAH Chargers,615000,7,bot,Nathan Mayfield struck out looking (0-2 KKK).,96,2026-04-03 14:00:00-04:00,"Charger Park (Huntsville, AL)",428,MBA,2026
6518740,614978,Union (TN) Bulldogs,615000,UAH Chargers,615000,7,bot,Ian Reagan struck out swinging (3-2 SBFBBS).,97,2026-04-03 14:00:00-04:00,"Charger Park (Huntsville, AL)",428,MBA,2026
6518740,614978,Union (TN) Bulldogs,615000,UAH Chargers,614978,8,top,Colman Gann to p for Tyler Smith.,98,2026-04-03 14:00:00-04:00,"Charger Park (Huntsville, AL)",428,MBA,2026
6518740,614978,Union (TN) Bulldogs,615000,UAH Chargers,614978,8,top,Eli Gipson walked (3-2 BKBBKB).,99,2026-04-03 14:00:00-04:00,"Charger Park (Huntsville, AL)",428,MBA,2026
6518740,614978,Union (TN) Bulldogs,615000,UAH Chargers,614978,8,top,Jordan Allen popped up to 3b (1-0 B).,100,2026-04-03 14:00:00-04:00,"Charger Park (Huntsville, AL)",428,MBA,2026
6518740,614978,Union (TN) Bulldogs,615000,UAH Chargers,614978,8,top,"Eli Gipson advanced to second on a throwing error by p, advanced to third on the error, failed pickoff attempt.",101,2026-04-03 14:00:00-04:00,"Charger Park (Huntsville, AL)",428,MBA,2026
6518740,614978,Union (TN) Bulldogs,615000,UAH Chargers,614978,8,top,Canyon Pace struck out swinging (2-2 SSBBS).,102,2026-04-03 14:00:00-04:00,"Charger Park (Huntsville, AL)",428,MBA,2026
6518740,614978,Union (TN) Bulldogs,615000,UAH Chargers,614978,8,top,"Ethan Quinn doubled to left field, RBI (1-0 B)3a Eli Gipson scored.",103,2026-04-03 14:00:00-04:00,"Charger Park (Huntsville, AL)",428,MBA,2026
6518740,614978,Union (TN) Bulldogs,615000,UAH Chargers,614978,8,top,Kylon Joyner walked (3-1 KBBBB).,104,2026-04-03 14:00:00-04:00,"Charger Park (Huntsville, AL)",428,MBA,2026
6518740,614978,Union (TN) Bulldogs,615000,UAH Chargers,614978,8,top,Ethan Quinn advanced to third on a wild pitch.,105,2026-04-03 14:00:00-04:00,"Charger Park (Huntsville, AL)",428,MBA,2026
6518740,614978,Union (TN) Bulldogs,615000,UAH Chargers,614978,8,top,Dyllon Barrett walked (3-2 KBBBFB)3a Kylon Joyner advanced to second.,106,2026-04-03 14:00:00-04:00,"Charger Park (Huntsville, AL)",428,MBA,2026
6518740,614978,Union (TN) Bulldogs,615000,UAH Chargers,614978,8,top,Blake Saltzman to p for Colman Gann.,107,2026-04-03 14:00:00-04:00,"Charger Park (Huntsville, AL)",428,MBA,2026
6518740,614978,Union (TN) Bulldogs,615000,UAH Chargers,614978,8,top,Elijah Ramsey grounded out to 2b (2-2 KSBB).,108,2026-04-03 14:00:00-04:00,"Charger Park (Huntsville, AL)",428,MBA,2026
6518740,614978,Union (TN) Bulldogs,615000,UAH Chargers,615000,8,bot,Cash Pinson to c for Canyon Pace.,109,2026-04-03 14:00:00-04:00,"Charger Park (Huntsville, AL)",428,MBA,2026
6518740,614978,Union (TN) Bulldogs,615000,UAH Chargers,615000,8,bot,Matthew Autry to lf for Jordan Allen.,110,2026-04-03 14:00:00-04:00,"Charger Park (Huntsville, AL)",428,MBA,2026
6518740,614978,Union (TN) Bulldogs,615000,UAH Chargers,615000,8,bot,Matthew Autry to cf.,111,2026-04-03 14:00:00-04:00,"Charger Park (Huntsville, AL)",428,MBA,2026
6518740,614978,Union (TN) Bulldogs,615000,UAH Chargers,615000,8,bot,Kylon Joyner to lf.,112,2026-04-03 14:00:00-04:00,"Charger Park (Huntsville, AL)",428,MBA,2026
6518740,614978,Union (TN) Bulldogs,615000,UAH Chargers,615000,8,bot,Jayce Upton hit by pitch (2-2 BKKH).,113,2026-04-03 14:00:00-04:00,"Charger Park (Huntsville, AL)",428,MBA,2026
6518740,614978,Union (TN) Bulldogs,615000,UAH Chargers,615000,8,bot,Jayce Upton advanced to second on a wild pitch.,114,2026-04-03 14:00:00-04:00,"Charger Park (Huntsville, AL)",428,MBA,2026
6518740,614978,Union (TN) Bulldogs,615000,UAH Chargers,615000,8,bot,"Eli Wells doubled to right field, RBI (2-2 BKBK)3a Jayce Upton scored.",115,2026-04-03 14:00:00-04:00,"Charger Park (Huntsville, AL)",428,MBA,2026
6518740,614978,Union (TN) Bulldogs,615000,UAH Chargers,615000,8,bot,"Hugh Windle struck out swinging, reached first on a wild pitch (1-2 BSFS)3a Eli Wells advanced to third on a wild pitch.",116,2026-04-03 14:00:00-04:00,"Charger Park (Huntsville, AL)",428,MBA,2026
6518740,614978,Union (TN) Bulldogs,615000,UAH Chargers,615000,8,bot,Hugh Windle advanced to second on a wild pitch3a Eli Wells scored on a wild pitch.,117,2026-04-03 14:00:00-04:00,"Charger Park (Huntsville, AL)",428,MBA,2026
6518740,614978,Union (TN) Bulldogs,615000,UAH Chargers,615000,8,bot,CJ Carson grounded out to 1b unassisted (2-2 KBKB)3a Hugh Windle advanced to third.,118,2026-04-03 14:00:00-04:00,"Charger Park (Huntsville, AL)",428,MBA,2026
6518740,614978,Union (TN) Bulldogs,615000,UAH Chargers,615000,8,bot,"Caleb Mahan grounded out to p, bunt (0-0).",119,2026-04-03 14:00:00-04:00,"Charger Park (Huntsville, AL)",428,MBA,2026
6518740,614978,Union (TN) Bulldogs,615000,UAH Chargers,615000,8,bot,"Seth Staggs singled through the left side, RBI (0-2 FK)3a Hugh Windle scored.",120,2026-04-03 14:00:00-04:00,"Charger Park (Huntsville, AL)",428,MBA,2026
6518740,614978,Union (TN) Bulldogs,615000,UAH Chargers,615000,8,bot,Taylor Bush out at first 2b to p (0-0).,121,2026-04-03 14:00:00-04:00,"Charger Park (Huntsville, AL)",428,MBA,2026
6518740,614978,Union (TN) Bulldogs,615000,UAH Chargers,614978,9,top,Grant Ross singled to right field (0-1 K).,122,2026-04-03 14:00:00-04:00,"Charger Park (Huntsville, AL)",428,MBA,2026
6518740,614978,Union (TN) Bulldogs,615000,UAH Chargers,614978,9,top,"Caleb Davis out at first 1b to 2b, SAC, bunt (0-0)3a Grant Ross advanced to second.",123,2026-04-03 14:00:00-04:00,"Charger Park (Huntsville, AL)",428,MBA,2026
6518740,614978,Union (TN) Bulldogs,615000,UAH Chargers,614978,9,top,Eli Gipson singled to pitcher (3-2 KBBBK)3a Grant Ross advanced to third.,124,2026-04-03 14:00:00-04:00,"Charger Park (Huntsville, AL)",428,MBA,2026
6518740,614978,Union (TN) Bulldogs,615000,UAH Chargers,614978,9,top,Matthew Autry struck out swinging (0-0).,125,2026-04-03 14:00:00-04:00,"Charger Park (Huntsville, AL)",428,MBA,2026
6518740,614978,Union (TN) Bulldogs,615000,UAH Chargers,614978,9,top,Cash Pinson struck out swinging (0-0).,126,2026-04-03 14:00:00-04:00,"Charger Park (Huntsville, AL)",428,MBA,2026
6518740,614978,Union (TN) Bulldogs,615000,UAH Chargers,615000,9,bot,Cole Lannom to p for Chris Troyer.,127,2026-04-03 14:00:00-04:00,"Charger Park (Huntsville, AL)",428,MBA,2026
6518740,614978,Union (TN) Bulldogs,615000,UAH Chargers,615000,9,bot,Nathan Mayfield struck out swinging (0-0).,128,2026-04-03 14:00:00-04:00,"Charger Park (Huntsville, AL)",428,MBA,2026
6518740,614978,Union (TN) Bulldogs,615000,UAH Chargers,615000,9,bot,Ian Reagan struck out looking (0-0).,129,2026-04-03 14:00:00-04:00,"Charger Park (Huntsville, AL)",428,MBA,2026
6518740,614978,Union (TN) Bulldogs,615000,UAH Chargers,615000,9,bot,Jayce Upton struck out swinging (1-2 KFFBS).,130,2026-04-03 14:00:00-04:00,"Charger Park (Huntsville, AL)",428,MBA,2026
6519050,614606,Florida St. Seminoles,614807,Virginia Cavaliers,614606,1,top,"Dowd,Brayden reached on a fielding error fielding by 1b by Harris,Sam (E3) (2-1 BBF).",1,2026-04-03 14:00:00-04:00,"Davenport Field at Disharoon Park (Charlottesville, VA)",5141,MBA,2026
6519050,614606,Florida St. Seminoles,614807,Virginia Cavaliers,614606,1,top,"Sheffield,Noah struck out swinging (2-2 SBBKS).",2,2026-04-03 14:00:00-04:00,"Davenport Field at Disharoon Park (Charlottesville, VA)",5141,MBA,2026
6519050,614606,Florida St. Seminoles,614807,Virginia Cavaliers,614606,1,top,"Carns,Hunter singled up the middle (0-1 S); Dowd,Brayden advanced to second base.",3,2026-04-03 14:00:00-04:00,"Davenport Field at Disharoon Park (Charlottesville, VA)",5141,MBA,2026
6519050,614606,Florida St. Seminoles,614807,Virginia Cavaliers,614606,1,top,"PaulinoJr,Kelvyn flied out to left center putout by lf (1-1 BF); Dowd,Brayden advanced to third base.",4,2026-04-03 14:00:00-04:00,"Davenport Field at Disharoon Park (Charlottesville, VA)",5141,MBA,2026
6519050,614606,Florida St. Seminoles,614807,Virginia Cavaliers,614606,1,top,"Putnam,Eli struck out swinging (0-2 FSFS).",5,2026-04-03 14:00:00-04:00,"Davenport Field at Disharoon Park (Charlottesville, VA)",5141,MBA,2026
6519050,614606,Florida St. Seminoles,614807,Virginia Cavaliers,614807,1,bot,"Becker,Eric struck out swinging (1-2 KBSS).",6,2026-04-03 14:00:00-04:00,"Davenport Field at Disharoon Park (Charlottesville, VA)",5141,MBA,2026
6519050,614606,Florida St. Seminoles,614807,Virginia Cavaliers,614807,1,bot,"Gracia,AJ singled through the left side of the infield (2-1 BFB).",7,2026-04-03 14:00:00-04:00,"Davenport Field at Disharoon Park (Charlottesville, VA)",5141,MBA,2026
6519050,614606,Florida St. Seminoles,614807,Virginia Cavaliers,614807,1,bot,"Gracia,AJ advanced to second base on a wild pitch.",8,2026-04-03 14:00:00-04:00,"Davenport Field at Disharoon Park (Charlottesville, VA)",5141,MBA,2026
6519050,614606,Florida St. Seminoles,614807,Virginia Cavaliers,614807,1,bot,"Didawick,Harrison struck out swinging (2-2 KSBBS).",9,2026-04-03 14:00:00-04:00,"Davenport Field at Disharoon Park (Charlottesville, VA)",5141,MBA,2026
6519050,614606,Florida St. Seminoles,614807,Virginia Cavaliers,614807,1,bot,"Tiroly,Joe struck out swinging (2-2 BBSSFS).",10,2026-04-03 14:00:00-04:00,"Davenport Field at Disharoon Park (Charlottesville, VA)",5141,MBA,2026
6519050,614606,Florida St. Seminoles,614807,Virginia Cavaliers,614606,2,top,"Williams,Chase flied out to deep left field putout by lf (0-0).",11,2026-04-03 14:00:00-04:00,"Davenport Field at Disharoon Park (Charlottesville, VA)",5141,MBA,2026
6519050,614606,Florida St. Seminoles,614807,Virginia Cavaliers,614606,2,top,"Stuetzer,John struck out swinging (3-2 KKBBBS).",12,2026-04-03 14:00:00-04:00,"Davenport Field at Disharoon Park (Charlottesville, VA)",5141,MBA,2026
6519050,614606,Florida St. Seminoles,614807,Virginia Cavaliers,614606,2,top,"Fisher,Cal struck out swinging (2-2 BFBSFS).",13,2026-04-03 14:00:00-04:00,"Davenport Field at Disharoon Park (Charlottesville, VA)",5141,MBA,2026
6519050,614606,Florida St. Seminoles,614807,Virginia Cavaliers,614807,2,bot,"Harris,Sam grounded out to second base, 2b to 1b (1-2 SBK).",14,2026-04-03 14:00:00-04:00,"Davenport Field at Disharoon Park (Charlottesville, VA)",5141,MBA,2026
6519050,614606,Florida St. Seminoles,614807,Virginia Cavaliers,614807,2,bot,"Weatherspoon,Jake struck out swinging (2-2 KBSBS).",15,2026-04-03 14:00:00-04:00,"Davenport Field at Disharoon Park (Charlottesville, VA)",5141,MBA,2026
6519050,614606,Florida St. Seminoles,614807,Virginia Cavaliers,614807,2,bot,"Perrotta,Antonio walked (3-2 FBBBFFB).",16,2026-04-03 14:00:00-04:00,"Davenport Field at Disharoon Park (Charlottesville, VA)",5141,MBA,2026
6519050,614606,Florida St. Seminoles,614807,Virginia Cavaliers,614807,2,bot,"Murray,Noah struck out swinging (2-2 KBKBS).",17,2026-04-03 14:00:00-04:00,"Davenport Field at Disharoon Park (Charlottesville, VA)",5141,MBA,2026
6519050,614606,Florida St. Seminoles,614807,Virginia Cavaliers,614606,3,top,"McCulley,Carter reached on a fielding error fielding by p by Stammel,Max (E1) (0-0).",18,2026-04-03 14:00:00-04:00,"Davenport Field at Disharoon Park (Charlottesville, VA)",5141,MBA,2026
6519050,614606,Florida St. Seminoles,614807,Virginia Cavaliers,614606,3,top,"Dowd,Brayden reached on a fielder's choice hit up the middle, bunt (2-0 BB); McCulley,Carter out at second base, ss unassisted.",19,2026-04-03 14:00:00-04:00,"Davenport Field at Disharoon Park (Charlottesville, VA)",5141,MBA,2026
6519050,614606,Florida St. Seminoles,614807,Virginia Cavaliers,614606,3,top,"Sheffield,Noah infield singled to first base, bunt (0-0); Dowd,Brayden advanced to second base.",20,2026-04-03 14:00:00-04:00,"Davenport Field at Disharoon Park (Charlottesville, VA)",5141,MBA,2026
6519050,614606,Florida St. Seminoles,614807,Virginia Cavaliers,614606,3,top,"Carns,Hunter struck out swinging (1-2 KSBFS).",21,2026-04-03 14:00:00-04:00,"Davenport Field at Disharoon Park (Charlottesville, VA)",5141,MBA,2026
6519050,614606,Florida St. Seminoles,614807,Virginia Cavaliers,614606,3,top,"PaulinoJr,Kelvyn reached on a fielding error fielding by 3b by Murray,Noah (E5) (1-1 BS); Dowd,Brayden advanced to third base; Sheffield,Noah advanced to second base.",22,2026-04-03 14:00:00-04:00,"Davenport Field at Disharoon Park (Charlottesville, VA)",5141,MBA,2026
6519050,614606,Florida St. Seminoles,614807,Virginia Cavaliers,614606,3,top,"Putnam,Eli walked, RBI (3-2 BFBFFBFB); Dowd,Brayden scored, unearned; Sheffield,Noah advanced to third base; PaulinoJr,Kelvyn advanced to second base.",23,2026-04-03 14:00:00-04:00,"Davenport Field at Disharoon Park (Charlottesville, VA)",5141,MBA,2026
6519050,614606,Florida St. Seminoles,614807,Virginia Cavaliers,614606,3,top,"Williams,Chase struck out swinging (0-2 FKS).",24,2026-04-03 14:00:00-04:00,"Davenport Field at Disharoon Park (Charlottesville, VA)",5141,MBA,2026
6519050,614606,Florida St. Seminoles,614807,Virginia Cavaliers,614807,3,bot,"Jackson,Zach singled to second base (0-2 KF).",25,2026-04-03 14:00:00-04:00,"Davenport Field at Disharoon Park (Charlottesville, VA)",5141,MBA,2026
6519050,614606,Florida St. Seminoles,614807,Virginia Cavaliers,614807,3,bot,"Becker,Eric reached on a fielder's choice hit up the middle (2-2 BKFBF); Jackson,Zach out at second base, p to ss.",26,2026-04-03 14:00:00-04:00,"Davenport Field at Disharoon Park (Charlottesville, VA)",5141,MBA,2026
6519050,614606,Florida St. Seminoles,614807,Virginia Cavaliers,614807,3,bot,"Gracia,AJ reached on a fielder's choice hit to second base (1-1 KB); Becker,Eric out at second base, 2b to ss.",27,2026-04-03 14:00:00-04:00,"Davenport Field at Disharoon Park (Charlottesville, VA)",5141,MBA,2026
6519050,614606,Florida St. Seminoles,614807,Virginia Cavaliers,614807,3,bot,"Didawick,Harrison grounded out to second base, 2b to 1b (1-1 BS).",28,2026-04-03 14:00:00-04:00,"Davenport Field at Disharoon Park (Charlottesville, VA)",5141,MBA,2026
6519050,614606,Florida St. Seminoles,614807,Virginia Cavaliers,614606,4,top,"Stuetzer,John flied out to cf (0-1 K).",29,2026-04-03 14:00:00-04:00,"Davenport Field at Disharoon Park (Charlottesville, VA)",5141,MBA,2026
6519050,614606,Florida St. Seminoles,614807,Virginia Cavaliers,614606,4,top,"Fisher,Cal singled to shallow left field (0-1 K).",30,2026-04-03 14:00:00-04:00,"Davenport Field at Disharoon Park (Charlottesville, VA)",5141,MBA,2026
6519050,614606,Florida St. Seminoles,614807,Virginia Cavaliers,614606,4,top,"McCulley,Carter struck out swinging (0-2 FSS).",31,2026-04-03 14:00:00-04:00,"Davenport Field at Disharoon Park (Charlottesville, VA)",5141,MBA,2026
6519050,614606,Florida St. Seminoles,614807,Virginia Cavaliers,614606,4,top,"Dowd,Brayden grounded out to first base, unassisted (1-0 B).",32,2026-04-03 14:00:00-04:00,"Davenport Field at Disharoon Park (Charlottesville, VA)",5141,MBA,2026
6519050,614606,Florida St. Seminoles,614807,Virginia Cavaliers,614807,4,bot,"Tiroly,Joe walked (3-0 BBBB).",33,2026-04-03 14:00:00-04:00,"Davenport Field at Disharoon Park (Charlottesville, VA)",5141,MBA,2026
6519050,614606,Florida St. Seminoles,614807,Virginia Cavaliers,614807,4,bot,"Harris,Sam grounded into double play, 2b to ss to 1b (0-1 S); Tiroly,Joe out at 2B on the play, 2b to ss.",34,2026-04-03 14:00:00-04:00,"Davenport Field at Disharoon Park (Charlottesville, VA)",5141,MBA,2026
6519050,614606,Florida St. Seminoles,614807,Virginia Cavaliers,614807,4,bot,"Weatherspoon,Jake walked (3-1 BFBBB).",35,2026-04-03 14:00:00-04:00,"Davenport Field at Disharoon Park (Charlottesville, VA)",5141,MBA,2026
6519050,614606,Florida St. Seminoles,614807,Virginia Cavaliers,614807,4,bot,Mound visit (FSU),36,2026-04-03 14:00:00-04:00,"Davenport Field at Disharoon Park (Charlottesville, VA)",5141,MBA,2026
6519050,614606,Florida St. Seminoles,614807,Virginia Cavaliers,614807,4,bot,"Perrotta,Antonio hit by pitch (0-0 B); Weatherspoon,Jake advanced to second base.",37,2026-04-03 14:00:00-04:00,"Davenport Field at Disharoon Park (Charlottesville, VA)",5141,MBA,2026
6519050,614606,Florida St. Seminoles,614807,Virginia Cavaliers,614807,4,bot,"Murray,Noah flied out to left center putout by lf (0-1 S).",38,2026-04-03 14:00:00-04:00,"Davenport Field at Disharoon Park (Charlottesville, VA)",5141,MBA,2026
6519050,614606,Florida St. Seminoles,614807,Virginia Cavaliers,614606,5,top,"Sheffield,Noah doubled to left center (1-2 FKB).",39,2026-04-03 14:00:00-04:00,"Davenport Field at Disharoon Park (Charlottesville, VA)",5141,MBA,2026
6519050,614606,Florida St. Seminoles,614807,Virginia Cavaliers,614606,5,top,"Carns,Hunter singled through the left side of the infield (2-2 BSBF); Sheffield,Noah advanced to third base.",40,2026-04-03 14:00:00-04:00,"Davenport Field at Disharoon Park (Charlottesville, VA)",5141,MBA,2026
6519050,614606,Florida St. Seminoles,614807,Virginia Cavaliers,614606,5,top,"PaulinoJr,Kelvyn sacrifice fly to rf, RBI (1-1 BF); Sheffield,Noah scored.",41,2026-04-03 14:00:00-04:00,"Davenport Field at Disharoon Park (Charlottesville, VA)",5141,MBA,2026
6519050,614606,Florida St. Seminoles,614807,Virginia Cavaliers,614606,5,top,"UVA pitching change: Yoder,Noah replaces Stammel,Max.",42,2026-04-03 14:00:00-04:00,"Davenport Field at Disharoon Park (Charlottesville, VA)",5141,MBA,2026
6519050,614606,Florida St. Seminoles,614807,Virginia Cavaliers,614606,5,top,"Putnam,Eli struck out swinging (3-2 BFBBKFFS).",43,2026-04-03 14:00:00-04:00,"Davenport Field at Disharoon Park (Charlottesville, VA)",5141,MBA,2026
6519050,614606,Florida St. Seminoles,614807,Virginia Cavaliers,614606,5,top,"Williams,Chase singled to shallow left field (0-2 KK); Carns,Hunter advanced to second base.",44,2026-04-03 14:00:00-04:00,"Davenport Field at Disharoon Park (Charlottesville, VA)",5141,MBA,2026
6519050,614606,Florida St. Seminoles,614807,Virginia Cavaliers,614606,5,top,"Stuetzer,John walked (3-2 BBSBSB); Carns,Hunter advanced to third base; Williams,Chase advanced to second base.",45,2026-04-03 14:00:00-04:00,"Davenport Field at Disharoon Park (Charlottesville, VA)",5141,MBA,2026
6519050,614606,Florida St. Seminoles,614807,Virginia Cavaliers,614606,5,top,Mound visit (UVA),46,2026-04-03 14:00:00-04:00,"Davenport Field at Disharoon Park (Charlottesville, VA)",5141,MBA,2026
6519050,614606,Florida St. Seminoles,614807,Virginia Cavaliers,614606,5,top,"Fisher,Cal struck out on a dropped third strike and reached on a wild pitch (0-3 KSS); Carns,Hunter scored; Williams,Chase advanced to third base; Stuetzer,John advanced to second base.",47,2026-04-03 14:00:00-04:00,"Davenport Field at Disharoon Park (Charlottesville, VA)",5141,MBA,2026
6519050,614606,Florida St. Seminoles,614807,Virginia Cavaliers,614606,5,top,"McCulley,Carter popped up to shallow right field putout by 2b (0-2 KS).",48,2026-04-03 14:00:00-04:00,"Davenport Field at Disharoon Park (Charlottesville, VA)",5141,MBA,2026
6519050,614606,Florida St. Seminoles,614807,Virginia Cavaliers,614807,5,bot,"Jackson,Zach hit by pitch (0-0 B).",49,2026-04-03 14:00:00-04:00,"Davenport Field at Disharoon Park (Charlottesville, VA)",5141,MBA,2026
6519050,614606,Florida St. Seminoles,614807,Virginia Cavaliers,614807,5,bot,"Becker,Eric struck out looking (1-2 KKBK).",50,2026-04-03 14:00:00-04:00,"Davenport Field at Disharoon Park (Charlottesville, VA)",5141,MBA,2026
6519050,614606,Florida St. Seminoles,614807,Virginia Cavaliers,614807,5,bot,"Gracia,AJ walked (3-2 KKBBBB); Jackson,Zach advanced to second base.",51,2026-04-03 14:00:00-04:00,"Davenport Field at Disharoon Park (Charlottesville, VA)",5141,MBA,2026
6519050,614606,Florida St. Seminoles,614807,Virginia Cavaliers,614807,5,bot,Mound visit (FSU),52,2026-04-03 14:00:00-04:00,"Davenport Field at Disharoon Park (Charlottesville, VA)",5141,MBA,2026
6519050,614606,Florida St. Seminoles,614807,Virginia Cavaliers,614807,5,bot,"Didawick,Harrison flied out down the left field line putout by lf (1-2 BKF).",53,2026-04-03 14:00:00-04:00,"Davenport Field at Disharoon Park (Charlottesville, VA)",5141,MBA,2026
6519050,614606,Florida St. Seminoles,614807,Virginia Cavaliers,614807,5,bot,"Tiroly,Joe singled to short, RBI (0-0); Jackson,Zach scored from second base; Gracia,AJ advanced from first base to third base.",54,2026-04-03 14:00:00-04:00,"Davenport Field at Disharoon Park (Charlottesville, VA)",5141,MBA,2026
6519050,614606,Florida St. Seminoles,614807,Virginia Cavaliers,614807,5,bot,"Tiroly,Joe stole second base.",55,2026-04-03 14:00:00-04:00,"Davenport Field at Disharoon Park (Charlottesville, VA)",5141,MBA,2026
6519050,614606,Florida St. Seminoles,614807,Virginia Cavaliers,614807,5,bot,"Harris,Sam struck out swinging (2-2 FBFBS).",56,2026-04-03 14:00:00-04:00,"Davenport Field at Disharoon Park (Charlottesville, VA)",5141,MBA,2026
6519050,614606,Florida St. Seminoles,614807,Virginia Cavaliers,614606,6,top,"Dowd,Brayden walked (3-0 BBBB).",57,2026-04-03 14:00:00-04:00,"Davenport Field at Disharoon Park (Charlottesville, VA)",5141,MBA,2026
6519050,614606,Florida St. Seminoles,614807,Virginia Cavaliers,614606,6,top,"Sheffield,Noah flied out to cf (0-0).",58,2026-04-03 14:00:00-04:00,"Davenport Field at Disharoon Park (Charlottesville, VA)",5141,MBA,2026
6519050,614606,Florida St. Seminoles,614807,Virginia Cavaliers,614606,6,top,"Carns,Hunter homered to deep center field (415 ft), 2nd of season, 2RBI (2-1 BFB); Dowd,Brayden scored from first base.",59,2026-04-03 14:00:00-04:00,"Davenport Field at Disharoon Park (Charlottesville, VA)",5141,MBA,2026
6519050,614606,Florida St. Seminoles,614807,Virginia Cavaliers,614606,6,top,"PaulinoJr,Kelvyn struck out swinging (3-2 BBKBFFS).",60,2026-04-03 14:00:00-04:00,"Davenport Field at Disharoon Park (Charlottesville, VA)",5141,MBA,2026
6519050,614606,Florida St. Seminoles,614807,Virginia Cavaliers,614606,6,top,"Putnam,Eli struck out swinging (1-2 KBKS).",61,2026-04-03 14:00:00-04:00,"Davenport Field at Disharoon Park (Charlottesville, VA)",5141,MBA,2026
6519050,614606,Florida St. Seminoles,614807,Virginia Cavaliers,614807,6,bot,"Weatherspoon,Jake homered to deep left field (380 ft), 2nd of season, RBI (4-2 BKBFBFB).",62,2026-04-03 14:00:00-04:00,"Davenport Field at Disharoon Park (Charlottesville, VA)",5141,MBA,2026
6519050,614606,Florida St. Seminoles,614807,Virginia Cavaliers,614807,6,bot,"FSU pitching change: Abraham,John replaces Beard,Trey.",63,2026-04-03 14:00:00-04:00,"Davenport Field at Disharoon Park (Charlottesville, VA)",5141,MBA,2026
6519050,614606,Florida St. Seminoles,614807,Virginia Cavaliers,614807,6,bot,"Perrotta,Antonio infield singled to third base (1-2 KFB).",64,2026-04-03 14:00:00-04:00,"Davenport Field at Disharoon Park (Charlottesville, VA)",5141,MBA,2026
6519050,614606,Florida St. Seminoles,614807,Virginia Cavaliers,614807,6,bot,"Murray,Noah flied out to rf (0-0).",65,2026-04-03 14:00:00-04:00,"Davenport Field at Disharoon Park (Charlottesville, VA)",5141,MBA,2026
6519050,614606,Florida St. Seminoles,614807,Virginia Cavaliers,614807,6,bot,"Jackson,Zach grounded out to the right side of the infield, 2b to 1b (0-2 FK); Perrotta,Antonio advanced to second base.",66,2026-04-03 14:00:00-04:00,"Davenport Field at Disharoon Park (Charlottesville, VA)",5141,MBA,2026
6519050,614606,Florida St. Seminoles,614807,Virginia Cavaliers,614807,6,bot,"Becker,Eric struck out swinging (1-2 BKKS).",67,2026-04-03 14:00:00-04:00,"Davenport Field at Disharoon Park (Charlottesville, VA)",5141,MBA,2026
6519050,614606,Florida St. Seminoles,614807,Virginia Cavaliers,614606,7,top,"UVA pitching change: Jaxel,Kevin replaces Yoder,Noah.",68,2026-04-03 14:00:00-04:00,"Davenport Field at Disharoon Park (Charlottesville, VA)",5141,MBA,2026
6519050,614606,Florida St. Seminoles,614807,Virginia Cavaliers,614606,7,top,"Williams,Chase struck out swinging (0-2 KFFS).",69,2026-04-03 14:00:00-04:00,"Davenport Field at Disharoon Park (Charlottesville, VA)",5141,MBA,2026
6519050,614606,Florida St. Seminoles,614807,Virginia Cavaliers,614606,7,top,"Stuetzer,John struck out looking (2-2 BKSFBK).",70,2026-04-03 14:00:00-04:00,"Davenport Field at Disharoon Park (Charlottesville, VA)",5141,MBA,2026
6519050,614606,Florida St. Seminoles,614807,Virginia Cavaliers,614606,7,top,"Fisher,Cal flied out to cf (1-2 BFF).",71,2026-04-03 14:00:00-04:00,"Davenport Field at Disharoon Park (Charlottesville, VA)",5141,MBA,2026
6519050,614606,Florida St. Seminoles,614807,Virginia Cavaliers,614807,7,bot,"Gracia,AJ flied out to rf (2-1 BBS).",72,2026-04-03 14:00:00-04:00,"Davenport Field at Disharoon Park (Charlottesville, VA)",5141,MBA,2026
6519050,614606,Florida St. Seminoles,614807,Virginia Cavaliers,614807,7,bot,"Didawick,Harrison struck out looking (3-2 FFBBFBK).",73,2026-04-03 14:00:00-04:00,"Davenport Field at Disharoon Park (Charlottesville, VA)",5141,MBA,2026
6519050,614606,Florida St. Seminoles,614807,Virginia Cavaliers,614807,7,bot,"Tiroly,Joe grounded out to third base, 3b to 1b (3-1 FBBB).",74,2026-04-03 14:00:00-04:00,"Davenport Field at Disharoon Park (Charlottesville, VA)",5141,MBA,2026
6519050,614606,Florida St. Seminoles,614807,Virginia Cavaliers,614606,8,top,"McCulley,Carter struck out looking (2-2 KFBBK).",75,2026-04-03 14:00:00-04:00,"Davenport Field at Disharoon Park (Charlottesville, VA)",5141,MBA,2026
6519050,614606,Florida St. Seminoles,614807,Virginia Cavaliers,614606,8,top,"Dowd,Brayden grounded out to first base, unassisted (1-1 BF).",76,2026-04-03 14:00:00-04:00,"Davenport Field at Disharoon Park (Charlottesville, VA)",5141,MBA,2026
6519050,614606,Florida St. Seminoles,614807,Virginia Cavaliers,614606,8,top,"Sheffield,Noah grounded out to first base, 3b to 1b (0-1 F).",77,2026-04-03 14:00:00-04:00,"Davenport Field at Disharoon Park (Charlottesville, VA)",5141,MBA,2026
6519050,614606,Florida St. Seminoles,614807,Virginia Cavaliers,614807,8,bot,"Harris,Sam struck out swinging (0-2 KSS).",78,2026-04-03 14:00:00-04:00,"Davenport Field at Disharoon Park (Charlottesville, VA)",5141,MBA,2026
6519050,614606,Florida St. Seminoles,614807,Virginia Cavaliers,614807,8,bot,"Weatherspoon,Jake struck out swinging (0-2 SKS).",79,2026-04-03 14:00:00-04:00,"Davenport Field at Disharoon Park (Charlottesville, VA)",5141,MBA,2026
6519050,614606,Florida St. Seminoles,614807,Virginia Cavaliers,614807,8,bot,"Perrotta,Antonio walked (3-2 BKBSBB).",80,2026-04-03 14:00:00-04:00,"Davenport Field at Disharoon Park (Charlottesville, VA)",5141,MBA,2026
6519050,614606,Florida St. Seminoles,614807,Virginia Cavaliers,614807,8,bot,"Perrotta,Antonio advanced to second base on a passed ball.",81,2026-04-03 14:00:00-04:00,"Davenport Field at Disharoon Park (Charlottesville, VA)",5141,MBA,2026
6519050,614606,Florida St. Seminoles,614807,Virginia Cavaliers,614807,8,bot,"Murray,Noah walked (3-1 BBBKB).",82,2026-04-03 14:00:00-04:00,"Davenport Field at Disharoon Park (Charlottesville, VA)",5141,MBA,2026
6519050,614606,Florida St. Seminoles,614807,Virginia Cavaliers,614807,8,bot,"UVA substitution: Johnson,Kyle pinch hitting for Jackson,Zach.",83,2026-04-03 14:00:00-04:00,"Davenport Field at Disharoon Park (Charlottesville, VA)",5141,MBA,2026
6519050,614606,Florida St. Seminoles,614807,Virginia Cavaliers,614807,8,bot,Mound visit (FSU),84,2026-04-03 14:00:00-04:00,"Davenport Field at Disharoon Park (Charlottesville, VA)",5141,MBA,2026
6519050,614606,Florida St. Seminoles,614807,Virginia Cavaliers,614807,8,bot,"Johnson,Kyle struck out looking (1-2 KKFBK).",85,2026-04-03 14:00:00-04:00,"Davenport Field at Disharoon Park (Charlottesville, VA)",5141,MBA,2026
6519050,614606,Florida St. Seminoles,614807,Virginia Cavaliers,614606,9,top,"UVA substitution: Enis,Griffin replaces Johnson,Kyle at rf, batting 9th.",86,2026-04-03 14:00:00-04:00,"Davenport Field at Disharoon Park (Charlottesville, VA)",5141,MBA,2026
6519050,614606,Florida St. Seminoles,614807,Virginia Cavaliers,614606,9,top,"Carns,Hunter grounded out to third base, 3b to 1b (0-1 F).",87,2026-04-03 14:00:00-04:00,"Davenport Field at Disharoon Park (Charlottesville, VA)",5141,MBA,2026
6519050,614606,Florida St. Seminoles,614807,Virginia Cavaliers,614606,9,top,"PaulinoJr,Kelvyn struck out swinging (0-2 SKS).",88,2026-04-03 14:00:00-04:00,"Davenport Field at Disharoon Park (Charlottesville, VA)",5141,MBA,2026
6519050,614606,Florida St. Seminoles,614807,Virginia Cavaliers,614606,9,top,"Putnam,Eli singled to shallow right field (3-2 BBBKK).",89,2026-04-03 14:00:00-04:00,"Davenport Field at Disharoon Park (Charlottesville, VA)",5141,MBA,2026
6519050,614606,Florida St. Seminoles,614807,Virginia Cavaliers,614606,9,top,"Williams,Chase grounded out to first base, unassisted (2-0 BB).",90,2026-04-03 14:00:00-04:00,"Davenport Field at Disharoon Park (Charlottesville, VA)",5141,MBA,2026
6519050,614606,Florida St. Seminoles,614807,Virginia Cavaliers,614807,9,bot,"Becker,Eric flied out to cf (2-2 BFFFB).",91,2026-04-03 14:00:00-04:00,"Davenport Field at Disharoon Park (Charlottesville, VA)",5141,MBA,2026
6519050,614606,Florida St. Seminoles,614807,Virginia Cavaliers,614807,9,bot,"Gracia,AJ singled through the right side of the infield (2-2 KBSBF).",92,2026-04-03 14:00:00-04:00,"Davenport Field at Disharoon Park (Charlottesville, VA)",5141,MBA,2026
6519050,614606,Florida St. Seminoles,614807,Virginia Cavaliers,614807,9,bot,"Didawick,Harrison lined out to short (0-1 K).",93,2026-04-03 14:00:00-04:00,"Davenport Field at Disharoon Park (Charlottesville, VA)",5141,MBA,2026
6519050,614606,Florida St. Seminoles,614807,Virginia Cavaliers,614807,9,bot,"Tiroly,Joe singled to left field (0-0); Gracia,AJ advanced from first base to third base.",94,2026-04-03 14:00:00-04:00,"Davenport Field at Disharoon Park (Charlottesville, VA)",5141,MBA,2026
6519050,614606,Florida St. Seminoles,614807,Virginia Cavaliers,614807,9,bot,"Tiroly,Joe advanced to second base on a wild pitch.",95,2026-04-03 14:00:00-04:00,"Davenport Field at Disharoon Park (Charlottesville, VA)",5141,MBA,2026
6519050,614606,Florida St. Seminoles,614807,Virginia Cavaliers,614807,9,bot,"Harris,Sam struck out swinging (1-2 SBSS).",96,2026-04-03 14:00:00-04:00,"Davenport Field at Disharoon Park (Charlottesville, VA)",5141,MBA,2026
6519367,615119,Roosevelt Lakers,614993,Purdue Northwest Pride,615119,1,top,Cj Chalk struck out swinging (1-2 KFFBS).,1,2026-04-03 14:00:00-04:00,"Dowling Park (Hammond, IN)",100,MBA,2026
6519367,615119,Roosevelt Lakers,614993,Purdue Northwest Pride,615119,1,top,Maxwell Bowers lined out to lf (1-2 SFBF).,2,2026-04-03 14:00:00-04:00,"Dowling Park (Hammond, IN)",100,MBA,2026
6519367,615119,Roosevelt Lakers,614993,Purdue Northwest Pride,615119,1,top,Alejandro Munoz lined out to cf (0-2 KS).,3,2026-04-03 14:00:00-04:00,"Dowling Park (Hammond, IN)",100,MBA,2026
6519367,615119,Roosevelt Lakers,614993,Purdue Northwest Pride,614993,1,bot,Brayden Barrett grounded out to p (2-0 BB).,4,2026-04-03 14:00:00-04:00,"Dowling Park (Hammond, IN)",100,MBA,2026
6519367,615119,Roosevelt Lakers,614993,Purdue Northwest Pride,614993,1,bot,Joey Guiliano doubled down the lf line (0-2 KFF).,5,2026-04-03 14:00:00-04:00,"Dowling Park (Hammond, IN)",100,MBA,2026
6519367,615119,Roosevelt Lakers,614993,Purdue Northwest Pride,614993,1,bot,Billy Chidsey grounded out to 2b (0-0); Joey Guiliano advanced to third.,6,2026-04-03 14:00:00-04:00,"Dowling Park (Hammond, IN)",100,MBA,2026
6519367,615119,Roosevelt Lakers,614993,Purdue Northwest Pride,614993,1,bot,Drew Kosteba grounded out to 3b (3-1 BBFB).,7,2026-04-03 14:00:00-04:00,"Dowling Park (Hammond, IN)",100,MBA,2026
6519367,615119,Roosevelt Lakers,614993,Purdue Northwest Pride,615119,2,top,Tyler Ruete out at first 1b to p (3-2 BBKFB).,8,2026-04-03 14:00:00-04:00,"Dowling Park (Hammond, IN)",100,MBA,2026
6519367,615119,Roosevelt Lakers,614993,Purdue Northwest Pride,615119,2,top,Ian Bagaconza struck out swinging (1-2 KBKS).,9,2026-04-03 14:00:00-04:00,"Dowling Park (Hammond, IN)",100,MBA,2026
6519367,615119,Roosevelt Lakers,614993,Purdue Northwest Pride,615119,2,top,Andrew Lucas doubled down the rf line (2-2 KFBB).,10,2026-04-03 14:00:00-04:00,"Dowling Park (Hammond, IN)",100,MBA,2026
6519367,615119,Roosevelt Lakers,614993,Purdue Northwest Pride,615119,2,top,Kyle Jannenga grounded out to p (2-0 BB).,11,2026-04-03 14:00:00-04:00,"Dowling Park (Hammond, IN)",100,MBA,2026
6519367,615119,Roosevelt Lakers,614993,Purdue Northwest Pride,614993,2,bot,Brett Bounds lined out to cf (1-2 BKKF).,12,2026-04-03 14:00:00-04:00,"Dowling Park (Hammond, IN)",100,MBA,2026
6519367,615119,Roosevelt Lakers,614993,Purdue Northwest Pride,614993,2,bot,Gabe Bush singled to second base (3-2 BBBKK).,13,2026-04-03 14:00:00-04:00,"Dowling Park (Hammond, IN)",100,MBA,2026
6519367,615119,Roosevelt Lakers,614993,Purdue Northwest Pride,614993,2,bot,Gabe Bush stole second.,14,2026-04-03 14:00:00-04:00,"Dowling Park (Hammond, IN)",100,MBA,2026
6519367,615119,Roosevelt Lakers,614993,Purdue Northwest Pride,614993,2,bot,Tyler Blair struck out looking (3-2 BBFBSK).,15,2026-04-03 14:00:00-04:00,"Dowling Park (Hammond, IN)",100,MBA,2026
6519367,615119,Roosevelt Lakers,614993,Purdue Northwest Pride,614993,2,bot,Gabe Bush advanced to third on a passed ball.,16,2026-04-03 14:00:00-04:00,"Dowling Park (Hammond, IN)",100,MBA,2026
6519367,615119,Roosevelt Lakers,614993,Purdue Northwest Pride,614993,2,bot,Owen Winters grounded out to ss (2-0 BB).,17,2026-04-03 14:00:00-04:00,"Dowling Park (Hammond, IN)",100,MBA,2026
6519367,615119,Roosevelt Lakers,614993,Purdue Northwest Pride,615119,3,top,Jack Hoh struck out swinging (2-2 BBKSS).,18,2026-04-03 14:00:00-04:00,"Dowling Park (Hammond, IN)",100,MBA,2026
6519367,615119,Roosevelt Lakers,614993,Purdue Northwest Pride,615119,3,top,Quinn O'Bryan flied out to cf (1-2 BKK).,19,2026-04-03 14:00:00-04:00,"Dowling Park (Hammond, IN)",100,MBA,2026
6519367,615119,Roosevelt Lakers,614993,Purdue Northwest Pride,615119,3,top,Cj Chalk singled to right field (1-2 FFB).,20,2026-04-03 14:00:00-04:00,"Dowling Park (Hammond, IN)",100,MBA,2026
6519367,615119,Roosevelt Lakers,614993,Purdue Northwest Pride,615119,3,top,Maxwell Bowers reached on a fielder's choice (1-1 BK); Cj Chalk out at second 2b unassisted.,21,2026-04-03 14:00:00-04:00,"Dowling Park (Hammond, IN)",100,MBA,2026
6519367,615119,Roosevelt Lakers,614993,Purdue Northwest Pride,614993,3,bot,Braylon Holland singled to right field (2-1 BFB).,22,2026-04-03 14:00:00-04:00,"Dowling Park (Hammond, IN)",100,MBA,2026
6519367,615119,Roosevelt Lakers,614993,Purdue Northwest Pride,614993,3,bot,Brayden Barrett hit by pitch (2-0 BH); Braylon Holland advanced to second.,23,2026-04-03 14:00:00-04:00,"Dowling Park (Hammond, IN)",100,MBA,2026
6519367,615119,Roosevelt Lakers,614993,Purdue Northwest Pride,614993,3,bot,Joey Guiliano reached on a fielder's choice (3-2 BBBKS); Brayden Barrett advanced to second; Braylon Holland advanced to third on an error by ss.,24,2026-04-03 14:00:00-04:00,"Dowling Park (Hammond, IN)",100,MBA,2026
6519367,615119,Roosevelt Lakers,614993,Purdue Northwest Pride,614993,3,bot,"Billy Chidsey singled up the middle, advanced to second, 2 RBI (2-2 BBFF); Joey Guiliano advanced to third; Brayden Barrett scored; Braylon Holland scored, unearned.",25,2026-04-03 14:00:00-04:00,"Dowling Park (Hammond, IN)",100,MBA,2026
6519367,615119,Roosevelt Lakers,614993,Purdue Northwest Pride,614993,3,bot,"Drew Kosteba flied out to rf, SAC, RBI (1-0 B); Billy Chidsey advanced to third; Joey Guiliano scored.",26,2026-04-03 14:00:00-04:00,"Dowling Park (Hammond, IN)",100,MBA,2026
6519367,615119,Roosevelt Lakers,614993,Purdue Northwest Pride,614993,3,bot,"Brett Bounds singled to left field, RBI (3-2 BBBKF); Billy Chidsey scored.",27,2026-04-03 14:00:00-04:00,"Dowling Park (Hammond, IN)",100,MBA,2026
6519367,615119,Roosevelt Lakers,614993,Purdue Northwest Pride,614993,3,bot,"Brett Bounds out at second c to 2b, caught stealing.",28,2026-04-03 14:00:00-04:00,"Dowling Park (Hammond, IN)",100,MBA,2026
6519367,615119,Roosevelt Lakers,614993,Purdue Northwest Pride,614993,3,bot,Gabe Bush walked (3-2 BBFFBFFB).,29,2026-04-03 14:00:00-04:00,"Dowling Park (Hammond, IN)",100,MBA,2026
6519367,615119,Roosevelt Lakers,614993,Purdue Northwest Pride,614993,3,bot,Tyler Blair walked (3-0 BBBB); Gabe Bush advanced to second.,30,2026-04-03 14:00:00-04:00,"Dowling Park (Hammond, IN)",100,MBA,2026
6519367,615119,Roosevelt Lakers,614993,Purdue Northwest Pride,614993,3,bot,Owen Winters hit by pitch (3-2 KFBBH); Tyler Blair advanced to second; Gabe Bush advanced to third.,31,2026-04-03 14:00:00-04:00,"Dowling Park (Hammond, IN)",100,MBA,2026
6519367,615119,Roosevelt Lakers,614993,Purdue Northwest Pride,614993,3,bot,Kevin Schroer to p for Anthony Sorrentino.,32,2026-04-03 14:00:00-04:00,"Dowling Park (Hammond, IN)",100,MBA,2026
6519367,615119,Roosevelt Lakers,614993,Purdue Northwest Pride,614993,3,bot,"Braylon Holland walked, RBI (3-0 BBBB); Owen Winters advanced to second; Tyler Blair advanced to third; Gabe Bush scored.",33,2026-04-03 14:00:00-04:00,"Dowling Park (Hammond, IN)",100,MBA,2026
6519367,615119,Roosevelt Lakers,614993,Purdue Northwest Pride,614993,3,bot,Brayden Barrett reached on a fielder's choice (2-2 KFBFBFF); Braylon Holland out at second 3b to 2b.,34,2026-04-03 14:00:00-04:00,"Dowling Park (Hammond, IN)",100,MBA,2026
6519367,615119,Roosevelt Lakers,614993,Purdue Northwest Pride,615119,4,top,Alejandro Munoz hit by pitch (1-2 KKH).,35,2026-04-03 14:00:00-04:00,"Dowling Park (Hammond, IN)",100,MBA,2026
6519367,615119,Roosevelt Lakers,614993,Purdue Northwest Pride,615119,4,top,Tyler Ruete singled to left field (1-1 KB); Alejandro Munoz advanced to second.,36,2026-04-03 14:00:00-04:00,"Dowling Park (Hammond, IN)",100,MBA,2026
6519367,615119,Roosevelt Lakers,614993,Purdue Northwest Pride,615119,4,top,Ian Bagaconza grounded into double play 2b to ss to 1b (2-2 BKBS); Tyler Ruete out on the play; Alejandro Munoz advanced to third.,37,2026-04-03 14:00:00-04:00,"Dowling Park (Hammond, IN)",100,MBA,2026
6519367,615119,Roosevelt Lakers,614993,Purdue Northwest Pride,615119,4,top,Andrew Lucas grounded out to 3b (2-1 KBB).,38,2026-04-03 14:00:00-04:00,"Dowling Park (Hammond, IN)",100,MBA,2026
6519367,615119,Roosevelt Lakers,614993,Purdue Northwest Pride,614993,4,bot,Joey Guiliano flied out to lf (0-0).,39,2026-04-03 14:00:00-04:00,"Dowling Park (Hammond, IN)",100,MBA,2026
6519367,615119,Roosevelt Lakers,614993,Purdue Northwest Pride,614993,4,bot,Billy Chidsey popped up to ss (0-0).,40,2026-04-03 14:00:00-04:00,"Dowling Park (Hammond, IN)",100,MBA,2026
6519367,615119,Roosevelt Lakers,614993,Purdue Northwest Pride,614993,4,bot,Drew Kosteba struck out swinging (1-2 KBKFS).,41,2026-04-03 14:00:00-04:00,"Dowling Park (Hammond, IN)",100,MBA,2026
6519367,615119,Roosevelt Lakers,614993,Purdue Northwest Pride,615119,5,top,Kyle Jannenga struck out swinging (1-2 BKSFS).,42,2026-04-03 14:00:00-04:00,"Dowling Park (Hammond, IN)",100,MBA,2026
6519367,615119,Roosevelt Lakers,614993,Purdue Northwest Pride,615119,5,top,Jack Hoh walked (3-2 KBKBBB).,43,2026-04-03 14:00:00-04:00,"Dowling Park (Hammond, IN)",100,MBA,2026
6519367,615119,Roosevelt Lakers,614993,Purdue Northwest Pride,615119,5,top,Quinn O'Bryan singled down the lf line (1-0 B); Jack Hoh advanced to second.,44,2026-04-03 14:00:00-04:00,"Dowling Park (Hammond, IN)",100,MBA,2026
6519367,615119,Roosevelt Lakers,614993,Purdue Northwest Pride,615119,5,top,Cj Chalk struck out swinging (1-2 FKBFS).,45,2026-04-03 14:00:00-04:00,"Dowling Park (Hammond, IN)",100,MBA,2026
6519367,615119,Roosevelt Lakers,614993,Purdue Northwest Pride,615119,5,top,"Maxwell Bowers singled up the middle, advanced to second, RBI (3-2 SBFFBBFF); Quinn O'Bryan advanced to third; Jack Hoh scored.",46,2026-04-03 14:00:00-04:00,"Dowling Park (Hammond, IN)",100,MBA,2026
6519367,615119,Roosevelt Lakers,614993,Purdue Northwest Pride,615119,5,top,Alejandro Munoz lined out to ss (2-0 BB).,47,2026-04-03 14:00:00-04:00,"Dowling Park (Hammond, IN)",100,MBA,2026
6519367,615119,Roosevelt Lakers,614993,Purdue Northwest Pride,614993,5,bot,Brett Bounds grounded out to 3b (0-0).,48,2026-04-03 14:00:00-04:00,"Dowling Park (Hammond, IN)",100,MBA,2026
6519367,615119,Roosevelt Lakers,614993,Purdue Northwest Pride,614993,5,bot,Gabe Bush walked (3-1 BBKBB).,49,2026-04-03 14:00:00-04:00,"Dowling Park (Hammond, IN)",100,MBA,2026
6519367,615119,Roosevelt Lakers,614993,Purdue Northwest Pride,614993,5,bot,Tyler Blair walked (3-1 BBBKB); Gabe Bush advanced to second.,50,2026-04-03 14:00:00-04:00,"Dowling Park (Hammond, IN)",100,MBA,2026
6519367,615119,Roosevelt Lakers,614993,Purdue Northwest Pride,614993,5,bot,Nick Robinson pinch ran for Tyler Blair.,51,2026-04-03 14:00:00-04:00,"Dowling Park (Hammond, IN)",100,MBA,2026
6519367,615119,Roosevelt Lakers,614993,Purdue Northwest Pride,614993,5,bot,Payton Kaiser to p for Kevin Schroer.,52,2026-04-03 14:00:00-04:00,"Dowling Park (Hammond, IN)",100,MBA,2026
6519367,615119,Roosevelt Lakers,614993,Purdue Northwest Pride,614993,5,bot,Owen Winters grounded out to ss (0-0); Nick Robinson advanced to second; Gabe Bush advanced to third.,53,2026-04-03 14:00:00-04:00,"Dowling Park (Hammond, IN)",100,MBA,2026
6519367,615119,Roosevelt Lakers,614993,Purdue Northwest Pride,614993,5,bot,Braylon Holland grounded out to ss (0-1 F).,54,2026-04-03 14:00:00-04:00,"Dowling Park (Hammond, IN)",100,MBA,2026
6519367,615119,Roosevelt Lakers,614993,Purdue Northwest Pride,615119,6,top,Joey DalPonte to p for Owen Walkowiak.,55,2026-04-03 14:00:00-04:00,"Dowling Park (Hammond, IN)",100,MBA,2026
6519367,615119,Roosevelt Lakers,614993,Purdue Northwest Pride,615119,6,top,Tyler Ruete walked (3-2 KBBBFB).,56,2026-04-03 14:00:00-04:00,"Dowling Park (Hammond, IN)",100,MBA,2026
6519367,615119,Roosevelt Lakers,614993,Purdue Northwest Pride,615119,6,top,Ian Bagaconza singled to left field (1-1 FB); Tyler Ruete advanced to second.,57,2026-04-03 14:00:00-04:00,"Dowling Park (Hammond, IN)",100,MBA,2026
6519367,615119,Roosevelt Lakers,614993,Purdue Northwest Pride,615119,6,top,Andrew Lucas grounded into double play p to 2b to 1b (0-0); Ian Bagaconza out on the play; Tyler Ruete advanced to third.,58,2026-04-03 14:00:00-04:00,"Dowling Park (Hammond, IN)",100,MBA,2026
6519367,615119,Roosevelt Lakers,614993,Purdue Northwest Pride,615119,6,top,Kyle Jannenga grounded out to 3b (0-0).,59,2026-04-03 14:00:00-04:00,"Dowling Park (Hammond, IN)",100,MBA,2026
6519367,615119,Roosevelt Lakers,614993,Purdue Northwest Pride,614993,6,bot,Brayden Barrett struck out swinging (2-2 FBBKS).,60,2026-04-03 14:00:00-04:00,"Dowling Park (Hammond, IN)",100,MBA,2026
6519367,615119,Roosevelt Lakers,614993,Purdue Northwest Pride,614993,6,bot,Joey Guiliano doubled to left field (1-0 B).,61,2026-04-03 14:00:00-04:00,"Dowling Park (Hammond, IN)",100,MBA,2026
6519367,615119,Roosevelt Lakers,614993,Purdue Northwest Pride,614993,6,bot,Billy Chidsey reached first on an error by p (2-2 BKBK); Joey Guiliano advanced to third.,62,2026-04-03 14:00:00-04:00,"Dowling Park (Hammond, IN)",100,MBA,2026
6519367,615119,Roosevelt Lakers,614993,Purdue Northwest Pride,614993,6,bot,Austin Zernia to p for Payton Kaiser.,63,2026-04-03 14:00:00-04:00,"Dowling Park (Hammond, IN)",100,MBA,2026
6519367,615119,Roosevelt Lakers,614993,Purdue Northwest Pride,614993,6,bot,Drew Kosteba struck out swinging (0-2 KKS).,64,2026-04-03 14:00:00-04:00,"Dowling Park (Hammond, IN)",100,MBA,2026
6519367,615119,Roosevelt Lakers,614993,Purdue Northwest Pride,614993,6,bot,Billy Chidsey advanced to second on a wild pitch.,65,2026-04-03 14:00:00-04:00,"Dowling Park (Hammond, IN)",100,MBA,2026
6519367,615119,Roosevelt Lakers,614993,Purdue Northwest Pride,614993,6,bot,Billy Chidsey advanced to third on a balk; Joey Guiliano scored on a balk.,66,2026-04-03 14:00:00-04:00,"Dowling Park (Hammond, IN)",100,MBA,2026
6519367,615119,Roosevelt Lakers,614993,Purdue Northwest Pride,614993,6,bot,Anthony Tardif to p for Austin Zernia.,67,2026-04-03 14:00:00-04:00,"Dowling Park (Hammond, IN)",100,MBA,2026
6519367,615119,Roosevelt Lakers,614993,Purdue Northwest Pride,614993,6,bot,"Brett Bounds walked, RBI (3-1 BBBSB); Billy Chidsey scored on a wild pitch.",68,2026-04-03 14:00:00-04:00,"Dowling Park (Hammond, IN)",100,MBA,2026
6519367,615119,Roosevelt Lakers,614993,Purdue Northwest Pride,614993,6,bot,Gabe Bush grounded out to p (2-1 KBB).,69,2026-04-03 14:00:00-04:00,"Dowling Park (Hammond, IN)",100,MBA,2026
6519367,615119,Roosevelt Lakers,614993,Purdue Northwest Pride,615119,7,top,Jack Hoh singled to left field (0-1 K).,70,2026-04-03 14:00:00-04:00,"Dowling Park (Hammond, IN)",100,MBA,2026
6519367,615119,Roosevelt Lakers,614993,Purdue Northwest Pride,615119,7,top,Quinn O'Bryan reached first on an error by 3b (3-2 KSBBB); Jack Hoh advanced to second.,71,2026-04-03 14:00:00-04:00,"Dowling Park (Hammond, IN)",100,MBA,2026
6519367,615119,Roosevelt Lakers,614993,Purdue Northwest Pride,615119,7,top,Cj Chalk grounded out to p (1-0 B); Quinn O'Bryan advanced to second; Jack Hoh advanced to third.,72,2026-04-03 14:00:00-04:00,"Dowling Park (Hammond, IN)",100,MBA,2026
6519367,615119,Roosevelt Lakers,614993,Purdue Northwest Pride,615119,7,top,"Maxwell Bowers reached first on an error by 2b (3-2 BBKBS); Quinn O'Bryan advanced to third; Jack Hoh scored, unearned.",73,2026-04-03 14:00:00-04:00,"Dowling Park (Hammond, IN)",100,MBA,2026
6519367,615119,Roosevelt Lakers,614993,Purdue Northwest Pride,615119,7,top,"Alejandro Munoz singled to right center, RBI (0-0); Maxwell Bowers advanced to third; Quinn O'Bryan scored, unearned.",74,2026-04-03 14:00:00-04:00,"Dowling Park (Hammond, IN)",100,MBA,2026
6519367,615119,Roosevelt Lakers,614993,Purdue Northwest Pride,615119,7,top,Tyler Ruete grounded into double play ss to 2b to 1b (0-2 FF); Alejandro Munoz out on the play.,75,2026-04-03 14:00:00-04:00,"Dowling Park (Hammond, IN)",100,MBA,2026
6525725,614949,Trevecca Nazarene Trojans,615049,West Ala. Tigers,614949,1,top,Cade Martin struck out swinging (1-2 BKFS).,1,2026-04-03 14:00:00-04:00,"Tartt Field (Livingston, AL)",205,MBA,2026
6525725,614949,Trevecca Nazarene Trojans,615049,West Ala. Tigers,614949,1,top,Noah Boughton flied out to lf (2-0 BB).,2,2026-04-03 14:00:00-04:00,"Tartt Field (Livingston, AL)",205,MBA,2026
6525725,614949,Trevecca Nazarene Trojans,615049,West Ala. Tigers,614949,1,top,Cade Moore popped up to 2b (0-0).,3,2026-04-03 14:00:00-04:00,"Tartt Field (Livingston, AL)",205,MBA,2026
6525725,614949,Trevecca Nazarene Trojans,615049,West Ala. Tigers,615049,1,bot,"Rashad Robinson homered, RBI (0-1 S).",4,2026-04-03 14:00:00-04:00,"Tartt Field (Livingston, AL)",205,MBA,2026
6525725,614949,Trevecca Nazarene Trojans,615049,West Ala. Tigers,615049,1,bot,Aaron Wallace struck out swinging (0-2 KFS).,5,2026-04-03 14:00:00-04:00,"Tartt Field (Livingston, AL)",205,MBA,2026
6525725,614949,Trevecca Nazarene Trojans,615049,West Ala. Tigers,615049,1,bot,Hudson Walburn grounded out to 3b (0-0).,6,2026-04-03 14:00:00-04:00,"Tartt Field (Livingston, AL)",205,MBA,2026
6525725,614949,Trevecca Nazarene Trojans,615049,West Ala. Tigers,615049,1,bot,Nick Wilson doubled to right center (2-1 BSB).,7,2026-04-03 14:00:00-04:00,"Tartt Field (Livingston, AL)",205,MBA,2026
6525725,614949,Trevecca Nazarene Trojans,615049,West Ala. Tigers,615049,1,bot,Wayne Wilkerson grounded out to ss (2-1 BBK).,8,2026-04-03 14:00:00-04:00,"Tartt Field (Livingston, AL)",205,MBA,2026
6525725,614949,Trevecca Nazarene Trojans,615049,West Ala. Tigers,614949,2,top,Drew Bradley flied out to lf (0-0).,9,2026-04-03 14:00:00-04:00,"Tartt Field (Livingston, AL)",205,MBA,2026
6525725,614949,Trevecca Nazarene Trojans,615049,West Ala. Tigers,614949,2,top,Caleb Webster singled to left field (1-0 B).,10,2026-04-03 14:00:00-04:00,"Tartt Field (Livingston, AL)",205,MBA,2026
6525725,614949,Trevecca Nazarene Trojans,615049,West Ala. Tigers,614949,2,top,Rylan Moses singled to left field (0-0)3a Caleb Webster advanced to second.,11,2026-04-03 14:00:00-04:00,"Tartt Field (Livingston, AL)",205,MBA,2026
6525725,614949,Trevecca Nazarene Trojans,615049,West Ala. Tigers,614949,2,top,Tyler Jenkins struck out swinging (1-2 BKKS).,12,2026-04-03 14:00:00-04:00,"Tartt Field (Livingston, AL)",205,MBA,2026
6525725,614949,Trevecca Nazarene Trojans,615049,West Ala. Tigers,614949,2,top,Jaxson Christ flied out to lf (1-1 KB).,13,2026-04-03 14:00:00-04:00,"Tartt Field (Livingston, AL)",205,MBA,2026
6525725,614949,Trevecca Nazarene Trojans,615049,West Ala. Tigers,615049,2,bot,Hayes Alford struck out swinging (0-2 KFS).,14,2026-04-03 14:00:00-04:00,"Tartt Field (Livingston, AL)",205,MBA,2026
6525725,614949,Trevecca Nazarene Trojans,615049,West Ala. Tigers,615049,2,bot,Kyle Blevins flied out to rf (0-1 K).,15,2026-04-03 14:00:00-04:00,"Tartt Field (Livingston, AL)",205,MBA,2026
6525725,614949,Trevecca Nazarene Trojans,615049,West Ala. Tigers,615049,2,bot,Tanner Jones lined out to 2b (2-2 KBKB).,16,2026-04-03 14:00:00-04:00,"Tartt Field (Livingston, AL)",205,MBA,2026
6525725,614949,Trevecca Nazarene Trojans,615049,West Ala. Tigers,614949,3,top,Landon Rogers lined out to 2b (0-2 KS).,17,2026-04-03 14:00:00-04:00,"Tartt Field (Livingston, AL)",205,MBA,2026
6525725,614949,Trevecca Nazarene Trojans,615049,West Ala. Tigers,614949,3,top,Cade Martin hit by pitch (2-1 FBH).,18,2026-04-03 14:00:00-04:00,"Tartt Field (Livingston, AL)",205,MBA,2026
6525725,614949,Trevecca Nazarene Trojans,615049,West Ala. Tigers,614949,3,top,"Noah Boughton doubled to right field, RBI (0-1 K)3a Cade Martin scored.",19,2026-04-03 14:00:00-04:00,"Tartt Field (Livingston, AL)",205,MBA,2026
6525725,614949,Trevecca Nazarene Trojans,615049,West Ala. Tigers,614949,3,top,Cade Moore grounded out to ss (1-2 FSBF)3a Noah Boughton advanced to third.,20,2026-04-03 14:00:00-04:00,"Tartt Field (Livingston, AL)",205,MBA,2026
6525725,614949,Trevecca Nazarene Trojans,615049,West Ala. Tigers,614949,3,top,Drew Bradley grounded out to ss (1-0 B).,21,2026-04-03 14:00:00-04:00,"Tartt Field (Livingston, AL)",205,MBA,2026
6525725,614949,Trevecca Nazarene Trojans,615049,West Ala. Tigers,615049,3,bot,Layth Holiday struck out swinging (1-2 KSBS).,22,2026-04-03 14:00:00-04:00,"Tartt Field (Livingston, AL)",205,MBA,2026
6525725,614949,Trevecca Nazarene Trojans,615049,West Ala. Tigers,615049,3,bot,Rashad Robinson singled to left field (0-0).,23,2026-04-03 14:00:00-04:00,"Tartt Field (Livingston, AL)",205,MBA,2026
6525725,614949,Trevecca Nazarene Trojans,615049,West Ala. Tigers,615049,3,bot,Aaron Wallace hit by pitch (1-0 H)3a Rashad Robinson advanced to second.,24,2026-04-03 14:00:00-04:00,"Tartt Field (Livingston, AL)",205,MBA,2026
6525725,614949,Trevecca Nazarene Trojans,615049,West Ala. Tigers,615049,3,bot,Hudson Walburn struck out swinging (0-2 KSS).,25,2026-04-03 14:00:00-04:00,"Tartt Field (Livingston, AL)",205,MBA,2026
6525725,614949,Trevecca Nazarene Trojans,615049,West Ala. Tigers,615049,3,bot,"Nick Wilson struck out swinging, out at first c to 1b (0-2 KSS).",26,2026-04-03 14:00:00-04:00,"Tartt Field (Livingston, AL)",205,MBA,2026
6525725,614949,Trevecca Nazarene Trojans,615049,West Ala. Tigers,614949,4,top,Caleb Webster singled to left field (3-2 BBBKF).,27,2026-04-03 14:00:00-04:00,"Tartt Field (Livingston, AL)",205,MBA,2026
6525725,614949,Trevecca Nazarene Trojans,615049,West Ala. Tigers,614949,4,top,Rylan Moses lined out to ss (1-1 KB).,28,2026-04-03 14:00:00-04:00,"Tartt Field (Livingston, AL)",205,MBA,2026
6525725,614949,Trevecca Nazarene Trojans,615049,West Ala. Tigers,614949,4,top,Caleb Webster out at second c to 2b.,29,2026-04-03 14:00:00-04:00,"Tartt Field (Livingston, AL)",205,MBA,2026
6525725,614949,Trevecca Nazarene Trojans,615049,West Ala. Tigers,614949,4,top,Tyler Jenkins lined out to 3b (1-1 BS).,30,2026-04-03 14:00:00-04:00,"Tartt Field (Livingston, AL)",205,MBA,2026
6525725,614949,Trevecca Nazarene Trojans,615049,West Ala. Tigers,615049,4,bot,Wayne Wilkerson reached first on an error by ss (2-0 BB).,31,2026-04-03 14:00:00-04:00,"Tartt Field (Livingston, AL)",205,MBA,2026
6525725,614949,Trevecca Nazarene Trojans,615049,West Ala. Tigers,615049,4,bot,"Hayes Alford grounded out to p, SAC, bunt (2-1 BBF)3a Wayne Wilkerson advanced to second.",32,2026-04-03 14:00:00-04:00,"Tartt Field (Livingston, AL)",205,MBA,2026
6525725,614949,Trevecca Nazarene Trojans,615049,West Ala. Tigers,615049,4,bot,Kyle Blevins reached first on an error by ss (1-0 B)3a Wayne Wilkerson advanced to third.,33,2026-04-03 14:00:00-04:00,"Tartt Field (Livingston, AL)",205,MBA,2026
6525725,614949,Trevecca Nazarene Trojans,615049,West Ala. Tigers,615049,4,bot,Tanner Jones lined out to p (0-2 SF)3a Kyle Blevins out at second p to 1b.,34,2026-04-03 14:00:00-04:00,"Tartt Field (Livingston, AL)",205,MBA,2026
6525725,614949,Trevecca Nazarene Trojans,615049,West Ala. Tigers,614949,5,top,Jaxson Christ struck out swinging (2-2 KKBBS).,35,2026-04-03 14:00:00-04:00,"Tartt Field (Livingston, AL)",205,MBA,2026
6525725,614949,Trevecca Nazarene Trojans,615049,West Ala. Tigers,614949,5,top,"Landon Rogers homered, RBI (0-1 S).",36,2026-04-03 14:00:00-04:00,"Tartt Field (Livingston, AL)",205,MBA,2026
6525725,614949,Trevecca Nazarene Trojans,615049,West Ala. Tigers,614949,5,top,"Cade Martin homered, RBI (0-0).",37,2026-04-03 14:00:00-04:00,"Tartt Field (Livingston, AL)",205,MBA,2026
6525725,614949,Trevecca Nazarene Trojans,615049,West Ala. Tigers,614949,5,top,Noah Boughton singled to right field (0-2 FK).,38,2026-04-03 14:00:00-04:00,"Tartt Field (Livingston, AL)",205,MBA,2026
6525725,614949,Trevecca Nazarene Trojans,615049,West Ala. Tigers,614949,5,top,"Noah Boughton advanced to second on an error by p, advanced to third.",39,2026-04-03 14:00:00-04:00,"Tartt Field (Livingston, AL)",205,MBA,2026
6525725,614949,Trevecca Nazarene Trojans,615049,West Ala. Tigers,614949,5,top,"Cade Moore singled to left field, RBI (3-1 BBBK)3a Noah Boughton scored.",40,2026-04-03 14:00:00-04:00,"Tartt Field (Livingston, AL)",205,MBA,2026
6525725,614949,Trevecca Nazarene Trojans,615049,West Ala. Tigers,614949,5,top,Cade Moore out at second c to 2b.,41,2026-04-03 14:00:00-04:00,"Tartt Field (Livingston, AL)",205,MBA,2026
6525725,614949,Trevecca Nazarene Trojans,615049,West Ala. Tigers,614949,5,top,Drew Bradley flied out to cf (1-1 KB).,42,2026-04-03 14:00:00-04:00,"Tartt Field (Livingston, AL)",205,MBA,2026
6525725,614949,Trevecca Nazarene Trojans,615049,West Ala. Tigers,615049,5,bot,Layth Holiday grounded out to ss (2-2 KBBF).,43,2026-04-03 14:00:00-04:00,"Tartt Field (Livingston, AL)",205,MBA,2026
6525725,614949,Trevecca Nazarene Trojans,615049,West Ala. Tigers,615049,5,bot,Rashad Robinson fouled out to c (0-2 FF).,44,2026-04-03 14:00:00-04:00,"Tartt Field (Livingston, AL)",205,MBA,2026
6525725,614949,Trevecca Nazarene Trojans,615049,West Ala. Tigers,615049,5,bot,Aaron Wallace grounded out to ss (0-0).,45,2026-04-03 14:00:00-04:00,"Tartt Field (Livingston, AL)",205,MBA,2026
6525725,614949,Trevecca Nazarene Trojans,615049,West Ala. Tigers,614949,6,top,Caleb Webster singled to left field (3-2 FBFBBF).,46,2026-04-03 14:00:00-04:00,"Tartt Field (Livingston, AL)",205,MBA,2026
6525725,614949,Trevecca Nazarene Trojans,615049,West Ala. Tigers,614949,6,top,Rylan Moses popped up to ss (1-1 FB).,47,2026-04-03 14:00:00-04:00,"Tartt Field (Livingston, AL)",205,MBA,2026
6525725,614949,Trevecca Nazarene Trojans,615049,West Ala. Tigers,614949,6,top,Tyler Jenkins struck out swinging (1-2 FBSS).,48,2026-04-03 14:00:00-04:00,"Tartt Field (Livingston, AL)",205,MBA,2026
6525725,614949,Trevecca Nazarene Trojans,615049,West Ala. Tigers,614949,6,top,Jaxson Christ grounded out to 2b (1-0 B).,49,2026-04-03 14:00:00-04:00,"Tartt Field (Livingston, AL)",205,MBA,2026
6525725,614949,Trevecca Nazarene Trojans,615049,West Ala. Tigers,615049,6,bot,Hudson Walburn walked (3-1 BBBKB).,50,2026-04-03 14:00:00-04:00,"Tartt Field (Livingston, AL)",205,MBA,2026
6525725,614949,Trevecca Nazarene Trojans,615049,West Ala. Tigers,615049,6,bot,Nick Wilson singled to center field (3-2 BBFKB)3a Hudson Walburn advanced to second.,51,2026-04-03 14:00:00-04:00,"Tartt Field (Livingston, AL)",205,MBA,2026
6525725,614949,Trevecca Nazarene Trojans,615049,West Ala. Tigers,615049,6,bot,Wayne Wilkerson struck out looking (0-2 FKK).,52,2026-04-03 14:00:00-04:00,"Tartt Field (Livingston, AL)",205,MBA,2026
6525725,614949,Trevecca Nazarene Trojans,615049,West Ala. Tigers,615049,6,bot,Hayes Alford singled to right field (0-1 K)3a Nick Wilson advanced to second3a Hudson Walburn advanced to third.,53,2026-04-03 14:00:00-04:00,"Tartt Field (Livingston, AL)",205,MBA,2026
6525725,614949,Trevecca Nazarene Trojans,615049,West Ala. Tigers,615049,6,bot,Kyle Blevins grounded into double play 2b to ss to 1b (2-1 BFB)3a Hayes Alford out on the play.,54,2026-04-03 14:00:00-04:00,"Tartt Field (Livingston, AL)",205,MBA,2026
6525725,614949,Trevecca Nazarene Trojans,615049,West Ala. Tigers,614949,7,top,Beau Bryant to p for Baker Green.,55,2026-04-03 14:00:00-04:00,"Tartt Field (Livingston, AL)",205,MBA,2026
6525725,614949,Trevecca Nazarene Trojans,615049,West Ala. Tigers,614949,7,top,Landon Rogers struck out swinging (3-2 KFBFBBS).,56,2026-04-03 14:00:00-04:00,"Tartt Field (Livingston, AL)",205,MBA,2026
6525725,614949,Trevecca Nazarene Trojans,615049,West Ala. Tigers,614949,7,top,Cade Martin grounded out to 2b (1-2 KKB).,57,2026-04-03 14:00:00-04:00,"Tartt Field (Livingston, AL)",205,MBA,2026
6525725,614949,Trevecca Nazarene Trojans,615049,West Ala. Tigers,614949,7,top,Noah Boughton grounded out to ss (0-1 K).,58,2026-04-03 14:00:00-04:00,"Tartt Field (Livingston, AL)",205,MBA,2026
6525725,614949,Trevecca Nazarene Trojans,615049,West Ala. Tigers,615049,7,bot,Tanner Jones walked (3-2 BKBFBB).,59,2026-04-03 14:00:00-04:00,"Tartt Field (Livingston, AL)",205,MBA,2026
6525725,614949,Trevecca Nazarene Trojans,615049,West Ala. Tigers,615049,7,bot,Layth Holiday struck out swinging (0-2 KKFS).,60,2026-04-03 14:00:00-04:00,"Tartt Field (Livingston, AL)",205,MBA,2026
6525725,614949,Trevecca Nazarene Trojans,615049,West Ala. Tigers,615049,7,bot,Rashad Robinson singled to center field (1-2 BSS)3a Tanner Jones advanced to second.,61,2026-04-03 14:00:00-04:00,"Tartt Field (Livingston, AL)",205,MBA,2026
6525725,614949,Trevecca Nazarene Trojans,615049,West Ala. Tigers,615049,7,bot,Aaron Wallace singled to right field (0-0)3a Rashad Robinson advanced to second3a Tanner Jones advanced to third.,62,2026-04-03 14:00:00-04:00,"Tartt Field (Livingston, AL)",205,MBA,2026
6525725,614949,Trevecca Nazarene Trojans,615049,West Ala. Tigers,615049,7,bot,"Hudson Walburn doubled to left field, 2 RBI (1-1 KB)3a Aaron Wallace advanced to third3a Rashad Robinson scored3a Tanner Jones scored.",63,2026-04-03 14:00:00-04:00,"Tartt Field (Livingston, AL)",205,MBA,2026
6525725,614949,Trevecca Nazarene Trojans,615049,West Ala. Tigers,615049,7,bot,Justin Lee to p for Jonah Smithson.,64,2026-04-03 14:00:00-04:00,"Tartt Field (Livingston, AL)",205,MBA,2026
6525725,614949,Trevecca Nazarene Trojans,615049,West Ala. Tigers,615049,7,bot,Nick Wilson flied out to lf (0-0).,65,2026-04-03 14:00:00-04:00,"Tartt Field (Livingston, AL)",205,MBA,2026
6525725,614949,Trevecca Nazarene Trojans,615049,West Ala. Tigers,615049,7,bot,Aaron Wallace scored on a wild pitch.,66,2026-04-03 14:00:00-04:00,"Tartt Field (Livingston, AL)",205,MBA,2026
6525725,614949,Trevecca Nazarene Trojans,615049,West Ala. Tigers,615049,7,bot,Wayne Wilkerson grounded out to 2b (3-2 BSSBB).,67,2026-04-03 14:00:00-04:00,"Tartt Field (Livingston, AL)",205,MBA,2026
6525725,614949,Trevecca Nazarene Trojans,615049,West Ala. Tigers,614949,8,top,Cade Moore grounded out to 3b (2-2 BBFF).,68,2026-04-03 14:00:00-04:00,"Tartt Field (Livingston, AL)",205,MBA,2026
6525725,614949,Trevecca Nazarene Trojans,615049,West Ala. Tigers,614949,8,top,Drew Bradley flied out to lf (1-1 BK).,69,2026-04-03 14:00:00-04:00,"Tartt Field (Livingston, AL)",205,MBA,2026
6525725,614949,Trevecca Nazarene Trojans,615049,West Ala. Tigers,614949,8,top,Caleb Webster grounded out to ss (3-2 KKBFBBF).,70,2026-04-03 14:00:00-04:00,"Tartt Field (Livingston, AL)",205,MBA,2026
6525725,614949,Trevecca Nazarene Trojans,615049,West Ala. Tigers,615049,8,bot,Hayes Alford grounded out to 2b (1-1 BK).,71,2026-04-03 14:00:00-04:00,"Tartt Field (Livingston, AL)",205,MBA,2026
6525725,614949,Trevecca Nazarene Trojans,615049,West Ala. Tigers,615049,8,bot,Kyle Blevins singled to right field (0-0).,72,2026-04-03 14:00:00-04:00,"Tartt Field (Livingston, AL)",205,MBA,2026
6525725,614949,Trevecca Nazarene Trojans,615049,West Ala. Tigers,615049,8,bot,Tanner Jones out at first 1b to p (2-2 BBKF)3a Kyle Blevins advanced to second.,73,2026-04-03 14:00:00-04:00,"Tartt Field (Livingston, AL)",205,MBA,2026
6525725,614949,Trevecca Nazarene Trojans,615049,West Ala. Tigers,615049,8,bot,Jack Buening pinch hit for Layth Holiday.,74,2026-04-03 14:00:00-04:00,"Tartt Field (Livingston, AL)",205,MBA,2026
6525725,614949,Trevecca Nazarene Trojans,615049,West Ala. Tigers,615049,8,bot,Jack Buening struck out swinging (1-2 KBSS).,75,2026-04-03 14:00:00-04:00,"Tartt Field (Livingston, AL)",205,MBA,2026
6525725,614949,Trevecca Nazarene Trojans,615049,West Ala. Tigers,614949,9,top,Will Wood to lf for Jack Buening.,76,2026-04-03 14:00:00-04:00,"Tartt Field (Livingston, AL)",205,MBA,2026
6525725,614949,Trevecca Nazarene Trojans,615049,West Ala. Tigers,614949,9,top,Tyler Pierce to p for Beau Bryant.,77,2026-04-03 14:00:00-04:00,"Tartt Field (Livingston, AL)",205,MBA,2026
6525725,614949,Trevecca Nazarene Trojans,615049,West Ala. Tigers,614949,9,top,Rylan Moses grounded out to 2b (0-1 K).,78,2026-04-03 14:00:00-04:00,"Tartt Field (Livingston, AL)",205,MBA,2026
6525725,614949,Trevecca Nazarene Trojans,615049,West Ala. Tigers,614949,9,top,Tyler Jenkins struck out swinging (0-2 SSS).,79,2026-04-03 14:00:00-04:00,"Tartt Field (Livingston, AL)",205,MBA,2026
6525725,614949,Trevecca Nazarene Trojans,615049,West Ala. Tigers,614949,9,top,Jaxson Christ singled to right field (0-2 KK).,80,2026-04-03 14:00:00-04:00,"Tartt Field (Livingston, AL)",205,MBA,2026
6525725,614949,Trevecca Nazarene Trojans,615049,West Ala. Tigers,614949,9,top,Landon Rogers reached on a fielder's choice (2-1 BBK)3a Jaxson Christ out at second ss to 2b.,81,2026-04-03 14:00:00-04:00,"Tartt Field (Livingston, AL)",205,MBA,2026
6525725,614949,Trevecca Nazarene Trojans,615049,West Ala. Tigers,615049,9,bot,Rashad Robinson singled to left field (2-2 KBKB).,82,2026-04-03 14:00:00-04:00,"Tartt Field (Livingston, AL)",205,MBA,2026
6525725,614949,Trevecca Nazarene Trojans,615049,West Ala. Tigers,615049,9,bot,Rashad Robinson advanced to second on a wild pitch.,83,2026-04-03 14:00:00-04:00,"Tartt Field (Livingston, AL)",205,MBA,2026
6525725,614949,Trevecca Nazarene Trojans,615049,West Ala. Tigers,615049,9,bot,"Aaron Wallace reached first on an error by p, SAC, bunt (1-0 B)3a Rashad Robinson advanced to third.",84,2026-04-03 14:00:00-04:00,"Tartt Field (Livingston, AL)",205,MBA,2026
6525725,614949,Trevecca Nazarene Trojans,615049,West Ala. Tigers,615049,9,bot,Austin Thacker pinch ran for Aaron Wallace.,85,2026-04-03 14:00:00-04:00,"Tartt Field (Livingston, AL)",205,MBA,2026
6525725,614949,Trevecca Nazarene Trojans,615049,West Ala. Tigers,615049,9,bot,Hudson Walburn fouled out to 3b (0-0).,86,2026-04-03 14:00:00-04:00,"Tartt Field (Livingston, AL)",205,MBA,2026
6525725,614949,Trevecca Nazarene Trojans,615049,West Ala. Tigers,615049,9,bot,"Nick Wilson singled to second base, RBI (0-0)3a Austin Thacker advanced to second3a Rashad Robinson scored.",87,2026-04-03 14:00:00-04:00,"Tartt Field (Livingston, AL)",205,MBA,2026
6526132,614936,Colorado Mesa Mavericks,615098,Adams St. Grizzlies,614936,1,top,Kolby Felix singled up the middle (0-2 KK).,1,2026-04-03 14:00:00-04:00,"Adams State University Baseball Field (Alamosa, CO)",46,MBA,2026
6526132,614936,Colorado Mesa Mavericks,615098,Adams St. Grizzlies,614936,1,top,"Ezra Farmer popped out to p, bunt (0-0).",2,2026-04-03 14:00:00-04:00,"Adams State University Baseball Field (Alamosa, CO)",46,MBA,2026
6526132,614936,Colorado Mesa Mavericks,615098,Adams St. Grizzlies,614936,1,top,"Cameron Cartwright singled, bunt (2-1 BBK)3a Kolby Felix advanced to second.",3,2026-04-03 14:00:00-04:00,"Adams State University Baseball Field (Alamosa, CO)",46,MBA,2026
6526132,614936,Colorado Mesa Mavericks,615098,Adams St. Grizzlies,614936,1,top,Trevor Tse grounded out to 2b (1-2 KBK)3a Cameron Cartwright advanced to second3a Kolby Felix advanced to third.,4,2026-04-03 14:00:00-04:00,"Adams State University Baseball Field (Alamosa, CO)",46,MBA,2026
6526132,614936,Colorado Mesa Mavericks,615098,Adams St. Grizzlies,614936,1,top,Landon Nunes walked (3-1 BFBBB).,5,2026-04-03 14:00:00-04:00,"Adams State University Baseball Field (Alamosa, CO)",46,MBA,2026
6526132,614936,Colorado Mesa Mavericks,615098,Adams St. Grizzlies,614936,1,top,"Joey Blank doubled, advanced to third, 2 RBI (1-2 KFFB)3a Landon Nunes advanced to third, scored on a throwing error by 1b, unearned3a Cameron Cartwright scored3a Kolby Felix scored.",6,2026-04-03 14:00:00-04:00,"Adams State University Baseball Field (Alamosa, CO)",46,MBA,2026
6526132,614936,Colorado Mesa Mavericks,615098,Adams St. Grizzlies,614936,1,top,"Tate Blasi reached first on an error by 2b, advanced to second (0-0)3a Joey Blank scored, unearned.",7,2026-04-03 14:00:00-04:00,"Adams State University Baseball Field (Alamosa, CO)",46,MBA,2026
6526132,614936,Colorado Mesa Mavericks,615098,Adams St. Grizzlies,614936,1,top,Kennedy Hara walked (3-2 KBBBKFB).,8,2026-04-03 14:00:00-04:00,"Adams State University Baseball Field (Alamosa, CO)",46,MBA,2026
6526132,614936,Colorado Mesa Mavericks,615098,Adams St. Grizzlies,614936,1,top,Kennedy Hara stole second3a Tate Blasi stole third.,9,2026-04-03 14:00:00-04:00,"Adams State University Baseball Field (Alamosa, CO)",46,MBA,2026
6526132,614936,Colorado Mesa Mavericks,615098,Adams St. Grizzlies,614936,1,top,Noah Neufeld grounded out to 3b (1-2 KKB).,10,2026-04-03 14:00:00-04:00,"Adams State University Baseball Field (Alamosa, CO)",46,MBA,2026
6526132,614936,Colorado Mesa Mavericks,615098,Adams St. Grizzlies,615098,1,bot,Christian Altamirano hit by pitch (1-0 H).,11,2026-04-03 14:00:00-04:00,"Adams State University Baseball Field (Alamosa, CO)",46,MBA,2026
6526132,614936,Colorado Mesa Mavericks,615098,Adams St. Grizzlies,615098,1,bot,Macs Carrillo flied out to cf (1-2 KBK).,12,2026-04-03 14:00:00-04:00,"Adams State University Baseball Field (Alamosa, CO)",46,MBA,2026
6526132,614936,Colorado Mesa Mavericks,615098,Adams St. Grizzlies,615098,1,bot,Ayden Tauscher walked (3-1 BBKBB)3a Christian Altamirano advanced to second.,13,2026-04-03 14:00:00-04:00,"Adams State University Baseball Field (Alamosa, CO)",46,MBA,2026
6526132,614936,Colorado Mesa Mavericks,615098,Adams St. Grizzlies,615098,1,bot,"Osaias Hinojosa homered to right field, 3 RBI (0-0)3a Ayden Tauscher scored3a Christian Altamirano scored.",14,2026-04-03 14:00:00-04:00,"Adams State University Baseball Field (Alamosa, CO)",46,MBA,2026
6526132,614936,Colorado Mesa Mavericks,615098,Adams St. Grizzlies,615098,1,bot,Josh Parks singled to center field (0-2 KF).,15,2026-04-03 14:00:00-04:00,"Adams State University Baseball Field (Alamosa, CO)",46,MBA,2026
6526132,614936,Colorado Mesa Mavericks,615098,Adams St. Grizzlies,615098,1,bot,Isaiah Pruitt grounded into double play 2b to ss to 1b (2-2 FBFFFFFFFB)3a Josh Parks out on the play.,16,2026-04-03 14:00:00-04:00,"Adams State University Baseball Field (Alamosa, CO)",46,MBA,2026
6526132,614936,Colorado Mesa Mavericks,615098,Adams St. Grizzlies,614936,2,top,"Kolby Felix homered to right field, RBI (2-0 BB).",17,2026-04-03 14:00:00-04:00,"Adams State University Baseball Field (Alamosa, CO)",46,MBA,2026
6526132,614936,Colorado Mesa Mavericks,615098,Adams St. Grizzlies,614936,2,top,Ezra Farmer grounded out to 1b unassisted (1-0 B).,18,2026-04-03 14:00:00-04:00,"Adams State University Baseball Field (Alamosa, CO)",46,MBA,2026
6526132,614936,Colorado Mesa Mavericks,615098,Adams St. Grizzlies,614936,2,top,"Cameron Cartwright doubled down the lf line, ground-rule (1-2 KBF).",19,2026-04-03 14:00:00-04:00,"Adams State University Baseball Field (Alamosa, CO)",46,MBA,2026
6526132,614936,Colorado Mesa Mavericks,615098,Adams St. Grizzlies,614936,2,top,Trevor Tse grounded out to ss (1-2 SKB).,20,2026-04-03 14:00:00-04:00,"Adams State University Baseball Field (Alamosa, CO)",46,MBA,2026
6526132,614936,Colorado Mesa Mavericks,615098,Adams St. Grizzlies,614936,2,top,"Landon Nunes singled to left field, RBI (1-1 KB)3a Cameron Cartwright scored.",21,2026-04-03 14:00:00-04:00,"Adams State University Baseball Field (Alamosa, CO)",46,MBA,2026
6526132,614936,Colorado Mesa Mavericks,615098,Adams St. Grizzlies,614936,2,top,Joey Blank grounded out to ss (0-0).,22,2026-04-03 14:00:00-04:00,"Adams State University Baseball Field (Alamosa, CO)",46,MBA,2026
6526132,614936,Colorado Mesa Mavericks,615098,Adams St. Grizzlies,615098,2,bot,Seth Reker struck out swinging (1-2 KBSFS).,23,2026-04-03 14:00:00-04:00,"Adams State University Baseball Field (Alamosa, CO)",46,MBA,2026
6526132,614936,Colorado Mesa Mavericks,615098,Adams St. Grizzlies,615098,2,bot,Andrew Carrillo walked (3-0 BBBB).,24,2026-04-03 14:00:00-04:00,"Adams State University Baseball Field (Alamosa, CO)",46,MBA,2026
6526132,614936,Colorado Mesa Mavericks,615098,Adams St. Grizzlies,615098,2,bot,Colton Johnson hit by pitch (0-0)3a Andrew Carrillo advanced to second.,25,2026-04-03 14:00:00-04:00,"Adams State University Baseball Field (Alamosa, CO)",46,MBA,2026
6526132,614936,Colorado Mesa Mavericks,615098,Adams St. Grizzlies,615098,2,bot,Christian Altamirano struck out looking (2-2 FBFBFK).,26,2026-04-03 14:00:00-04:00,"Adams State University Baseball Field (Alamosa, CO)",46,MBA,2026
6526132,614936,Colorado Mesa Mavericks,615098,Adams St. Grizzlies,615098,2,bot,Macs Carrillo struck out looking (1-2 KBKK).,27,2026-04-03 14:00:00-04:00,"Adams State University Baseball Field (Alamosa, CO)",46,MBA,2026
6526132,614936,Colorado Mesa Mavericks,615098,Adams St. Grizzlies,614936,3,top,Tate Blasi singled to shortstop (2-1 BFB).,28,2026-04-03 14:00:00-04:00,"Adams State University Baseball Field (Alamosa, CO)",46,MBA,2026
6526132,614936,Colorado Mesa Mavericks,615098,Adams St. Grizzlies,614936,3,top,"Kennedy Hara singled, advanced to second on a throwing error by ss (1-2 KBF)3a Tate Blasi out at second 2b to ss.",29,2026-04-03 14:00:00-04:00,"Adams State University Baseball Field (Alamosa, CO)",46,MBA,2026
6526132,614936,Colorado Mesa Mavericks,615098,Adams St. Grizzlies,614936,3,top,Noah Neufeld grounded out to ss (2-0 BB).,30,2026-04-03 14:00:00-04:00,"Adams State University Baseball Field (Alamosa, CO)",46,MBA,2026
6526132,614936,Colorado Mesa Mavericks,615098,Adams St. Grizzlies,614936,3,top,Kolby Felix grounded out to p (0-1 K).,31,2026-04-03 14:00:00-04:00,"Adams State University Baseball Field (Alamosa, CO)",46,MBA,2026
6526132,614936,Colorado Mesa Mavericks,615098,Adams St. Grizzlies,615098,3,bot,Ayden Tauscher struck out swinging (2-2 KKBBS).,32,2026-04-03 14:00:00-04:00,"Adams State University Baseball Field (Alamosa, CO)",46,MBA,2026
6526132,614936,Colorado Mesa Mavericks,615098,Adams St. Grizzlies,615098,3,bot,Osaias Hinojosa grounded out to ss (1-2 SSB).,33,2026-04-03 14:00:00-04:00,"Adams State University Baseball Field (Alamosa, CO)",46,MBA,2026
6526132,614936,Colorado Mesa Mavericks,615098,Adams St. Grizzlies,615098,3,bot,Josh Parks flied out to 2b (2-2 BFFB).,34,2026-04-03 14:00:00-04:00,"Adams State University Baseball Field (Alamosa, CO)",46,MBA,2026
6526132,614936,Colorado Mesa Mavericks,615098,Adams St. Grizzlies,614936,4,top,Ezra Farmer flied out to ss (1-2 KBK).,35,2026-04-03 14:00:00-04:00,"Adams State University Baseball Field (Alamosa, CO)",46,MBA,2026
6526132,614936,Colorado Mesa Mavericks,615098,Adams St. Grizzlies,614936,4,top,Cameron Cartwright hit by pitch (3-1 BBKH).,36,2026-04-03 14:00:00-04:00,"Adams State University Baseball Field (Alamosa, CO)",46,MBA,2026
6526132,614936,Colorado Mesa Mavericks,615098,Adams St. Grizzlies,614936,4,top,"Trevor Tse singled to shortstop (1-1 FB)3a Cameron Cartwright advanced to second, advanced to third on a throwing error by ss.",37,2026-04-03 14:00:00-04:00,"Adams State University Baseball Field (Alamosa, CO)",46,MBA,2026
6526132,614936,Colorado Mesa Mavericks,615098,Adams St. Grizzlies,614936,4,top,Landon Nunes walked (3-2 BKBBKFFB)3a Trevor Tse advanced to second.,38,2026-04-03 14:00:00-04:00,"Adams State University Baseball Field (Alamosa, CO)",46,MBA,2026
6526132,614936,Colorado Mesa Mavericks,615098,Adams St. Grizzlies,614936,4,top,Joey Blank flied out to rf (2-2 FFBB).,39,2026-04-03 14:00:00-04:00,"Adams State University Baseball Field (Alamosa, CO)",46,MBA,2026
6526132,614936,Colorado Mesa Mavericks,615098,Adams St. Grizzlies,614936,4,top,Tate Blasi out at first ss to 2b (3-2 KBFFBFB).,40,2026-04-03 14:00:00-04:00,"Adams State University Baseball Field (Alamosa, CO)",46,MBA,2026
6526132,614936,Colorado Mesa Mavericks,615098,Adams St. Grizzlies,615098,4,bot,Isaiah Pruitt doubled to right field (1-2 FFBF).,41,2026-04-03 14:00:00-04:00,"Adams State University Baseball Field (Alamosa, CO)",46,MBA,2026
6526132,614936,Colorado Mesa Mavericks,615098,Adams St. Grizzlies,615098,4,bot,Seth Reker flied into double play cf to 2b (1-1 BK)3a Isaiah Pruitt out on the play.,42,2026-04-03 14:00:00-04:00,"Adams State University Baseball Field (Alamosa, CO)",46,MBA,2026
6526132,614936,Colorado Mesa Mavericks,615098,Adams St. Grizzlies,615098,4,bot,Andrew Carrillo flied out to rf (3-1 KBBB).,43,2026-04-03 14:00:00-04:00,"Adams State University Baseball Field (Alamosa, CO)",46,MBA,2026
6526132,614936,Colorado Mesa Mavericks,615098,Adams St. Grizzlies,614936,5,top,Osaias Hinojosa to dh.,44,2026-04-03 14:00:00-04:00,"Adams State University Baseball Field (Alamosa, CO)",46,MBA,2026
6526132,614936,Colorado Mesa Mavericks,615098,Adams St. Grizzlies,614936,5,top,Cj Pino to p.,45,2026-04-03 14:00:00-04:00,"Adams State University Baseball Field (Alamosa, CO)",46,MBA,2026
6526132,614936,Colorado Mesa Mavericks,615098,Adams St. Grizzlies,614936,5,top,Kennedy Hara reached first on a throwing error by ss (2-1 BKB).,46,2026-04-03 14:00:00-04:00,"Adams State University Baseball Field (Alamosa, CO)",46,MBA,2026
6526132,614936,Colorado Mesa Mavericks,615098,Adams St. Grizzlies,614936,5,top,"Noah Neufeld reached first on an error by p, SAC (1-0 B)3a Kennedy Hara advanced to second.",47,2026-04-03 14:00:00-04:00,"Adams State University Baseball Field (Alamosa, CO)",46,MBA,2026
6526132,614936,Colorado Mesa Mavericks,615098,Adams St. Grizzlies,614936,5,top,"Kolby Felix grounded out to p, SAC, bunt (0-0)3a Noah Neufeld advanced to second3a Kennedy Hara advanced to third.",48,2026-04-03 14:00:00-04:00,"Adams State University Baseball Field (Alamosa, CO)",46,MBA,2026
6526132,614936,Colorado Mesa Mavericks,615098,Adams St. Grizzlies,614936,5,top,"Ezra Farmer doubled to right center, ground-rule, 2 RBI (0-2 KFFF)3a Noah Neufeld scored, unearned3a Kennedy Hara scored, unearned.",49,2026-04-03 14:00:00-04:00,"Adams State University Baseball Field (Alamosa, CO)",46,MBA,2026
6526132,614936,Colorado Mesa Mavericks,615098,Adams St. Grizzlies,614936,5,top,Ezra Farmer stole third.,50,2026-04-03 14:00:00-04:00,"Adams State University Baseball Field (Alamosa, CO)",46,MBA,2026
6526132,614936,Colorado Mesa Mavericks,615098,Adams St. Grizzlies,614936,5,top,"Cameron Cartwright flied out to cf, SAC, RBI (2-1 BBK)3a Ezra Farmer scored, unearned.",51,2026-04-03 14:00:00-04:00,"Adams State University Baseball Field (Alamosa, CO)",46,MBA,2026
6526132,614936,Colorado Mesa Mavericks,615098,Adams St. Grizzlies,614936,5,top,Trevor Tse grounded out to 3b (1-0 B).,52,2026-04-03 14:00:00-04:00,"Adams State University Baseball Field (Alamosa, CO)",46,MBA,2026
6526132,614936,Colorado Mesa Mavericks,615098,Adams St. Grizzlies,615098,5,bot,Colton Johnson struck out swinging (1-2 BKSS).,53,2026-04-03 14:00:00-04:00,"Adams State University Baseball Field (Alamosa, CO)",46,MBA,2026
6526132,614936,Colorado Mesa Mavericks,615098,Adams St. Grizzlies,615098,5,bot,Christian Altamirano grounded out to 2b (3-2 BKBBK).,54,2026-04-03 14:00:00-04:00,"Adams State University Baseball Field (Alamosa, CO)",46,MBA,2026
6526132,614936,Colorado Mesa Mavericks,615098,Adams St. Grizzlies,615098,5,bot,Macs Carrillo flied out to rf (1-0 B).,55,2026-04-03 14:00:00-04:00,"Adams State University Baseball Field (Alamosa, CO)",46,MBA,2026
6526132,614936,Colorado Mesa Mavericks,615098,Adams St. Grizzlies,614936,6,top,Gunner Martinez to 2b for Andrew Carrillo.,56,2026-04-03 14:00:00-04:00,"Adams State University Baseball Field (Alamosa, CO)",46,MBA,2026
6526132,614936,Colorado Mesa Mavericks,615098,Adams St. Grizzlies,614936,6,top,Macs Carrillo to ss.,57,2026-04-03 14:00:00-04:00,"Adams State University Baseball Field (Alamosa, CO)",46,MBA,2026
6526132,614936,Colorado Mesa Mavericks,615098,Adams St. Grizzlies,614936,6,top,Landon Nunes singled to first base (0-1 F).,58,2026-04-03 14:00:00-04:00,"Adams State University Baseball Field (Alamosa, CO)",46,MBA,2026
6526132,614936,Colorado Mesa Mavericks,615098,Adams St. Grizzlies,614936,6,top,Joey Blank grounded out to 3b (0-1 S)3a Landon Nunes advanced to second.,59,2026-04-03 14:00:00-04:00,"Adams State University Baseball Field (Alamosa, CO)",46,MBA,2026
6526132,614936,Colorado Mesa Mavericks,615098,Adams St. Grizzlies,614936,6,top,Tate Blasi singled to pitcher (0-0)3a Landon Nunes advanced to third.,60,2026-04-03 14:00:00-04:00,"Adams State University Baseball Field (Alamosa, CO)",46,MBA,2026
6526132,614936,Colorado Mesa Mavericks,615098,Adams St. Grizzlies,614936,6,top,"Kennedy Hara grounded out to p, SAC, bunt, RBI (2-0 BB)3a Tate Blasi advanced to second3a Landon Nunes scored.",61,2026-04-03 14:00:00-04:00,"Adams State University Baseball Field (Alamosa, CO)",46,MBA,2026
6526132,614936,Colorado Mesa Mavericks,615098,Adams St. Grizzlies,614936,6,top,Noah Neufeld grounded out to ss (1-1 SB).,62,2026-04-03 14:00:00-04:00,"Adams State University Baseball Field (Alamosa, CO)",46,MBA,2026
6526132,614936,Colorado Mesa Mavericks,615098,Adams St. Grizzlies,615098,6,bot,Ayden Tauscher struck out swinging (2-2 FFBBFS).,63,2026-04-03 14:00:00-04:00,"Adams State University Baseball Field (Alamosa, CO)",46,MBA,2026
6526132,614936,Colorado Mesa Mavericks,615098,Adams St. Grizzlies,615098,6,bot,Osaias Hinojosa struck out swinging (2-2 BFBFS).,64,2026-04-03 14:00:00-04:00,"Adams State University Baseball Field (Alamosa, CO)",46,MBA,2026
6526132,614936,Colorado Mesa Mavericks,615098,Adams St. Grizzlies,615098,6,bot,Josh Parks grounded out to p (2-2 BKBF).,65,2026-04-03 14:00:00-04:00,"Adams State University Baseball Field (Alamosa, CO)",46,MBA,2026
6526132,614936,Colorado Mesa Mavericks,615098,Adams St. Grizzlies,614936,7,top,Kolby Felix doubled to center field (0-1 K).,66,2026-04-03 14:00:00-04:00,"Adams State University Baseball Field (Alamosa, CO)",46,MBA,2026
6526132,614936,Colorado Mesa Mavericks,615098,Adams St. Grizzlies,614936,7,top,Ezra Farmer grounded out to p (1-0 B)3a Kolby Felix advanced to third.,67,2026-04-03 14:00:00-04:00,"Adams State University Baseball Field (Alamosa, CO)",46,MBA,2026
6526132,614936,Colorado Mesa Mavericks,615098,Adams St. Grizzlies,614936,7,top,"Cameron Cartwright grounded out to 3b, RBI (0-1 K)3a Kolby Felix scored.",68,2026-04-03 14:00:00-04:00,"Adams State University Baseball Field (Alamosa, CO)",46,MBA,2026
6526132,614936,Colorado Mesa Mavericks,615098,Adams St. Grizzlies,614936,7,top,Trevor Tse flied out to rf (2-0 BB).,69,2026-04-03 14:00:00-04:00,"Adams State University Baseball Field (Alamosa, CO)",46,MBA,2026
6526132,614936,Colorado Mesa Mavericks,615098,Adams St. Grizzlies,615098,7,bot,Isaiah Pruitt flied out to cf (0-0).,70,2026-04-03 14:00:00-04:00,"Adams State University Baseball Field (Alamosa, CO)",46,MBA,2026
6526132,614936,Colorado Mesa Mavericks,615098,Adams St. Grizzlies,615098,7,bot,Seth Reker singled up the middle (3-2 BKBFBFF).,71,2026-04-03 14:00:00-04:00,"Adams State University Baseball Field (Alamosa, CO)",46,MBA,2026
6526132,614936,Colorado Mesa Mavericks,615098,Adams St. Grizzlies,615098,7,bot,Gunner Martinez struck out looking (2-2 KFBBK).,72,2026-04-03 14:00:00-04:00,"Adams State University Baseball Field (Alamosa, CO)",46,MBA,2026
6526132,614936,Colorado Mesa Mavericks,615098,Adams St. Grizzlies,615098,7,bot,Colton Johnson flied out to lf (3-1 BBBK).,73,2026-04-03 14:00:00-04:00,"Adams State University Baseball Field (Alamosa, CO)",46,MBA,2026
6526209,614902,Southern Ark. Muleriders,614881,Harding Bisons,614902,1,top,L. Noack singled up the middle.,1,2026-04-03 14:00:00-04:00,"Jerry Moore Field (Searcy, AR)",265,MBA,2026
6526209,614902,Southern Ark. Muleriders,614881,Harding Bisons,614902,1,top,"P. Smith grounded out to p, SAC, bunt3a L. Noack advanced to second.",2,2026-04-03 14:00:00-04:00,"Jerry Moore Field (Searcy, AR)",265,MBA,2026
6526209,614902,Southern Ark. Muleriders,614881,Harding Bisons,614902,1,top,"W. Fielding doubled to right center, RBI3a L. Noack scored.",3,2026-04-03 14:00:00-04:00,"Jerry Moore Field (Searcy, AR)",265,MBA,2026
6526209,614902,Southern Ark. Muleriders,614881,Harding Bisons,614902,1,top,M. Herndon flied out to lf.,4,2026-04-03 14:00:00-04:00,"Jerry Moore Field (Searcy, AR)",265,MBA,2026
6526209,614902,Southern Ark. Muleriders,614881,Harding Bisons,614902,1,top,T. Elliott struck out looking.,5,2026-04-03 14:00:00-04:00,"Jerry Moore Field (Searcy, AR)",265,MBA,2026
6526209,614902,Southern Ark. Muleriders,614881,Harding Bisons,614881,1,bot,N. Bowie singled up the middle.,6,2026-04-03 14:00:00-04:00,"Jerry Moore Field (Searcy, AR)",265,MBA,2026
6526209,614902,Southern Ark. Muleriders,614881,Harding Bisons,614881,1,bot,L. Lacey flied out to rf.,7,2026-04-03 14:00:00-04:00,"Jerry Moore Field (Searcy, AR)",265,MBA,2026
6526209,614902,Southern Ark. Muleriders,614881,Harding Bisons,614881,1,bot,C. Helms walked3a N. Bowie advanced to second.,8,2026-04-03 14:00:00-04:00,"Jerry Moore Field (Searcy, AR)",265,MBA,2026
6526209,614902,Southern Ark. Muleriders,614881,Harding Bisons,614881,1,bot,"C. Newsom singled up the middle, RBI3a C. Helms advanced to second3a N. Bowie scored.",9,2026-04-03 14:00:00-04:00,"Jerry Moore Field (Searcy, AR)",265,MBA,2026
6526209,614902,Southern Ark. Muleriders,614881,Harding Bisons,614881,1,bot,E. Jones flied out to lf.,10,2026-04-03 14:00:00-04:00,"Jerry Moore Field (Searcy, AR)",265,MBA,2026
6526209,614902,Southern Ark. Muleriders,614881,Harding Bisons,614881,1,bot,P. West grounded out to 2b.,11,2026-04-03 14:00:00-04:00,"Jerry Moore Field (Searcy, AR)",265,MBA,2026
6526209,614902,Southern Ark. Muleriders,614881,Harding Bisons,614902,2,top,D. Chandler struck out looking.,12,2026-04-03 14:00:00-04:00,"Jerry Moore Field (Searcy, AR)",265,MBA,2026
6526209,614902,Southern Ark. Muleriders,614881,Harding Bisons,614902,2,top,C. Gutierrez flied out to rf.,13,2026-04-03 14:00:00-04:00,"Jerry Moore Field (Searcy, AR)",265,MBA,2026
6526209,614902,Southern Ark. Muleriders,614881,Harding Bisons,614902,2,top,J. Lang flied out to cf.,14,2026-04-03 14:00:00-04:00,"Jerry Moore Field (Searcy, AR)",265,MBA,2026
6526209,614902,Southern Ark. Muleriders,614881,Harding Bisons,614881,2,bot,J. Opoien lined out to 3b.,15,2026-04-03 14:00:00-04:00,"Jerry Moore Field (Searcy, AR)",265,MBA,2026
6526209,614902,Southern Ark. Muleriders,614881,Harding Bisons,614881,2,bot,D. Davis struck out looking.,16,2026-04-03 14:00:00-04:00,"Jerry Moore Field (Searcy, AR)",265,MBA,2026
6526209,614902,Southern Ark. Muleriders,614881,Harding Bisons,614881,2,bot,B. Solley struck out looking.,17,2026-04-03 14:00:00-04:00,"Jerry Moore Field (Searcy, AR)",265,MBA,2026
6526209,614902,Southern Ark. Muleriders,614881,Harding Bisons,614902,3,top,A. Slott flied out to rf.,18,2026-04-03 14:00:00-04:00,"Jerry Moore Field (Searcy, AR)",265,MBA,2026
6526209,614902,Southern Ark. Muleriders,614881,Harding Bisons,614902,3,top,L. Noack grounded out to 2b.,19,2026-04-03 14:00:00-04:00,"Jerry Moore Field (Searcy, AR)",265,MBA,2026
6526209,614902,Southern Ark. Muleriders,614881,Harding Bisons,614902,3,top,G. Wilson pinch hit for P. Smith.,20,2026-04-03 14:00:00-04:00,"Jerry Moore Field (Searcy, AR)",265,MBA,2026
6526209,614902,Southern Ark. Muleriders,614881,Harding Bisons,614902,3,top,G. Wilson flied out to lf.,21,2026-04-03 14:00:00-04:00,"Jerry Moore Field (Searcy, AR)",265,MBA,2026
6526209,614902,Southern Ark. Muleriders,614881,Harding Bisons,614881,3,bot,G. Wilson to rf.,22,2026-04-03 14:00:00-04:00,"Jerry Moore Field (Searcy, AR)",265,MBA,2026
6526209,614902,Southern Ark. Muleriders,614881,Harding Bisons,614881,3,bot,N. Bowie singled through the right side.,23,2026-04-03 14:00:00-04:00,"Jerry Moore Field (Searcy, AR)",265,MBA,2026
6526209,614902,Southern Ark. Muleriders,614881,Harding Bisons,614881,3,bot,L. Lacey singled to left field3a N. Bowie advanced to second.,24,2026-04-03 14:00:00-04:00,"Jerry Moore Field (Searcy, AR)",265,MBA,2026
6526209,614902,Southern Ark. Muleriders,614881,Harding Bisons,614881,3,bot,"C. Helms fouled out to c, bunt.",25,2026-04-03 14:00:00-04:00,"Jerry Moore Field (Searcy, AR)",265,MBA,2026
6526209,614902,Southern Ark. Muleriders,614881,Harding Bisons,614881,3,bot,C. Newsom fouled out to 1b.,26,2026-04-03 14:00:00-04:00,"Jerry Moore Field (Searcy, AR)",265,MBA,2026
6526209,614902,Southern Ark. Muleriders,614881,Harding Bisons,614881,3,bot,"E. Jones doubled through the left side, RBI3a L. Lacey advanced to third3a N. Bowie scored.",27,2026-04-03 14:00:00-04:00,"Jerry Moore Field (Searcy, AR)",265,MBA,2026
6526209,614902,Southern Ark. Muleriders,614881,Harding Bisons,614881,3,bot,P. West fouled out to 1b.,28,2026-04-03 14:00:00-04:00,"Jerry Moore Field (Searcy, AR)",265,MBA,2026
6526209,614902,Southern Ark. Muleriders,614881,Harding Bisons,614902,4,top,W. Fielding flied out to lf.,29,2026-04-03 14:00:00-04:00,"Jerry Moore Field (Searcy, AR)",265,MBA,2026
6526209,614902,Southern Ark. Muleriders,614881,Harding Bisons,614902,4,top,M. Herndon flied out to rf.,30,2026-04-03 14:00:00-04:00,"Jerry Moore Field (Searcy, AR)",265,MBA,2026
6526209,614902,Southern Ark. Muleriders,614881,Harding Bisons,614902,4,top,T. Elliott grounded out to ss.,31,2026-04-03 14:00:00-04:00,"Jerry Moore Field (Searcy, AR)",265,MBA,2026
6526209,614902,Southern Ark. Muleriders,614881,Harding Bisons,614881,4,bot,J. Opoien grounded out to ss.,32,2026-04-03 14:00:00-04:00,"Jerry Moore Field (Searcy, AR)",265,MBA,2026
6526209,614902,Southern Ark. Muleriders,614881,Harding Bisons,614881,4,bot,D. Davis fouled out to rf.,33,2026-04-03 14:00:00-04:00,"Jerry Moore Field (Searcy, AR)",265,MBA,2026
6526209,614902,Southern Ark. Muleriders,614881,Harding Bisons,614881,4,bot,"B. Solley doubled, out at third rf to 2b to 3b.",34,2026-04-03 14:00:00-04:00,"Jerry Moore Field (Searcy, AR)",265,MBA,2026
6526209,614902,Southern Ark. Muleriders,614881,Harding Bisons,614902,5,top,D. Chandler flied out to cf.,35,2026-04-03 14:00:00-04:00,"Jerry Moore Field (Searcy, AR)",265,MBA,2026
6526209,614902,Southern Ark. Muleriders,614881,Harding Bisons,614902,5,top,C. Gutierrez walked.,36,2026-04-03 14:00:00-04:00,"Jerry Moore Field (Searcy, AR)",265,MBA,2026
6526209,614902,Southern Ark. Muleriders,614881,Harding Bisons,614902,5,top,J. Lang struck out looking3a C. Gutierrez stole second.,37,2026-04-03 14:00:00-04:00,"Jerry Moore Field (Searcy, AR)",265,MBA,2026
6526209,614902,Southern Ark. Muleriders,614881,Harding Bisons,614902,5,top,A. Slott grounded out to 2b.,38,2026-04-03 14:00:00-04:00,"Jerry Moore Field (Searcy, AR)",265,MBA,2026
6526209,614902,Southern Ark. Muleriders,614881,Harding Bisons,614881,5,bot,N. Bowie grounded out to 3b.,39,2026-04-03 14:00:00-04:00,"Jerry Moore Field (Searcy, AR)",265,MBA,2026
6526209,614902,Southern Ark. Muleriders,614881,Harding Bisons,614881,5,bot,L. Lacey singled through the left side.,40,2026-04-03 14:00:00-04:00,"Jerry Moore Field (Searcy, AR)",265,MBA,2026
6526209,614902,Southern Ark. Muleriders,614881,Harding Bisons,614881,5,bot,C. Helms grounded out to 2b3a L. Lacey advanced to second.,41,2026-04-03 14:00:00-04:00,"Jerry Moore Field (Searcy, AR)",265,MBA,2026
6526209,614902,Southern Ark. Muleriders,614881,Harding Bisons,614881,5,bot,C. Newsom flied out to rf.,42,2026-04-03 14:00:00-04:00,"Jerry Moore Field (Searcy, AR)",265,MBA,2026
6526209,614902,Southern Ark. Muleriders,614881,Harding Bisons,614902,6,top,L. Noack fouled out to 3b.,43,2026-04-03 14:00:00-04:00,"Jerry Moore Field (Searcy, AR)",265,MBA,2026
6526209,614902,Southern Ark. Muleriders,614881,Harding Bisons,614902,6,top,G. Wilson struck out looking.,44,2026-04-03 14:00:00-04:00,"Jerry Moore Field (Searcy, AR)",265,MBA,2026
6526209,614902,Southern Ark. Muleriders,614881,Harding Bisons,614902,6,top,W. Fielding singled through the left side.,45,2026-04-03 14:00:00-04:00,"Jerry Moore Field (Searcy, AR)",265,MBA,2026
6526209,614902,Southern Ark. Muleriders,614881,Harding Bisons,614902,6,top,W. Fielding stole second.,46,2026-04-03 14:00:00-04:00,"Jerry Moore Field (Searcy, AR)",265,MBA,2026
6526209,614902,Southern Ark. Muleriders,614881,Harding Bisons,614902,6,top,M. Herndon walked3a W. Fielding advanced to third on a wild pitch.,47,2026-04-03 14:00:00-04:00,"Jerry Moore Field (Searcy, AR)",265,MBA,2026
6526209,614902,Southern Ark. Muleriders,614881,Harding Bisons,614902,6,top,T. Elliott flied out to cf.,48,2026-04-03 14:00:00-04:00,"Jerry Moore Field (Searcy, AR)",265,MBA,2026
6526209,614902,Southern Ark. Muleriders,614881,Harding Bisons,614881,6,bot,"E. Jones struck out swinging, on appeal.",49,2026-04-03 14:00:00-04:00,"Jerry Moore Field (Searcy, AR)",265,MBA,2026
6526209,614902,Southern Ark. Muleriders,614881,Harding Bisons,614881,6,bot,P. West flied out to rf.,50,2026-04-03 14:00:00-04:00,"Jerry Moore Field (Searcy, AR)",265,MBA,2026
6526209,614902,Southern Ark. Muleriders,614881,Harding Bisons,614881,6,bot,J. Opoien doubled down the lf line.,51,2026-04-03 14:00:00-04:00,"Jerry Moore Field (Searcy, AR)",265,MBA,2026
6526209,614902,Southern Ark. Muleriders,614881,Harding Bisons,614881,6,bot,D. Davis struck out swinging.,52,2026-04-03 14:00:00-04:00,"Jerry Moore Field (Searcy, AR)",265,MBA,2026
6526209,614902,Southern Ark. Muleriders,614881,Harding Bisons,614902,7,top,D. Chandler flied out to rf.,53,2026-04-03 14:00:00-04:00,"Jerry Moore Field (Searcy, AR)",265,MBA,2026
6526209,614902,Southern Ark. Muleriders,614881,Harding Bisons,614902,7,top,C. Gutierrez singled up the middle.,54,2026-04-03 14:00:00-04:00,"Jerry Moore Field (Searcy, AR)",265,MBA,2026
6526209,614902,Southern Ark. Muleriders,614881,Harding Bisons,614902,7,top,"C. Gutierrez out at second c to 2b, caught stealing.",55,2026-04-03 14:00:00-04:00,"Jerry Moore Field (Searcy, AR)",265,MBA,2026
6526209,614902,Southern Ark. Muleriders,614881,Harding Bisons,614902,7,top,J. Lang popped up to ss.,56,2026-04-03 14:00:00-04:00,"Jerry Moore Field (Searcy, AR)",265,MBA,2026
6526209,614902,Southern Ark. Muleriders,614881,Harding Bisons,614881,7,bot,B. Solley singled through the right side.,57,2026-04-03 14:00:00-04:00,"Jerry Moore Field (Searcy, AR)",265,MBA,2026
6526209,614902,Southern Ark. Muleriders,614881,Harding Bisons,614881,7,bot,N. Bowie flied out to rf.,58,2026-04-03 14:00:00-04:00,"Jerry Moore Field (Searcy, AR)",265,MBA,2026
6526209,614902,Southern Ark. Muleriders,614881,Harding Bisons,614881,7,bot,S. Bishop to p for E. Hurley.,59,2026-04-03 14:00:00-04:00,"Jerry Moore Field (Searcy, AR)",265,MBA,2026
6526209,614902,Southern Ark. Muleriders,614881,Harding Bisons,614881,7,bot,L. Lacey flied out to lf.,60,2026-04-03 14:00:00-04:00,"Jerry Moore Field (Searcy, AR)",265,MBA,2026
6526209,614902,Southern Ark. Muleriders,614881,Harding Bisons,614881,7,bot,B. Solley stole second.,61,2026-04-03 14:00:00-04:00,"Jerry Moore Field (Searcy, AR)",265,MBA,2026
6526209,614902,Southern Ark. Muleriders,614881,Harding Bisons,614881,7,bot,C. Helms grounded out to 2b.,62,2026-04-03 14:00:00-04:00,"Jerry Moore Field (Searcy, AR)",265,MBA,2026
6526209,614902,Southern Ark. Muleriders,614881,Harding Bisons,614902,8,top,A. Slott singled up the middle.,63,2026-04-03 14:00:00-04:00,"Jerry Moore Field (Searcy, AR)",265,MBA,2026
6526209,614902,Southern Ark. Muleriders,614881,Harding Bisons,614902,8,top,L. Noack grounded out to 2b3a A. Slott advanced to second.,64,2026-04-03 14:00:00-04:00,"Jerry Moore Field (Searcy, AR)",265,MBA,2026
6526209,614902,Southern Ark. Muleriders,614881,Harding Bisons,614902,8,top,G. Wilson grounded out to 2b3a A. Slott advanced to third.,65,2026-04-03 14:00:00-04:00,"Jerry Moore Field (Searcy, AR)",265,MBA,2026
6526209,614902,Southern Ark. Muleriders,614881,Harding Bisons,614902,8,top,W. Fielding struck out swinging.,66,2026-04-03 14:00:00-04:00,"Jerry Moore Field (Searcy, AR)",265,MBA,2026
6526209,614902,Southern Ark. Muleriders,614881,Harding Bisons,614881,8,bot,C. Newsom struck out swinging.,67,2026-04-03 14:00:00-04:00,"Jerry Moore Field (Searcy, AR)",265,MBA,2026
6526209,614902,Southern Ark. Muleriders,614881,Harding Bisons,614881,8,bot,"E. Jones homered to left field, RBI.",68,2026-04-03 14:00:00-04:00,"Jerry Moore Field (Searcy, AR)",265,MBA,2026
6526209,614902,Southern Ark. Muleriders,614881,Harding Bisons,614881,8,bot,P. West struck out swinging.,69,2026-04-03 14:00:00-04:00,"Jerry Moore Field (Searcy, AR)",265,MBA,2026
6526209,614902,Southern Ark. Muleriders,614881,Harding Bisons,614881,8,bot,J. Opoien flied out to cf.,70,2026-04-03 14:00:00-04:00,"Jerry Moore Field (Searcy, AR)",265,MBA,2026
6526209,614902,Southern Ark. Muleriders,614881,Harding Bisons,614902,9,top,A. Kelley to p for M. Jay.,71,2026-04-03 14:00:00-04:00,"Jerry Moore Field (Searcy, AR)",265,MBA,2026
6526209,614902,Southern Ark. Muleriders,614881,Harding Bisons,614902,9,top,M. Herndon singled up the middle.,72,2026-04-03 14:00:00-04:00,"Jerry Moore Field (Searcy, AR)",265,MBA,2026
6526209,614902,Southern Ark. Muleriders,614881,Harding Bisons,614902,9,top,T. Elliott grounded into double play ss to 2b to 1b3a M. Herndon out on the play.,73,2026-04-03 14:00:00-04:00,"Jerry Moore Field (Searcy, AR)",265,MBA,2026
6526209,614902,Southern Ark. Muleriders,614881,Harding Bisons,614902,9,top,D. Chandler hit by pitch.,74,2026-04-03 14:00:00-04:00,"Jerry Moore Field (Searcy, AR)",265,MBA,2026
6526209,614902,Southern Ark. Muleriders,614881,Harding Bisons,614902,9,top,C. Gutierrez grounded out to ss.,75,2026-04-03 14:00:00-04:00,"Jerry Moore Field (Searcy, AR)",265,MBA,2026
6529891,615453,Franklin Grizzlies,615433,Manchester Spartans,615453,1,top,Josh Girvan grounded out to ss (1-1 KB).,1,2026-04-03 14:00:00-04:00,"Gratz Field (North Manchester, IN)",103,MBA,2026
6529891,615453,Franklin Grizzlies,615433,Manchester Spartans,615453,1,top,Drew Helton popped up to 2b (1-0 B).,2,2026-04-03 14:00:00-04:00,"Gratz Field (North Manchester, IN)",103,MBA,2026
6529891,615453,Franklin Grizzlies,615433,Manchester Spartans,615453,1,top,Davis Wagner lined out to lf (0-0).,3,2026-04-03 14:00:00-04:00,"Gratz Field (North Manchester, IN)",103,MBA,2026
6529891,615453,Franklin Grizzlies,615433,Manchester Spartans,615433,1,bot,M. Horner struck out swinging (1-2 KFBS).,4,2026-04-03 14:00:00-04:00,"Gratz Field (North Manchester, IN)",103,MBA,2026
6529891,615453,Franklin Grizzlies,615433,Manchester Spartans,615433,1,bot,"J. Kennedy homered to left field, RBI (0-0).",5,2026-04-03 14:00:00-04:00,"Gratz Field (North Manchester, IN)",103,MBA,2026
6529891,615453,Franklin Grizzlies,615433,Manchester Spartans,615433,1,bot,M. Dierckman singled up the middle (1-0 B).,6,2026-04-03 14:00:00-04:00,"Gratz Field (North Manchester, IN)",103,MBA,2026
6529891,615453,Franklin Grizzlies,615433,Manchester Spartans,615433,1,bot,D. Massing singled to right center (0-2 FF); M. Dierckman advanced to third.,7,2026-04-03 14:00:00-04:00,"Gratz Field (North Manchester, IN)",103,MBA,2026
6529891,615453,Franklin Grizzlies,615433,Manchester Spartans,615433,1,bot,A. Westfield popped up to 1b (2-0 BB).,8,2026-04-03 14:00:00-04:00,"Gratz Field (North Manchester, IN)",103,MBA,2026
6529891,615453,Franklin Grizzlies,615433,Manchester Spartans,615433,1,bot,D. Massing stole second.,9,2026-04-03 14:00:00-04:00,"Gratz Field (North Manchester, IN)",103,MBA,2026
6529891,615453,Franklin Grizzlies,615433,Manchester Spartans,615433,1,bot,C. Kelley grounded out to 2b (3-2 BKFBFFB).,10,2026-04-03 14:00:00-04:00,"Gratz Field (North Manchester, IN)",103,MBA,2026
6529891,615453,Franklin Grizzlies,615433,Manchester Spartans,615453,2,top,Ian Nuckles hit by pitch (3-2 BBKKFFFH).,11,2026-04-03 14:00:00-04:00,"Gratz Field (North Manchester, IN)",103,MBA,2026
6529891,615453,Franklin Grizzlies,615433,Manchester Spartans,615453,2,top,Garrett DeHart singled to pitcher (3-1 BBBK); Ian Nuckles advanced to second.,12,2026-04-03 14:00:00-04:00,"Gratz Field (North Manchester, IN)",103,MBA,2026
6529891,615453,Franklin Grizzlies,615433,Manchester Spartans,615453,2,top,Kam Seitz walked (3-1 BBBKB); Garrett DeHart advanced to second; Ian Nuckles advanced to third.,13,2026-04-03 14:00:00-04:00,"Gratz Field (North Manchester, IN)",103,MBA,2026
6529891,615453,Franklin Grizzlies,615433,Manchester Spartans,615453,2,top,"Dyllan Redmon walked, RBI (3-2 BKBBKB); Kam Seitz advanced to second; Garrett DeHart advanced to third; Ian Nuckles scored.",14,2026-04-03 14:00:00-04:00,"Gratz Field (North Manchester, IN)",103,MBA,2026
6529891,615453,Franklin Grizzlies,615433,Manchester Spartans,615453,2,top,"Alex Billman doubled down the rf line, 2 RBI (1-1 BK); Dyllan Redmon advanced to third; Kam Seitz scored; Garrett DeHart scored.",15,2026-04-03 14:00:00-04:00,"Gratz Field (North Manchester, IN)",103,MBA,2026
6529891,615453,Franklin Grizzlies,615433,Manchester Spartans,615453,2,top,Nic Deering popped up to 2b (1-1 KB).,16,2026-04-03 14:00:00-04:00,"Gratz Field (North Manchester, IN)",103,MBA,2026
6529891,615453,Franklin Grizzlies,615433,Manchester Spartans,615453,2,top,"Josh Girvan grounded out to 2b, RBI (3-2 BFBBF); Alex Billman advanced to third; Dyllan Redmon scored.",17,2026-04-03 14:00:00-04:00,"Gratz Field (North Manchester, IN)",103,MBA,2026
6529891,615453,Franklin Grizzlies,615433,Manchester Spartans,615453,2,top,Drew Helton struck out looking (0-2 FFK).,18,2026-04-03 14:00:00-04:00,"Gratz Field (North Manchester, IN)",103,MBA,2026
6529891,615453,Franklin Grizzlies,615433,Manchester Spartans,615433,2,bot,O. Ritchie walked (3-0 BBBB).,19,2026-04-03 14:00:00-04:00,"Gratz Field (North Manchester, IN)",103,MBA,2026
6529891,615453,Franklin Grizzlies,615433,Manchester Spartans,615433,2,bot,M. Subler walked (3-2 KBBFBFB); O. Ritchie advanced to second.,20,2026-04-03 14:00:00-04:00,"Gratz Field (North Manchester, IN)",103,MBA,2026
6529891,615453,Franklin Grizzlies,615433,Manchester Spartans,615433,2,bot,B. Kaler hit by pitch (1-2 KFH); M. Subler advanced to second; O. Ritchie advanced to third.,21,2026-04-03 14:00:00-04:00,"Gratz Field (North Manchester, IN)",103,MBA,2026
6529891,615453,Franklin Grizzlies,615433,Manchester Spartans,615433,2,bot,"M. Horner reached on a fielder's choice, RBI (2-2 FSBFBF); B. Kaler out at second ss to 2b; M. Subler advanced to third; O. Ritchie scored.",22,2026-04-03 14:00:00-04:00,"Gratz Field (North Manchester, IN)",103,MBA,2026
6529891,615453,Franklin Grizzlies,615433,Manchester Spartans,615433,2,bot,"J. Kennedy reached on a fielder's choice, RBI (0-0); M. Horner out at second 2b to ss; M. Subler scored.",23,2026-04-03 14:00:00-04:00,"Gratz Field (North Manchester, IN)",103,MBA,2026
6529891,615453,Franklin Grizzlies,615433,Manchester Spartans,615433,2,bot,"J. Kennedy out at second c to 2b, caught stealing.",24,2026-04-03 14:00:00-04:00,"Gratz Field (North Manchester, IN)",103,MBA,2026
6529891,615453,Franklin Grizzlies,615433,Manchester Spartans,615453,3,top,Davis Wagner walked (3-2 BBKSBFFB).,25,2026-04-03 14:00:00-04:00,"Gratz Field (North Manchester, IN)",103,MBA,2026
6529891,615453,Franklin Grizzlies,615433,Manchester Spartans,615453,3,top,Ian Nuckles grounded into double play 3b to 2b to 1b (0-0); Davis Wagner out on the play.,26,2026-04-03 14:00:00-04:00,"Gratz Field (North Manchester, IN)",103,MBA,2026
6529891,615453,Franklin Grizzlies,615433,Manchester Spartans,615453,3,top,Garrett DeHart hit by pitch (1-0 H).,27,2026-04-03 14:00:00-04:00,"Gratz Field (North Manchester, IN)",103,MBA,2026
6529891,615453,Franklin Grizzlies,615433,Manchester Spartans,615453,3,top,Garrett DeHart stole second.,28,2026-04-03 14:00:00-04:00,"Gratz Field (North Manchester, IN)",103,MBA,2026
6529891,615453,Franklin Grizzlies,615433,Manchester Spartans,615453,3,top,Kam Seitz out at first 1b to p (1-2 BKF).,29,2026-04-03 14:00:00-04:00,"Gratz Field (North Manchester, IN)",103,MBA,2026
6529891,615453,Franklin Grizzlies,615433,Manchester Spartans,615433,3,bot,M. Dierckman singled to center field (1-1 BF).,30,2026-04-03 14:00:00-04:00,"Gratz Field (North Manchester, IN)",103,MBA,2026
6529891,615453,Franklin Grizzlies,615433,Manchester Spartans,615433,3,bot,D. Massing hit by pitch (1-1 KH); M. Dierckman advanced to second.,31,2026-04-03 14:00:00-04:00,"Gratz Field (North Manchester, IN)",103,MBA,2026
6529891,615453,Franklin Grizzlies,615433,Manchester Spartans,615433,3,bot,A. Westfield flied out to cf (0-0).,32,2026-04-03 14:00:00-04:00,"Gratz Field (North Manchester, IN)",103,MBA,2026
6529891,615453,Franklin Grizzlies,615433,Manchester Spartans,615433,3,bot,"C. Kelley singled to left field, RBI (3-2 BKBKB); D. Massing advanced to second; M. Dierckman scored.",33,2026-04-03 14:00:00-04:00,"Gratz Field (North Manchester, IN)",103,MBA,2026
6529891,615453,Franklin Grizzlies,615433,Manchester Spartans,615433,3,bot,O. Ritchie hit by pitch (2-1 BKH); C. Kelley advanced to second; D. Massing advanced to third.,34,2026-04-03 14:00:00-04:00,"Gratz Field (North Manchester, IN)",103,MBA,2026
6529891,615453,Franklin Grizzlies,615433,Manchester Spartans,615433,3,bot,Colin Goley to p for Caden Wilburn.,35,2026-04-03 14:00:00-04:00,"Gratz Field (North Manchester, IN)",103,MBA,2026
6529891,615453,Franklin Grizzlies,615433,Manchester Spartans,615433,3,bot,Aidan Ray to p for Colin Goley.,36,2026-04-03 14:00:00-04:00,"Gratz Field (North Manchester, IN)",103,MBA,2026
6529891,615453,Franklin Grizzlies,615433,Manchester Spartans,615433,3,bot,M. Subler struck out swinging (1-2 KKBS).,37,2026-04-03 14:00:00-04:00,"Gratz Field (North Manchester, IN)",103,MBA,2026
6529891,615453,Franklin Grizzlies,615433,Manchester Spartans,615433,3,bot,B. Kaler struck out swinging (0-2 KKS).,38,2026-04-03 14:00:00-04:00,"Gratz Field (North Manchester, IN)",103,MBA,2026
6529891,615453,Franklin Grizzlies,615433,Manchester Spartans,615453,4,top,Dyllan Redmon walked (3-1 BBBKB).,39,2026-04-03 14:00:00-04:00,"Gratz Field (North Manchester, IN)",103,MBA,2026
6529891,615453,Franklin Grizzlies,615433,Manchester Spartans,615453,4,top,Alex Billman struck out looking (3-2 KBBBKK).,40,2026-04-03 14:00:00-04:00,"Gratz Field (North Manchester, IN)",103,MBA,2026
6529891,615453,Franklin Grizzlies,615433,Manchester Spartans,615453,4,top,Nic Deering singled to right field (2-1 FBB); Dyllan Redmon advanced to second.,41,2026-04-03 14:00:00-04:00,"Gratz Field (North Manchester, IN)",103,MBA,2026
6529891,615453,Franklin Grizzlies,615433,Manchester Spartans,615453,4,top,Josh Girvan lined out to 2b (0-2 FF); Dyllan Redmon out at third 2b to ss.,42,2026-04-03 14:00:00-04:00,"Gratz Field (North Manchester, IN)",103,MBA,2026
6529891,615453,Franklin Grizzlies,615433,Manchester Spartans,615433,4,bot,M. Horner flied out to lf (2-1 BBF).,43,2026-04-03 14:00:00-04:00,"Gratz Field (North Manchester, IN)",103,MBA,2026
6529891,615453,Franklin Grizzlies,615433,Manchester Spartans,615433,4,bot,J. Kennedy flied out to cf (1-2 KFB).,44,2026-04-03 14:00:00-04:00,"Gratz Field (North Manchester, IN)",103,MBA,2026
6529891,615453,Franklin Grizzlies,615433,Manchester Spartans,615433,4,bot,M. Dierckman singled up the middle (0-0).,45,2026-04-03 14:00:00-04:00,"Gratz Field (North Manchester, IN)",103,MBA,2026
6529891,615453,Franklin Grizzlies,615433,Manchester Spartans,615433,4,bot,D. Massing grounded out to ss (1-1 KB).,46,2026-04-03 14:00:00-04:00,"Gratz Field (North Manchester, IN)",103,MBA,2026
6529891,615453,Franklin Grizzlies,615433,Manchester Spartans,615453,5,top,Drew Helton singled to right field (0-1 K).,47,2026-04-03 14:00:00-04:00,"Gratz Field (North Manchester, IN)",103,MBA,2026
6529891,615453,Franklin Grizzlies,615433,Manchester Spartans,615453,5,top,Davis Wagner grounded into double play ss to 2b to 1b (0-0); Drew Helton out on the play.,48,2026-04-03 14:00:00-04:00,"Gratz Field (North Manchester, IN)",103,MBA,2026
6529891,615453,Franklin Grizzlies,615433,Manchester Spartans,615453,5,top,Ian Nuckles grounded out to 3b (0-1 K).,49,2026-04-03 14:00:00-04:00,"Gratz Field (North Manchester, IN)",103,MBA,2026
6529891,615453,Franklin Grizzlies,615433,Manchester Spartans,615433,5,bot,A. Westfield popped up to 1b (0-1 K).,50,2026-04-03 14:00:00-04:00,"Gratz Field (North Manchester, IN)",103,MBA,2026
6529891,615453,Franklin Grizzlies,615433,Manchester Spartans,615433,5,bot,C. Kelley walked (3-2 BSBFBB).,51,2026-04-03 14:00:00-04:00,"Gratz Field (North Manchester, IN)",103,MBA,2026
6529891,615453,Franklin Grizzlies,615433,Manchester Spartans,615433,5,bot,O. Ritchie lined out to ss (0-0).,52,2026-04-03 14:00:00-04:00,"Gratz Field (North Manchester, IN)",103,MBA,2026
6529891,615453,Franklin Grizzlies,615433,Manchester Spartans,615433,5,bot,M. Subler grounded out to p (2-0 BB).,53,2026-04-03 14:00:00-04:00,"Gratz Field (North Manchester, IN)",103,MBA,2026
6529891,615453,Franklin Grizzlies,615433,Manchester Spartans,615453,6,top,Garrett DeHart singled through the left side (1-1 FB).,54,2026-04-03 14:00:00-04:00,"Gratz Field (North Manchester, IN)",103,MBA,2026
6529891,615453,Franklin Grizzlies,615433,Manchester Spartans,615453,6,top,"Kam Seitz doubled down the lf line, RBI (1-0 B); Garrett DeHart scored.",55,2026-04-03 14:00:00-04:00,"Gratz Field (North Manchester, IN)",103,MBA,2026
6529891,615453,Franklin Grizzlies,615433,Manchester Spartans,615453,6,top,"Dyllan Redmon doubled down the rf line, RBI (1-2 KKBF); Kam Seitz scored.",56,2026-04-03 14:00:00-04:00,"Gratz Field (North Manchester, IN)",103,MBA,2026
6529891,615453,Franklin Grizzlies,615433,Manchester Spartans,615453,6,top,A. Cummings to p for J. Todor.,57,2026-04-03 14:00:00-04:00,"Gratz Field (North Manchester, IN)",103,MBA,2026
6529891,615453,Franklin Grizzlies,615433,Manchester Spartans,615453,6,top,Alex Billman singled to shortstop (1-0 B); Dyllan Redmon advanced to third.,58,2026-04-03 14:00:00-04:00,"Gratz Field (North Manchester, IN)",103,MBA,2026
6529891,615453,Franklin Grizzlies,615433,Manchester Spartans,615453,6,top,"Nic Deering reached on a fielder's choice, RBI (0-2 KF); Alex Billman advanced to second on an error by 2b; Dyllan Redmon scored, unearned.",59,2026-04-03 14:00:00-04:00,"Gratz Field (North Manchester, IN)",103,MBA,2026
6529891,615453,Franklin Grizzlies,615433,Manchester Spartans,615453,6,top,Josh Girvan popped up to c (0-0).,60,2026-04-03 14:00:00-04:00,"Gratz Field (North Manchester, IN)",103,MBA,2026
6529891,615453,Franklin Grizzlies,615433,Manchester Spartans,615453,6,top,"Drew Helton homered to center field, 3 RBI (1-0 B); Nic Deering scored; Alex Billman scored, unearned.",61,2026-04-03 14:00:00-04:00,"Gratz Field (North Manchester, IN)",103,MBA,2026
6529891,615453,Franklin Grizzlies,615433,Manchester Spartans,615453,6,top,Davis Wagner struck out looking (2-2 BBKFK).,62,2026-04-03 14:00:00-04:00,"Gratz Field (North Manchester, IN)",103,MBA,2026
6529891,615453,Franklin Grizzlies,615433,Manchester Spartans,615453,6,top,Ian Nuckles hit by pitch (1-0 H).,63,2026-04-03 14:00:00-04:00,"Gratz Field (North Manchester, IN)",103,MBA,2026
6529891,615453,Franklin Grizzlies,615433,Manchester Spartans,615453,6,top,Ian Nuckles advanced to second on a balk.,64,2026-04-03 14:00:00-04:00,"Gratz Field (North Manchester, IN)",103,MBA,2026
6529891,615453,Franklin Grizzlies,615433,Manchester Spartans,615453,6,top,Garrett DeHart flied out to rf (0-1 F).,65,2026-04-03 14:00:00-04:00,"Gratz Field (North Manchester, IN)",103,MBA,2026
6529891,615453,Franklin Grizzlies,615433,Manchester Spartans,615433,6,bot,B. Kaler tripled to left center (0-0).,66,2026-04-03 14:00:00-04:00,"Gratz Field (North Manchester, IN)",103,MBA,2026
6529891,615453,Franklin Grizzlies,615433,Manchester Spartans,615433,6,bot,"M. Horner doubled to left field, RBI (0-0); B. Kaler scored.",67,2026-04-03 14:00:00-04:00,"Gratz Field (North Manchester, IN)",103,MBA,2026
6529891,615453,Franklin Grizzlies,615433,Manchester Spartans,615433,6,bot,Brayton Belcher to p for Aidan Ray.,68,2026-04-03 14:00:00-04:00,"Gratz Field (North Manchester, IN)",103,MBA,2026
6529891,615453,Franklin Grizzlies,615433,Manchester Spartans,615433,6,bot,J. Kennedy walked (3-0 BBBB).,69,2026-04-03 14:00:00-04:00,"Gratz Field (North Manchester, IN)",103,MBA,2026
6529891,615453,Franklin Grizzlies,615433,Manchester Spartans,615433,6,bot,M. Dierckman grounded into double play ss to 2b to 1b (2-1 BBK); J. Kennedy out on the play; M. Horner advanced to third.,70,2026-04-03 14:00:00-04:00,"Gratz Field (North Manchester, IN)",103,MBA,2026
6529891,615453,Franklin Grizzlies,615433,Manchester Spartans,615433,6,bot,D. Massing hit by pitch (2-0 BH).,71,2026-04-03 14:00:00-04:00,"Gratz Field (North Manchester, IN)",103,MBA,2026
6529891,615453,Franklin Grizzlies,615433,Manchester Spartans,615433,6,bot,A. Westfield flied out to rf (0-0).,72,2026-04-03 14:00:00-04:00,"Gratz Field (North Manchester, IN)",103,MBA,2026
6529891,615453,Franklin Grizzlies,615433,Manchester Spartans,615453,7,top,Kam Seitz walked (3-0 BBBB).,73,2026-04-03 14:00:00-04:00,"Gratz Field (North Manchester, IN)",103,MBA,2026
6529891,615453,Franklin Grizzlies,615433,Manchester Spartans,615453,7,top,Dyllan Redmon singled to left field (1-2 KFB); Kam Seitz advanced to second.,74,2026-04-03 14:00:00-04:00,"Gratz Field (North Manchester, IN)",103,MBA,2026
6529891,615453,Franklin Grizzlies,615433,Manchester Spartans,615453,7,top,Alex Billman flied out to cf (2-2 FBFBF).,75,2026-04-03 14:00:00-04:00,"Gratz Field (North Manchester, IN)",103,MBA,2026
6529891,615453,Franklin Grizzlies,615433,Manchester Spartans,615453,7,top,"Nic Deering singled to left center, RBI (2-0 BB); Dyllan Redmon advanced to third; Kam Seitz scored.",76,2026-04-03 14:00:00-04:00,"Gratz Field (North Manchester, IN)",103,MBA,2026
6529891,615453,Franklin Grizzlies,615433,Manchester Spartans,615453,7,top,"Nic Deering out at second c to 2b, caught stealing; Dyllan Redmon scored.",77,2026-04-03 14:00:00-04:00,"Gratz Field (North Manchester, IN)",103,MBA,2026
6529891,615453,Franklin Grizzlies,615433,Manchester Spartans,615453,7,top,Josh Girvan lined out to 2b (1-2 SFB).,78,2026-04-03 14:00:00-04:00,"Gratz Field (North Manchester, IN)",103,MBA,2026
6529891,615453,Franklin Grizzlies,615433,Manchester Spartans,615433,7,bot,Jaxon Henke to cf for Nic Deering.,79,2026-04-03 14:00:00-04:00,"Gratz Field (North Manchester, IN)",103,MBA,2026
6529891,615453,Franklin Grizzlies,615433,Manchester Spartans,615433,7,bot,C. Kelley lined out to lf (3-1 BKBB).,80,2026-04-03 14:00:00-04:00,"Gratz Field (North Manchester, IN)",103,MBA,2026
6529891,615453,Franklin Grizzlies,615433,Manchester Spartans,615433,7,bot,O. Ritchie grounded out to ss (2-1 BKB).,81,2026-04-03 14:00:00-04:00,"Gratz Field (North Manchester, IN)",103,MBA,2026
6529891,615453,Franklin Grizzlies,615433,Manchester Spartans,615433,7,bot,M. Subler walked (3-1 BBBKB).,82,2026-04-03 14:00:00-04:00,"Gratz Field (North Manchester, IN)",103,MBA,2026
6529891,615453,Franklin Grizzlies,615433,Manchester Spartans,615433,7,bot,M. Subler advanced to second on a balk.,83,2026-04-03 14:00:00-04:00,"Gratz Field (North Manchester, IN)",103,MBA,2026
6529891,615453,Franklin Grizzlies,615433,Manchester Spartans,615433,7,bot,B. Kaler grounded out to 3b (1-1 BK).,84,2026-04-03 14:00:00-04:00,"Gratz Field (North Manchester, IN)",103,MBA,2026
6529891,615453,Franklin Grizzlies,615433,Manchester Spartans,615453,8,top,C. Ryden to p for A. Cummings.,85,2026-04-03 14:00:00-04:00,"Gratz Field (North Manchester, IN)",103,MBA,2026
6529891,615453,Franklin Grizzlies,615433,Manchester Spartans,615453,8,top,Drew Helton grounded out to ss (0-2 FK).,86,2026-04-03 14:00:00-04:00,"Gratz Field (North Manchester, IN)",103,MBA,2026
6529891,615453,Franklin Grizzlies,615433,Manchester Spartans,615453,8,top,Davis Wagner grounded out to 2b (2-2 BBSK).,87,2026-04-03 14:00:00-04:00,"Gratz Field (North Manchester, IN)",103,MBA,2026
6529891,615453,Franklin Grizzlies,615433,Manchester Spartans,615453,8,top,Ian Nuckles struck out swinging (2-2 KBBKFS).,88,2026-04-03 14:00:00-04:00,"Gratz Field (North Manchester, IN)",103,MBA,2026
6529891,615453,Franklin Grizzlies,615433,Manchester Spartans,615433,8,bot,M. Horner doubled down the lf line (3-2 BKBFFBF).,89,2026-04-03 14:00:00-04:00,"Gratz Field (North Manchester, IN)",103,MBA,2026
6529891,615453,Franklin Grizzlies,615433,Manchester Spartans,615433,8,bot,J. Kennedy grounded out to 2b (0-0); M. Horner advanced to third.,90,2026-04-03 14:00:00-04:00,"Gratz Field (North Manchester, IN)",103,MBA,2026
6529891,615453,Franklin Grizzlies,615433,Manchester Spartans,615433,8,bot,"M. Dierckman grounded out to ss, RBI (0-1 F); M. Horner scored.",91,2026-04-03 14:00:00-04:00,"Gratz Field (North Manchester, IN)",103,MBA,2026
6529891,615453,Franklin Grizzlies,615433,Manchester Spartans,615433,8,bot,D. Massing struck out looking (2-2 KFBBK).,92,2026-04-03 14:00:00-04:00,"Gratz Field (North Manchester, IN)",103,MBA,2026
6529891,615453,Franklin Grizzlies,615433,Manchester Spartans,615453,9,top,L. Diebold to p for C. Ryden.,93,2026-04-03 14:00:00-04:00,"Gratz Field (North Manchester, IN)",103,MBA,2026
6529891,615453,Franklin Grizzlies,615433,Manchester Spartans,615453,9,top,Garrett DeHart walked (3-2 KKFBBBFB).,94,2026-04-03 14:00:00-04:00,"Gratz Field (North Manchester, IN)",103,MBA,2026
6529891,615453,Franklin Grizzlies,615433,Manchester Spartans,615453,9,top,Kam Seitz lined out to rf (1-0 B).,95,2026-04-03 14:00:00-04:00,"Gratz Field (North Manchester, IN)",103,MBA,2026
6529891,615453,Franklin Grizzlies,615433,Manchester Spartans,615453,9,top,Garrett DeHart stole second.,96,2026-04-03 14:00:00-04:00,"Gratz Field (North Manchester, IN)",103,MBA,2026
6529891,615453,Franklin Grizzlies,615433,Manchester Spartans,615453,9,top,Dyllan Redmon walked (3-0 BBBB).,97,2026-04-03 14:00:00-04:00,"Gratz Field (North Manchester, IN)",103,MBA,2026
6529891,615453,Franklin Grizzlies,615433,Manchester Spartans,615453,9,top,Alex Billman struck out swinging (2-2 BKKFBS).,98,2026-04-03 14:00:00-04:00,"Gratz Field (North Manchester, IN)",103,MBA,2026
6529891,615453,Franklin Grizzlies,615433,Manchester Spartans,615453,9,top,L. Fassoth to p for L. Diebold.,99,2026-04-03 14:00:00-04:00,"Gratz Field (North Manchester, IN)",103,MBA,2026
6529891,615453,Franklin Grizzlies,615433,Manchester Spartans,615453,9,top,Nolan McLane pinch hit for Jaxon Henke.,100,2026-04-03 14:00:00-04:00,"Gratz Field (North Manchester, IN)",103,MBA,2026
6529891,615453,Franklin Grizzlies,615433,Manchester Spartans,615453,9,top,Nolan McLane grounded out to 2b (3-2 BBBKKF).,101,2026-04-03 14:00:00-04:00,"Gratz Field (North Manchester, IN)",103,MBA,2026
6529891,615453,Franklin Grizzlies,615433,Manchester Spartans,615433,9,bot,Nolan McLane to cf.,102,2026-04-03 14:00:00-04:00,"Gratz Field (North Manchester, IN)",103,MBA,2026
6529891,615453,Franklin Grizzlies,615433,Manchester Spartans,615433,9,bot,Jordan DeAtley to p for Brayton Belcher.,103,2026-04-03 14:00:00-04:00,"Gratz Field (North Manchester, IN)",103,MBA,2026
6529891,615453,Franklin Grizzlies,615433,Manchester Spartans,615433,9,bot,A. Westfield struck out looking (1-2 BKFFK).,104,2026-04-03 14:00:00-04:00,"Gratz Field (North Manchester, IN)",103,MBA,2026
6529891,615453,Franklin Grizzlies,615433,Manchester Spartans,615433,9,bot,C. Kelley singled to second base (1-1 KB).,105,2026-04-03 14:00:00-04:00,"Gratz Field (North Manchester, IN)",103,MBA,2026
6529891,615453,Franklin Grizzlies,615433,Manchester Spartans,615433,9,bot,P. King pinch ran for C. Kelley.,106,2026-04-03 14:00:00-04:00,"Gratz Field (North Manchester, IN)",103,MBA,2026
6529891,615453,Franklin Grizzlies,615433,Manchester Spartans,615433,9,bot,O. Ritchie reached on a fielder's choice (1-1 KB); P. King out at second p to ss.,107,2026-04-03 14:00:00-04:00,"Gratz Field (North Manchester, IN)",103,MBA,2026
6529891,615453,Franklin Grizzlies,615433,Manchester Spartans,615433,9,bot,C. Bailey pinch hit for M. Subler.,108,2026-04-03 14:00:00-04:00,"Gratz Field (North Manchester, IN)",103,MBA,2026
6529891,615453,Franklin Grizzlies,615433,Manchester Spartans,615433,9,bot,Ja. McGrath pinch ran for O. Ritchie.,109,2026-04-03 14:00:00-04:00,"Gratz Field (North Manchester, IN)",103,MBA,2026
6529891,615453,Franklin Grizzlies,615433,Manchester Spartans,615433,9,bot,C. Bailey walked (3-0 BBBB); Ja. McGrath advanced to second.,110,2026-04-03 14:00:00-04:00,"Gratz Field (North Manchester, IN)",103,MBA,2026
6529891,615453,Franklin Grizzlies,615433,Manchester Spartans,615433,9,bot,B. Kaler popped up to 2b (1-2 KBK).,111,2026-04-03 14:00:00-04:00,"Gratz Field (North Manchester, IN)",103,MBA,2026
6530418,615055,MSU Denver Roadrunners,614919,N.M. Highlands Cowboys,615055,1,top,River Jackson singled to third base (1-2 KBF).,1,2026-04-03 14:00:00-04:00,"Brandt Field (Las Vegas, NM)",148,MBA,2026
6530418,615055,MSU Denver Roadrunners,614919,N.M. Highlands Cowboys,615055,1,top,"River Jackson out at second c to ss, caught stealing.",2,2026-04-03 14:00:00-04:00,"Brandt Field (Las Vegas, NM)",148,MBA,2026
6530418,615055,MSU Denver Roadrunners,614919,N.M. Highlands Cowboys,615055,1,top,Jared Swarbrick struck out swinging (1-2 SSBFS).,3,2026-04-03 14:00:00-04:00,"Brandt Field (Las Vegas, NM)",148,MBA,2026
6530418,615055,MSU Denver Roadrunners,614919,N.M. Highlands Cowboys,615055,1,top,Noah Wicks struck out looking (3-2 BBBKKFK).,4,2026-04-03 14:00:00-04:00,"Brandt Field (Las Vegas, NM)",148,MBA,2026
6530418,615055,MSU Denver Roadrunners,614919,N.M. Highlands Cowboys,614919,1,bot,Adrian Castenada walked (3-2 FKBBBB).,5,2026-04-03 14:00:00-04:00,"Brandt Field (Las Vegas, NM)",148,MBA,2026
6530418,615055,MSU Denver Roadrunners,614919,N.M. Highlands Cowboys,614919,1,bot,Adrian Castenada stole second.,6,2026-04-03 14:00:00-04:00,"Brandt Field (Las Vegas, NM)",148,MBA,2026
6530418,615055,MSU Denver Roadrunners,614919,N.M. Highlands Cowboys,614919,1,bot,Johnathan Davis struck out looking (3-2 FKBBBK).,7,2026-04-03 14:00:00-04:00,"Brandt Field (Las Vegas, NM)",148,MBA,2026
6530418,615055,MSU Denver Roadrunners,614919,N.M. Highlands Cowboys,614919,1,bot,Alex Galvan flied out to cf (0-0)3a Adrian Castenada advanced to third.,8,2026-04-03 14:00:00-04:00,"Brandt Field (Las Vegas, NM)",148,MBA,2026
6530418,615055,MSU Denver Roadrunners,614919,N.M. Highlands Cowboys,614919,1,bot,Ryan Rodriguez grounded out to ss (0-1 K).,9,2026-04-03 14:00:00-04:00,"Brandt Field (Las Vegas, NM)",148,MBA,2026
6530418,615055,MSU Denver Roadrunners,614919,N.M. Highlands Cowboys,615055,2,top,Michael Deitz lined out to 3b (1-1 SB).,10,2026-04-03 14:00:00-04:00,"Brandt Field (Las Vegas, NM)",148,MBA,2026
6530418,615055,MSU Denver Roadrunners,614919,N.M. Highlands Cowboys,615055,2,top,Blake Wilson singled up the middle (0-0).,11,2026-04-03 14:00:00-04:00,"Brandt Field (Las Vegas, NM)",148,MBA,2026
6530418,615055,MSU Denver Roadrunners,614919,N.M. Highlands Cowboys,615055,2,top,Blake Wilson advanced to second on a passed ball.,12,2026-04-03 14:00:00-04:00,"Brandt Field (Las Vegas, NM)",148,MBA,2026
6530418,615055,MSU Denver Roadrunners,614919,N.M. Highlands Cowboys,615055,2,top,Brayden Oram struck out swinging (2-2 BFSBFS).,13,2026-04-03 14:00:00-04:00,"Brandt Field (Las Vegas, NM)",148,MBA,2026
6530418,615055,MSU Denver Roadrunners,614919,N.M. Highlands Cowboys,615055,2,top,Luka Ruljancich walked (3-2 BBFFBFFB).,14,2026-04-03 14:00:00-04:00,"Brandt Field (Las Vegas, NM)",148,MBA,2026
6530418,615055,MSU Denver Roadrunners,614919,N.M. Highlands Cowboys,615055,2,top,Scott Mitchell struck out looking (1-2 KFBFFK).,15,2026-04-03 14:00:00-04:00,"Brandt Field (Las Vegas, NM)",148,MBA,2026
6530418,615055,MSU Denver Roadrunners,614919,N.M. Highlands Cowboys,614919,2,bot,Truett Ross lined out to cf (0-0).,16,2026-04-03 14:00:00-04:00,"Brandt Field (Las Vegas, NM)",148,MBA,2026
6530418,615055,MSU Denver Roadrunners,614919,N.M. Highlands Cowboys,614919,2,bot,Jeremiah D’Arezzo flied out to rf (0-1 K).,17,2026-04-03 14:00:00-04:00,"Brandt Field (Las Vegas, NM)",148,MBA,2026
6530418,615055,MSU Denver Roadrunners,614919,N.M. Highlands Cowboys,614919,2,bot,Isaac McNair - Seigler singled to second base (1-2 KSB).,18,2026-04-03 14:00:00-04:00,"Brandt Field (Las Vegas, NM)",148,MBA,2026
6530418,615055,MSU Denver Roadrunners,614919,N.M. Highlands Cowboys,614919,2,bot,Lubby Marrujo struck out swinging (1-2 BFSS).,19,2026-04-03 14:00:00-04:00,"Brandt Field (Las Vegas, NM)",148,MBA,2026
6530418,615055,MSU Denver Roadrunners,614919,N.M. Highlands Cowboys,615055,3,top,Brooks Rasmussen flied out to lf (3-2 BFKFBB).,20,2026-04-03 14:00:00-04:00,"Brandt Field (Las Vegas, NM)",148,MBA,2026
6530418,615055,MSU Denver Roadrunners,614919,N.M. Highlands Cowboys,615055,3,top,River Jackson struck out swinging (1-2 FKBS).,21,2026-04-03 14:00:00-04:00,"Brandt Field (Las Vegas, NM)",148,MBA,2026
6530418,615055,MSU Denver Roadrunners,614919,N.M. Highlands Cowboys,615055,3,top,Jared Swarbrick grounded out to 2b (1-1 KB).,22,2026-04-03 14:00:00-04:00,"Brandt Field (Las Vegas, NM)",148,MBA,2026
6530418,615055,MSU Denver Roadrunners,614919,N.M. Highlands Cowboys,614919,3,bot,Nico Hilger grounded out to 2b (0-0).,23,2026-04-03 14:00:00-04:00,"Brandt Field (Las Vegas, NM)",148,MBA,2026
6530418,615055,MSU Denver Roadrunners,614919,N.M. Highlands Cowboys,614919,3,bot,Adrian Castenada lined out to p (2-2 BKBFF).,24,2026-04-03 14:00:00-04:00,"Brandt Field (Las Vegas, NM)",148,MBA,2026
6530418,615055,MSU Denver Roadrunners,614919,N.M. Highlands Cowboys,614919,3,bot,Johnathan Davis grounded out to ss (2-0 BB).,25,2026-04-03 14:00:00-04:00,"Brandt Field (Las Vegas, NM)",148,MBA,2026
6530418,615055,MSU Denver Roadrunners,614919,N.M. Highlands Cowboys,615055,4,top,Noah Wicks grounded out to ss (1-1 FB).,26,2026-04-03 14:00:00-04:00,"Brandt Field (Las Vegas, NM)",148,MBA,2026
6530418,615055,MSU Denver Roadrunners,614919,N.M. Highlands Cowboys,615055,4,top,Michael Deitz grounded out to 3b (0-2 KF).,27,2026-04-03 14:00:00-04:00,"Brandt Field (Las Vegas, NM)",148,MBA,2026
6530418,615055,MSU Denver Roadrunners,614919,N.M. Highlands Cowboys,615055,4,top,Blake Wilson singled to pitcher (2-1 BBF).,28,2026-04-03 14:00:00-04:00,"Brandt Field (Las Vegas, NM)",148,MBA,2026
6530418,615055,MSU Denver Roadrunners,614919,N.M. Highlands Cowboys,615055,4,top,Brayden Oram singled to shortstop (1-2 KKB)3a Blake Wilson advanced to second.,29,2026-04-03 14:00:00-04:00,"Brandt Field (Las Vegas, NM)",148,MBA,2026
6530418,615055,MSU Denver Roadrunners,614919,N.M. Highlands Cowboys,615055,4,top,Luka Ruljancich reached on a fielder's choice (1-0 B)3a Brayden Oram out at second ss to 2b.,30,2026-04-03 14:00:00-04:00,"Brandt Field (Las Vegas, NM)",148,MBA,2026
6530418,615055,MSU Denver Roadrunners,614919,N.M. Highlands Cowboys,614919,4,bot,Alex Galvan struck out looking (2-2 BKFBK).,31,2026-04-03 14:00:00-04:00,"Brandt Field (Las Vegas, NM)",148,MBA,2026
6530418,615055,MSU Denver Roadrunners,614919,N.M. Highlands Cowboys,614919,4,bot,Ryan Rodriguez doubled to right field (0-0).,32,2026-04-03 14:00:00-04:00,"Brandt Field (Las Vegas, NM)",148,MBA,2026
6530418,615055,MSU Denver Roadrunners,614919,N.M. Highlands Cowboys,614919,4,bot,Truett Ross grounded out to 3b (0-1 K).,33,2026-04-03 14:00:00-04:00,"Brandt Field (Las Vegas, NM)",148,MBA,2026
6530418,615055,MSU Denver Roadrunners,614919,N.M. Highlands Cowboys,614919,4,bot,"Jeremiah D’Arezzo doubled down the rf line, RBI (2-1 BKB)3a Ryan Rodriguez scored.",34,2026-04-03 14:00:00-04:00,"Brandt Field (Las Vegas, NM)",148,MBA,2026
6530418,615055,MSU Denver Roadrunners,614919,N.M. Highlands Cowboys,614919,4,bot,"Isaac McNair - Seigler singled to right field, RBI (2-1 FBB)3a Jeremiah D’Arezzo scored.",35,2026-04-03 14:00:00-04:00,"Brandt Field (Las Vegas, NM)",148,MBA,2026
6530418,615055,MSU Denver Roadrunners,614919,N.M. Highlands Cowboys,614919,4,bot,Lubby Marrujo struck out swinging (3-2 BBKSFBS).,36,2026-04-03 14:00:00-04:00,"Brandt Field (Las Vegas, NM)",148,MBA,2026
6530418,615055,MSU Denver Roadrunners,614919,N.M. Highlands Cowboys,615055,5,top,Scott Mitchell grounded out to 2b (1-0 B).,37,2026-04-03 14:00:00-04:00,"Brandt Field (Las Vegas, NM)",148,MBA,2026
6530418,615055,MSU Denver Roadrunners,614919,N.M. Highlands Cowboys,615055,5,top,Brooks Rasmussen singled to third base (0-1 K).,38,2026-04-03 14:00:00-04:00,"Brandt Field (Las Vegas, NM)",148,MBA,2026
6530418,615055,MSU Denver Roadrunners,614919,N.M. Highlands Cowboys,615055,5,top,River Jackson struck out swinging (1-2 BKKS).,39,2026-04-03 14:00:00-04:00,"Brandt Field (Las Vegas, NM)",148,MBA,2026
6530418,615055,MSU Denver Roadrunners,614919,N.M. Highlands Cowboys,615055,5,top,Jared Swarbrick lined out to rf (0-2 SK).,40,2026-04-03 14:00:00-04:00,"Brandt Field (Las Vegas, NM)",148,MBA,2026
6530418,615055,MSU Denver Roadrunners,614919,N.M. Highlands Cowboys,614919,5,bot,Nico Hilger grounded out to 1b unassisted (2-2 KBBS).,41,2026-04-03 14:00:00-04:00,"Brandt Field (Las Vegas, NM)",148,MBA,2026
6530418,615055,MSU Denver Roadrunners,614919,N.M. Highlands Cowboys,614919,5,bot,Adrian Castenada walked (3-1 FBBBB).,42,2026-04-03 14:00:00-04:00,"Brandt Field (Las Vegas, NM)",148,MBA,2026
6530418,615055,MSU Denver Roadrunners,614919,N.M. Highlands Cowboys,614919,5,bot,Johnathan Davis grounded into double play ss to 2b to 1b (0-0)3a Adrian Castenada out on the play.,43,2026-04-03 14:00:00-04:00,"Brandt Field (Las Vegas, NM)",148,MBA,2026
6530418,615055,MSU Denver Roadrunners,614919,N.M. Highlands Cowboys,615055,6,top,Noah Wicks singled to right center (1-1 BK).,44,2026-04-03 14:00:00-04:00,"Brandt Field (Las Vegas, NM)",148,MBA,2026
6530418,615055,MSU Denver Roadrunners,614919,N.M. Highlands Cowboys,615055,6,top,Michael Deitz hit by pitch (1-1 KH)3a Noah Wicks advanced to second.,45,2026-04-03 14:00:00-04:00,"Brandt Field (Las Vegas, NM)",148,MBA,2026
6530418,615055,MSU Denver Roadrunners,614919,N.M. Highlands Cowboys,615055,6,top,"Blake Wilson grounded out to p, bunt, SAC (0-0)3a Michael Deitz advanced to second3a Noah Wicks advanced to third.",46,2026-04-03 14:00:00-04:00,"Brandt Field (Las Vegas, NM)",148,MBA,2026
6530418,615055,MSU Denver Roadrunners,614919,N.M. Highlands Cowboys,615055,6,top,"Brayden Oram flied out to cf, SAC, RBI (1-2 SKB)3a Michael Deitz advanced to third3a Noah Wicks scored.",47,2026-04-03 14:00:00-04:00,"Brandt Field (Las Vegas, NM)",148,MBA,2026
6530418,615055,MSU Denver Roadrunners,614919,N.M. Highlands Cowboys,615055,6,top,Luka Ruljancich flied out to cf (2-1 KBB).,48,2026-04-03 14:00:00-04:00,"Brandt Field (Las Vegas, NM)",148,MBA,2026
6530418,615055,MSU Denver Roadrunners,614919,N.M. Highlands Cowboys,614919,6,bot,Alex Galvan struck out looking (3-2 FBBBKFFK).,49,2026-04-03 14:00:00-04:00,"Brandt Field (Las Vegas, NM)",148,MBA,2026
6530418,615055,MSU Denver Roadrunners,614919,N.M. Highlands Cowboys,614919,6,bot,Ryan Rodriguez singled up the middle (1-0 B).,50,2026-04-03 14:00:00-04:00,"Brandt Field (Las Vegas, NM)",148,MBA,2026
6530418,615055,MSU Denver Roadrunners,614919,N.M. Highlands Cowboys,614919,6,bot,Brayden McCollough to p for A. Maltos-Garcia.,51,2026-04-03 14:00:00-04:00,"Brandt Field (Las Vegas, NM)",148,MBA,2026
6530418,615055,MSU Denver Roadrunners,614919,N.M. Highlands Cowboys,614919,6,bot,Truett Ross lined out to ss (2-1 KBB).,52,2026-04-03 14:00:00-04:00,"Brandt Field (Las Vegas, NM)",148,MBA,2026
6530418,615055,MSU Denver Roadrunners,614919,N.M. Highlands Cowboys,614919,6,bot,Jeremiah D’Arezzo grounded out to 3b (0-0).,53,2026-04-03 14:00:00-04:00,"Brandt Field (Las Vegas, NM)",148,MBA,2026
6530418,615055,MSU Denver Roadrunners,614919,N.M. Highlands Cowboys,615055,7,top,Royce Vandine pinch hit for Scott Mitchell.,54,2026-04-03 14:00:00-04:00,"Brandt Field (Las Vegas, NM)",148,MBA,2026
6530418,615055,MSU Denver Roadrunners,614919,N.M. Highlands Cowboys,615055,7,top,Royce Vandine struck out swinging (1-2 SBSS).,55,2026-04-03 14:00:00-04:00,"Brandt Field (Las Vegas, NM)",148,MBA,2026
6530418,615055,MSU Denver Roadrunners,614919,N.M. Highlands Cowboys,615055,7,top,Brooks Rasmussen singled up the middle (1-2 KFBF).,56,2026-04-03 14:00:00-04:00,"Brandt Field (Las Vegas, NM)",148,MBA,2026
6530418,615055,MSU Denver Roadrunners,614919,N.M. Highlands Cowboys,615055,7,top,Brooks Rasmussen advanced to second on a wild pitch.,57,2026-04-03 14:00:00-04:00,"Brandt Field (Las Vegas, NM)",148,MBA,2026
6530418,615055,MSU Denver Roadrunners,614919,N.M. Highlands Cowboys,615055,7,top,River Jackson singled to right field (2-2 BBFK)3a Brooks Rasmussen advanced to third.,58,2026-04-03 14:00:00-04:00,"Brandt Field (Las Vegas, NM)",148,MBA,2026
6530418,615055,MSU Denver Roadrunners,614919,N.M. Highlands Cowboys,615055,7,top,"Jared Swarbrick reached first on an error by 3b, RBI (1-1 SB)3a River Jackson advanced to second3a Brooks Rasmussen scored.",59,2026-04-03 14:00:00-04:00,"Brandt Field (Las Vegas, NM)",148,MBA,2026
6530418,615055,MSU Denver Roadrunners,614919,N.M. Highlands Cowboys,615055,7,top,Marques Abulhosn pinch ran for Jared Swarbrick.,60,2026-04-03 14:00:00-04:00,"Brandt Field (Las Vegas, NM)",148,MBA,2026
6530418,615055,MSU Denver Roadrunners,614919,N.M. Highlands Cowboys,615055,7,top,Marques Abulhosn stole second3a River Jackson stole third.,61,2026-04-03 14:00:00-04:00,"Brandt Field (Las Vegas, NM)",148,MBA,2026
6530418,615055,MSU Denver Roadrunners,614919,N.M. Highlands Cowboys,615055,7,top,Noah Wicks was intentionally walked (3-1 BSBBB).,62,2026-04-03 14:00:00-04:00,"Brandt Field (Las Vegas, NM)",148,MBA,2026
6530418,615055,MSU Denver Roadrunners,614919,N.M. Highlands Cowboys,615055,7,top,"Michael Deitz flied out to cf, SAC, RBI (1-2 KBFF)3a Marques Abulhosn advanced to third3a River Jackson scored, unearned.",63,2026-04-03 14:00:00-04:00,"Brandt Field (Las Vegas, NM)",148,MBA,2026
6530418,615055,MSU Denver Roadrunners,614919,N.M. Highlands Cowboys,615055,7,top,Blake Wilson grounded out to 3b (0-0).,64,2026-04-03 14:00:00-04:00,"Brandt Field (Las Vegas, NM)",148,MBA,2026
6530418,615055,MSU Denver Roadrunners,614919,N.M. Highlands Cowboys,614919,7,bot,Royce Vandine to dh.,65,2026-04-03 14:00:00-04:00,"Brandt Field (Las Vegas, NM)",148,MBA,2026
6530418,615055,MSU Denver Roadrunners,614919,N.M. Highlands Cowboys,614919,7,bot,Marques Abulhosn to 2b.,66,2026-04-03 14:00:00-04:00,"Brandt Field (Las Vegas, NM)",148,MBA,2026
6530418,615055,MSU Denver Roadrunners,614919,N.M. Highlands Cowboys,614919,7,bot,Carter Swan to p for Brayden McCollough.,67,2026-04-03 14:00:00-04:00,"Brandt Field (Las Vegas, NM)",148,MBA,2026
6530418,615055,MSU Denver Roadrunners,614919,N.M. Highlands Cowboys,614919,7,bot,Isaac McNair - Seigler doubled to left field (1-2 BFF).,68,2026-04-03 14:00:00-04:00,"Brandt Field (Las Vegas, NM)",148,MBA,2026
6530418,615055,MSU Denver Roadrunners,614919,N.M. Highlands Cowboys,614919,7,bot,Estevan Lara pinch ran for Isaac McNair - Seigler.,69,2026-04-03 14:00:00-04:00,"Brandt Field (Las Vegas, NM)",148,MBA,2026
6530418,615055,MSU Denver Roadrunners,614919,N.M. Highlands Cowboys,614919,7,bot,Lubby Marrujo popped up to p (2-1 BBS).,70,2026-04-03 14:00:00-04:00,"Brandt Field (Las Vegas, NM)",148,MBA,2026
6530418,615055,MSU Denver Roadrunners,614919,N.M. Highlands Cowboys,614919,7,bot,Vladimire Castro pinch hit for Nico Hilger.,71,2026-04-03 14:00:00-04:00,"Brandt Field (Las Vegas, NM)",148,MBA,2026
6530418,615055,MSU Denver Roadrunners,614919,N.M. Highlands Cowboys,614919,7,bot,Vladimire Castro flied out to lf (0-0).,72,2026-04-03 14:00:00-04:00,"Brandt Field (Las Vegas, NM)",148,MBA,2026
6530418,615055,MSU Denver Roadrunners,614919,N.M. Highlands Cowboys,614919,7,bot,Adrian Castenada struck out looking (1-2 FBKK).,73,2026-04-03 14:00:00-04:00,"Brandt Field (Las Vegas, NM)",148,MBA,2026
6531097,615053,Maryville (MO) Saints,615112,Drury Panthers,615053,1,top,Matthew Rauser flied out to cf (2-0 BB).,1,2026-04-03 14:00:00-04:00,"Mark Worley Field at Meador Park (Springfield, MO)",0,MBA,2026
6531097,615053,Maryville (MO) Saints,615112,Drury Panthers,615053,1,top,Jace Burton tripled down the rf line (2-2 SBBF).,2,2026-04-03 14:00:00-04:00,"Mark Worley Field at Meador Park (Springfield, MO)",0,MBA,2026
6531097,615053,Maryville (MO) Saints,615112,Drury Panthers,615053,1,top,"Jack Meyer flied out to rf, sacrifice fly, RBI (0-0)3a Jace Burton scored.",3,2026-04-03 14:00:00-04:00,"Mark Worley Field at Meador Park (Springfield, MO)",0,MBA,2026
6531097,615053,Maryville (MO) Saints,615112,Drury Panthers,615053,1,top,Dominic Anselmo singled to shortstop (1-0 B).,4,2026-04-03 14:00:00-04:00,"Mark Worley Field at Meador Park (Springfield, MO)",0,MBA,2026
6531097,615053,Maryville (MO) Saints,615112,Drury Panthers,615053,1,top,Steven Schneider singled to center field (1-2 SFB)3a Dominic Anselmo advanced to second.,5,2026-04-03 14:00:00-04:00,"Mark Worley Field at Meador Park (Springfield, MO)",0,MBA,2026
6531097,615053,Maryville (MO) Saints,615112,Drury Panthers,615053,1,top,Nick Daugherty walked (3-0 BBBB)3a Steven Schneider advanced to second3a Dominic Anselmo advanced to third.,6,2026-04-03 14:00:00-04:00,"Mark Worley Field at Meador Park (Springfield, MO)",0,MBA,2026
6531097,615053,Maryville (MO) Saints,615112,Drury Panthers,615053,1,top,Brady Kindhart fouled out to 1b (0-1 K).,7,2026-04-03 14:00:00-04:00,"Mark Worley Field at Meador Park (Springfield, MO)",0,MBA,2026
6531097,615053,Maryville (MO) Saints,615112,Drury Panthers,615112,1,bot,Luke Matschiner doubled to right center (1-1 BK).,8,2026-04-03 14:00:00-04:00,"Mark Worley Field at Meador Park (Springfield, MO)",0,MBA,2026
6531097,615053,Maryville (MO) Saints,615112,Drury Panthers,615112,1,bot,Jackson Crider grounded out to 3b (2-2 FKFBB)3a Luke Matschiner advanced to third.,9,2026-04-03 14:00:00-04:00,"Mark Worley Field at Meador Park (Springfield, MO)",0,MBA,2026
6531097,615053,Maryville (MO) Saints,615112,Drury Panthers,615112,1,bot,"Logan Reidelberger flied out to cf, sacrifice fly, RBI (1-1 FB)3a Luke Matschiner scored.",10,2026-04-03 14:00:00-04:00,"Mark Worley Field at Meador Park (Springfield, MO)",0,MBA,2026
6531097,615053,Maryville (MO) Saints,615112,Drury Panthers,615112,1,bot,Connor Bain singled up the middle (0-2 KKF).,11,2026-04-03 14:00:00-04:00,"Mark Worley Field at Meador Park (Springfield, MO)",0,MBA,2026
6531097,615053,Maryville (MO) Saints,615112,Drury Panthers,615112,1,bot,Greydon Miller flied out to lf (1-0 B).,12,2026-04-03 14:00:00-04:00,"Mark Worley Field at Meador Park (Springfield, MO)",0,MBA,2026
6531097,615053,Maryville (MO) Saints,615112,Drury Panthers,615053,2,top,Aaris Stolte walked (3-0 BBBB).,13,2026-04-03 14:00:00-04:00,"Mark Worley Field at Meador Park (Springfield, MO)",0,MBA,2026
6531097,615053,Maryville (MO) Saints,615112,Drury Panthers,615053,2,top,Greyson Rathgeb struck out swinging (2-2 KKBBS).,14,2026-04-03 14:00:00-04:00,"Mark Worley Field at Meador Park (Springfield, MO)",0,MBA,2026
6531097,615053,Maryville (MO) Saints,615112,Drury Panthers,615053,2,top,Matthew Rauser walked (3-0 BBBB)3a Aaris Stolte advanced to second.,15,2026-04-03 14:00:00-04:00,"Mark Worley Field at Meador Park (Springfield, MO)",0,MBA,2026
6531097,615053,Maryville (MO) Saints,615112,Drury Panthers,615053,2,top,Jace Burton singled up the middle (0-0)3a Matthew Rauser advanced to second3a Aaris Stolte advanced to third.,16,2026-04-03 14:00:00-04:00,"Mark Worley Field at Meador Park (Springfield, MO)",0,MBA,2026
6531097,615053,Maryville (MO) Saints,615112,Drury Panthers,615053,2,top,"Jack Meyer reached on a fielder's choice, RBI (0-0)3a Jace Burton out at second ss to 2b3a Matthew Rauser advanced to third3a Aaris Stolte scored.",17,2026-04-03 14:00:00-04:00,"Mark Worley Field at Meador Park (Springfield, MO)",0,MBA,2026
6531097,615053,Maryville (MO) Saints,615112,Drury Panthers,615053,2,top,Dominic Anselmo walked (3-2 BKBSBB)3a Jack Meyer advanced to second.,18,2026-04-03 14:00:00-04:00,"Mark Worley Field at Meador Park (Springfield, MO)",0,MBA,2026
6531097,615053,Maryville (MO) Saints,615112,Drury Panthers,615053,2,top,Steven Schneider popped up to 2b (0-0).,19,2026-04-03 14:00:00-04:00,"Mark Worley Field at Meador Park (Springfield, MO)",0,MBA,2026
6531097,615053,Maryville (MO) Saints,615112,Drury Panthers,615112,2,bot,Caleb Briggs doubled to left center (0-0).,20,2026-04-03 14:00:00-04:00,"Mark Worley Field at Meador Park (Springfield, MO)",0,MBA,2026
6531097,615053,Maryville (MO) Saints,615112,Drury Panthers,615112,2,bot,Colin McClure lined out to rf (1-0 B)3a Caleb Briggs advanced to third.,21,2026-04-03 14:00:00-04:00,"Mark Worley Field at Meador Park (Springfield, MO)",0,MBA,2026
6531097,615053,Maryville (MO) Saints,615112,Drury Panthers,615112,2,bot,"Xander Schmitt grounded out to p unassisted, RBI (2-0 BB)3a Caleb Briggs scored.",22,2026-04-03 14:00:00-04:00,"Mark Worley Field at Meador Park (Springfield, MO)",0,MBA,2026
6531097,615053,Maryville (MO) Saints,615112,Drury Panthers,615112,2,bot,Landon Willbrand struck out looking (3-2 BKSBFFBK).,23,2026-04-03 14:00:00-04:00,"Mark Worley Field at Meador Park (Springfield, MO)",0,MBA,2026
6531097,615053,Maryville (MO) Saints,615112,Drury Panthers,615053,3,top,Nick Daugherty struck out swinging (0-2 KFS).,24,2026-04-03 14:00:00-04:00,"Mark Worley Field at Meador Park (Springfield, MO)",0,MBA,2026
6531097,615053,Maryville (MO) Saints,615112,Drury Panthers,615053,3,top,Brady Kindhart singled to right center (1-0 B).,25,2026-04-03 14:00:00-04:00,"Mark Worley Field at Meador Park (Springfield, MO)",0,MBA,2026
6531097,615053,Maryville (MO) Saints,615112,Drury Panthers,615053,3,top,Aaris Stolte struck out swinging (1-2 FSBS).,26,2026-04-03 14:00:00-04:00,"Mark Worley Field at Meador Park (Springfield, MO)",0,MBA,2026
6531097,615053,Maryville (MO) Saints,615112,Drury Panthers,615053,3,top,Greyson Rathgeb struck out swinging (3-2 FBBKFBS).,27,2026-04-03 14:00:00-04:00,"Mark Worley Field at Meador Park (Springfield, MO)",0,MBA,2026
6531097,615053,Maryville (MO) Saints,615112,Drury Panthers,615112,3,bot,Luke Matschiner flied out to cf (3-2 BBKKB).,28,2026-04-03 14:00:00-04:00,"Mark Worley Field at Meador Park (Springfield, MO)",0,MBA,2026
6531097,615053,Maryville (MO) Saints,615112,Drury Panthers,615112,3,bot,Jackson Crider popped up to 3b (0-1 F).,29,2026-04-03 14:00:00-04:00,"Mark Worley Field at Meador Park (Springfield, MO)",0,MBA,2026
6531097,615053,Maryville (MO) Saints,615112,Drury Panthers,615112,3,bot,Logan Reidelberger grounded out to 2b (1-1 BF).,30,2026-04-03 14:00:00-04:00,"Mark Worley Field at Meador Park (Springfield, MO)",0,MBA,2026
6531097,615053,Maryville (MO) Saints,615112,Drury Panthers,615053,4,top,Matthew Rauser walked (3-0 BBBB).,31,2026-04-03 14:00:00-04:00,"Mark Worley Field at Meador Park (Springfield, MO)",0,MBA,2026
6531097,615053,Maryville (MO) Saints,615112,Drury Panthers,615053,4,top,Jace Burton flied out to cf (3-2 FBBBKF).,32,2026-04-03 14:00:00-04:00,"Mark Worley Field at Meador Park (Springfield, MO)",0,MBA,2026
6531097,615053,Maryville (MO) Saints,615112,Drury Panthers,615053,4,top,Matthew Rauser advanced to second on a passed ball.,33,2026-04-03 14:00:00-04:00,"Mark Worley Field at Meador Park (Springfield, MO)",0,MBA,2026
6531097,615053,Maryville (MO) Saints,615112,Drury Panthers,615053,4,top,Jack Meyer grounded out to ss (3-2 KFBBB)3a Matthew Rauser advanced to third.,34,2026-04-03 14:00:00-04:00,"Mark Worley Field at Meador Park (Springfield, MO)",0,MBA,2026
6531097,615053,Maryville (MO) Saints,615112,Drury Panthers,615053,4,top,Dominic Anselmo struck out looking (2-2 FBKBK).,35,2026-04-03 14:00:00-04:00,"Mark Worley Field at Meador Park (Springfield, MO)",0,MBA,2026
6531097,615053,Maryville (MO) Saints,615112,Drury Panthers,615112,4,bot,Connor Bain singled to center field (3-2 KBKFBB).,36,2026-04-03 14:00:00-04:00,"Mark Worley Field at Meador Park (Springfield, MO)",0,MBA,2026
6531097,615053,Maryville (MO) Saints,615112,Drury Panthers,615112,4,bot,Connor Bain stole second.,37,2026-04-03 14:00:00-04:00,"Mark Worley Field at Meador Park (Springfield, MO)",0,MBA,2026
6531097,615053,Maryville (MO) Saints,615112,Drury Panthers,615112,4,bot,Greydon Miller struck out looking (1-2 KSFBK).,38,2026-04-03 14:00:00-04:00,"Mark Worley Field at Meador Park (Springfield, MO)",0,MBA,2026
6531097,615053,Maryville (MO) Saints,615112,Drury Panthers,615112,4,bot,Caleb Briggs grounded out to ss (0-0)3a Connor Bain advanced to third.,39,2026-04-03 14:00:00-04:00,"Mark Worley Field at Meador Park (Springfield, MO)",0,MBA,2026
6531097,615053,Maryville (MO) Saints,615112,Drury Panthers,615112,4,bot,"Colin McClure singled through the left side, RBI (0-0)3a Connor Bain scored.",40,2026-04-03 14:00:00-04:00,"Mark Worley Field at Meador Park (Springfield, MO)",0,MBA,2026
6531097,615053,Maryville (MO) Saints,615112,Drury Panthers,615112,4,bot,"Colin McClure out at second p to 1b to 2b, picked off, caught stealing.",41,2026-04-03 14:00:00-04:00,"Mark Worley Field at Meador Park (Springfield, MO)",0,MBA,2026
6531097,615053,Maryville (MO) Saints,615112,Drury Panthers,615053,5,top,Steven Schneider struck out swinging (0-2 KFS).,42,2026-04-03 14:00:00-04:00,"Mark Worley Field at Meador Park (Springfield, MO)",0,MBA,2026
6531097,615053,Maryville (MO) Saints,615112,Drury Panthers,615053,5,top,Nick Daugherty walked (3-2 KKBBBB).,43,2026-04-03 14:00:00-04:00,"Mark Worley Field at Meador Park (Springfield, MO)",0,MBA,2026
6531097,615053,Maryville (MO) Saints,615112,Drury Panthers,615053,5,top,Brady Kindhart flied out to cf (2-2 SBSB).,44,2026-04-03 14:00:00-04:00,"Mark Worley Field at Meador Park (Springfield, MO)",0,MBA,2026
6531097,615053,Maryville (MO) Saints,615112,Drury Panthers,615053,5,top,Aaris Stolte struck out looking (1-2 FKBK).,45,2026-04-03 14:00:00-04:00,"Mark Worley Field at Meador Park (Springfield, MO)",0,MBA,2026
6531097,615053,Maryville (MO) Saints,615112,Drury Panthers,615112,5,bot,Xander Schmitt flied out to rf (1-2 KBKF).,46,2026-04-03 14:00:00-04:00,"Mark Worley Field at Meador Park (Springfield, MO)",0,MBA,2026
6531097,615053,Maryville (MO) Saints,615112,Drury Panthers,615112,5,bot,Landon Willbrand walked (3-2 BKBFFBFB).,47,2026-04-03 14:00:00-04:00,"Mark Worley Field at Meador Park (Springfield, MO)",0,MBA,2026
6531097,615053,Maryville (MO) Saints,615112,Drury Panthers,615112,5,bot,Landon Willbrand advanced to second on a wild pitch.,48,2026-04-03 14:00:00-04:00,"Mark Worley Field at Meador Park (Springfield, MO)",0,MBA,2026
6531097,615053,Maryville (MO) Saints,615112,Drury Panthers,615112,5,bot,Luke Matschiner walked (3-2 FBBKFBB).,49,2026-04-03 14:00:00-04:00,"Mark Worley Field at Meador Park (Springfield, MO)",0,MBA,2026
6531097,615053,Maryville (MO) Saints,615112,Drury Panthers,615112,5,bot,Alex Bryan to p for Ryan Hoshaw.,50,2026-04-03 14:00:00-04:00,"Mark Worley Field at Meador Park (Springfield, MO)",0,MBA,2026
6531097,615053,Maryville (MO) Saints,615112,Drury Panthers,615112,5,bot,Luke Matschiner advanced to second3a Landon Willbrand advanced to third on a wild pitch.,51,2026-04-03 14:00:00-04:00,"Mark Worley Field at Meador Park (Springfield, MO)",0,MBA,2026
6531097,615053,Maryville (MO) Saints,615112,Drury Panthers,615112,5,bot,"Jackson Crider flied out to cf, sacrifice fly, RBI (1-0 B)3a Luke Matschiner advanced to third3a Landon Willbrand scored.",52,2026-04-03 14:00:00-04:00,"Mark Worley Field at Meador Park (Springfield, MO)",0,MBA,2026
6531097,615053,Maryville (MO) Saints,615112,Drury Panthers,615112,5,bot,Logan Reidelberger grounded out to 2b (2-1 KBB).,53,2026-04-03 14:00:00-04:00,"Mark Worley Field at Meador Park (Springfield, MO)",0,MBA,2026
6531097,615053,Maryville (MO) Saints,615112,Drury Panthers,615053,6,top,Cooper Walkoff pinch hit for Greyson Rathgeb.,54,2026-04-03 14:00:00-04:00,"Mark Worley Field at Meador Park (Springfield, MO)",0,MBA,2026
6531097,615053,Maryville (MO) Saints,615112,Drury Panthers,615053,6,top,Cooper Walkoff walked (3-0 BBBB).,55,2026-04-03 14:00:00-04:00,"Mark Worley Field at Meador Park (Springfield, MO)",0,MBA,2026
6531097,615053,Maryville (MO) Saints,615112,Drury Panthers,615053,6,top,Coleman Morrison to p for Caden Crask-Weeks.,56,2026-04-03 14:00:00-04:00,"Mark Worley Field at Meador Park (Springfield, MO)",0,MBA,2026
6531097,615053,Maryville (MO) Saints,615112,Drury Panthers,615053,6,top,Matthew Rauser hit by pitch (3-2 KFBBFBH)3a Cooper Walkoff advanced to second.,57,2026-04-03 14:00:00-04:00,"Mark Worley Field at Meador Park (Springfield, MO)",0,MBA,2026
6531097,615053,Maryville (MO) Saints,615112,Drury Panthers,615053,6,top,Jace Burton struck out looking (1-2 BSFK).,58,2026-04-03 14:00:00-04:00,"Mark Worley Field at Meador Park (Springfield, MO)",0,MBA,2026
6531097,615053,Maryville (MO) Saints,615112,Drury Panthers,615053,6,top,"Jack Meyer singled to left field, RBI (2-1 BBK)3a Matthew Rauser advanced to second3a Cooper Walkoff scored.",59,2026-04-03 14:00:00-04:00,"Mark Worley Field at Meador Park (Springfield, MO)",0,MBA,2026
6531097,615053,Maryville (MO) Saints,615112,Drury Panthers,615053,6,top,Dominic Anselmo walked (3-0 BBBB)3a Jack Meyer advanced to second3a Matthew Rauser advanced to third.,60,2026-04-03 14:00:00-04:00,"Mark Worley Field at Meador Park (Springfield, MO)",0,MBA,2026
6531097,615053,Maryville (MO) Saints,615112,Drury Panthers,615053,6,top,"Steven Schneider hit by pitch, RBI (1-0 H)3a Dominic Anselmo advanced to second3a Jack Meyer advanced to third3a Matthew Rauser scored.",61,2026-04-03 14:00:00-04:00,"Mark Worley Field at Meador Park (Springfield, MO)",0,MBA,2026
6531097,615053,Maryville (MO) Saints,615112,Drury Panthers,615053,6,top,Nick Panagos to p for Coleman Morrison.,62,2026-04-03 14:00:00-04:00,"Mark Worley Field at Meador Park (Springfield, MO)",0,MBA,2026
6531097,615053,Maryville (MO) Saints,615112,Drury Panthers,615053,6,top,Nick Daugherty flied out to rf (1-2 KFB).,63,2026-04-03 14:00:00-04:00,"Mark Worley Field at Meador Park (Springfield, MO)",0,MBA,2026
6531097,615053,Maryville (MO) Saints,615112,Drury Panthers,615053,6,top,Brady Kindhart grounded out to 3b (0-0).,64,2026-04-03 14:00:00-04:00,"Mark Worley Field at Meador Park (Springfield, MO)",0,MBA,2026
6531097,615053,Maryville (MO) Saints,615112,Drury Panthers,615112,6,bot,Cooper Walkoff to rf.,65,2026-04-03 14:00:00-04:00,"Mark Worley Field at Meador Park (Springfield, MO)",0,MBA,2026
6531097,615053,Maryville (MO) Saints,615112,Drury Panthers,615112,6,bot,Connor Bain flied out to cf (2-1 KBB).,66,2026-04-03 14:00:00-04:00,"Mark Worley Field at Meador Park (Springfield, MO)",0,MBA,2026
6531097,615053,Maryville (MO) Saints,615112,Drury Panthers,615112,6,bot,Greydon Miller flied out to cf (0-0).,67,2026-04-03 14:00:00-04:00,"Mark Worley Field at Meador Park (Springfield, MO)",0,MBA,2026
6531097,615053,Maryville (MO) Saints,615112,Drury Panthers,615112,6,bot,Caleb Briggs singled to center field (2-2 BKBK).,68,2026-04-03 14:00:00-04:00,"Mark Worley Field at Meador Park (Springfield, MO)",0,MBA,2026
6531097,615053,Maryville (MO) Saints,615112,Drury Panthers,615112,6,bot,Conner Flieg pinch ran for Caleb Briggs.,69,2026-04-03 14:00:00-04:00,"Mark Worley Field at Meador Park (Springfield, MO)",0,MBA,2026
6531097,615053,Maryville (MO) Saints,615112,Drury Panthers,615112,6,bot,"Conner Flieg out at second c to ss, caught stealing.",70,2026-04-03 14:00:00-04:00,"Mark Worley Field at Meador Park (Springfield, MO)",0,MBA,2026
6531097,615053,Maryville (MO) Saints,615112,Drury Panthers,615053,7,top,Conner Flieg to rf.,71,2026-04-03 14:00:00-04:00,"Mark Worley Field at Meador Park (Springfield, MO)",0,MBA,2026
6531097,615053,Maryville (MO) Saints,615112,Drury Panthers,615053,7,top,Justin Gorski pinch hit for Aaris Stolte.,72,2026-04-03 14:00:00-04:00,"Mark Worley Field at Meador Park (Springfield, MO)",0,MBA,2026
6531097,615053,Maryville (MO) Saints,615112,Drury Panthers,615053,7,top,Justin Gorski grounded out to 2b (0-0).,73,2026-04-03 14:00:00-04:00,"Mark Worley Field at Meador Park (Springfield, MO)",0,MBA,2026
6531097,615053,Maryville (MO) Saints,615112,Drury Panthers,615053,7,top,"Cooper Walkoff homered to left center, RBI (0-2 KS).",74,2026-04-03 14:00:00-04:00,"Mark Worley Field at Meador Park (Springfield, MO)",0,MBA,2026
6531097,615053,Maryville (MO) Saints,615112,Drury Panthers,615053,7,top,Matthew Rauser walked (3-2 BBBKFB).,75,2026-04-03 14:00:00-04:00,"Mark Worley Field at Meador Park (Springfield, MO)",0,MBA,2026
6531097,615053,Maryville (MO) Saints,615112,Drury Panthers,615053,7,top,Jace Burton flied out to cf (2-2 KKBB).,76,2026-04-03 14:00:00-04:00,"Mark Worley Field at Meador Park (Springfield, MO)",0,MBA,2026
6531097,615053,Maryville (MO) Saints,615112,Drury Panthers,615053,7,top,Jack Meyer flied out to cf (3-2 BBBKF).,77,2026-04-03 14:00:00-04:00,"Mark Worley Field at Meador Park (Springfield, MO)",0,MBA,2026
6531097,615053,Maryville (MO) Saints,615112,Drury Panthers,615112,7,bot,Justin Gorski to 2b.,78,2026-04-03 14:00:00-04:00,"Mark Worley Field at Meador Park (Springfield, MO)",0,MBA,2026
6531097,615053,Maryville (MO) Saints,615112,Drury Panthers,615112,7,bot,Colin McClure flied out to cf (2-1 SBB).,79,2026-04-03 14:00:00-04:00,"Mark Worley Field at Meador Park (Springfield, MO)",0,MBA,2026
6531097,615053,Maryville (MO) Saints,615112,Drury Panthers,615112,7,bot,Xander Schmitt flied out to lf (3-2 BFFFBB).,80,2026-04-03 14:00:00-04:00,"Mark Worley Field at Meador Park (Springfield, MO)",0,MBA,2026
6531097,615053,Maryville (MO) Saints,615112,Drury Panthers,615112,7,bot,Carter Wambach pinch hit for Landon Willbrand.,81,2026-04-03 14:00:00-04:00,"Mark Worley Field at Meador Park (Springfield, MO)",0,MBA,2026
6531097,615053,Maryville (MO) Saints,615112,Drury Panthers,615112,7,bot,Carter Wambach walked (3-1 BBBKB).,82,2026-04-03 14:00:00-04:00,"Mark Worley Field at Meador Park (Springfield, MO)",0,MBA,2026
6531097,615053,Maryville (MO) Saints,615112,Drury Panthers,615112,7,bot,Kyler Vaughn pinch ran for Carter Wambach.,83,2026-04-03 14:00:00-04:00,"Mark Worley Field at Meador Park (Springfield, MO)",0,MBA,2026
6531097,615053,Maryville (MO) Saints,615112,Drury Panthers,615112,7,bot,Luke Matschiner walked (3-2 FFBBFBFB)3a Kyler Vaughn advanced to second.,84,2026-04-03 14:00:00-04:00,"Mark Worley Field at Meador Park (Springfield, MO)",0,MBA,2026
6531097,615053,Maryville (MO) Saints,615112,Drury Panthers,615112,7,bot,Jackson Crider singled to third base (1-2 FBK)3a Luke Matschiner advanced to second3a Kyler Vaughn advanced to third.,85,2026-04-03 14:00:00-04:00,"Mark Worley Field at Meador Park (Springfield, MO)",0,MBA,2026
6531097,615053,Maryville (MO) Saints,615112,Drury Panthers,615112,7,bot,"Logan Reidelberger reached first on a throwing error by 1b (0-0)3a Jackson Crider advanced to third3a Luke Matschiner scored, unearned3a Kyler Vaughn scored, unearned.",86,2026-04-03 14:00:00-04:00,"Mark Worley Field at Meador Park (Springfield, MO)",0,MBA,2026
6531423,614983,Rogers St. Hillcats,615022,Central Mo. Mules,614983,1,top,Kade Goeke reached first on a throwing error by ss (3-2 BSKBBF).,1,2026-04-03 14:00:00-04:00,"Crane Stadium (Warrensburg, MO)",334,MBA,2026
6531423,614983,Rogers St. Hillcats,615022,Central Mo. Mules,614983,1,top,"Kade Goeke out at second c to 2b, caught stealing.",2,2026-04-03 14:00:00-04:00,"Crane Stadium (Warrensburg, MO)",334,MBA,2026
6531423,614983,Rogers St. Hillcats,615022,Central Mo. Mules,614983,1,top,Andrew Ramirez struck out swinging (3-2 BKSBBS).,3,2026-04-03 14:00:00-04:00,"Crane Stadium (Warrensburg, MO)",334,MBA,2026
6531423,614983,Rogers St. Hillcats,615022,Central Mo. Mules,614983,1,top,Sammy Harris grounded out to 3b (1-2 SKB).,4,2026-04-03 14:00:00-04:00,"Crane Stadium (Warrensburg, MO)",334,MBA,2026
6531423,614983,Rogers St. Hillcats,615022,Central Mo. Mules,615022,1,bot,Cole Kreisel hit by pitch (3-2 KFBBBFH).,5,2026-04-03 14:00:00-04:00,"Crane Stadium (Warrensburg, MO)",334,MBA,2026
6531423,614983,Rogers St. Hillcats,615022,Central Mo. Mules,615022,1,bot,"Cole Kreisel out at second p to 1b to ss, caught stealing.",6,2026-04-03 14:00:00-04:00,"Crane Stadium (Warrensburg, MO)",334,MBA,2026
6531423,614983,Rogers St. Hillcats,615022,Central Mo. Mules,615022,1,bot,Cole Funkhouser reached first on an error by ss (2-2 BBKFF).,7,2026-04-03 14:00:00-04:00,"Crane Stadium (Warrensburg, MO)",334,MBA,2026
6531423,614983,Rogers St. Hillcats,615022,Central Mo. Mules,615022,1,bot,Chase Wilcox flied out to cf to left center (1-1 KB).,8,2026-04-03 14:00:00-04:00,"Crane Stadium (Warrensburg, MO)",334,MBA,2026
6531423,614983,Rogers St. Hillcats,615022,Central Mo. Mules,615022,1,bot,Brock Kobel reached first on an error by ss (1-0 B)3a Cole Funkhouser advanced to second.,9,2026-04-03 14:00:00-04:00,"Crane Stadium (Warrensburg, MO)",334,MBA,2026
6531423,614983,Rogers St. Hillcats,615022,Central Mo. Mules,615022,1,bot,"Brock Kobel stole second, advanced to third3a Cole Funkhouser stole third, scored on a throwing error by c, unearned.",10,2026-04-03 14:00:00-04:00,"Crane Stadium (Warrensburg, MO)",334,MBA,2026
6531423,614983,Rogers St. Hillcats,615022,Central Mo. Mules,615022,1,bot,Kaiden Ashton struck out looking (2-2 KBKBK).,11,2026-04-03 14:00:00-04:00,"Crane Stadium (Warrensburg, MO)",334,MBA,2026
6531423,614983,Rogers St. Hillcats,615022,Central Mo. Mules,614983,2,top,Andres Contreras singled to second base (2-1 BKB).,12,2026-04-03 14:00:00-04:00,"Crane Stadium (Warrensburg, MO)",334,MBA,2026
6531423,614983,Rogers St. Hillcats,615022,Central Mo. Mules,614983,2,top,Jake Mitchell struck out swinging (2-2 BKBKS).,13,2026-04-03 14:00:00-04:00,"Crane Stadium (Warrensburg, MO)",334,MBA,2026
6531423,614983,Rogers St. Hillcats,615022,Central Mo. Mules,614983,2,top,Andres Contreras advanced to second on a wild pitch.,14,2026-04-03 14:00:00-04:00,"Crane Stadium (Warrensburg, MO)",334,MBA,2026
6531423,614983,Rogers St. Hillcats,615022,Central Mo. Mules,614983,2,top,Nathan Gutierrez out at first 1b to p (2-2 KBBS)3a Andres Contreras advanced to third.,15,2026-04-03 14:00:00-04:00,"Crane Stadium (Warrensburg, MO)",334,MBA,2026
6531423,614983,Rogers St. Hillcats,615022,Central Mo. Mules,614983,2,top,Gavin Gamino walked (3-1 BBFBB).,16,2026-04-03 14:00:00-04:00,"Crane Stadium (Warrensburg, MO)",334,MBA,2026
6531423,614983,Rogers St. Hillcats,615022,Central Mo. Mules,614983,2,top,Blake Conrad grounded out to 3b (2-2 BFBK).,17,2026-04-03 14:00:00-04:00,"Crane Stadium (Warrensburg, MO)",334,MBA,2026
6531423,614983,Rogers St. Hillcats,615022,Central Mo. Mules,615022,2,bot,Ryker Edwards grounded out p to ss to 1b (2-2 BBKF).,18,2026-04-03 14:00:00-04:00,"Crane Stadium (Warrensburg, MO)",334,MBA,2026
6531423,614983,Rogers St. Hillcats,615022,Central Mo. Mules,615022,2,bot,"Cody Moore reached first on a throwing error by 3b, advanced to second (1-1 KB).",19,2026-04-03 14:00:00-04:00,"Crane Stadium (Warrensburg, MO)",334,MBA,2026
6531423,614983,Rogers St. Hillcats,615022,Central Mo. Mules,615022,2,bot,Cole Young grounded out to 1b unassisted (1-0 B)3a Cody Moore advanced to third.,20,2026-04-03 14:00:00-04:00,"Crane Stadium (Warrensburg, MO)",334,MBA,2026
6531423,614983,Rogers St. Hillcats,615022,Central Mo. Mules,615022,2,bot,Kaleb Ceola walked (3-2 BKBBKB).,21,2026-04-03 14:00:00-04:00,"Crane Stadium (Warrensburg, MO)",334,MBA,2026
6531423,614983,Rogers St. Hillcats,615022,Central Mo. Mules,615022,2,bot,Cole Kreisel walked (3-1 BBBKB)3a Kaleb Ceola advanced to second.,22,2026-04-03 14:00:00-04:00,"Crane Stadium (Warrensburg, MO)",334,MBA,2026
6531423,614983,Rogers St. Hillcats,615022,Central Mo. Mules,615022,2,bot,Cole Funkhouser reached on a fielder's choice (0-1 K)3a Cole Kreisel out at second ss to 2b.,23,2026-04-03 14:00:00-04:00,"Crane Stadium (Warrensburg, MO)",334,MBA,2026
6531423,614983,Rogers St. Hillcats,615022,Central Mo. Mules,614983,3,top,"Luis Fuentes homered down the lf line, RBI (1-0 B).",24,2026-04-03 14:00:00-04:00,"Crane Stadium (Warrensburg, MO)",334,MBA,2026
6531423,614983,Rogers St. Hillcats,615022,Central Mo. Mules,614983,3,top,Kade Goeke grounded out to 3b (0-1 F).,25,2026-04-03 14:00:00-04:00,"Crane Stadium (Warrensburg, MO)",334,MBA,2026
6531423,614983,Rogers St. Hillcats,615022,Central Mo. Mules,614983,3,top,Andrew Ramirez struck out swinging (2-2 BBKKS).,26,2026-04-03 14:00:00-04:00,"Crane Stadium (Warrensburg, MO)",334,MBA,2026
6531423,614983,Rogers St. Hillcats,615022,Central Mo. Mules,614983,3,top,Sammy Harris struck out swinging (2-2 FKBFBS).,27,2026-04-03 14:00:00-04:00,"Crane Stadium (Warrensburg, MO)",334,MBA,2026
6531423,614983,Rogers St. Hillcats,615022,Central Mo. Mules,615022,3,bot,Chase Wilcox flied out to lf (1-1 KB).,28,2026-04-03 14:00:00-04:00,"Crane Stadium (Warrensburg, MO)",334,MBA,2026
6531423,614983,Rogers St. Hillcats,615022,Central Mo. Mules,615022,3,bot,Brock Kobel struck out looking (3-2 KBBBKK).,29,2026-04-03 14:00:00-04:00,"Crane Stadium (Warrensburg, MO)",334,MBA,2026
6531423,614983,Rogers St. Hillcats,615022,Central Mo. Mules,615022,3,bot,Kaiden Ashton grounded out to ss (0-0).,30,2026-04-03 14:00:00-04:00,"Crane Stadium (Warrensburg, MO)",334,MBA,2026
6531423,614983,Rogers St. Hillcats,615022,Central Mo. Mules,614983,4,top,Andres Contreras walked (3-0 BBBB).,31,2026-04-03 14:00:00-04:00,"Crane Stadium (Warrensburg, MO)",334,MBA,2026
6531423,614983,Rogers St. Hillcats,615022,Central Mo. Mules,614983,4,top,Jake Mitchell reached on a fielder's choice (2-2 BBKFF)3a Andres Contreras out at second 3b to 2b.,32,2026-04-03 14:00:00-04:00,"Crane Stadium (Warrensburg, MO)",334,MBA,2026
6531423,614983,Rogers St. Hillcats,615022,Central Mo. Mules,614983,4,top,Jake Mitchell stole second.,33,2026-04-03 14:00:00-04:00,"Crane Stadium (Warrensburg, MO)",334,MBA,2026
6531423,614983,Rogers St. Hillcats,615022,Central Mo. Mules,614983,4,top,Jake Mitchell advanced to third on a wild pitch.,34,2026-04-03 14:00:00-04:00,"Crane Stadium (Warrensburg, MO)",334,MBA,2026
6531423,614983,Rogers St. Hillcats,615022,Central Mo. Mules,614983,4,top,Nathan Gutierrez walked (3-1 BBBKB).,35,2026-04-03 14:00:00-04:00,"Crane Stadium (Warrensburg, MO)",334,MBA,2026
6531423,614983,Rogers St. Hillcats,615022,Central Mo. Mules,614983,4,top,Cale Wilson to p for Greyson Chappel.,36,2026-04-03 14:00:00-04:00,"Crane Stadium (Warrensburg, MO)",334,MBA,2026
6531423,614983,Rogers St. Hillcats,615022,Central Mo. Mules,614983,4,top,Gavin Gamino struck out swinging (2-2 SBBFFS).,37,2026-04-03 14:00:00-04:00,"Crane Stadium (Warrensburg, MO)",334,MBA,2026
6531423,614983,Rogers St. Hillcats,615022,Central Mo. Mules,614983,4,top,Blake Conrad hit by pitch (1-0 H)3a Nathan Gutierrez advanced to second.,38,2026-04-03 14:00:00-04:00,"Crane Stadium (Warrensburg, MO)",334,MBA,2026
6531423,614983,Rogers St. Hillcats,615022,Central Mo. Mules,614983,4,top,"Luis Fuentes hit by pitch, RBI (2-0 BH)3a Blake Conrad advanced to second3a Nathan Gutierrez advanced to third3a Jake Mitchell scored.",39,2026-04-03 14:00:00-04:00,"Crane Stadium (Warrensburg, MO)",334,MBA,2026
6531423,614983,Rogers St. Hillcats,615022,Central Mo. Mules,614983,4,top,"Kade Goeke walked, RBI (3-0 BBBB)3a Luis Fuentes advanced to second3a Blake Conrad advanced to third3a Nathan Gutierrez scored.",40,2026-04-03 14:00:00-04:00,"Crane Stadium (Warrensburg, MO)",334,MBA,2026
6531423,614983,Rogers St. Hillcats,615022,Central Mo. Mules,614983,4,top,Chris Massey to p for Cale Wilson.,41,2026-04-03 14:00:00-04:00,"Crane Stadium (Warrensburg, MO)",334,MBA,2026
6531423,614983,Rogers St. Hillcats,615022,Central Mo. Mules,614983,4,top,Andrew Ramirez reached on a fielder's choice (0-1 K)3a Kade Goeke out at second ss to 2b.,42,2026-04-03 14:00:00-04:00,"Crane Stadium (Warrensburg, MO)",334,MBA,2026
6531423,614983,Rogers St. Hillcats,615022,Central Mo. Mules,615022,4,bot,Ryker Edwards singled to first base (1-2 BKF).,43,2026-04-03 14:00:00-04:00,"Crane Stadium (Warrensburg, MO)",334,MBA,2026
6531423,614983,Rogers St. Hillcats,615022,Central Mo. Mules,615022,4,bot,Cody Moore struck out swinging (0-2 SKS).,44,2026-04-03 14:00:00-04:00,"Crane Stadium (Warrensburg, MO)",334,MBA,2026
6531423,614983,Rogers St. Hillcats,615022,Central Mo. Mules,615022,4,bot,"Cole Young grounded out to p, bunt (0-1 K)3a Ryker Edwards advanced to second.",45,2026-04-03 14:00:00-04:00,"Crane Stadium (Warrensburg, MO)",334,MBA,2026
6531423,614983,Rogers St. Hillcats,615022,Central Mo. Mules,615022,4,bot,Kaleb Ceola flied out to rf (0-0).,46,2026-04-03 14:00:00-04:00,"Crane Stadium (Warrensburg, MO)",334,MBA,2026
6531423,614983,Rogers St. Hillcats,615022,Central Mo. Mules,614983,5,top,Gavin Williams to p for Chris Massey.,47,2026-04-03 14:00:00-04:00,"Crane Stadium (Warrensburg, MO)",334,MBA,2026
6531423,614983,Rogers St. Hillcats,615022,Central Mo. Mules,614983,5,top,Sammy Harris fouled out to rf (1-0 B).,48,2026-04-03 14:00:00-04:00,"Crane Stadium (Warrensburg, MO)",334,MBA,2026
6531423,614983,Rogers St. Hillcats,615022,Central Mo. Mules,614983,5,top,Andres Contreras grounded out to 2b (1-0 B).,49,2026-04-03 14:00:00-04:00,"Crane Stadium (Warrensburg, MO)",334,MBA,2026
6531423,614983,Rogers St. Hillcats,615022,Central Mo. Mules,614983,5,top,Jake Mitchell struck out looking (3-2 KBKBFFBK).,50,2026-04-03 14:00:00-04:00,"Crane Stadium (Warrensburg, MO)",334,MBA,2026
6531423,614983,Rogers St. Hillcats,615022,Central Mo. Mules,615022,5,bot,"Cole Kreisel singled to pitcher, bunt (1-0 B).",51,2026-04-03 14:00:00-04:00,"Crane Stadium (Warrensburg, MO)",334,MBA,2026
6531423,614983,Rogers St. Hillcats,615022,Central Mo. Mules,615022,5,bot,Cole Funkhouser doubled to left field (2-1 BKB)3a Cole Kreisel advanced to third.,52,2026-04-03 14:00:00-04:00,"Crane Stadium (Warrensburg, MO)",334,MBA,2026
6531423,614983,Rogers St. Hillcats,615022,Central Mo. Mules,615022,5,bot,"Chase Wilcox lined out to rf, sacrifice fly, RBI (0-2 FK)3a Cole Funkhouser advanced to third3a Cole Kreisel scored.",53,2026-04-03 14:00:00-04:00,"Crane Stadium (Warrensburg, MO)",334,MBA,2026
6531423,614983,Rogers St. Hillcats,615022,Central Mo. Mules,615022,5,bot,Brock Kobel struck out swinging (1-2 KBSS).,54,2026-04-03 14:00:00-04:00,"Crane Stadium (Warrensburg, MO)",334,MBA,2026
6531423,614983,Rogers St. Hillcats,615022,Central Mo. Mules,615022,5,bot,Kaiden Ashton walked (3-0 BBBB).,55,2026-04-03 14:00:00-04:00,"Crane Stadium (Warrensburg, MO)",334,MBA,2026
6531423,614983,Rogers St. Hillcats,615022,Central Mo. Mules,615022,5,bot,Elijah Knowlton to p for Dillon Dibrell.,56,2026-04-03 14:00:00-04:00,"Crane Stadium (Warrensburg, MO)",334,MBA,2026
6531423,614983,Rogers St. Hillcats,615022,Central Mo. Mules,615022,5,bot,Kaiden Ashton stole second.,57,2026-04-03 14:00:00-04:00,"Crane Stadium (Warrensburg, MO)",334,MBA,2026
6531423,614983,Rogers St. Hillcats,615022,Central Mo. Mules,615022,5,bot,Ryker Edwards grounded out to ss (2-2 BFFB).,58,2026-04-03 14:00:00-04:00,"Crane Stadium (Warrensburg, MO)",334,MBA,2026
6531423,614983,Rogers St. Hillcats,615022,Central Mo. Mules,614983,6,top,Nathan Gutierrez grounded out to ss (0-1 K).,59,2026-04-03 14:00:00-04:00,"Crane Stadium (Warrensburg, MO)",334,MBA,2026
6531423,614983,Rogers St. Hillcats,615022,Central Mo. Mules,614983,6,top,Gavin Gamino grounded out to 3b (0-1 K).,60,2026-04-03 14:00:00-04:00,"Crane Stadium (Warrensburg, MO)",334,MBA,2026
6531423,614983,Rogers St. Hillcats,615022,Central Mo. Mules,614983,6,top,Blake Conrad grounded out to ss (2-1 FBB).,61,2026-04-03 14:00:00-04:00,"Crane Stadium (Warrensburg, MO)",334,MBA,2026
6531423,614983,Rogers St. Hillcats,615022,Central Mo. Mules,615022,6,bot,Cody Moore struck out looking (2-2 KBBFK).,62,2026-04-03 14:00:00-04:00,"Crane Stadium (Warrensburg, MO)",334,MBA,2026
6531423,614983,Rogers St. Hillcats,615022,Central Mo. Mules,615022,6,bot,Cole Young fouled out to c (1-1 BK).,63,2026-04-03 14:00:00-04:00,"Crane Stadium (Warrensburg, MO)",334,MBA,2026
6531423,614983,Rogers St. Hillcats,615022,Central Mo. Mules,615022,6,bot,Kaleb Ceola singled to shortstop (3-2 BBKBK).,64,2026-04-03 14:00:00-04:00,"Crane Stadium (Warrensburg, MO)",334,MBA,2026
6531423,614983,Rogers St. Hillcats,615022,Central Mo. Mules,615022,6,bot,Cole Kreisel walked (3-1 BBFBB)3a Kaleb Ceola advanced to second.,65,2026-04-03 14:00:00-04:00,"Crane Stadium (Warrensburg, MO)",334,MBA,2026
6531423,614983,Rogers St. Hillcats,615022,Central Mo. Mules,615022,6,bot,Cole Funkhouser walked (3-2 KBBBFB)3a Cole Kreisel advanced to second3a Kaleb Ceola advanced to third.,66,2026-04-03 14:00:00-04:00,"Crane Stadium (Warrensburg, MO)",334,MBA,2026
6531423,614983,Rogers St. Hillcats,615022,Central Mo. Mules,615022,6,bot,Mason Trotter to p for Elijah Knowlton.,67,2026-04-03 14:00:00-04:00,"Crane Stadium (Warrensburg, MO)",334,MBA,2026
6531423,614983,Rogers St. Hillcats,615022,Central Mo. Mules,615022,6,bot,Chase Wilcox grounded out to 1b unassisted (0-1 K).,68,2026-04-03 14:00:00-04:00,"Crane Stadium (Warrensburg, MO)",334,MBA,2026
6531423,614983,Rogers St. Hillcats,615022,Central Mo. Mules,614983,7,top,Luis Fuentes walked (3-2 SFBBBB).,69,2026-04-03 14:00:00-04:00,"Crane Stadium (Warrensburg, MO)",334,MBA,2026
6531423,614983,Rogers St. Hillcats,615022,Central Mo. Mules,614983,7,top,"Kade Goeke grounded out to p, SAC, bunt (1-1 FB)3a Luis Fuentes advanced to second.",70,2026-04-03 14:00:00-04:00,"Crane Stadium (Warrensburg, MO)",334,MBA,2026
6531423,614983,Rogers St. Hillcats,615022,Central Mo. Mules,614983,7,top,"Andrew Ramirez singled to center field, RBI (3-2 KKBFBB)3a Luis Fuentes scored.",71,2026-04-03 14:00:00-04:00,"Crane Stadium (Warrensburg, MO)",334,MBA,2026
6531423,614983,Rogers St. Hillcats,615022,Central Mo. Mules,614983,7,top,Sammy Harris flied out to lf (1-0 B).,72,2026-04-03 14:00:00-04:00,"Crane Stadium (Warrensburg, MO)",334,MBA,2026
6531423,614983,Rogers St. Hillcats,615022,Central Mo. Mules,614983,7,top,Andres Contreras flied out to cf (2-1 BBF).,73,2026-04-03 14:00:00-04:00,"Crane Stadium (Warrensburg, MO)",334,MBA,2026
6531423,614983,Rogers St. Hillcats,615022,Central Mo. Mules,615022,7,bot,Drew Veatch pinch hit for Brock Kobel.,74,2026-04-03 14:00:00-04:00,"Crane Stadium (Warrensburg, MO)",334,MBA,2026
6531423,614983,Rogers St. Hillcats,615022,Central Mo. Mules,615022,7,bot,Drew Veatch walked (3-2 KFFBFBBB).,75,2026-04-03 14:00:00-04:00,"Crane Stadium (Warrensburg, MO)",334,MBA,2026
6531423,614983,Rogers St. Hillcats,615022,Central Mo. Mules,615022,7,bot,Drew Veatch stole second.,76,2026-04-03 14:00:00-04:00,"Crane Stadium (Warrensburg, MO)",334,MBA,2026
6531423,614983,Rogers St. Hillcats,615022,Central Mo. Mules,615022,7,bot,Kaiden Ashton struck out swinging (2-2 KBBFS).,77,2026-04-03 14:00:00-04:00,"Crane Stadium (Warrensburg, MO)",334,MBA,2026
6531423,614983,Rogers St. Hillcats,615022,Central Mo. Mules,615022,7,bot,Ryker Edwards walked (3-1 BBBKB).,78,2026-04-03 14:00:00-04:00,"Crane Stadium (Warrensburg, MO)",334,MBA,2026
6531423,614983,Rogers St. Hillcats,615022,Central Mo. Mules,615022,7,bot,Ricardo Landeros to p for Mason Trotter.,79,2026-04-03 14:00:00-04:00,"Crane Stadium (Warrensburg, MO)",334,MBA,2026
6531423,614983,Rogers St. Hillcats,615022,Central Mo. Mules,615022,7,bot,Evan Vienhage pinch hit for Cody Moore.,80,2026-04-03 14:00:00-04:00,"Crane Stadium (Warrensburg, MO)",334,MBA,2026
6531423,614983,Rogers St. Hillcats,615022,Central Mo. Mules,615022,7,bot,Evan Vienhage grounded into double play 3b to 1b (0-1 K)3a Ryker Edwards advanced to second3a Drew Veatch out on the play.,81,2026-04-03 14:00:00-04:00,"Crane Stadium (Warrensburg, MO)",334,MBA,2026
6531423,614983,Rogers St. Hillcats,615022,Central Mo. Mules,614983,8,top,Drew Veatch to rf.,82,2026-04-03 14:00:00-04:00,"Crane Stadium (Warrensburg, MO)",334,MBA,2026
6531423,614983,Rogers St. Hillcats,615022,Central Mo. Mules,614983,8,top,Jake Mitchell grounded out to 3b (2-2 KBFB).,83,2026-04-03 14:00:00-04:00,"Crane Stadium (Warrensburg, MO)",334,MBA,2026
6531423,614983,Rogers St. Hillcats,615022,Central Mo. Mules,614983,8,top,Nathan Gutierrez lined out to ss (1-2 BKS).,84,2026-04-03 14:00:00-04:00,"Crane Stadium (Warrensburg, MO)",334,MBA,2026
6531423,614983,Rogers St. Hillcats,615022,Central Mo. Mules,614983,8,top,Gavin Gamino grounded out to ss (0-1 K).,85,2026-04-03 14:00:00-04:00,"Crane Stadium (Warrensburg, MO)",334,MBA,2026
6531423,614983,Rogers St. Hillcats,615022,Central Mo. Mules,615022,8,bot,Cole Young grounded out to ss (2-2 BFBFF).,86,2026-04-03 14:00:00-04:00,"Crane Stadium (Warrensburg, MO)",334,MBA,2026
6531423,614983,Rogers St. Hillcats,615022,Central Mo. Mules,615022,8,bot,Kaleb Ceola hit by pitch (3-2 KBBBKH).,87,2026-04-03 14:00:00-04:00,"Crane Stadium (Warrensburg, MO)",334,MBA,2026
6531423,614983,Rogers St. Hillcats,615022,Central Mo. Mules,615022,8,bot,Cole Kreisel grounded out to c unassisted (0-1 S).,88,2026-04-03 14:00:00-04:00,"Crane Stadium (Warrensburg, MO)",334,MBA,2026
6531423,614983,Rogers St. Hillcats,615022,Central Mo. Mules,615022,8,bot,Cole Funkhouser doubled to left field (0-1 K)3a Kaleb Ceola advanced to third.,89,2026-04-03 14:00:00-04:00,"Crane Stadium (Warrensburg, MO)",334,MBA,2026
6531423,614983,Rogers St. Hillcats,615022,Central Mo. Mules,615022,8,bot,Chase Wilcox flied out to cf to left center (1-0 B).,90,2026-04-03 14:00:00-04:00,"Crane Stadium (Warrensburg, MO)",334,MBA,2026
6531423,614983,Rogers St. Hillcats,615022,Central Mo. Mules,614983,9,top,Blake Conrad doubled to left field (1-1 BK).,91,2026-04-03 14:00:00-04:00,"Crane Stadium (Warrensburg, MO)",334,MBA,2026
6531423,614983,Rogers St. Hillcats,615022,Central Mo. Mules,614983,9,top,Luis Fuentes grounded out to ss (0-1 F)3a Blake Conrad advanced to third.,92,2026-04-03 14:00:00-04:00,"Crane Stadium (Warrensburg, MO)",334,MBA,2026
6531423,614983,Rogers St. Hillcats,615022,Central Mo. Mules,614983,9,top,"Kade Goeke flied out to lf, sacrifice fly, RBI (0-0)3a Blake Conrad scored.",93,2026-04-03 14:00:00-04:00,"Crane Stadium (Warrensburg, MO)",334,MBA,2026
6531423,614983,Rogers St. Hillcats,615022,Central Mo. Mules,614983,9,top,Andrew Ramirez grounded out to 3b (1-1 KB).,94,2026-04-03 14:00:00-04:00,"Crane Stadium (Warrensburg, MO)",334,MBA,2026
6531423,614983,Rogers St. Hillcats,615022,Central Mo. Mules,615022,9,bot,Drew Veatch singled to left field (0-2 KF).,95,2026-04-03 14:00:00-04:00,"Crane Stadium (Warrensburg, MO)",334,MBA,2026
6531423,614983,Rogers St. Hillcats,615022,Central Mo. Mules,615022,9,bot,Kaiden Ashton reached on a fielder's choice (1-1 FB)3a Drew Veatch out at second ss to 2b.,96,2026-04-03 14:00:00-04:00,"Crane Stadium (Warrensburg, MO)",334,MBA,2026
6531423,614983,Rogers St. Hillcats,615022,Central Mo. Mules,615022,9,bot,Ryker Edwards singled to left field (2-2 KFFBB)3a Kaiden Ashton advanced to second.,97,2026-04-03 14:00:00-04:00,"Crane Stadium (Warrensburg, MO)",334,MBA,2026
6531423,614983,Rogers St. Hillcats,615022,Central Mo. Mules,615022,9,bot,Michael Smosna pinch hit for Evan Vienhage.,98,2026-04-03 14:00:00-04:00,"Crane Stadium (Warrensburg, MO)",334,MBA,2026
6531423,614983,Rogers St. Hillcats,615022,Central Mo. Mules,615022,9,bot,Michael Smosna struck out swinging (0-2 SKS).,99,2026-04-03 14:00:00-04:00,"Crane Stadium (Warrensburg, MO)",334,MBA,2026
6531423,614983,Rogers St. Hillcats,615022,Central Mo. Mules,615022,9,bot,Cole Young reached on a fielder's choice (1-2 KKFFBF)3a Ryker Edwards out at second ss to 2b.,100,2026-04-03 14:00:00-04:00,"Crane Stadium (Warrensburg, MO)",334,MBA,2026
6532028,615148,Augustana (IL) Vikings,615202,Elmhurst Bluejays,615148,1,top,Riley Hendren popped out to c (3-1 KBBB).,1,2026-04-03 14:00:00-04:00,"Butterfield Park (Elmhurst, IL)",103,MBA,2026
6532028,615148,Augustana (IL) Vikings,615202,Elmhurst Bluejays,615148,1,top,AJ Macak flied out to lf (1-0 B).,2,2026-04-03 14:00:00-04:00,"Butterfield Park (Elmhurst, IL)",103,MBA,2026
6532028,615148,Augustana (IL) Vikings,615202,Elmhurst Bluejays,615148,1,top,Kaileb Hackman grounded out to 1b unassisted (1-0 B).,3,2026-04-03 14:00:00-04:00,"Butterfield Park (Elmhurst, IL)",103,MBA,2026
6532028,615148,Augustana (IL) Vikings,615202,Elmhurst Bluejays,615202,1,bot,Marty Fraga flied out to lf (1-1 BF).,4,2026-04-03 14:00:00-04:00,"Butterfield Park (Elmhurst, IL)",103,MBA,2026
6532028,615148,Augustana (IL) Vikings,615202,Elmhurst Bluejays,615202,1,bot,Timothy O'Connell grounded out to ss (2-2 BFFB).,5,2026-04-03 14:00:00-04:00,"Butterfield Park (Elmhurst, IL)",103,MBA,2026
6532028,615148,Augustana (IL) Vikings,615202,Elmhurst Bluejays,615202,1,bot,Evan Johnson popped out to c (2-1 BKB).,6,2026-04-03 14:00:00-04:00,"Butterfield Park (Elmhurst, IL)",103,MBA,2026
6532028,615148,Augustana (IL) Vikings,615202,Elmhurst Bluejays,615148,2,top,Charlie Bergin struck out swinging (1-2 KFBS).,7,2026-04-03 14:00:00-04:00,"Butterfield Park (Elmhurst, IL)",103,MBA,2026
6532028,615148,Augustana (IL) Vikings,615202,Elmhurst Bluejays,615148,2,top,Zach Quimby walked (3-2 KBKBFBB).,8,2026-04-03 14:00:00-04:00,"Butterfield Park (Elmhurst, IL)",103,MBA,2026
6532028,615148,Augustana (IL) Vikings,615202,Elmhurst Bluejays,615148,2,top,Braiden Elliott grounded out to 3b (2-2 BBKK); Zach Quimby advanced to second.,9,2026-04-03 14:00:00-04:00,"Butterfield Park (Elmhurst, IL)",103,MBA,2026
6532028,615148,Augustana (IL) Vikings,615202,Elmhurst Bluejays,615148,2,top,Ryan Theile hit by pitch (3-1 BBFH).,10,2026-04-03 14:00:00-04:00,"Butterfield Park (Elmhurst, IL)",103,MBA,2026
6532028,615148,Augustana (IL) Vikings,615202,Elmhurst Bluejays,615148,2,top,Carson Vitry hit by pitch (2-1 KBH); Ryan Theile advanced to second; Zach Quimby advanced to third.,11,2026-04-03 14:00:00-04:00,"Butterfield Park (Elmhurst, IL)",103,MBA,2026
6532028,615148,Augustana (IL) Vikings,615202,Elmhurst Bluejays,615148,2,top,Christian Clark struck out looking (3-2 BBBKKK).,12,2026-04-03 14:00:00-04:00,"Butterfield Park (Elmhurst, IL)",103,MBA,2026
6532028,615148,Augustana (IL) Vikings,615202,Elmhurst Bluejays,615202,2,bot,Rock Smith grounded out to ss (0-1 F).,13,2026-04-03 14:00:00-04:00,"Butterfield Park (Elmhurst, IL)",103,MBA,2026
6532028,615148,Augustana (IL) Vikings,615202,Elmhurst Bluejays,615202,2,bot,Zach Konrad singled through the right side (1-1 KB).,14,2026-04-03 14:00:00-04:00,"Butterfield Park (Elmhurst, IL)",103,MBA,2026
6532028,615148,Augustana (IL) Vikings,615202,Elmhurst Bluejays,615202,2,bot,Brett Vercruysse struck out swinging (1-2 KSBFS).,15,2026-04-03 14:00:00-04:00,"Butterfield Park (Elmhurst, IL)",103,MBA,2026
6532028,615148,Augustana (IL) Vikings,615202,Elmhurst Bluejays,615202,2,bot,Zach Konrad advanced to second on a balk.,16,2026-04-03 14:00:00-04:00,"Butterfield Park (Elmhurst, IL)",103,MBA,2026
6532028,615148,Augustana (IL) Vikings,615202,Elmhurst Bluejays,615202,2,bot,Connor Drowns struck out swinging (3-2 BBKFBS).,17,2026-04-03 14:00:00-04:00,"Butterfield Park (Elmhurst, IL)",103,MBA,2026
6532028,615148,Augustana (IL) Vikings,615202,Elmhurst Bluejays,615148,3,top,Riley Hendren singled through the right side (2-2 BKKB).,18,2026-04-03 14:00:00-04:00,"Butterfield Park (Elmhurst, IL)",103,MBA,2026
6532028,615148,Augustana (IL) Vikings,615202,Elmhurst Bluejays,615148,3,top,Riley Hendren stole second.,19,2026-04-03 14:00:00-04:00,"Butterfield Park (Elmhurst, IL)",103,MBA,2026
6532028,615148,Augustana (IL) Vikings,615202,Elmhurst Bluejays,615148,3,top,AJ Macak walked (3-1 BBBKB).,20,2026-04-03 14:00:00-04:00,"Butterfield Park (Elmhurst, IL)",103,MBA,2026
6532028,615148,Augustana (IL) Vikings,615202,Elmhurst Bluejays,615148,3,top,"Riley Hendren out at second p to ss to 3b, picked off.",21,2026-04-03 14:00:00-04:00,"Butterfield Park (Elmhurst, IL)",103,MBA,2026
6532028,615148,Augustana (IL) Vikings,615202,Elmhurst Bluejays,615148,3,top,AJ Macak advanced to second.,22,2026-04-03 14:00:00-04:00,"Butterfield Park (Elmhurst, IL)",103,MBA,2026
6532028,615148,Augustana (IL) Vikings,615202,Elmhurst Bluejays,615148,3,top,Kaileb Hackman lined out to 3b (1-0 B).,23,2026-04-03 14:00:00-04:00,"Butterfield Park (Elmhurst, IL)",103,MBA,2026
6532028,615148,Augustana (IL) Vikings,615202,Elmhurst Bluejays,615148,3,top,Charlie Bergin grounded out to ss (0-2 FF).,24,2026-04-03 14:00:00-04:00,"Butterfield Park (Elmhurst, IL)",103,MBA,2026
6532028,615148,Augustana (IL) Vikings,615202,Elmhurst Bluejays,615202,3,bot,Landon Truong struck out looking (2-2 BKKBK).,25,2026-04-03 14:00:00-04:00,"Butterfield Park (Elmhurst, IL)",103,MBA,2026
6532028,615148,Augustana (IL) Vikings,615202,Elmhurst Bluejays,615202,3,bot,Adan Nieves doubled to left center (0-1 K).,26,2026-04-03 14:00:00-04:00,"Butterfield Park (Elmhurst, IL)",103,MBA,2026
6532028,615148,Augustana (IL) Vikings,615202,Elmhurst Bluejays,615202,3,bot,"Marty Fraga singled to third base, bunt (0-0); Adan Nieves advanced to third.",27,2026-04-03 14:00:00-04:00,"Butterfield Park (Elmhurst, IL)",103,MBA,2026
6532028,615148,Augustana (IL) Vikings,615202,Elmhurst Bluejays,615202,3,bot,"Timothy O'Connell flied out to rf, sacrifice fly, RBI (2-1 BBK); Adan Nieves scored.",28,2026-04-03 14:00:00-04:00,"Butterfield Park (Elmhurst, IL)",103,MBA,2026
6532028,615148,Augustana (IL) Vikings,615202,Elmhurst Bluejays,615202,3,bot,"Evan Johnson singled up the middle, advanced to second on the throw (1-2 KKB); Marty Fraga advanced to third.",29,2026-04-03 14:00:00-04:00,"Butterfield Park (Elmhurst, IL)",103,MBA,2026
6532028,615148,Augustana (IL) Vikings,615202,Elmhurst Bluejays,615202,3,bot,Rock Smith struck out looking (2-2 KBBFK).,30,2026-04-03 14:00:00-04:00,"Butterfield Park (Elmhurst, IL)",103,MBA,2026
6532028,615148,Augustana (IL) Vikings,615202,Elmhurst Bluejays,615148,4,top,Zach Quimby grounded out to ss (1-2 KKB).,31,2026-04-03 14:00:00-04:00,"Butterfield Park (Elmhurst, IL)",103,MBA,2026
6532028,615148,Augustana (IL) Vikings,615202,Elmhurst Bluejays,615148,4,top,Braiden Elliott singled to right center (2-2 BBSK).,32,2026-04-03 14:00:00-04:00,"Butterfield Park (Elmhurst, IL)",103,MBA,2026
6532028,615148,Augustana (IL) Vikings,615202,Elmhurst Bluejays,615148,4,top,Ryan Theile flied out to lf (1-2 FKB).,33,2026-04-03 14:00:00-04:00,"Butterfield Park (Elmhurst, IL)",103,MBA,2026
6532028,615148,Augustana (IL) Vikings,615202,Elmhurst Bluejays,615148,4,top,Braiden Elliott stole second.,34,2026-04-03 14:00:00-04:00,"Butterfield Park (Elmhurst, IL)",103,MBA,2026
6532028,615148,Augustana (IL) Vikings,615202,Elmhurst Bluejays,615148,4,top,Carson Vitry flied out to rf (3-2 KBBKFFB).,35,2026-04-03 14:00:00-04:00,"Butterfield Park (Elmhurst, IL)",103,MBA,2026
6532028,615148,Augustana (IL) Vikings,615202,Elmhurst Bluejays,615202,4,bot,Zach Konrad grounded out to ss (2-0 BB).,36,2026-04-03 14:00:00-04:00,"Butterfield Park (Elmhurst, IL)",103,MBA,2026
6532028,615148,Augustana (IL) Vikings,615202,Elmhurst Bluejays,615202,4,bot,Brett Vercruysse struck out looking (3-2 FBKBKBF).,37,2026-04-03 14:00:00-04:00,"Butterfield Park (Elmhurst, IL)",103,MBA,2026
6532028,615148,Augustana (IL) Vikings,615202,Elmhurst Bluejays,615202,4,bot,Connor Drowns struck out swinging (1-2 KBKS).,38,2026-04-03 14:00:00-04:00,"Butterfield Park (Elmhurst, IL)",103,MBA,2026
6532028,615148,Augustana (IL) Vikings,615202,Elmhurst Bluejays,615148,5,top,Christian Clark flied out to cf (1-0 B).,39,2026-04-03 14:00:00-04:00,"Butterfield Park (Elmhurst, IL)",103,MBA,2026
6532028,615148,Augustana (IL) Vikings,615202,Elmhurst Bluejays,615148,5,top,Riley Hendren hit by pitch (2-0 BH).,40,2026-04-03 14:00:00-04:00,"Butterfield Park (Elmhurst, IL)",103,MBA,2026
6532028,615148,Augustana (IL) Vikings,615202,Elmhurst Bluejays,615148,5,top,AJ Macak flied out to cf (0-2 FK).,41,2026-04-03 14:00:00-04:00,"Butterfield Park (Elmhurst, IL)",103,MBA,2026
6532028,615148,Augustana (IL) Vikings,615202,Elmhurst Bluejays,615148,5,top,Riley Hendren stole second.,42,2026-04-03 14:00:00-04:00,"Butterfield Park (Elmhurst, IL)",103,MBA,2026
6532028,615148,Augustana (IL) Vikings,615202,Elmhurst Bluejays,615148,5,top,Riley Hendren advanced to third on a wild pitch.,43,2026-04-03 14:00:00-04:00,"Butterfield Park (Elmhurst, IL)",103,MBA,2026
6532028,615148,Augustana (IL) Vikings,615202,Elmhurst Bluejays,615148,5,top,Kaileb Hackman walked (3-2 BBBKFB).,44,2026-04-03 14:00:00-04:00,"Butterfield Park (Elmhurst, IL)",103,MBA,2026
6532028,615148,Augustana (IL) Vikings,615202,Elmhurst Bluejays,615148,5,top,Charlie Bergin reached on a fielder's choice to shortstop (0-1 K); Kaileb Hackman out at second ss unassisted.,45,2026-04-03 14:00:00-04:00,"Butterfield Park (Elmhurst, IL)",103,MBA,2026
6532028,615148,Augustana (IL) Vikings,615202,Elmhurst Bluejays,615202,5,bot,Landon Truong struck out looking (1-2 BKSK).,46,2026-04-03 14:00:00-04:00,"Butterfield Park (Elmhurst, IL)",103,MBA,2026
6532028,615148,Augustana (IL) Vikings,615202,Elmhurst Bluejays,615202,5,bot,Adan Nieves walked (3-1 BBSBB).,47,2026-04-03 14:00:00-04:00,"Butterfield Park (Elmhurst, IL)",103,MBA,2026
6532028,615148,Augustana (IL) Vikings,615202,Elmhurst Bluejays,615202,5,bot,Marty Fraga struck out looking (1-2 KBFK); Adan Nieves stole second.,48,2026-04-03 14:00:00-04:00,"Butterfield Park (Elmhurst, IL)",103,MBA,2026
6532028,615148,Augustana (IL) Vikings,615202,Elmhurst Bluejays,615202,5,bot,Timothy O'Connell struck out looking (2-2 BKBKK).,49,2026-04-03 14:00:00-04:00,"Butterfield Park (Elmhurst, IL)",103,MBA,2026
6532028,615148,Augustana (IL) Vikings,615202,Elmhurst Bluejays,615148,6,top,Zach Quimby flied out to rf (2-1 BBK).,50,2026-04-03 14:00:00-04:00,"Butterfield Park (Elmhurst, IL)",103,MBA,2026
6532028,615148,Augustana (IL) Vikings,615202,Elmhurst Bluejays,615148,6,top,Braiden Elliott struck out looking (3-2 BBKKBK).,51,2026-04-03 14:00:00-04:00,"Butterfield Park (Elmhurst, IL)",103,MBA,2026
6532028,615148,Augustana (IL) Vikings,615202,Elmhurst Bluejays,615148,6,top,Ryan Theile flied out to rf (0-2 KF).,52,2026-04-03 14:00:00-04:00,"Butterfield Park (Elmhurst, IL)",103,MBA,2026
6532028,615148,Augustana (IL) Vikings,615202,Elmhurst Bluejays,615202,6,bot,Evan Johnson reached first on an error by 2b (0-0).,53,2026-04-03 14:00:00-04:00,"Butterfield Park (Elmhurst, IL)",103,MBA,2026
6532028,615148,Augustana (IL) Vikings,615202,Elmhurst Bluejays,615202,6,bot,Evan Johnson stole second.,54,2026-04-03 14:00:00-04:00,"Butterfield Park (Elmhurst, IL)",103,MBA,2026
6532028,615148,Augustana (IL) Vikings,615202,Elmhurst Bluejays,615202,6,bot,Rock Smith struck out swinging (0-2 KKS).,55,2026-04-03 14:00:00-04:00,"Butterfield Park (Elmhurst, IL)",103,MBA,2026
6532028,615148,Augustana (IL) Vikings,615202,Elmhurst Bluejays,615202,6,bot,Zach Konrad singled to pitcher (0-2 KS); Evan Johnson advanced to third.,56,2026-04-03 14:00:00-04:00,"Butterfield Park (Elmhurst, IL)",103,MBA,2026
6532028,615148,Augustana (IL) Vikings,615202,Elmhurst Bluejays,615202,6,bot,Brett Vercruysse lined into double play rf to 1b (0-1 S); Zach Konrad out on the play.,57,2026-04-03 14:00:00-04:00,"Butterfield Park (Elmhurst, IL)",103,MBA,2026
6532028,615148,Augustana (IL) Vikings,615202,Elmhurst Bluejays,615148,7,top,Ethan Sosnowski pinch hit for Carson Vitry.,58,2026-04-03 14:00:00-04:00,"Butterfield Park (Elmhurst, IL)",103,MBA,2026
6532028,615148,Augustana (IL) Vikings,615202,Elmhurst Bluejays,615148,7,top,Ethan Sosnowski walked (3-1 KBBBB).,59,2026-04-03 14:00:00-04:00,"Butterfield Park (Elmhurst, IL)",103,MBA,2026
6532028,615148,Augustana (IL) Vikings,615202,Elmhurst Bluejays,615148,7,top,Jack Goergen to p for Landon Banaszynski.,60,2026-04-03 14:00:00-04:00,"Butterfield Park (Elmhurst, IL)",103,MBA,2026
6532028,615148,Augustana (IL) Vikings,615202,Elmhurst Bluejays,615148,7,top,Christian Clark walked (3-0 BBBB); Ethan Sosnowski advanced to second.,61,2026-04-03 14:00:00-04:00,"Butterfield Park (Elmhurst, IL)",103,MBA,2026
6532028,615148,Augustana (IL) Vikings,615202,Elmhurst Bluejays,615148,7,top,Riley Hendren walked (3-2 BKKBBB); Christian Clark advanced to second; Ethan Sosnowski advanced to third.,62,2026-04-03 14:00:00-04:00,"Butterfield Park (Elmhurst, IL)",103,MBA,2026
6532028,615148,Augustana (IL) Vikings,615202,Elmhurst Bluejays,615148,7,top,Logan Leach to p for Jack Goergen.,63,2026-04-03 14:00:00-04:00,"Butterfield Park (Elmhurst, IL)",103,MBA,2026
6532028,615148,Augustana (IL) Vikings,615202,Elmhurst Bluejays,615148,7,top,"AJ Macak walked, RBI (3-0 BBBB); Riley Hendren advanced to second; Christian Clark advanced to third; Ethan Sosnowski scored.",64,2026-04-03 14:00:00-04:00,"Butterfield Park (Elmhurst, IL)",103,MBA,2026
6532028,615148,Augustana (IL) Vikings,615202,Elmhurst Bluejays,615148,7,top,Kaileb Hackman struck out looking (1-2 KKBK).,65,2026-04-03 14:00:00-04:00,"Butterfield Park (Elmhurst, IL)",103,MBA,2026
6532028,615148,Augustana (IL) Vikings,615202,Elmhurst Bluejays,615148,7,top,"Charlie Bergin flied out to cf, sacrifice fly, RBI (0-0); Christian Clark scored.",66,2026-04-03 14:00:00-04:00,"Butterfield Park (Elmhurst, IL)",103,MBA,2026
6532028,615148,Augustana (IL) Vikings,615202,Elmhurst Bluejays,615148,7,top,Zach Quimby flied out to rf (0-2 KFK).,67,2026-04-03 14:00:00-04:00,"Butterfield Park (Elmhurst, IL)",103,MBA,2026
6532028,615148,Augustana (IL) Vikings,615202,Elmhurst Bluejays,615202,7,bot,Charlie Bergin to 3b.,68,2026-04-03 14:00:00-04:00,"Butterfield Park (Elmhurst, IL)",103,MBA,2026
6532028,615148,Augustana (IL) Vikings,615202,Elmhurst Bluejays,615202,7,bot,Lawson Shickel to 1b for Ethan Sosnowski.,69,2026-04-03 14:00:00-04:00,"Butterfield Park (Elmhurst, IL)",103,MBA,2026
6532028,615148,Augustana (IL) Vikings,615202,Elmhurst Bluejays,615202,7,bot,Connor Drowns walked (3-1 BKBBB).,70,2026-04-03 14:00:00-04:00,"Butterfield Park (Elmhurst, IL)",103,MBA,2026
6532028,615148,Augustana (IL) Vikings,615202,Elmhurst Bluejays,615202,7,bot,Landon Truong flied out to cf (2-1 BBK).,71,2026-04-03 14:00:00-04:00,"Butterfield Park (Elmhurst, IL)",103,MBA,2026
6532028,615148,Augustana (IL) Vikings,615202,Elmhurst Bluejays,615202,7,bot,"Adan Nieves singled to left field (2-2 FBKFB); Connor Drowns out at second c to ss, caught stealing.",72,2026-04-03 14:00:00-04:00,"Butterfield Park (Elmhurst, IL)",103,MBA,2026
6532028,615148,Augustana (IL) Vikings,615202,Elmhurst Bluejays,615202,7,bot,Marty Fraga popped up to ss (1-2 KBK).,73,2026-04-03 14:00:00-04:00,"Butterfield Park (Elmhurst, IL)",103,MBA,2026
6532028,615148,Augustana (IL) Vikings,615202,Elmhurst Bluejays,615148,8,top,Braiden Elliott singled through the left side (0-1 K).,74,2026-04-03 14:00:00-04:00,"Butterfield Park (Elmhurst, IL)",103,MBA,2026
6532028,615148,Augustana (IL) Vikings,615202,Elmhurst Bluejays,615148,8,top,Braiden Elliott stole second.,75,2026-04-03 14:00:00-04:00,"Butterfield Park (Elmhurst, IL)",103,MBA,2026
6532028,615148,Augustana (IL) Vikings,615202,Elmhurst Bluejays,615148,8,top,"Ryan Theile struck out swinging, out at first c to 1b (3-2 BKKFFBBS).",76,2026-04-03 14:00:00-04:00,"Butterfield Park (Elmhurst, IL)",103,MBA,2026
6532028,615148,Augustana (IL) Vikings,615202,Elmhurst Bluejays,615148,8,top,"Lawson Shickel doubled down the lf line, RBI (2-2 BKKBF); Braiden Elliott scored.",77,2026-04-03 14:00:00-04:00,"Butterfield Park (Elmhurst, IL)",103,MBA,2026
6532028,615148,Augustana (IL) Vikings,615202,Elmhurst Bluejays,615148,8,top,Christian Clark grounded out to 3b (1-2 SBK).,78,2026-04-03 14:00:00-04:00,"Butterfield Park (Elmhurst, IL)",103,MBA,2026
6532028,615148,Augustana (IL) Vikings,615202,Elmhurst Bluejays,615148,8,top,Riley Hendren popped up to 2b (0-0).,79,2026-04-03 14:00:00-04:00,"Butterfield Park (Elmhurst, IL)",103,MBA,2026
6532028,615148,Augustana (IL) Vikings,615202,Elmhurst Bluejays,615202,8,bot,Jack Buckalew to p for Blake Nettleton.,80,2026-04-03 14:00:00-04:00,"Butterfield Park (Elmhurst, IL)",103,MBA,2026
6532028,615148,Augustana (IL) Vikings,615202,Elmhurst Bluejays,615202,8,bot,Timothy O'Connell singled to right center (1-1 BK).,81,2026-04-03 14:00:00-04:00,"Butterfield Park (Elmhurst, IL)",103,MBA,2026
6532028,615148,Augustana (IL) Vikings,615202,Elmhurst Bluejays,615202,8,bot,Evan Johnson struck out looking (1-2 SKBK); Timothy O'Connell out at second c to 2b.,82,2026-04-03 14:00:00-04:00,"Butterfield Park (Elmhurst, IL)",103,MBA,2026
6532028,615148,Augustana (IL) Vikings,615202,Elmhurst Bluejays,615202,8,bot,Rock Smith grounded out to ss (0-1 K).,83,2026-04-03 14:00:00-04:00,"Butterfield Park (Elmhurst, IL)",103,MBA,2026
6532028,615148,Augustana (IL) Vikings,615202,Elmhurst Bluejays,615148,9,top,AJ Macak popped up to 2b (0-0).,84,2026-04-03 14:00:00-04:00,"Butterfield Park (Elmhurst, IL)",103,MBA,2026
6532028,615148,Augustana (IL) Vikings,615202,Elmhurst Bluejays,615148,9,top,Kaileb Hackman doubled down the lf line (0-1 K).,85,2026-04-03 14:00:00-04:00,"Butterfield Park (Elmhurst, IL)",103,MBA,2026
6532028,615148,Augustana (IL) Vikings,615202,Elmhurst Bluejays,615148,9,top,Charlie Bergin hit by pitch (1-0 H).,86,2026-04-03 14:00:00-04:00,"Butterfield Park (Elmhurst, IL)",103,MBA,2026
6532028,615148,Augustana (IL) Vikings,615202,Elmhurst Bluejays,615148,9,top,Charlie Bergin stole second; Kaileb Hackman stole third.,87,2026-04-03 14:00:00-04:00,"Butterfield Park (Elmhurst, IL)",103,MBA,2026
6532028,615148,Augustana (IL) Vikings,615202,Elmhurst Bluejays,615148,9,top,"Zach Quimby flied out to rf, sacrifice fly, RBI (2-2 KBBFF); Charlie Bergin advanced to third; Kaileb Hackman scored.",88,2026-04-03 14:00:00-04:00,"Butterfield Park (Elmhurst, IL)",103,MBA,2026
6532028,615148,Augustana (IL) Vikings,615202,Elmhurst Bluejays,615148,9,top,Braiden Elliott lined out to 3b (0-1 S).,89,2026-04-03 14:00:00-04:00,"Butterfield Park (Elmhurst, IL)",103,MBA,2026
6532028,615148,Augustana (IL) Vikings,615202,Elmhurst Bluejays,615202,9,bot,Zach Konrad flied out to rf (2-2 FBKB).,90,2026-04-03 14:00:00-04:00,"Butterfield Park (Elmhurst, IL)",103,MBA,2026
6532028,615148,Augustana (IL) Vikings,615202,Elmhurst Bluejays,615202,9,bot,Brett Vercruysse flied out to lf (1-2 FFBF).,91,2026-04-03 14:00:00-04:00,"Butterfield Park (Elmhurst, IL)",103,MBA,2026
6532028,615148,Augustana (IL) Vikings,615202,Elmhurst Bluejays,615202,9,bot,Connor Drowns struck out looking (1-2 KBKK).,92,2026-04-03 14:00:00-04:00,"Butterfield Park (Elmhurst, IL)",103,MBA,2026
6532870,614909,Wingate Bulldogs,615104,Carson-Newman Eagles,614909,1,top,Gavin Groppuso grounded out to 3b (1-2 KFBF).,1,2026-04-03 14:00:00-04:00,"Silver Diamond Baseball Complex (Jefferson City, TN)",319,MBA,2026
6532870,614909,Wingate Bulldogs,615104,Carson-Newman Eagles,614909,1,top,"Bowen Powell singled to left field, out at second lf to 2b (1-0 B).",2,2026-04-03 14:00:00-04:00,"Silver Diamond Baseball Complex (Jefferson City, TN)",319,MBA,2026
6532870,614909,Wingate Bulldogs,615104,Carson-Newman Eagles,614909,1,top,Tanner McCammon popped up to 2b to right center (1-0 B).,3,2026-04-03 14:00:00-04:00,"Silver Diamond Baseball Complex (Jefferson City, TN)",319,MBA,2026
6532870,614909,Wingate Bulldogs,615104,Carson-Newman Eagles,615104,1,bot,Colton Evans grounded out to 2b (0-0).,4,2026-04-03 14:00:00-04:00,"Silver Diamond Baseball Complex (Jefferson City, TN)",319,MBA,2026
6532870,614909,Wingate Bulldogs,615104,Carson-Newman Eagles,615104,1,bot,Cole Nathan struck out swinging (1-2 BFKS).,5,2026-04-03 14:00:00-04:00,"Silver Diamond Baseball Complex (Jefferson City, TN)",319,MBA,2026
6532870,614909,Wingate Bulldogs,615104,Carson-Newman Eagles,615104,1,bot,Logan Floyd walked (3-0 BBBB).,6,2026-04-03 14:00:00-04:00,"Silver Diamond Baseball Complex (Jefferson City, TN)",319,MBA,2026
6532870,614909,Wingate Bulldogs,615104,Carson-Newman Eagles,615104,1,bot,Bradley Soto Diaz reached on a fielder's choice to shortstop (2-2 KBBS); Logan Floyd out at second ss to 2b.,7,2026-04-03 14:00:00-04:00,"Silver Diamond Baseball Complex (Jefferson City, TN)",319,MBA,2026
6532870,614909,Wingate Bulldogs,615104,Carson-Newman Eagles,614909,2,top,Ben Karpowicz struck out looking (3-2 SBSBBFK).,8,2026-04-03 14:00:00-04:00,"Silver Diamond Baseball Complex (Jefferson City, TN)",319,MBA,2026
6532870,614909,Wingate Bulldogs,615104,Carson-Newman Eagles,614909,2,top,Jake Courville flied out to rf down the rf line (2-2 BFBS).,9,2026-04-03 14:00:00-04:00,"Silver Diamond Baseball Complex (Jefferson City, TN)",319,MBA,2026
6532870,614909,Wingate Bulldogs,615104,Carson-Newman Eagles,614909,2,top,Neil Griffin out at first 1b to p (1-0 B).,10,2026-04-03 14:00:00-04:00,"Silver Diamond Baseball Complex (Jefferson City, TN)",319,MBA,2026
6532870,614909,Wingate Bulldogs,615104,Carson-Newman Eagles,615104,2,bot,Sebastian Rodriguez struck out swinging (0-2 KSS).,11,2026-04-03 14:00:00-04:00,"Silver Diamond Baseball Complex (Jefferson City, TN)",319,MBA,2026
6532870,614909,Wingate Bulldogs,615104,Carson-Newman Eagles,615104,2,bot,Aiden Gibson struck out swinging (1-2 BFKS).,12,2026-04-03 14:00:00-04:00,"Silver Diamond Baseball Complex (Jefferson City, TN)",319,MBA,2026
6532870,614909,Wingate Bulldogs,615104,Carson-Newman Eagles,615104,2,bot,Braxton Smith grounded out to ss (1-0 B).,13,2026-04-03 14:00:00-04:00,"Silver Diamond Baseball Complex (Jefferson City, TN)",319,MBA,2026
6532870,614909,Wingate Bulldogs,615104,Carson-Newman Eagles,614909,3,top,Jalen Evans grounded out to 3b (1-1 KB).,14,2026-04-03 14:00:00-04:00,"Silver Diamond Baseball Complex (Jefferson City, TN)",319,MBA,2026
6532870,614909,Wingate Bulldogs,615104,Carson-Newman Eagles,614909,3,top,Bradley Hart singled to second base (1-1 BK).,15,2026-04-03 14:00:00-04:00,"Silver Diamond Baseball Complex (Jefferson City, TN)",319,MBA,2026
6532870,614909,Wingate Bulldogs,615104,Carson-Newman Eagles,614909,3,top,Reed Benamati struck out swinging (3-2 BFBKBS).,16,2026-04-03 14:00:00-04:00,"Silver Diamond Baseball Complex (Jefferson City, TN)",319,MBA,2026
6532870,614909,Wingate Bulldogs,615104,Carson-Newman Eagles,614909,3,top,Bradley Hart advanced to second on a passed ball.,17,2026-04-03 14:00:00-04:00,"Silver Diamond Baseball Complex (Jefferson City, TN)",319,MBA,2026
6532870,614909,Wingate Bulldogs,615104,Carson-Newman Eagles,614909,3,top,"Gavin Groppuso doubled down the lf line, RBI (3-2 KBBBS); Bradley Hart scored.",18,2026-04-03 14:00:00-04:00,"Silver Diamond Baseball Complex (Jefferson City, TN)",319,MBA,2026
6532870,614909,Wingate Bulldogs,615104,Carson-Newman Eagles,614909,3,top,"Bowen Powell doubled to left field, RBI (0-1 S); Gavin Groppuso scored.",19,2026-04-03 14:00:00-04:00,"Silver Diamond Baseball Complex (Jefferson City, TN)",319,MBA,2026
6532870,614909,Wingate Bulldogs,615104,Carson-Newman Eagles,614909,3,top,Tanner McCammon struck out swinging (1-2 BKFFS).,20,2026-04-03 14:00:00-04:00,"Silver Diamond Baseball Complex (Jefferson City, TN)",319,MBA,2026
6532870,614909,Wingate Bulldogs,615104,Carson-Newman Eagles,615104,3,bot,Carson Cochran singled through the right side (1-0 B).,21,2026-04-03 14:00:00-04:00,"Silver Diamond Baseball Complex (Jefferson City, TN)",319,MBA,2026
6532870,614909,Wingate Bulldogs,615104,Carson-Newman Eagles,615104,3,bot,Base hit caromed off Harvey's left leg and through the right side.,22,2026-04-03 14:00:00-04:00,"Silver Diamond Baseball Complex (Jefferson City, TN)",319,MBA,2026
6532870,614909,Wingate Bulldogs,615104,Carson-Newman Eagles,615104,3,bot,Johno Pierce walked (3-1 BBBKB); Carson Cochran advanced to second.,23,2026-04-03 14:00:00-04:00,"Silver Diamond Baseball Complex (Jefferson City, TN)",319,MBA,2026
6532870,614909,Wingate Bulldogs,615104,Carson-Newman Eagles,615104,3,bot,"Colton Evans reached first on a fielding error by p, SAC, bunt (1-0 B); Johno Pierce advanced to second; Carson Cochran advanced to third.",24,2026-04-03 14:00:00-04:00,"Silver Diamond Baseball Complex (Jefferson City, TN)",319,MBA,2026
6532870,614909,Wingate Bulldogs,615104,Carson-Newman Eagles,615104,3,bot,"Cole Nathan flied out to rf, sacrifice fly, RBI (2-1 BBF); Johno Pierce advanced to third; Carson Cochran scored.",25,2026-04-03 14:00:00-04:00,"Silver Diamond Baseball Complex (Jefferson City, TN)",319,MBA,2026
6532870,614909,Wingate Bulldogs,615104,Carson-Newman Eagles,615104,3,bot,Logan Floyd walked (3-1 BBFBB); Colton Evans advanced to second.,26,2026-04-03 14:00:00-04:00,"Silver Diamond Baseball Complex (Jefferson City, TN)",319,MBA,2026
6532870,614909,Wingate Bulldogs,615104,Carson-Newman Eagles,615104,3,bot,"Bradley Soto Diaz flied out to rf down the rf line, sacrifice fly, RBI (3-1 BBFB); Colton Evans advanced to third; Johno Pierce scored, unearned.",27,2026-04-03 14:00:00-04:00,"Silver Diamond Baseball Complex (Jefferson City, TN)",319,MBA,2026
6532870,614909,Wingate Bulldogs,615104,Carson-Newman Eagles,615104,3,bot,Logan Floyd stole second.,28,2026-04-03 14:00:00-04:00,"Silver Diamond Baseball Complex (Jefferson City, TN)",319,MBA,2026
6532870,614909,Wingate Bulldogs,615104,Carson-Newman Eagles,615104,3,bot,Sebastian Rodriguez struck out looking (1-2 SBSK).,29,2026-04-03 14:00:00-04:00,"Silver Diamond Baseball Complex (Jefferson City, TN)",319,MBA,2026
6532870,614909,Wingate Bulldogs,615104,Carson-Newman Eagles,614909,4,top,Ben Karpowicz lined out to lf (0-0).,30,2026-04-03 14:00:00-04:00,"Silver Diamond Baseball Complex (Jefferson City, TN)",319,MBA,2026
6532870,614909,Wingate Bulldogs,615104,Carson-Newman Eagles,614909,4,top,Jake Courville singled through the left side (0-1 K).,31,2026-04-03 14:00:00-04:00,"Silver Diamond Baseball Complex (Jefferson City, TN)",319,MBA,2026
6532870,614909,Wingate Bulldogs,615104,Carson-Newman Eagles,614909,4,top,Neil Griffin doubled to left center (1-0 B); Jake Courville advanced to third.,32,2026-04-03 14:00:00-04:00,"Silver Diamond Baseball Complex (Jefferson City, TN)",319,MBA,2026
6532870,614909,Wingate Bulldogs,615104,Carson-Newman Eagles,614909,4,top,"Jalen Evans homered to center field, 3 RBI (2-2 BFBS); Neil Griffin scored; Jake Courville scored.",33,2026-04-03 14:00:00-04:00,"Silver Diamond Baseball Complex (Jefferson City, TN)",319,MBA,2026
6532870,614909,Wingate Bulldogs,615104,Carson-Newman Eagles,614909,4,top,Bradley Hart grounded out to ss (2-1 BBS).,34,2026-04-03 14:00:00-04:00,"Silver Diamond Baseball Complex (Jefferson City, TN)",319,MBA,2026
6532870,614909,Wingate Bulldogs,615104,Carson-Newman Eagles,614909,4,top,Reed Benamati struck out looking (3-2 BSBBSK).,35,2026-04-03 14:00:00-04:00,"Silver Diamond Baseball Complex (Jefferson City, TN)",319,MBA,2026
6532870,614909,Wingate Bulldogs,615104,Carson-Newman Eagles,615104,4,bot,Aiden Gibson popped up to 1b (1-2 BFF).,36,2026-04-03 14:00:00-04:00,"Silver Diamond Baseball Complex (Jefferson City, TN)",319,MBA,2026
6532870,614909,Wingate Bulldogs,615104,Carson-Newman Eagles,615104,4,bot,Braxton Smith grounded out to 3b (1-2 KFFB).,37,2026-04-03 14:00:00-04:00,"Silver Diamond Baseball Complex (Jefferson City, TN)",319,MBA,2026
6532870,614909,Wingate Bulldogs,615104,Carson-Newman Eagles,615104,4,bot,Carson Cochran popped up to 2b (1-2 KKB).,38,2026-04-03 14:00:00-04:00,"Silver Diamond Baseball Complex (Jefferson City, TN)",319,MBA,2026
6532870,614909,Wingate Bulldogs,615104,Carson-Newman Eagles,614909,5,top,Gavin Groppuso singled down the rf line (3-2 BKSFBBF).,39,2026-04-03 14:00:00-04:00,"Silver Diamond Baseball Complex (Jefferson City, TN)",319,MBA,2026
6532870,614909,Wingate Bulldogs,615104,Carson-Newman Eagles,614909,5,top,"Gavin Groppuso out at second c to ss, caught stealing.",40,2026-04-03 14:00:00-04:00,"Silver Diamond Baseball Complex (Jefferson City, TN)",319,MBA,2026
6532870,614909,Wingate Bulldogs,615104,Carson-Newman Eagles,614909,5,top,"Bowen Powell homered to center field, RBI (1-2 FFBF).",41,2026-04-03 14:00:00-04:00,"Silver Diamond Baseball Complex (Jefferson City, TN)",319,MBA,2026
6532870,614909,Wingate Bulldogs,615104,Carson-Newman Eagles,614909,5,top,Tanner McCammon walked (3-2 BBFBFB).,42,2026-04-03 14:00:00-04:00,"Silver Diamond Baseball Complex (Jefferson City, TN)",319,MBA,2026
6532870,614909,Wingate Bulldogs,615104,Carson-Newman Eagles,614909,5,top,Ben Karpowicz grounded into double play ss to 2b to 1b (0-0); Tanner McCammon out on the play.,43,2026-04-03 14:00:00-04:00,"Silver Diamond Baseball Complex (Jefferson City, TN)",319,MBA,2026
6532870,614909,Wingate Bulldogs,615104,Carson-Newman Eagles,615104,5,bot,Johno Pierce popped up to 3b (1-1 FB).,44,2026-04-03 14:00:00-04:00,"Silver Diamond Baseball Complex (Jefferson City, TN)",319,MBA,2026
6532870,614909,Wingate Bulldogs,615104,Carson-Newman Eagles,615104,5,bot,"Colton Evans homered to left field, RBI (1-2 KBK).",45,2026-04-03 14:00:00-04:00,"Silver Diamond Baseball Complex (Jefferson City, TN)",319,MBA,2026
6532870,614909,Wingate Bulldogs,615104,Carson-Newman Eagles,615104,5,bot,Cole Nathan grounded out to ss (1-0 B).,46,2026-04-03 14:00:00-04:00,"Silver Diamond Baseball Complex (Jefferson City, TN)",319,MBA,2026
6532870,614909,Wingate Bulldogs,615104,Carson-Newman Eagles,615104,5,bot,Logan Floyd flied out to cf to left center (0-2 FF).,47,2026-04-03 14:00:00-04:00,"Silver Diamond Baseball Complex (Jefferson City, TN)",319,MBA,2026
6532870,614909,Wingate Bulldogs,615104,Carson-Newman Eagles,614909,6,top,Jake Courville popped up to 2b (1-1 BS).,48,2026-04-03 14:00:00-04:00,"Silver Diamond Baseball Complex (Jefferson City, TN)",319,MBA,2026
6532870,614909,Wingate Bulldogs,615104,Carson-Newman Eagles,614909,6,top,Neil Griffin doubled to left center (1-0 B).,49,2026-04-03 14:00:00-04:00,"Silver Diamond Baseball Complex (Jefferson City, TN)",319,MBA,2026
6532870,614909,Wingate Bulldogs,615104,Carson-Newman Eagles,614909,6,top,Jalen Evans flied out to rf (1-0 B); Neil Griffin advanced to third.,50,2026-04-03 14:00:00-04:00,"Silver Diamond Baseball Complex (Jefferson City, TN)",319,MBA,2026
6532870,614909,Wingate Bulldogs,615104,Carson-Newman Eagles,614909,6,top,Bradley Hart lined out to ss (2-2 BKFBF).,51,2026-04-03 14:00:00-04:00,"Silver Diamond Baseball Complex (Jefferson City, TN)",319,MBA,2026
6532870,614909,Wingate Bulldogs,615104,Carson-Newman Eagles,615104,6,bot,Bradley Soto Diaz walked (3-2 SBKBBB).,52,2026-04-03 14:00:00-04:00,"Silver Diamond Baseball Complex (Jefferson City, TN)",319,MBA,2026
6532870,614909,Wingate Bulldogs,615104,Carson-Newman Eagles,615104,6,bot,Bradley Soto Diaz stole second.,53,2026-04-03 14:00:00-04:00,"Silver Diamond Baseball Complex (Jefferson City, TN)",319,MBA,2026
6532870,614909,Wingate Bulldogs,615104,Carson-Newman Eagles,615104,6,bot,Sebastian Rodriguez hit by pitch (3-1 BBBKH).,54,2026-04-03 14:00:00-04:00,"Silver Diamond Baseball Complex (Jefferson City, TN)",319,MBA,2026
6532870,614909,Wingate Bulldogs,615104,Carson-Newman Eagles,615104,6,bot,Aiden Gibson singled to left field (0-2 FS); Sebastian Rodriguez advanced to second; Bradley Soto Diaz advanced to third.,55,2026-04-03 14:00:00-04:00,"Silver Diamond Baseball Complex (Jefferson City, TN)",319,MBA,2026
6532870,614909,Wingate Bulldogs,615104,Carson-Newman Eagles,615104,6,bot,Braxton Smith popped up to 2b to right field (1-1 KB).,56,2026-04-03 14:00:00-04:00,"Silver Diamond Baseball Complex (Jefferson City, TN)",319,MBA,2026
6532870,614909,Wingate Bulldogs,615104,Carson-Newman Eagles,615104,6,bot,"Carson Cochran walked, RBI (3-0 BBBB); Aiden Gibson advanced to second; Sebastian Rodriguez advanced to third; Bradley Soto Diaz scored.",57,2026-04-03 14:00:00-04:00,"Silver Diamond Baseball Complex (Jefferson City, TN)",319,MBA,2026
6532870,614909,Wingate Bulldogs,615104,Carson-Newman Eagles,615104,6,bot,Carson Starnes to p for Chad Harvey.,58,2026-04-03 14:00:00-04:00,"Silver Diamond Baseball Complex (Jefferson City, TN)",319,MBA,2026
6532870,614909,Wingate Bulldogs,615104,Carson-Newman Eagles,615104,6,bot,Johno Pierce struck out looking (2-2 KBFBK).,59,2026-04-03 14:00:00-04:00,"Silver Diamond Baseball Complex (Jefferson City, TN)",319,MBA,2026
6532870,614909,Wingate Bulldogs,615104,Carson-Newman Eagles,615104,6,bot,"Colton Evans homered to right field, 4 RBI (0-0); Carson Cochran scored; Aiden Gibson scored; Sebastian Rodriguez scored.",60,2026-04-03 14:00:00-04:00,"Silver Diamond Baseball Complex (Jefferson City, TN)",319,MBA,2026
6532870,614909,Wingate Bulldogs,615104,Carson-Newman Eagles,615104,6,bot,Cole Nathan flied out to rf (2-1 BKB).,61,2026-04-03 14:00:00-04:00,"Silver Diamond Baseball Complex (Jefferson City, TN)",319,MBA,2026
6532870,614909,Wingate Bulldogs,615104,Carson-Newman Eagles,614909,7,top,Brock Culpepper to p for Christian Henderson.,62,2026-04-03 14:00:00-04:00,"Silver Diamond Baseball Complex (Jefferson City, TN)",319,MBA,2026
6532870,614909,Wingate Bulldogs,615104,Carson-Newman Eagles,614909,7,top,Reed Benamati grounded out to 3b (1-0 B).,63,2026-04-03 14:00:00-04:00,"Silver Diamond Baseball Complex (Jefferson City, TN)",319,MBA,2026
6532870,614909,Wingate Bulldogs,615104,Carson-Newman Eagles,614909,7,top,Gavin Groppuso singled to second base (2-1 BKB).,64,2026-04-03 14:00:00-04:00,"Silver Diamond Baseball Complex (Jefferson City, TN)",319,MBA,2026
6532870,614909,Wingate Bulldogs,615104,Carson-Newman Eagles,614909,7,top,Bowen Powell grounded out to 2b (0-0); Gavin Groppuso advanced to second.,65,2026-04-03 14:00:00-04:00,"Silver Diamond Baseball Complex (Jefferson City, TN)",319,MBA,2026
6532870,614909,Wingate Bulldogs,615104,Carson-Newman Eagles,614909,7,top,Tanner McCammon struck out swinging (1-2 FSBS).,66,2026-04-03 14:00:00-04:00,"Silver Diamond Baseball Complex (Jefferson City, TN)",319,MBA,2026
6532870,614909,Wingate Bulldogs,615104,Carson-Newman Eagles,615104,7,bot,Parker Jensen to p for Carson Starnes.,67,2026-04-03 14:00:00-04:00,"Silver Diamond Baseball Complex (Jefferson City, TN)",319,MBA,2026
6532870,614909,Wingate Bulldogs,615104,Carson-Newman Eagles,615104,7,bot,Logan Floyd grounded out to 3b (1-1 KB).,68,2026-04-03 14:00:00-04:00,"Silver Diamond Baseball Complex (Jefferson City, TN)",319,MBA,2026
6532870,614909,Wingate Bulldogs,615104,Carson-Newman Eagles,615104,7,bot,"Bradley Soto Diaz homered to center field, RBI (3-2 BBBKKFF).",69,2026-04-03 14:00:00-04:00,"Silver Diamond Baseball Complex (Jefferson City, TN)",319,MBA,2026
6532870,614909,Wingate Bulldogs,615104,Carson-Newman Eagles,615104,7,bot,Sebastian Rodriguez walked (3-2 BBKFBB).,70,2026-04-03 14:00:00-04:00,"Silver Diamond Baseball Complex (Jefferson City, TN)",319,MBA,2026
6532870,614909,Wingate Bulldogs,615104,Carson-Newman Eagles,615104,7,bot,Aiden Gibson walked (3-2 KBSBBB); Sebastian Rodriguez advanced to second.,71,2026-04-03 14:00:00-04:00,"Silver Diamond Baseball Complex (Jefferson City, TN)",319,MBA,2026
6532870,614909,Wingate Bulldogs,615104,Carson-Newman Eagles,615104,7,bot,Charlie Carpenter to p for Parker Jensen.,72,2026-04-03 14:00:00-04:00,"Silver Diamond Baseball Complex (Jefferson City, TN)",319,MBA,2026
6532870,614909,Wingate Bulldogs,615104,Carson-Newman Eagles,615104,7,bot,"Braxton Smith fouled out to c, bunt (0-1 K).",73,2026-04-03 14:00:00-04:00,"Silver Diamond Baseball Complex (Jefferson City, TN)",319,MBA,2026
6532870,614909,Wingate Bulldogs,615104,Carson-Newman Eagles,615104,7,bot,Carson Cochran reached first on a fielding error by 3b (3-2 BBBKKFF); Aiden Gibson advanced to second; Sebastian Rodriguez advanced to third.,74,2026-04-03 14:00:00-04:00,"Silver Diamond Baseball Complex (Jefferson City, TN)",319,MBA,2026
6532870,614909,Wingate Bulldogs,615104,Carson-Newman Eagles,615104,7,bot,Johno Pierce struck out swinging (0-2 KSFFS).,75,2026-04-03 14:00:00-04:00,"Silver Diamond Baseball Complex (Jefferson City, TN)",319,MBA,2026
6532870,614909,Wingate Bulldogs,615104,Carson-Newman Eagles,614909,8,top,Ben Karpowicz doubled down the rf line (2-2 KSBB).,76,2026-04-03 14:00:00-04:00,"Silver Diamond Baseball Complex (Jefferson City, TN)",319,MBA,2026
6532870,614909,Wingate Bulldogs,615104,Carson-Newman Eagles,614909,8,top,Jake Courville singled up the middle (2-2 BFSB); Ben Karpowicz advanced to third.,77,2026-04-03 14:00:00-04:00,"Silver Diamond Baseball Complex (Jefferson City, TN)",319,MBA,2026
6532870,614909,Wingate Bulldogs,615104,Carson-Newman Eagles,614909,8,top,Neil Griffin grounded into double play ss to 2b to 1b (0-0); Jake Courville out on the play; Ben Karpowicz scored.,78,2026-04-03 14:00:00-04:00,"Silver Diamond Baseball Complex (Jefferson City, TN)",319,MBA,2026
6532870,614909,Wingate Bulldogs,615104,Carson-Newman Eagles,614909,8,top,Jalen Evans walked (3-2 BKBBKFB).,79,2026-04-03 14:00:00-04:00,"Silver Diamond Baseball Complex (Jefferson City, TN)",319,MBA,2026
6532870,614909,Wingate Bulldogs,615104,Carson-Newman Eagles,614909,8,top,Bradley Hart reached on a fielder's choice to third base (0-0); Jalen Evans out at second 3b to 2b.,80,2026-04-03 14:00:00-04:00,"Silver Diamond Baseball Complex (Jefferson City, TN)",319,MBA,2026
6532870,614909,Wingate Bulldogs,615104,Carson-Newman Eagles,615104,8,bot,Colton Evans flied out to rf down the rf line (0-2 KF).,81,2026-04-03 14:00:00-04:00,"Silver Diamond Baseball Complex (Jefferson City, TN)",319,MBA,2026
6532870,614909,Wingate Bulldogs,615104,Carson-Newman Eagles,615104,8,bot,"Cole Nathan homered to center field, RBI (3-2 KBKBB).",82,2026-04-03 14:00:00-04:00,"Silver Diamond Baseball Complex (Jefferson City, TN)",319,MBA,2026
6532870,614909,Wingate Bulldogs,615104,Carson-Newman Eagles,615104,8,bot,Logan Floyd popped up to 2b to right field (2-1 KBB).,83,2026-04-03 14:00:00-04:00,"Silver Diamond Baseball Complex (Jefferson City, TN)",319,MBA,2026
6532870,614909,Wingate Bulldogs,615104,Carson-Newman Eagles,615104,8,bot,Bradley Soto Diaz singled to right center (0-1 K).,84,2026-04-03 14:00:00-04:00,"Silver Diamond Baseball Complex (Jefferson City, TN)",319,MBA,2026
6532870,614909,Wingate Bulldogs,615104,Carson-Newman Eagles,615104,8,bot,Sebastian Rodriguez struck out swinging (1-2 KBFFS).,85,2026-04-03 14:00:00-04:00,"Silver Diamond Baseball Complex (Jefferson City, TN)",319,MBA,2026
6532870,614909,Wingate Bulldogs,615104,Carson-Newman Eagles,614909,9,top,Ryan Bolton to lf for Colton Evans.,86,2026-04-03 14:00:00-04:00,"Silver Diamond Baseball Complex (Jefferson City, TN)",319,MBA,2026
6532870,614909,Wingate Bulldogs,615104,Carson-Newman Eagles,614909,9,top,Reed Benamati grounded out to 2b (0-2 FK).,87,2026-04-03 14:00:00-04:00,"Silver Diamond Baseball Complex (Jefferson City, TN)",319,MBA,2026
6532870,614909,Wingate Bulldogs,615104,Carson-Newman Eagles,614909,9,top,Gavin Groppuso walked (3-2 BKKFBFBB).,88,2026-04-03 14:00:00-04:00,"Silver Diamond Baseball Complex (Jefferson City, TN)",319,MBA,2026
6532870,614909,Wingate Bulldogs,615104,Carson-Newman Eagles,614909,9,top,Bowen Powell doubled to left center (0-0); Gavin Groppuso advanced to third.,89,2026-04-03 14:00:00-04:00,"Silver Diamond Baseball Complex (Jefferson City, TN)",319,MBA,2026
6532870,614909,Wingate Bulldogs,615104,Carson-Newman Eagles,614909,9,top,Kyle Adams to p for Brock Culpepper.,90,2026-04-03 14:00:00-04:00,"Silver Diamond Baseball Complex (Jefferson City, TN)",319,MBA,2026
6532870,614909,Wingate Bulldogs,615104,Carson-Newman Eagles,614909,9,top,"Tanner McCammon singled through the left side, RBI (0-0); Bowen Powell advanced to third; Gavin Groppuso scored.",91,2026-04-03 14:00:00-04:00,"Silver Diamond Baseball Complex (Jefferson City, TN)",319,MBA,2026
6532870,614909,Wingate Bulldogs,615104,Carson-Newman Eagles,614909,9,top,"Ben Karpowicz homered to left center, 3 RBI (3-2 BKBSB); Tanner McCammon scored; Bowen Powell scored.",92,2026-04-03 14:00:00-04:00,"Silver Diamond Baseball Complex (Jefferson City, TN)",319,MBA,2026
6532870,614909,Wingate Bulldogs,615104,Carson-Newman Eagles,614909,9,top,Jake Courville doubled down the rf line (0-1 K).,93,2026-04-03 14:00:00-04:00,"Silver Diamond Baseball Complex (Jefferson City, TN)",319,MBA,2026
6532870,614909,Wingate Bulldogs,615104,Carson-Newman Eagles,614909,9,top,Neil Griffin singled to left field (1-0 B); Jake Courville advanced to third.,94,2026-04-03 14:00:00-04:00,"Silver Diamond Baseball Complex (Jefferson City, TN)",319,MBA,2026
6532870,614909,Wingate Bulldogs,615104,Carson-Newman Eagles,614909,9,top,Eli Norris to p for Kyle Adams.,95,2026-04-03 14:00:00-04:00,"Silver Diamond Baseball Complex (Jefferson City, TN)",319,MBA,2026
6532870,614909,Wingate Bulldogs,615104,Carson-Newman Eagles,614909,9,top,"Neil Griffin advanced to second on a throwing error by p, failed pickoff attempt; Jake Courville scored on the error.",96,2026-04-03 14:00:00-04:00,"Silver Diamond Baseball Complex (Jefferson City, TN)",319,MBA,2026
6532870,614909,Wingate Bulldogs,615104,Carson-Newman Eagles,614909,9,top,Jalen Evans walked (3-2 BKBBSB).,97,2026-04-03 14:00:00-04:00,"Silver Diamond Baseball Complex (Jefferson City, TN)",319,MBA,2026
6532870,614909,Wingate Bulldogs,615104,Carson-Newman Eagles,614909,9,top,Bradley Hart struck out looking (2-2 FBBFK).,98,2026-04-03 14:00:00-04:00,"Silver Diamond Baseball Complex (Jefferson City, TN)",319,MBA,2026
6532870,614909,Wingate Bulldogs,615104,Carson-Newman Eagles,614909,9,top,"Reed Benamati singled up the middle, RBI (2-1 BBF); Jalen Evans advanced to second; Neil Griffin scored.",99,2026-04-03 14:00:00-04:00,"Silver Diamond Baseball Complex (Jefferson City, TN)",319,MBA,2026
6532870,614909,Wingate Bulldogs,615104,Carson-Newman Eagles,614909,9,top,Harrison Shelton to p for Eli Norris.,100,2026-04-03 14:00:00-04:00,"Silver Diamond Baseball Complex (Jefferson City, TN)",319,MBA,2026
6532870,614909,Wingate Bulldogs,615104,Carson-Newman Eagles,614909,9,top,Gavin Groppuso flied out to rf (3-2 BBKBK).,101,2026-04-03 14:00:00-04:00,"Silver Diamond Baseball Complex (Jefferson City, TN)",319,MBA,2026
6532870,614909,Wingate Bulldogs,615104,Carson-Newman Eagles,615104,9,bot,Carson Morton to p for Charlie Carpenter.,102,2026-04-03 14:00:00-04:00,"Silver Diamond Baseball Complex (Jefferson City, TN)",319,MBA,2026
6532870,614909,Wingate Bulldogs,615104,Carson-Newman Eagles,615104,9,bot,Aiden Gibson walked (3-1 BKBBB).,103,2026-04-03 14:00:00-04:00,"Silver Diamond Baseball Complex (Jefferson City, TN)",319,MBA,2026
6532870,614909,Wingate Bulldogs,615104,Carson-Newman Eagles,615104,9,bot,Braxton Smith struck out swinging (1-2 BKFFFFS).,104,2026-04-03 14:00:00-04:00,"Silver Diamond Baseball Complex (Jefferson City, TN)",319,MBA,2026
6532870,614909,Wingate Bulldogs,615104,Carson-Newman Eagles,615104,9,bot,Matthew Bishop pinch hit for Carson Cochran.,105,2026-04-03 14:00:00-04:00,"Silver Diamond Baseball Complex (Jefferson City, TN)",319,MBA,2026
6532870,614909,Wingate Bulldogs,615104,Carson-Newman Eagles,615104,9,bot,Kylan Hornbuckle pinch hit for Johno Pierce.,106,2026-04-03 14:00:00-04:00,"Silver Diamond Baseball Complex (Jefferson City, TN)",319,MBA,2026
6532870,614909,Wingate Bulldogs,615104,Carson-Newman Eagles,615104,9,bot,Matthew Bishop struck out swinging (2-2 BKBKS).,107,2026-04-03 14:00:00-04:00,"Silver Diamond Baseball Complex (Jefferson City, TN)",319,MBA,2026
6532870,614909,Wingate Bulldogs,615104,Carson-Newman Eagles,615104,9,bot,Kylan Hornbuckle walked (3-1 BBBKB); Aiden Gibson advanced to second.,108,2026-04-03 14:00:00-04:00,"Silver Diamond Baseball Complex (Jefferson City, TN)",319,MBA,2026
6532870,614909,Wingate Bulldogs,615104,Carson-Newman Eagles,615104,9,bot,Ryan Bolton walked (3-2 BKBBKB); Kylan Hornbuckle advanced to second; Aiden Gibson advanced to third.,109,2026-04-03 14:00:00-04:00,"Silver Diamond Baseball Complex (Jefferson City, TN)",319,MBA,2026
6532870,614909,Wingate Bulldogs,615104,Carson-Newman Eagles,615104,9,bot,Cole Nathan grounded out to 3b (3-2 BBKFBF).,110,2026-04-03 14:00:00-04:00,"Silver Diamond Baseball Complex (Jefferson City, TN)",319,MBA,2026
6535199,615047,Lewis Flyers,615090,Upper Iowa Peacocks,615047,1,top,Constantine walked (3-2 FBKFBBB).,1,2026-04-03 14:00:00-04:00,"Robertson Woods Field (Fayette, IA)",52,MBA,2026
6535199,615047,Lewis Flyers,615090,Upper Iowa Peacocks,615047,1,top,Jimmy Spellm struck out looking (1-2 BKKK).,2,2026-04-03 14:00:00-04:00,"Robertson Woods Field (Fayette, IA)",52,MBA,2026
6535199,615047,Lewis Flyers,615090,Upper Iowa Peacocks,615047,1,top,Chris Daughe popped up to 1b (1-2 KFBF).,3,2026-04-03 14:00:00-04:00,"Robertson Woods Field (Fayette, IA)",52,MBA,2026
6535199,615047,Lewis Flyers,615090,Upper Iowa Peacocks,615047,1,top,"Constantine out at second c to 2b, caught stealing.",4,2026-04-03 14:00:00-04:00,"Robertson Woods Field (Fayette, IA)",52,MBA,2026
6535199,615047,Lewis Flyers,615090,Upper Iowa Peacocks,615090,1,bot,C. Luzum flied out to cf (0-0).,5,2026-04-03 14:00:00-04:00,"Robertson Woods Field (Fayette, IA)",52,MBA,2026
6535199,615047,Lewis Flyers,615090,Upper Iowa Peacocks,615090,1,bot,T. Meiners grounded out to 1b unassisted (2-0 BB).,6,2026-04-03 14:00:00-04:00,"Robertson Woods Field (Fayette, IA)",52,MBA,2026
6535199,615047,Lewis Flyers,615090,Upper Iowa Peacocks,615090,1,bot,B. Zimmer grounded out to 2b (0-1 S).,7,2026-04-03 14:00:00-04:00,"Robertson Woods Field (Fayette, IA)",52,MBA,2026
6535199,615047,Lewis Flyers,615090,Upper Iowa Peacocks,615047,2,top,Jayden Gonza popped up to 1b (1-2 SFB).,8,2026-04-03 14:00:00-04:00,"Robertson Woods Field (Fayette, IA)",52,MBA,2026
6535199,615047,Lewis Flyers,615090,Upper Iowa Peacocks,615047,2,top,"Alex Chaltin grounded out to p, bunt (0-0).",9,2026-04-03 14:00:00-04:00,"Robertson Woods Field (Fayette, IA)",52,MBA,2026
6535199,615047,Lewis Flyers,615090,Upper Iowa Peacocks,615047,2,top,John Henry r singled to left field (2-2 KKBB).,10,2026-04-03 14:00:00-04:00,"Robertson Woods Field (Fayette, IA)",52,MBA,2026
6535199,615047,Lewis Flyers,615090,Upper Iowa Peacocks,615047,2,top,John Henry r advanced to second on a wild pitch.,11,2026-04-03 14:00:00-04:00,"Robertson Woods Field (Fayette, IA)",52,MBA,2026
6535199,615047,Lewis Flyers,615090,Upper Iowa Peacocks,615047,2,top,Tylor Phomma singled through the left side (3-2 BBBKF)3a John Henry r advanced to third.,12,2026-04-03 14:00:00-04:00,"Robertson Woods Field (Fayette, IA)",52,MBA,2026
6535199,615047,Lewis Flyers,615090,Upper Iowa Peacocks,615047,2,top,Kyle Peterso grounded out to 2b (1-1 KB).,13,2026-04-03 14:00:00-04:00,"Robertson Woods Field (Fayette, IA)",52,MBA,2026
6535199,615047,Lewis Flyers,615090,Upper Iowa Peacocks,615090,2,bot,G.Bombardier grounded out to ss (2-2 KFBFFB).,14,2026-04-03 14:00:00-04:00,"Robertson Woods Field (Fayette, IA)",52,MBA,2026
6535199,615047,Lewis Flyers,615090,Upper Iowa Peacocks,615090,2,bot,J. Hoodjer doubled to left center (0-0).,15,2026-04-03 14:00:00-04:00,"Robertson Woods Field (Fayette, IA)",52,MBA,2026
6535199,615047,Lewis Flyers,615090,Upper Iowa Peacocks,615090,2,bot,J. Vargas flied out to lf (1-0 B).,16,2026-04-03 14:00:00-04:00,"Robertson Woods Field (Fayette, IA)",52,MBA,2026
6535199,615047,Lewis Flyers,615090,Upper Iowa Peacocks,615090,2,bot,H. Jones struck out swinging (1-2 SBKS).,17,2026-04-03 14:00:00-04:00,"Robertson Woods Field (Fayette, IA)",52,MBA,2026
6535199,615047,Lewis Flyers,615090,Upper Iowa Peacocks,615047,3,top,Jackson Hunl flied out to cf (2-1 KBB).,18,2026-04-03 14:00:00-04:00,"Robertson Woods Field (Fayette, IA)",52,MBA,2026
6535199,615047,Lewis Flyers,615090,Upper Iowa Peacocks,615047,3,top,Constantine singled to third base (0-1 K).,19,2026-04-03 14:00:00-04:00,"Robertson Woods Field (Fayette, IA)",52,MBA,2026
6535199,615047,Lewis Flyers,615090,Upper Iowa Peacocks,615047,3,top,Jimmy Spellm singled to left field (2-1 BKB)3a Constantine advanced to second.,20,2026-04-03 14:00:00-04:00,"Robertson Woods Field (Fayette, IA)",52,MBA,2026
6535199,615047,Lewis Flyers,615090,Upper Iowa Peacocks,615047,3,top,Chris Daughe flied out to lf (1-0 B).,21,2026-04-03 14:00:00-04:00,"Robertson Woods Field (Fayette, IA)",52,MBA,2026
6535199,615047,Lewis Flyers,615090,Upper Iowa Peacocks,615047,3,top,"Jayden Gonza singled to right field, RBI (1-2 KBSF)3a Jimmy Spellm advanced to second3a Constantine scored.",22,2026-04-03 14:00:00-04:00,"Robertson Woods Field (Fayette, IA)",52,MBA,2026
6535199,615047,Lewis Flyers,615090,Upper Iowa Peacocks,615047,3,top,Alex Chaltin flied out to lf (0-0).,23,2026-04-03 14:00:00-04:00,"Robertson Woods Field (Fayette, IA)",52,MBA,2026
6535199,615047,Lewis Flyers,615090,Upper Iowa Peacocks,615090,3,bot,K. Hrncir grounded out to p (0-0).,24,2026-04-03 14:00:00-04:00,"Robertson Woods Field (Fayette, IA)",52,MBA,2026
6535199,615047,Lewis Flyers,615090,Upper Iowa Peacocks,615090,3,bot,J. Klug struck out looking (2-2 BBSFFK).,25,2026-04-03 14:00:00-04:00,"Robertson Woods Field (Fayette, IA)",52,MBA,2026
6535199,615047,Lewis Flyers,615090,Upper Iowa Peacocks,615090,3,bot,C. Luzum flied out to lf (0-1 K).,26,2026-04-03 14:00:00-04:00,"Robertson Woods Field (Fayette, IA)",52,MBA,2026
6535199,615047,Lewis Flyers,615090,Upper Iowa Peacocks,615047,4,top,John Henry r singled to center field (1-2 KFFB).,27,2026-04-03 14:00:00-04:00,"Robertson Woods Field (Fayette, IA)",52,MBA,2026
6535199,615047,Lewis Flyers,615090,Upper Iowa Peacocks,615047,4,top,"Tylor Phomma grounded out to 3b, SAC, bunt (1-0 B)3a John Henry r advanced to second.",28,2026-04-03 14:00:00-04:00,"Robertson Woods Field (Fayette, IA)",52,MBA,2026
6535199,615047,Lewis Flyers,615090,Upper Iowa Peacocks,615047,4,top,"Kyle Peterso doubled down the lf line, RBI (1-2 FKB)3a John Henry r scored.",29,2026-04-03 14:00:00-04:00,"Robertson Woods Field (Fayette, IA)",52,MBA,2026
6535199,615047,Lewis Flyers,615090,Upper Iowa Peacocks,615047,4,top,"Jackson Hunl singled to center field, RBI (0-1 K)3a Kyle Peterso scored.",30,2026-04-03 14:00:00-04:00,"Robertson Woods Field (Fayette, IA)",52,MBA,2026
6535199,615047,Lewis Flyers,615090,Upper Iowa Peacocks,615047,4,top,Jackson Hunl advanced to second on a wild pitch.,31,2026-04-03 14:00:00-04:00,"Robertson Woods Field (Fayette, IA)",52,MBA,2026
6535199,615047,Lewis Flyers,615090,Upper Iowa Peacocks,615047,4,top,"Constantine singled to center field, RBI (2-2 BKBSF)3a Jackson Hunl scored.",32,2026-04-03 14:00:00-04:00,"Robertson Woods Field (Fayette, IA)",52,MBA,2026
6535199,615047,Lewis Flyers,615090,Upper Iowa Peacocks,615047,4,top,B. Nicodemus to p for G. Olson.,33,2026-04-03 14:00:00-04:00,"Robertson Woods Field (Fayette, IA)",52,MBA,2026
6535199,615047,Lewis Flyers,615090,Upper Iowa Peacocks,615047,4,top,Jimmy Spellm grounded into double play 2b to ss to 1b (0-0)3a Constantine out on the play.,34,2026-04-03 14:00:00-04:00,"Robertson Woods Field (Fayette, IA)",52,MBA,2026
6535199,615047,Lewis Flyers,615090,Upper Iowa Peacocks,615090,4,bot,T. Meiners doubled to left center (0-0).,35,2026-04-03 14:00:00-04:00,"Robertson Woods Field (Fayette, IA)",52,MBA,2026
6535199,615047,Lewis Flyers,615090,Upper Iowa Peacocks,615090,4,bot,B. Zimmer struck out swinging (0-2 KFFS).,36,2026-04-03 14:00:00-04:00,"Robertson Woods Field (Fayette, IA)",52,MBA,2026
6535199,615047,Lewis Flyers,615090,Upper Iowa Peacocks,615090,4,bot,G.Bombardier singled to center field (0-1 S)3a T. Meiners advanced to third.,37,2026-04-03 14:00:00-04:00,"Robertson Woods Field (Fayette, IA)",52,MBA,2026
6535199,615047,Lewis Flyers,615090,Upper Iowa Peacocks,615090,4,bot,"J. Hoodjer singled to second base, RBI (2-0 BB)3a G.Bombardier advanced to second3a T. Meiners scored.",38,2026-04-03 14:00:00-04:00,"Robertson Woods Field (Fayette, IA)",52,MBA,2026
6535199,615047,Lewis Flyers,615090,Upper Iowa Peacocks,615090,4,bot,J. Vargas struck out swinging (2-2 SBFBS).,39,2026-04-03 14:00:00-04:00,"Robertson Woods Field (Fayette, IA)",52,MBA,2026
6535199,615047,Lewis Flyers,615090,Upper Iowa Peacocks,615090,4,bot,"H. Jones singled to center field, RBI (2-2 BKBFF)3a J. Hoodjer advanced to second3a G.Bombardier scored.",40,2026-04-03 14:00:00-04:00,"Robertson Woods Field (Fayette, IA)",52,MBA,2026
6535199,615047,Lewis Flyers,615090,Upper Iowa Peacocks,615090,4,bot,K. Hrncir reached on a fielder's choice to third base (0-0)3a H. Jones advanced to second3a J. Hoodjer out at third 3b unassisted.,41,2026-04-03 14:00:00-04:00,"Robertson Woods Field (Fayette, IA)",52,MBA,2026
6535199,615047,Lewis Flyers,615090,Upper Iowa Peacocks,615047,5,top,Chris Daughe singled to third base (1-0 B).,42,2026-04-03 14:00:00-04:00,"Robertson Woods Field (Fayette, IA)",52,MBA,2026
6535199,615047,Lewis Flyers,615090,Upper Iowa Peacocks,615047,5,top,Jayden Gonza grounded out to ss (3-2 BKSBFFB)3a Chris Daughe advanced to second.,43,2026-04-03 14:00:00-04:00,"Robertson Woods Field (Fayette, IA)",52,MBA,2026
6535199,615047,Lewis Flyers,615090,Upper Iowa Peacocks,615047,5,top,"Alex Chaltin singled down the lf line, RBI (2-2 FBBF)3a Chris Daughe scored.",44,2026-04-03 14:00:00-04:00,"Robertson Woods Field (Fayette, IA)",52,MBA,2026
6535199,615047,Lewis Flyers,615090,Upper Iowa Peacocks,615047,5,top,Alex Chaltin stole second.,45,2026-04-03 14:00:00-04:00,"Robertson Woods Field (Fayette, IA)",52,MBA,2026
6535199,615047,Lewis Flyers,615090,Upper Iowa Peacocks,615047,5,top,John Henry r walked (3-2 BKBSBB).,46,2026-04-03 14:00:00-04:00,"Robertson Woods Field (Fayette, IA)",52,MBA,2026
6535199,615047,Lewis Flyers,615090,Upper Iowa Peacocks,615047,5,top,John Henry r stole second3a Alex Chaltin stole third.,47,2026-04-03 14:00:00-04:00,"Robertson Woods Field (Fayette, IA)",52,MBA,2026
6535199,615047,Lewis Flyers,615090,Upper Iowa Peacocks,615047,5,top,"Tylor Phomma singled to right field, 2 RBI (0-2 KS)3a John Henry r scored3a Alex Chaltin scored.",48,2026-04-03 14:00:00-04:00,"Robertson Woods Field (Fayette, IA)",52,MBA,2026
6535199,615047,Lewis Flyers,615090,Upper Iowa Peacocks,615047,5,top,Tylor Phomma stole second.,49,2026-04-03 14:00:00-04:00,"Robertson Woods Field (Fayette, IA)",52,MBA,2026
6535199,615047,Lewis Flyers,615090,Upper Iowa Peacocks,615047,5,top,Tylor Phomma advanced to third on a wild pitch.,50,2026-04-03 14:00:00-04:00,"Robertson Woods Field (Fayette, IA)",52,MBA,2026
6535199,615047,Lewis Flyers,615090,Upper Iowa Peacocks,615047,5,top,"Kyle Peterso grounded out to 2b, RBI (3-1 BKBB)3a Tylor Phomma scored.",51,2026-04-03 14:00:00-04:00,"Robertson Woods Field (Fayette, IA)",52,MBA,2026
6535199,615047,Lewis Flyers,615090,Upper Iowa Peacocks,615047,5,top,Jackson Hunl hit by pitch (1-2 KBK).,52,2026-04-03 14:00:00-04:00,"Robertson Woods Field (Fayette, IA)",52,MBA,2026
6535199,615047,Lewis Flyers,615090,Upper Iowa Peacocks,615047,5,top,Jackson Hunl stole second.,53,2026-04-03 14:00:00-04:00,"Robertson Woods Field (Fayette, IA)",52,MBA,2026
6535199,615047,Lewis Flyers,615090,Upper Iowa Peacocks,615047,5,top,Constantine reached on a fielder's choice to shortstop (1-2 FBK)3a Jackson Hunl out at second ss to 2b.,54,2026-04-03 14:00:00-04:00,"Robertson Woods Field (Fayette, IA)",52,MBA,2026
6535199,615047,Lewis Flyers,615090,Upper Iowa Peacocks,615090,5,bot,1:35 lightning delay before bottom of fifth inning.,55,2026-04-03 14:00:00-04:00,"Robertson Woods Field (Fayette, IA)",52,MBA,2026
6535199,615047,Lewis Flyers,615090,Upper Iowa Peacocks,615090,5,bot,J. Klug struck out swinging (2-2 BBKKS).,56,2026-04-03 14:00:00-04:00,"Robertson Woods Field (Fayette, IA)",52,MBA,2026
6535199,615047,Lewis Flyers,615090,Upper Iowa Peacocks,615090,5,bot,C. Luzum flied out to cf (0-1 K).,57,2026-04-03 14:00:00-04:00,"Robertson Woods Field (Fayette, IA)",52,MBA,2026
6535199,615047,Lewis Flyers,615090,Upper Iowa Peacocks,615090,5,bot,T. Meiners struck out swinging (2-2 SBFBFS).,58,2026-04-03 14:00:00-04:00,"Robertson Woods Field (Fayette, IA)",52,MBA,2026
6535199,615047,Lewis Flyers,615090,Upper Iowa Peacocks,615047,6,top,C. Dupuis to p for B. Nicodemus.,59,2026-04-03 14:00:00-04:00,"Robertson Woods Field (Fayette, IA)",52,MBA,2026
6535199,615047,Lewis Flyers,615090,Upper Iowa Peacocks,615047,6,top,Jimmy Spellm singled to third base (1-2 KSFB).,60,2026-04-03 14:00:00-04:00,"Robertson Woods Field (Fayette, IA)",52,MBA,2026
6535199,615047,Lewis Flyers,615090,Upper Iowa Peacocks,615047,6,top,Chris Daughe grounded out to 3b (0-1 K)3a Jimmy Spellm advanced to second.,61,2026-04-03 14:00:00-04:00,"Robertson Woods Field (Fayette, IA)",52,MBA,2026
6535199,615047,Lewis Flyers,615090,Upper Iowa Peacocks,615047,6,top,Jimmy Spellm advanced to third on a wild pitch.,62,2026-04-03 14:00:00-04:00,"Robertson Woods Field (Fayette, IA)",52,MBA,2026
6535199,615047,Lewis Flyers,615090,Upper Iowa Peacocks,615047,6,top,"Jayden Gonza grounded out to 2b, RBI (1-2 SFFB)3a Jimmy Spellm scored.",63,2026-04-03 14:00:00-04:00,"Robertson Woods Field (Fayette, IA)",52,MBA,2026
6535199,615047,Lewis Flyers,615090,Upper Iowa Peacocks,615047,6,top,Alex Chaltin popped up to 1b (0-0).,64,2026-04-03 14:00:00-04:00,"Robertson Woods Field (Fayette, IA)",52,MBA,2026
6535199,615047,Lewis Flyers,615090,Upper Iowa Peacocks,615090,6,bot,B. Zimmer grounded out to ss (0-0).,65,2026-04-03 14:00:00-04:00,"Robertson Woods Field (Fayette, IA)",52,MBA,2026
6535199,615047,Lewis Flyers,615090,Upper Iowa Peacocks,615090,6,bot,G.Bombardier grounded out to 2b (1-1 FB).,66,2026-04-03 14:00:00-04:00,"Robertson Woods Field (Fayette, IA)",52,MBA,2026
6535199,615047,Lewis Flyers,615090,Upper Iowa Peacocks,615090,6,bot,J. Hoodjer lined out to 2b (0-0).,67,2026-04-03 14:00:00-04:00,"Robertson Woods Field (Fayette, IA)",52,MBA,2026
6535199,615047,Lewis Flyers,615090,Upper Iowa Peacocks,615047,7,top,John Henry r walked (3-2 BBBKSFB).,68,2026-04-03 14:00:00-04:00,"Robertson Woods Field (Fayette, IA)",52,MBA,2026
6535199,615047,Lewis Flyers,615090,Upper Iowa Peacocks,615047,7,top,"Tylor Phomma doubled down the lf line, advanced to third on the throw, RBI (0-1 K)3a John Henry r scored.",69,2026-04-03 14:00:00-04:00,"Robertson Woods Field (Fayette, IA)",52,MBA,2026
6535199,615047,Lewis Flyers,615090,Upper Iowa Peacocks,615047,7,top,Kyle Peterso walked (3-2 BBKKBB).,70,2026-04-03 14:00:00-04:00,"Robertson Woods Field (Fayette, IA)",52,MBA,2026
6535199,615047,Lewis Flyers,615090,Upper Iowa Peacocks,615047,7,top,Kyle Peterso stole second.,71,2026-04-03 14:00:00-04:00,"Robertson Woods Field (Fayette, IA)",52,MBA,2026
6535199,615047,Lewis Flyers,615090,Upper Iowa Peacocks,615047,7,top,Kyle Peterso advanced to third on a passed ball3a Tylor Phomma scored on a passed ball.,72,2026-04-03 14:00:00-04:00,"Robertson Woods Field (Fayette, IA)",52,MBA,2026
6535199,615047,Lewis Flyers,615090,Upper Iowa Peacocks,615047,7,top,Jackson Hunl struck out looking (2-2 BBKFK).,73,2026-04-03 14:00:00-04:00,"Robertson Woods Field (Fayette, IA)",52,MBA,2026
6535199,615047,Lewis Flyers,615090,Upper Iowa Peacocks,615047,7,top,Constantine walked (3-1 BBBKB).,74,2026-04-03 14:00:00-04:00,"Robertson Woods Field (Fayette, IA)",52,MBA,2026
6535199,615047,Lewis Flyers,615090,Upper Iowa Peacocks,615047,7,top,Constantine stole second.,75,2026-04-03 14:00:00-04:00,"Robertson Woods Field (Fayette, IA)",52,MBA,2026
6535199,615047,Lewis Flyers,615090,Upper Iowa Peacocks,615047,7,top,Jimmy Spellm reached on a fielder's choice to first base (2-2 KBBK)3a Constantine advanced to third3a Kyle Peterso out at home 1b to c.,76,2026-04-03 14:00:00-04:00,"Robertson Woods Field (Fayette, IA)",52,MBA,2026
6535199,615047,Lewis Flyers,615090,Upper Iowa Peacocks,615047,7,top,"Chris Daughe singled to left field, RBI (0-1 S)3a Jimmy Spellm advanced to second3a Constantine scored.",77,2026-04-03 14:00:00-04:00,"Robertson Woods Field (Fayette, IA)",52,MBA,2026
6535199,615047,Lewis Flyers,615090,Upper Iowa Peacocks,615047,7,top,Jayden Gonza hit by pitch (2-2 BKFB)3a Chris Daughe advanced to second3a Jimmy Spellm advanced to third.,78,2026-04-03 14:00:00-04:00,"Robertson Woods Field (Fayette, IA)",52,MBA,2026
6535199,615047,Lewis Flyers,615090,Upper Iowa Peacocks,615047,7,top,"Alex Chaltin walked, RBI (3-1 KBBBB)3a Jayden Gonza advanced to second3a Chris Daughe advanced to third3a Jimmy Spellm scored.",79,2026-04-03 14:00:00-04:00,"Robertson Woods Field (Fayette, IA)",52,MBA,2026
6535199,615047,Lewis Flyers,615090,Upper Iowa Peacocks,615047,7,top,G. Bougie to p for C. Dupuis.,80,2026-04-03 14:00:00-04:00,"Robertson Woods Field (Fayette, IA)",52,MBA,2026
6535199,615047,Lewis Flyers,615090,Upper Iowa Peacocks,615047,7,top,John Henry r struck out looking (3-2 BBKBKK).,81,2026-04-03 14:00:00-04:00,"Robertson Woods Field (Fayette, IA)",52,MBA,2026
6535199,615047,Lewis Flyers,615090,Upper Iowa Peacocks,615090,7,bot,J. Vargas hit by pitch (0-0).,82,2026-04-03 14:00:00-04:00,"Robertson Woods Field (Fayette, IA)",52,MBA,2026
6535199,615047,Lewis Flyers,615090,Upper Iowa Peacocks,615090,7,bot,H. Jones reached on a fielder's choice to second base (2-2 BBKFF)3a J. Vargas out at second 2b to ss.,83,2026-04-03 14:00:00-04:00,"Robertson Woods Field (Fayette, IA)",52,MBA,2026
6535199,615047,Lewis Flyers,615090,Upper Iowa Peacocks,615090,7,bot,K. Hrncir reached on a fielder's choice to third base (0-1 K)3a H. Jones out at second 3b to 2b.,84,2026-04-03 14:00:00-04:00,"Robertson Woods Field (Fayette, IA)",52,MBA,2026
6535199,615047,Lewis Flyers,615090,Upper Iowa Peacocks,615090,7,bot,J. Klug flied out to lf (2-2 BBKS).,85,2026-04-03 14:00:00-04:00,"Robertson Woods Field (Fayette, IA)",52,MBA,2026
6537901,614592,Davidson Wildcats,614609,George Mason Patriots,614592,1,top,M Vannoy struck out looking (2-2 KBFBFK).,1,2026-04-03 14:00:00-04:00,"Spuhler Field (Fairfax, VA)",174,MBA,2026
6537901,614592,Davidson Wildcats,614609,George Mason Patriots,614592,1,top,"J Daly struck out swinging, out at first c to 1b (1-2 KBFS).",2,2026-04-03 14:00:00-04:00,"Spuhler Field (Fairfax, VA)",174,MBA,2026
6537901,614592,Davidson Wildcats,614609,George Mason Patriots,614592,1,top,A Torreso grounded out to 1b unassisted (1-2 KBF).,3,2026-04-03 14:00:00-04:00,"Spuhler Field (Fairfax, VA)",174,MBA,2026
6537901,614592,Davidson Wildcats,614609,George Mason Patriots,614609,1,bot,Julius Bagnerise singled up the middle (1-1 KB).,4,2026-04-03 14:00:00-04:00,"Spuhler Field (Fairfax, VA)",174,MBA,2026
6537901,614592,Davidson Wildcats,614609,George Mason Patriots,614609,1,bot,Julius Bagnerise stole second.,5,2026-04-03 14:00:00-04:00,"Spuhler Field (Fairfax, VA)",174,MBA,2026
6537901,614592,Davidson Wildcats,614609,George Mason Patriots,614609,1,bot,"Jake Butler popped up to c, bunt (1-0 B).",6,2026-04-03 14:00:00-04:00,"Spuhler Field (Fairfax, VA)",174,MBA,2026
6537901,614592,Davidson Wildcats,614609,George Mason Patriots,614609,1,bot,Owen Clyne fouled out to 3b (1-2 BFF).,7,2026-04-03 14:00:00-04:00,"Spuhler Field (Fairfax, VA)",174,MBA,2026
6537901,614592,Davidson Wildcats,614609,George Mason Patriots,614609,1,bot,Julius Bagnerise stole third.,8,2026-04-03 14:00:00-04:00,"Spuhler Field (Fairfax, VA)",174,MBA,2026
6537901,614592,Davidson Wildcats,614609,George Mason Patriots,614609,1,bot,Lucas Alberti walked (3-2 KBKBBFB).,9,2026-04-03 14:00:00-04:00,"Spuhler Field (Fairfax, VA)",174,MBA,2026
6537901,614592,Davidson Wildcats,614609,George Mason Patriots,614609,1,bot,Luciano Terilli walked (3-2 KBFBFBB): Lucas Alberti advanced to second.,10,2026-04-03 14:00:00-04:00,"Spuhler Field (Fairfax, VA)",174,MBA,2026
6537901,614592,Davidson Wildcats,614609,George Mason Patriots,614609,1,bot,Vincent Cowdrey fouled out to 1b (0-0).,11,2026-04-03 14:00:00-04:00,"Spuhler Field (Fairfax, VA)",174,MBA,2026
6537901,614592,Davidson Wildcats,614609,George Mason Patriots,614592,2,top,F Lietz grounded out to 2b (0-1 K).,12,2026-04-03 14:00:00-04:00,"Spuhler Field (Fairfax, VA)",174,MBA,2026
6537901,614592,Davidson Wildcats,614609,George Mason Patriots,614592,2,top,M Manjooran flied out to cf to left center (0-1 K).,13,2026-04-03 14:00:00-04:00,"Spuhler Field (Fairfax, VA)",174,MBA,2026
6537901,614592,Davidson Wildcats,614609,George Mason Patriots,614592,2,top,T Loughlin grounded out to 1b unassisted (2-1 BKB).,14,2026-04-03 14:00:00-04:00,"Spuhler Field (Fairfax, VA)",174,MBA,2026
6537901,614592,Davidson Wildcats,614609,George Mason Patriots,614609,2,bot,Evan Blanchard popped up to ss (1-0 B).,15,2026-04-03 14:00:00-04:00,"Spuhler Field (Fairfax, VA)",174,MBA,2026
6537901,614592,Davidson Wildcats,614609,George Mason Patriots,614609,2,bot,Jackson Morse grounded out to ss (2-2 BBKK).,16,2026-04-03 14:00:00-04:00,"Spuhler Field (Fairfax, VA)",174,MBA,2026
6537901,614592,Davidson Wildcats,614609,George Mason Patriots,614609,2,bot,Drew Canody flied out to rf (1-2 KFFB).,17,2026-04-03 14:00:00-04:00,"Spuhler Field (Fairfax, VA)",174,MBA,2026
6537901,614592,Davidson Wildcats,614609,George Mason Patriots,614592,3,top,A Rice fouled out to 1b (2-0 BB).,18,2026-04-03 14:00:00-04:00,"Spuhler Field (Fairfax, VA)",174,MBA,2026
6537901,614592,Davidson Wildcats,614609,George Mason Patriots,614592,3,top,F Diaz grounded out to 3b (2-1 BBK).,19,2026-04-03 14:00:00-04:00,"Spuhler Field (Fairfax, VA)",174,MBA,2026
6537901,614592,Davidson Wildcats,614609,George Mason Patriots,614592,3,top,W Brooks singled to left field (0-0).,20,2026-04-03 14:00:00-04:00,"Spuhler Field (Fairfax, VA)",174,MBA,2026
6537901,614592,Davidson Wildcats,614609,George Mason Patriots,614592,3,top,M Vannoy flied out to rf to right center (2-2 KSBFB).,21,2026-04-03 14:00:00-04:00,"Spuhler Field (Fairfax, VA)",174,MBA,2026
6537901,614592,Davidson Wildcats,614609,George Mason Patriots,614609,3,bot,Julius Bagnerise singled to left field (1-1 KB).,22,2026-04-03 14:00:00-04:00,"Spuhler Field (Fairfax, VA)",174,MBA,2026
6537901,614592,Davidson Wildcats,614609,George Mason Patriots,614609,3,bot,Julius Bagnerise stole second.,23,2026-04-03 14:00:00-04:00,"Spuhler Field (Fairfax, VA)",174,MBA,2026
6537901,614592,Davidson Wildcats,614609,George Mason Patriots,614609,3,bot,Jake Butler grounded out to 3b (2-2 BKFB): Julius Bagnerise advanced to third.,24,2026-04-03 14:00:00-04:00,"Spuhler Field (Fairfax, VA)",174,MBA,2026
6537901,614592,Davidson Wildcats,614609,George Mason Patriots,614609,3,bot,"Owen Clyne flied out to rf, sacrifice fly, RBI (1-2 KSB): Julius Bagnerise scored.",25,2026-04-03 14:00:00-04:00,"Spuhler Field (Fairfax, VA)",174,MBA,2026
6537901,614592,Davidson Wildcats,614609,George Mason Patriots,614609,3,bot,Lucas Alberti singled up the middle (2-1 BBK).,26,2026-04-03 14:00:00-04:00,"Spuhler Field (Fairfax, VA)",174,MBA,2026
6537901,614592,Davidson Wildcats,614609,George Mason Patriots,614609,3,bot,Lucas Alberti stole second.,27,2026-04-03 14:00:00-04:00,"Spuhler Field (Fairfax, VA)",174,MBA,2026
6537901,614592,Davidson Wildcats,614609,George Mason Patriots,614609,3,bot,"Lucas Alberti out at third c to 3b, caught stealing.",28,2026-04-03 14:00:00-04:00,"Spuhler Field (Fairfax, VA)",174,MBA,2026
6537901,614592,Davidson Wildcats,614609,George Mason Patriots,614592,4,top,"J Daly homered to right field, RBI (1-2 FKB).",29,2026-04-03 14:00:00-04:00,"Spuhler Field (Fairfax, VA)",174,MBA,2026
6537901,614592,Davidson Wildcats,614609,George Mason Patriots,614592,4,top,A Torreso struck out swinging (3-2 SBBBKS).,30,2026-04-03 14:00:00-04:00,"Spuhler Field (Fairfax, VA)",174,MBA,2026
6537901,614592,Davidson Wildcats,614609,George Mason Patriots,614592,4,top,F Lietz out at first 1b to p (1-2 KBK).,31,2026-04-03 14:00:00-04:00,"Spuhler Field (Fairfax, VA)",174,MBA,2026
6537901,614592,Davidson Wildcats,614609,George Mason Patriots,614592,4,top,M Manjooran grounded out to 2b (1-0 B).,32,2026-04-03 14:00:00-04:00,"Spuhler Field (Fairfax, VA)",174,MBA,2026
6537901,614592,Davidson Wildcats,614609,George Mason Patriots,614609,4,bot,Luciano Terilli singled to right field (0-2 SF).,33,2026-04-03 14:00:00-04:00,"Spuhler Field (Fairfax, VA)",174,MBA,2026
6537901,614592,Davidson Wildcats,614609,George Mason Patriots,614609,4,bot,Vincent Cowdrey struck out looking (0-2 SKK).,34,2026-04-03 14:00:00-04:00,"Spuhler Field (Fairfax, VA)",174,MBA,2026
6537901,614592,Davidson Wildcats,614609,George Mason Patriots,614609,4,bot,"Luciano Terilli out at second c to 2b, caught stealing.",35,2026-04-03 14:00:00-04:00,"Spuhler Field (Fairfax, VA)",174,MBA,2026
6537901,614592,Davidson Wildcats,614609,George Mason Patriots,614609,4,bot,Evan Blanchard flied out to rf (2-1 SBB).,36,2026-04-03 14:00:00-04:00,"Spuhler Field (Fairfax, VA)",174,MBA,2026
6537901,614592,Davidson Wildcats,614609,George Mason Patriots,614592,5,top,T Loughlin walked (3-2 BSBSFFBB).,37,2026-04-03 14:00:00-04:00,"Spuhler Field (Fairfax, VA)",174,MBA,2026
6537901,614592,Davidson Wildcats,614609,George Mason Patriots,614592,5,top,T Loughlin stole second.,38,2026-04-03 14:00:00-04:00,"Spuhler Field (Fairfax, VA)",174,MBA,2026
6537901,614592,Davidson Wildcats,614609,George Mason Patriots,614592,5,top,"T Loughlin advanced to third on a throwing error by p, failed pickoff attempt.",39,2026-04-03 14:00:00-04:00,"Spuhler Field (Fairfax, VA)",174,MBA,2026
6537901,614592,Davidson Wildcats,614609,George Mason Patriots,614592,5,top,"A Rice flied out to cf, sacrifice fly, RBI (1-2 KSB): T Loughlin scored, unearned.",40,2026-04-03 14:00:00-04:00,"Spuhler Field (Fairfax, VA)",174,MBA,2026
6537901,614592,Davidson Wildcats,614609,George Mason Patriots,614592,5,top,F Diaz singled up the middle (1-1 BK).,41,2026-04-03 14:00:00-04:00,"Spuhler Field (Fairfax, VA)",174,MBA,2026
6537901,614592,Davidson Wildcats,614609,George Mason Patriots,614592,5,top,F Diaz stole second.,42,2026-04-03 14:00:00-04:00,"Spuhler Field (Fairfax, VA)",174,MBA,2026
6537901,614592,Davidson Wildcats,614609,George Mason Patriots,614592,5,top,W Brooks walked (3-2 BKBKBFB).,43,2026-04-03 14:00:00-04:00,"Spuhler Field (Fairfax, VA)",174,MBA,2026
6537901,614592,Davidson Wildcats,614609,George Mason Patriots,614592,5,top,M Vannoy fouled out to 3b (2-1 KBB).,44,2026-04-03 14:00:00-04:00,"Spuhler Field (Fairfax, VA)",174,MBA,2026
6537901,614592,Davidson Wildcats,614609,George Mason Patriots,614592,5,top,J Daly out at first 1b to p (2-1 KBB).,45,2026-04-03 14:00:00-04:00,"Spuhler Field (Fairfax, VA)",174,MBA,2026
6537901,614592,Davidson Wildcats,614609,George Mason Patriots,614609,5,bot,Jackson Morse singled to right field (2-1 BBK).,46,2026-04-03 14:00:00-04:00,"Spuhler Field (Fairfax, VA)",174,MBA,2026
6537901,614592,Davidson Wildcats,614609,George Mason Patriots,614609,5,bot,"Drew Canody grounded out to p, SAC, bunt (0-0): Jackson Morse advanced to second.",47,2026-04-03 14:00:00-04:00,"Spuhler Field (Fairfax, VA)",174,MBA,2026
6537901,614592,Davidson Wildcats,614609,George Mason Patriots,614609,5,bot,Julius Bagnerise flied out to rf (0-0).,48,2026-04-03 14:00:00-04:00,"Spuhler Field (Fairfax, VA)",174,MBA,2026
6537901,614592,Davidson Wildcats,614609,George Mason Patriots,614609,5,bot,Jake Butler lined out to ss (0-0).,49,2026-04-03 14:00:00-04:00,"Spuhler Field (Fairfax, VA)",174,MBA,2026
6537901,614592,Davidson Wildcats,614609,George Mason Patriots,614592,6,top,A Torreso flied out to cf to left center (1-0 B).,50,2026-04-03 14:00:00-04:00,"Spuhler Field (Fairfax, VA)",174,MBA,2026
6537901,614592,Davidson Wildcats,614609,George Mason Patriots,614592,6,top,F Lietz grounded out to p (0-0).,51,2026-04-03 14:00:00-04:00,"Spuhler Field (Fairfax, VA)",174,MBA,2026
6537901,614592,Davidson Wildcats,614609,George Mason Patriots,614592,6,top,M Manjooran flied out to cf (2-1 KBB).,52,2026-04-03 14:00:00-04:00,"Spuhler Field (Fairfax, VA)",174,MBA,2026
6537901,614592,Davidson Wildcats,614609,George Mason Patriots,614609,6,bot,Logan Vaughan to c for Vincent Cowdrey.,53,2026-04-03 14:00:00-04:00,"Spuhler Field (Fairfax, VA)",174,MBA,2026
6537901,614592,Davidson Wildcats,614609,George Mason Patriots,614609,6,bot,Owen Clyne out at first 1b to p (2-2 KBSB).,54,2026-04-03 14:00:00-04:00,"Spuhler Field (Fairfax, VA)",174,MBA,2026
6537901,614592,Davidson Wildcats,614609,George Mason Patriots,614609,6,bot,Lucas Alberti grounded out to 3b (2-2 BBKS).,55,2026-04-03 14:00:00-04:00,"Spuhler Field (Fairfax, VA)",174,MBA,2026
6537901,614592,Davidson Wildcats,614609,George Mason Patriots,614609,6,bot,Luciano Terilli grounded out to 2b (1-1 BS).,56,2026-04-03 14:00:00-04:00,"Spuhler Field (Fairfax, VA)",174,MBA,2026
6537901,614592,Davidson Wildcats,614609,George Mason Patriots,614592,7,top,T Loughlin struck out looking (1-2 BKKK).,57,2026-04-03 14:00:00-04:00,"Spuhler Field (Fairfax, VA)",174,MBA,2026
6537901,614592,Davidson Wildcats,614609,George Mason Patriots,614592,7,top,"A Rice struck out looking, out at first c to 1b (0-2 SFK).",58,2026-04-03 14:00:00-04:00,"Spuhler Field (Fairfax, VA)",174,MBA,2026
6537901,614592,Davidson Wildcats,614609,George Mason Patriots,614592,7,top,F Diaz singled to third base (0-2 KS).,59,2026-04-03 14:00:00-04:00,"Spuhler Field (Fairfax, VA)",174,MBA,2026
6537901,614592,Davidson Wildcats,614609,George Mason Patriots,614592,7,top,W Brooks popped up to 2b (3-1 BBBK).,60,2026-04-03 14:00:00-04:00,"Spuhler Field (Fairfax, VA)",174,MBA,2026
6537901,614592,Davidson Wildcats,614609,George Mason Patriots,614609,7,bot,J Vokal to p for W Perkins.,61,2026-04-03 14:00:00-04:00,"Spuhler Field (Fairfax, VA)",174,MBA,2026
6537901,614592,Davidson Wildcats,614609,George Mason Patriots,614609,7,bot,Logan Vaughan singled up the middle (2-1 FBB).,62,2026-04-03 14:00:00-04:00,"Spuhler Field (Fairfax, VA)",174,MBA,2026
6537901,614592,Davidson Wildcats,614609,George Mason Patriots,614609,7,bot,"Logan Vaughan out at first p to 1b, picked off.",63,2026-04-03 14:00:00-04:00,"Spuhler Field (Fairfax, VA)",174,MBA,2026
6537901,614592,Davidson Wildcats,614609,George Mason Patriots,614609,7,bot,Evan Blanchard hit by pitch (3-2 FBFBFH).,64,2026-04-03 14:00:00-04:00,"Spuhler Field (Fairfax, VA)",174,MBA,2026
6537901,614592,Davidson Wildcats,614609,George Mason Patriots,614609,7,bot,Jackson Morse struck out looking (0-2 KFK).,65,2026-04-03 14:00:00-04:00,"Spuhler Field (Fairfax, VA)",174,MBA,2026
6537901,614592,Davidson Wildcats,614609,George Mason Patriots,614609,7,bot,Evan Blanchard advanced to second on a wild pitch.,66,2026-04-03 14:00:00-04:00,"Spuhler Field (Fairfax, VA)",174,MBA,2026
6537901,614592,Davidson Wildcats,614609,George Mason Patriots,614609,7,bot,Evan Blanchard advanced to third on a throwing error by c.,67,2026-04-03 14:00:00-04:00,"Spuhler Field (Fairfax, VA)",174,MBA,2026
6537901,614592,Davidson Wildcats,614609,George Mason Patriots,614609,7,bot,Drew Canody popped up to rf (1-2 KFFBF).,68,2026-04-03 14:00:00-04:00,"Spuhler Field (Fairfax, VA)",174,MBA,2026
6537901,614592,Davidson Wildcats,614609,George Mason Patriots,614592,8,top,Owen Stewart to p for Logan Rumberg.,69,2026-04-03 14:00:00-04:00,"Spuhler Field (Fairfax, VA)",174,MBA,2026
6537901,614592,Davidson Wildcats,614609,George Mason Patriots,614592,8,top,M Vannoy grounded out to ss (2-2 BBKS).,70,2026-04-03 14:00:00-04:00,"Spuhler Field (Fairfax, VA)",174,MBA,2026
6537901,614592,Davidson Wildcats,614609,George Mason Patriots,614592,8,top,J Daly flied out to rf (1-2 KBK).,71,2026-04-03 14:00:00-04:00,"Spuhler Field (Fairfax, VA)",174,MBA,2026
6537901,614592,Davidson Wildcats,614609,George Mason Patriots,614592,8,top,A Torreso doubled to left field (3-1 BBKB).,72,2026-04-03 14:00:00-04:00,"Spuhler Field (Fairfax, VA)",174,MBA,2026
6537901,614592,Davidson Wildcats,614609,George Mason Patriots,614592,8,top,F Lietz walked (3-2 BFBSBB): A Torreso advanced to third on a wild pitch.,73,2026-04-03 14:00:00-04:00,"Spuhler Field (Fairfax, VA)",174,MBA,2026
6537901,614592,Davidson Wildcats,614609,George Mason Patriots,614592,8,top,M Manjooran walked (3-2 BKBBSFFB): F Lietz advanced to second.,74,2026-04-03 14:00:00-04:00,"Spuhler Field (Fairfax, VA)",174,MBA,2026
6537901,614592,Davidson Wildcats,614609,George Mason Patriots,614592,8,top,T Loughlin struck out swinging (2-2 BKBSFS).,75,2026-04-03 14:00:00-04:00,"Spuhler Field (Fairfax, VA)",174,MBA,2026
6537901,614592,Davidson Wildcats,614609,George Mason Patriots,614609,8,bot,Julius Bagnerise grounded out to 2b (0-1 F).,76,2026-04-03 14:00:00-04:00,"Spuhler Field (Fairfax, VA)",174,MBA,2026
6537901,614592,Davidson Wildcats,614609,George Mason Patriots,614609,8,bot,Jake Butler singled up the middle (1-0 B).,77,2026-04-03 14:00:00-04:00,"Spuhler Field (Fairfax, VA)",174,MBA,2026
6537901,614592,Davidson Wildcats,614609,George Mason Patriots,614609,8,bot,Owen Clyne flied out to cf to left center (1-2 KBF).,78,2026-04-03 14:00:00-04:00,"Spuhler Field (Fairfax, VA)",174,MBA,2026
6537901,614592,Davidson Wildcats,614609,George Mason Patriots,614609,8,bot,Jake Butler stole second.,79,2026-04-03 14:00:00-04:00,"Spuhler Field (Fairfax, VA)",174,MBA,2026
6537901,614592,Davidson Wildcats,614609,George Mason Patriots,614609,8,bot,Jake Butler advanced to third on a wild pitch.,80,2026-04-03 14:00:00-04:00,"Spuhler Field (Fairfax, VA)",174,MBA,2026
6537901,614592,Davidson Wildcats,614609,George Mason Patriots,614609,8,bot,Lucas Alberti walked (3-2 FBFBBB).,81,2026-04-03 14:00:00-04:00,"Spuhler Field (Fairfax, VA)",174,MBA,2026
6537901,614592,Davidson Wildcats,614609,George Mason Patriots,614609,8,bot,"Luciano Terilli singled to shortstop, RBI (3-2 KBBBK): Lucas Alberti advanced to second: Jake Butler scored.",82,2026-04-03 14:00:00-04:00,"Spuhler Field (Fairfax, VA)",174,MBA,2026
6537901,614592,Davidson Wildcats,614609,George Mason Patriots,614609,8,bot,Logan Vaughan walked (3-2 BKBBKB): Luciano Terilli advanced to second: Lucas Alberti advanced to third.,83,2026-04-03 14:00:00-04:00,"Spuhler Field (Fairfax, VA)",174,MBA,2026
6537901,614592,Davidson Wildcats,614609,George Mason Patriots,614609,8,bot,I Hoyt to p for J Vokal.,84,2026-04-03 14:00:00-04:00,"Spuhler Field (Fairfax, VA)",174,MBA,2026
6537901,614592,Davidson Wildcats,614609,George Mason Patriots,614609,8,bot,Evan Blanchard reached on a fielder's choice (0-0): Logan Vaughan out at second ss to 2b.,85,2026-04-03 14:00:00-04:00,"Spuhler Field (Fairfax, VA)",174,MBA,2026
6537901,614592,Davidson Wildcats,614609,George Mason Patriots,614592,9,top,A Rice struck out swinging (0-2 KKS).,86,2026-04-03 14:00:00-04:00,"Spuhler Field (Fairfax, VA)",174,MBA,2026
6537901,614592,Davidson Wildcats,614609,George Mason Patriots,614592,9,top,F Diaz popped up to 2b (1-2 FSB).,87,2026-04-03 14:00:00-04:00,"Spuhler Field (Fairfax, VA)",174,MBA,2026
6537901,614592,Davidson Wildcats,614609,George Mason Patriots,614592,9,top,W Brooks struck out swinging (1-2 FKBS).,88,2026-04-03 14:00:00-04:00,"Spuhler Field (Fairfax, VA)",174,MBA,2026
6537901,614592,Davidson Wildcats,614609,George Mason Patriots,614609,9,bot,Matthew Westley pinch hit for Jackson Morse.,89,2026-04-03 14:00:00-04:00,"Spuhler Field (Fairfax, VA)",174,MBA,2026
6537901,614592,Davidson Wildcats,614609,George Mason Patriots,614609,9,bot,Matthew Westley walked (3-2 BKBFFFBFB).,90,2026-04-03 14:00:00-04:00,"Spuhler Field (Fairfax, VA)",174,MBA,2026
6537901,614592,Davidson Wildcats,614609,George Mason Patriots,614609,9,bot,Drew Canody struck out swinging (1-2 FFBS).,91,2026-04-03 14:00:00-04:00,"Spuhler Field (Fairfax, VA)",174,MBA,2026
6537901,614592,Davidson Wildcats,614609,George Mason Patriots,614609,9,bot,Julius Bagnerise singled to left field (1-2 FKB): Matthew Westley advanced to second.,92,2026-04-03 14:00:00-04:00,"Spuhler Field (Fairfax, VA)",174,MBA,2026
6537901,614592,Davidson Wildcats,614609,George Mason Patriots,614609,9,bot,Laken Tignor pinch ran for Matthew Westley.,93,2026-04-03 14:00:00-04:00,"Spuhler Field (Fairfax, VA)",174,MBA,2026
6537901,614592,Davidson Wildcats,614609,George Mason Patriots,614609,9,bot,Julius Bagnerise advanced to second: Laken Tignor advanced to third on a passed ball.,94,2026-04-03 14:00:00-04:00,"Spuhler Field (Fairfax, VA)",174,MBA,2026
6537901,614592,Davidson Wildcats,614609,George Mason Patriots,614609,9,bot,Jake Butler walked (3-1 BFBBB).,95,2026-04-03 14:00:00-04:00,"Spuhler Field (Fairfax, VA)",174,MBA,2026
6537901,614592,Davidson Wildcats,614609,George Mason Patriots,614609,9,bot,"Owen Clyne singled up the middle, RBI (1-0 B): Jake Butler advanced to second: Julius Bagnerise advanced to third: Laken Tignor scored, unearned.",96,2026-04-03 14:00:00-04:00,"Spuhler Field (Fairfax, VA)",174,MBA,2026
6539545,614777,Penn Quakers,614586,Columbia Lions,614777,1,top,"Taylor,Ryan grounded out to short, ss to 1b (0-0).",1,2026-04-03 14:00:00-04:00,"Robertson Field at Satow Stadium (New York, NY)",226,MBA,2026
6539545,614777,Penn Quakers,614586,Columbia Lions,614777,1,top,"Secretarski,James reached on a fielding error fielding by c by Estabrook,Owen (E2) (2-2 KBBF).",2,2026-04-03 14:00:00-04:00,"Robertson Field at Satow Stadium (New York, NY)",226,MBA,2026
6539545,614777,Penn Quakers,614586,Columbia Lions,614777,1,top,"Pokrovsky,Jarrett singled to first base (1-1 KB)3a Secretarski,James advanced from first base to third base.",3,2026-04-03 14:00:00-04:00,"Robertson Field at Satow Stadium (New York, NY)",226,MBA,2026
6539545,614777,Penn Quakers,614586,Columbia Lions,614777,1,top,"Degnan,Gavin singled to right field, RBI (1-1 SB)3a Secretarski,James scored, unearned3a Pokrovsky,Jarrett advanced from first base to third base.",4,2026-04-03 14:00:00-04:00,"Robertson Field at Satow Stadium (New York, NY)",226,MBA,2026
6539545,614777,Penn Quakers,614586,Columbia Lions,614777,1,top,"Spaventa,Nick walked (3-2 BBFKFFBB)3a Degnan,Gavin advanced to second base.",5,2026-04-03 14:00:00-04:00,"Robertson Field at Satow Stadium (New York, NY)",226,MBA,2026
6539545,614777,Penn Quakers,614586,Columbia Lions,614777,1,top,"Guachione,Nick sacrifice fly to shallow left field putout by ss, RBI (2-0 BB)3a Pokrovsky,Jarrett scored, unearned.",6,2026-04-03 14:00:00-04:00,"Robertson Field at Satow Stadium (New York, NY)",226,MBA,2026
6539545,614777,Penn Quakers,614586,Columbia Lions,614777,1,top,"Echevarria,Ernie lined out to third base (1-2 KBS).",7,2026-04-03 14:00:00-04:00,"Robertson Field at Satow Stadium (New York, NY)",226,MBA,2026
6539545,614777,Penn Quakers,614586,Columbia Lions,614586,1,bot,"Chadwell,Jimmy grounded out to second base, 2b to 1b (0-0).",8,2026-04-03 14:00:00-04:00,"Robertson Field at Satow Stadium (New York, NY)",226,MBA,2026
6539545,614777,Penn Quakers,614586,Columbia Lions,614586,1,bot,"Fishel,Ben struck out swinging on dropped third strike, out at first c (2-2 BKKBS).",9,2026-04-03 14:00:00-04:00,"Robertson Field at Satow Stadium (New York, NY)",226,MBA,2026
6539545,614777,Penn Quakers,614586,Columbia Lions,614586,1,bot,"Kail,Jack walked (3-2 KBBBFB).",10,2026-04-03 14:00:00-04:00,"Robertson Field at Satow Stadium (New York, NY)",226,MBA,2026
6539545,614777,Penn Quakers,614586,Columbia Lions,614586,1,bot,"Temesvary,Anthony singled through the right side of the infield (1-2 SBK)3a Kail,Jack advanced from first base to third base.",11,2026-04-03 14:00:00-04:00,"Robertson Field at Satow Stadium (New York, NY)",226,MBA,2026
6539545,614777,Penn Quakers,614586,Columbia Lions,614586,1,bot,"Fellows,Cole popped up to shallow center field putout by ss (2-1 KBB).",12,2026-04-03 14:00:00-04:00,"Robertson Field at Satow Stadium (New York, NY)",226,MBA,2026
6539545,614777,Penn Quakers,614586,Columbia Lions,614777,2,top,"Powell,Michael walked (3-2 BSFBFBB).",13,2026-04-03 14:00:00-04:00,"Robertson Field at Satow Stadium (New York, NY)",226,MBA,2026
6539545,614777,Penn Quakers,614586,Columbia Lions,614777,2,top,"Collins,Gavin singled to center field (0-1 K)3a Powell,Michael advanced to second base.",14,2026-04-03 14:00:00-04:00,"Robertson Field at Satow Stadium (New York, NY)",226,MBA,2026
6539545,614777,Penn Quakers,614586,Columbia Lions,614777,2,top,"Taylor,Ryan sacrifice bunt to the pitcher, p to 1b (1-0 B)3a Powell,Michael advanced to third base3a Collins,Gavin advanced to second base.",15,2026-04-03 14:00:00-04:00,"Robertson Field at Satow Stadium (New York, NY)",226,MBA,2026
6539545,614777,Penn Quakers,614586,Columbia Lions,614777,2,top,"Secretarski,James doubled to left field, 2RBI (3-1 BBFB)3a Powell,Michael scored3a Collins,Gavin scored from second base.",16,2026-04-03 14:00:00-04:00,"Robertson Field at Satow Stadium (New York, NY)",226,MBA,2026
6539545,614777,Penn Quakers,614586,Columbia Lions,614777,2,top,"Pokrovsky,Jarrett grounded out to short, ss to 1b (0-1 K).",17,2026-04-03 14:00:00-04:00,"Robertson Field at Satow Stadium (New York, NY)",226,MBA,2026
6539545,614777,Penn Quakers,614586,Columbia Lions,614777,2,top,"Degnan,Gavin struck out swinging (1-2 BSSFS).",18,2026-04-03 14:00:00-04:00,"Robertson Field at Satow Stadium (New York, NY)",226,MBA,2026
6539545,614777,Penn Quakers,614586,Columbia Lions,614586,2,bot,"Brewer,Jackson walked (3-2 BFFBFFFFFBB).",19,2026-04-03 14:00:00-04:00,"Robertson Field at Satow Stadium (New York, NY)",226,MBA,2026
6539545,614777,Penn Quakers,614586,Columbia Lions,614586,2,bot,"Estabrook,Owen flied out to rf (2-2 KFBB).",20,2026-04-03 14:00:00-04:00,"Robertson Field at Satow Stadium (New York, NY)",226,MBA,2026
6539545,614777,Penn Quakers,614586,Columbia Lions,614586,2,bot,"Vogler,Tate grounded out to second base, 2b to 1b (1-1 KB)3a Brewer,Jackson advanced to second base.",21,2026-04-03 14:00:00-04:00,"Robertson Field at Satow Stadium (New York, NY)",226,MBA,2026
6539545,614777,Penn Quakers,614586,Columbia Lions,614586,2,bot,"Slabaugh,Charlie grounded out to second base, 2b to 1b (0-1 K).",22,2026-04-03 14:00:00-04:00,"Robertson Field at Satow Stadium (New York, NY)",226,MBA,2026
6539545,614777,Penn Quakers,614586,Columbia Lions,614777,3,top,"Spaventa,Nick walked (3-0 BBBB).",23,2026-04-03 14:00:00-04:00,"Robertson Field at Satow Stadium (New York, NY)",226,MBA,2026
6539545,614777,Penn Quakers,614586,Columbia Lions,614777,3,top,"Guachione,Nick struck out looking (3-2 KBBFBK).",24,2026-04-03 14:00:00-04:00,"Robertson Field at Satow Stadium (New York, NY)",226,MBA,2026
6539545,614777,Penn Quakers,614586,Columbia Lions,614777,3,top,"Echevarria,Ernie walked (3-2 BBFKBFB)3a Spaventa,Nick advanced to second base.",25,2026-04-03 14:00:00-04:00,"Robertson Field at Satow Stadium (New York, NY)",226,MBA,2026
6539545,614777,Penn Quakers,614586,Columbia Lions,614777,3,top,"Powell,Michael hit by pitch (2-2 BBSKB)3a Spaventa,Nick advanced to third base3a Echevarria,Ernie advanced to second base.",26,2026-04-03 14:00:00-04:00,"Robertson Field at Satow Stadium (New York, NY)",226,MBA,2026
6539545,614777,Penn Quakers,614586,Columbia Lions,614777,3,top,"Collins,Gavin infield singled to second base, RBI (1-2 KBF)3a Spaventa,Nick scored3a Echevarria,Ernie advanced to third base3a Powell,Michael advanced to second base.",27,2026-04-03 14:00:00-04:00,"Robertson Field at Satow Stadium (New York, NY)",226,MBA,2026
6539545,614777,Penn Quakers,614586,Columbia Lions,614777,3,top,"Taylor,Ryan reached on a fielder's choice hit to third base, RBI (0-1 K)3a Echevarria,Ernie scored3a Powell,Michael out at third base, 3b unassisted3a Collins,Gavin advanced to second base.",28,2026-04-03 14:00:00-04:00,"Robertson Field at Satow Stadium (New York, NY)",226,MBA,2026
6539545,614777,Penn Quakers,614586,Columbia Lions,614777,3,top,"Secretarski,James doubled to left center, 2RBI (0-2 KK)3a Collins,Gavin scored from second base3a Taylor,Ryan scored from first base.",29,2026-04-03 14:00:00-04:00,"Robertson Field at Satow Stadium (New York, NY)",226,MBA,2026
6539545,614777,Penn Quakers,614586,Columbia Lions,614777,3,top,"Pokrovsky,Jarrett grounded out to short, ss to 1b (1-1 FB).",30,2026-04-03 14:00:00-04:00,"Robertson Field at Satow Stadium (New York, NY)",226,MBA,2026
6539545,614777,Penn Quakers,614586,Columbia Lions,614586,3,bot,"Chadwell,Jimmy singled up the middle (0-1 K).",31,2026-04-03 14:00:00-04:00,"Robertson Field at Satow Stadium (New York, NY)",226,MBA,2026
6539545,614777,Penn Quakers,614586,Columbia Lions,614586,3,bot,"Fishel,Ben reached on a fielder's choice hit to short (2-2 BFKB)3a Chadwell,Jimmy out at second base, ss unassisted.",32,2026-04-03 14:00:00-04:00,"Robertson Field at Satow Stadium (New York, NY)",226,MBA,2026
6539545,614777,Penn Quakers,614586,Columbia Lions,614586,3,bot,"Kail,Jack flied out to rf (1-0 B).",33,2026-04-03 14:00:00-04:00,"Robertson Field at Satow Stadium (New York, NY)",226,MBA,2026
6539545,614777,Penn Quakers,614586,Columbia Lions,614586,3,bot,"Temesvary,Anthony reached on a fielder's choice hit to third base (2-2 BSFBFF)3a Fishel,Ben out at second base, 3b to 2b.",34,2026-04-03 14:00:00-04:00,"Robertson Field at Satow Stadium (New York, NY)",226,MBA,2026
6539545,614777,Penn Quakers,614586,Columbia Lions,614777,4,top,"COLM pitching change: Murphy,Brendan replaces Harrigan,Will.",35,2026-04-03 14:00:00-04:00,"Robertson Field at Satow Stadium (New York, NY)",226,MBA,2026
6539545,614777,Penn Quakers,614586,Columbia Lions,614777,4,top,"Degnan,Gavin singled through the left side of the infield (3-1 BBBK).",36,2026-04-03 14:00:00-04:00,"Robertson Field at Satow Stadium (New York, NY)",226,MBA,2026
6539545,614777,Penn Quakers,614586,Columbia Lions,614777,4,top,"Degnan,Gavin stole second base.",37,2026-04-03 14:00:00-04:00,"Robertson Field at Satow Stadium (New York, NY)",226,MBA,2026
6539545,614777,Penn Quakers,614586,Columbia Lions,614777,4,top,"Spaventa,Nick struck out swinging (1-2 KFBS).",38,2026-04-03 14:00:00-04:00,"Robertson Field at Satow Stadium (New York, NY)",226,MBA,2026
6539545,614777,Penn Quakers,614586,Columbia Lions,614777,4,top,"Degnan,Gavin advanced to third base on a wild pitch.",39,2026-04-03 14:00:00-04:00,"Robertson Field at Satow Stadium (New York, NY)",226,MBA,2026
6539545,614777,Penn Quakers,614586,Columbia Lions,614777,4,top,"Guachione,Nick struck out swinging (3-2 BSKFBBS).",40,2026-04-03 14:00:00-04:00,"Robertson Field at Satow Stadium (New York, NY)",226,MBA,2026
6539545,614777,Penn Quakers,614586,Columbia Lions,614777,4,top,"Echevarria,Ernie singled, RBI (2-2 KBFBFF)3a Degnan,Gavin scored.",41,2026-04-03 14:00:00-04:00,"Robertson Field at Satow Stadium (New York, NY)",226,MBA,2026
6539545,614777,Penn Quakers,614586,Columbia Lions,614777,4,top,"Powell,Michael walked (3-1 BFBBB)3a Echevarria,Ernie advanced to second base.",42,2026-04-03 14:00:00-04:00,"Robertson Field at Satow Stadium (New York, NY)",226,MBA,2026
6539545,614777,Penn Quakers,614586,Columbia Lions,614777,4,top,"Collins,Gavin struck out looking (2-2 BKBFK).",43,2026-04-03 14:00:00-04:00,"Robertson Field at Satow Stadium (New York, NY)",226,MBA,2026
6539545,614777,Penn Quakers,614586,Columbia Lions,614586,4,bot,"Fellows,Cole flied out to left center putout by lf (2-1 BBF).",44,2026-04-03 14:00:00-04:00,"Robertson Field at Satow Stadium (New York, NY)",226,MBA,2026
6539545,614777,Penn Quakers,614586,Columbia Lions,614586,4,bot,"Brewer,Jackson struck out swinging (1-2 SFBS).",45,2026-04-03 14:00:00-04:00,"Robertson Field at Satow Stadium (New York, NY)",226,MBA,2026
6539545,614777,Penn Quakers,614586,Columbia Lions,614586,4,bot,"Estabrook,Owen grounded out to short, ss to 1b (0-0).",46,2026-04-03 14:00:00-04:00,"Robertson Field at Satow Stadium (New York, NY)",226,MBA,2026
6539545,614777,Penn Quakers,614586,Columbia Lions,614777,5,top,"Taylor,Ryan flied out to rf (1-1 BF).",47,2026-04-03 14:00:00-04:00,"Robertson Field at Satow Stadium (New York, NY)",226,MBA,2026
6539545,614777,Penn Quakers,614586,Columbia Lions,614777,5,top,"Secretarski,James popped up to shallow right field putout by 2b (3-2 FBFBB).",48,2026-04-03 14:00:00-04:00,"Robertson Field at Satow Stadium (New York, NY)",226,MBA,2026
6539545,614777,Penn Quakers,614586,Columbia Lions,614777,5,top,"Pokrovsky,Jarrett popped up to second base (0-2 SSF).",49,2026-04-03 14:00:00-04:00,"Robertson Field at Satow Stadium (New York, NY)",226,MBA,2026
6539545,614777,Penn Quakers,614586,Columbia Lions,614586,5,bot,"Vogler,Tate singled up the middle (1-2 KFB).",50,2026-04-03 14:00:00-04:00,"Robertson Field at Satow Stadium (New York, NY)",226,MBA,2026
6539545,614777,Penn Quakers,614586,Columbia Lions,614586,5,bot,"Slabaugh,Charlie doubled to right center (2-2 FBBFF)3a Vogler,Tate advanced from first base to third base.",51,2026-04-03 14:00:00-04:00,"Robertson Field at Satow Stadium (New York, NY)",226,MBA,2026
6539545,614777,Penn Quakers,614586,Columbia Lions,614586,5,bot,"Chadwell,Jimmy struck out looking (2-2 FBBKK).",52,2026-04-03 14:00:00-04:00,"Robertson Field at Satow Stadium (New York, NY)",226,MBA,2026
6539545,614777,Penn Quakers,614586,Columbia Lions,614586,5,bot,"Fishel,Ben singled to center field, RBI (1-1 SB)3a Vogler,Tate scored3a Slabaugh,Charlie advanced to third base.",53,2026-04-03 14:00:00-04:00,"Robertson Field at Satow Stadium (New York, NY)",226,MBA,2026
6539545,614777,Penn Quakers,614586,Columbia Lions,614586,5,bot,"Kail,Jack singled to right center, RBI (3-1 BBBK)3a Slabaugh,Charlie scored3a Fishel,Ben advanced from first base to third base.",54,2026-04-03 14:00:00-04:00,"Robertson Field at Satow Stadium (New York, NY)",226,MBA,2026
6539545,614777,Penn Quakers,614586,Columbia Lions,614586,5,bot,"Temesvary,Anthony singled through the left side of the infield, RBI (2-2 FBFB)3a Fishel,Ben scored3a Kail,Jack advanced to second base.",55,2026-04-03 14:00:00-04:00,"Robertson Field at Satow Stadium (New York, NY)",226,MBA,2026
6539545,614777,Penn Quakers,614586,Columbia Lions,614586,5,bot,"Fellows,Cole reached on a fielding error fielding by 1b by Spaventa,Nick (E3) (0-0)3a Kail,Jack scored from second base, unearned3a Temesvary,Anthony advanced from first base to third base.",56,2026-04-03 14:00:00-04:00,"Robertson Field at Satow Stadium (New York, NY)",226,MBA,2026
6539545,614777,Penn Quakers,614586,Columbia Lions,614586,5,bot,"Brewer,Jackson walked (3-0 BBBB)3a Fellows,Cole advanced to second base.",57,2026-04-03 14:00:00-04:00,"Robertson Field at Satow Stadium (New York, NY)",226,MBA,2026
6539545,614777,Penn Quakers,614586,Columbia Lions,614586,5,bot,"Estabrook,Owen grounded out to short, ss to 1b, RBI (1-1 BK)3a Temesvary,Anthony scored, unearned3a Fellows,Cole advanced to third base3a Brewer,Jackson advanced to second base.",58,2026-04-03 14:00:00-04:00,"Robertson Field at Satow Stadium (New York, NY)",226,MBA,2026
6539545,614777,Penn Quakers,614586,Columbia Lions,614586,5,bot,"Vogler,Tate struck out swinging (2-2 BBKFS).",59,2026-04-03 14:00:00-04:00,"Robertson Field at Satow Stadium (New York, NY)",226,MBA,2026
6539545,614777,Penn Quakers,614586,Columbia Lions,614777,6,top,"Degnan,Gavin grounded out to short, ss to 1b (1-1 BF).",60,2026-04-03 14:00:00-04:00,"Robertson Field at Satow Stadium (New York, NY)",226,MBA,2026
6539545,614777,Penn Quakers,614586,Columbia Lions,614777,6,top,"Spaventa,Nick homered to left center, RBI (1-1 BK).",61,2026-04-03 14:00:00-04:00,"Robertson Field at Satow Stadium (New York, NY)",226,MBA,2026
6539545,614777,Penn Quakers,614586,Columbia Lions,614777,6,top,"Guachione,Nick struck out swinging on dropped third strike, out at first c to 1b (1-2 KBSS).",62,2026-04-03 14:00:00-04:00,"Robertson Field at Satow Stadium (New York, NY)",226,MBA,2026
6539545,614777,Penn Quakers,614586,Columbia Lions,614777,6,top,"Echevarria,Ernie grounded out to third base, 3b to 1b (2-1 FBB).",63,2026-04-03 14:00:00-04:00,"Robertson Field at Satow Stadium (New York, NY)",226,MBA,2026
6539545,614777,Penn Quakers,614586,Columbia Lions,614586,6,bot,"PENN pitching change: Moulin,Benjamin replaces Moss,Jake.",64,2026-04-03 14:00:00-04:00,"Robertson Field at Satow Stadium (New York, NY)",226,MBA,2026
6539545,614777,Penn Quakers,614586,Columbia Lions,614586,6,bot,"Slabaugh,Charlie lined out to cf (2-1 KBB).",65,2026-04-03 14:00:00-04:00,"Robertson Field at Satow Stadium (New York, NY)",226,MBA,2026
6539545,614777,Penn Quakers,614586,Columbia Lions,614586,6,bot,"Chadwell,Jimmy infield singled to short (0-0).",66,2026-04-03 14:00:00-04:00,"Robertson Field at Satow Stadium (New York, NY)",226,MBA,2026
6539545,614777,Penn Quakers,614586,Columbia Lions,614586,6,bot,"Fishel,Ben grounded into double play to second base, 2b to ss to 1b (0-1 K)3a Chadwell,Jimmy out at 2B on the play, 2b to ss.",67,2026-04-03 14:00:00-04:00,"Robertson Field at Satow Stadium (New York, NY)",226,MBA,2026
6539545,614777,Penn Quakers,614586,Columbia Lions,614777,7,top,"Powell,Michael grounded out to the catcher, c to 1b, bunt (1-1 BK).",68,2026-04-03 14:00:00-04:00,"Robertson Field at Satow Stadium (New York, NY)",226,MBA,2026
6539545,614777,Penn Quakers,614586,Columbia Lions,614777,7,top,"Collins,Gavin flied out to cf (0-0).",69,2026-04-03 14:00:00-04:00,"Robertson Field at Satow Stadium (New York, NY)",226,MBA,2026
6539545,614777,Penn Quakers,614586,Columbia Lions,614777,7,top,"Taylor,Ryan singled through the left side of the infield (2-1 KBB).",70,2026-04-03 14:00:00-04:00,"Robertson Field at Satow Stadium (New York, NY)",226,MBA,2026
6539545,614777,Penn Quakers,614586,Columbia Lions,614777,7,top,"COLM pitching change: Hicks,Baylor replaces Murphy,Brendan.",71,2026-04-03 14:00:00-04:00,"Robertson Field at Satow Stadium (New York, NY)",226,MBA,2026
6539545,614777,Penn Quakers,614586,Columbia Lions,614777,7,top,"Secretarski,James singled to left field (2-0 BB)3a Taylor,Ryan out at third base, lf to 3b.",72,2026-04-03 14:00:00-04:00,"Robertson Field at Satow Stadium (New York, NY)",226,MBA,2026
6539545,614777,Penn Quakers,614586,Columbia Lions,614586,7,bot,"Kail,Jack doubled to center field (3-1 KBBB).",73,2026-04-03 14:00:00-04:00,"Robertson Field at Satow Stadium (New York, NY)",226,MBA,2026
6539545,614777,Penn Quakers,614586,Columbia Lions,614586,7,bot,"Temesvary,Anthony flied out to rf (1-2 KFFFB)3a Kail,Jack advanced to third base.",74,2026-04-03 14:00:00-04:00,"Robertson Field at Satow Stadium (New York, NY)",226,MBA,2026
6539545,614777,Penn Quakers,614586,Columbia Lions,614586,7,bot,"Fellows,Cole reached on an error by Secretarski,James (E6), RBI (1-1 BK)3a Kail,Jack scored.",75,2026-04-03 14:00:00-04:00,"Robertson Field at Satow Stadium (New York, NY)",226,MBA,2026
6539545,614777,Penn Quakers,614586,Columbia Lions,614586,7,bot,"Brewer,Jackson reached on a fielding error fielding by 3b by Powell,Michael (E5) (3-2 BKBBF)3a Fellows,Cole advanced to second base.",76,2026-04-03 14:00:00-04:00,"Robertson Field at Satow Stadium (New York, NY)",226,MBA,2026
6539545,614777,Penn Quakers,614586,Columbia Lions,614586,7,bot,"PENN pitching change: Katz,Josh replaces Moulin,Benjamin.",77,2026-04-03 14:00:00-04:00,"Robertson Field at Satow Stadium (New York, NY)",226,MBA,2026
6539545,614777,Penn Quakers,614586,Columbia Lions,614586,7,bot,"Estabrook,Owen doubled to right center, RBI (1-0 B)3a Fellows,Cole scored from second base, unearned3a Brewer,Jackson advanced from first base to third base.",78,2026-04-03 14:00:00-04:00,"Robertson Field at Satow Stadium (New York, NY)",226,MBA,2026
6539545,614777,Penn Quakers,614586,Columbia Lions,614586,7,bot,"Vogler,Tate infield singled, RBI (0-1 S)3a Brewer,Jackson scored, unearned3a Estabrook,Owen advanced from first base to third base.",79,2026-04-03 14:00:00-04:00,"Robertson Field at Satow Stadium (New York, NY)",226,MBA,2026
6539545,614777,Penn Quakers,614586,Columbia Lions,614586,7,bot,"Vogler,Tate advanced to second base on a wild pitch3a Estabrook,Owen scored from second base on a wild pitch, unearned.",80,2026-04-03 14:00:00-04:00,"Robertson Field at Satow Stadium (New York, NY)",226,MBA,2026
6539545,614777,Penn Quakers,614586,Columbia Lions,614586,7,bot,"Slabaugh,Charlie hit by pitch (2-0 BBB).",81,2026-04-03 14:00:00-04:00,"Robertson Field at Satow Stadium (New York, NY)",226,MBA,2026
6539545,614777,Penn Quakers,614586,Columbia Lions,614586,7,bot,"Slabaugh,Charlie advanced to second base on a passed ball3a Vogler,Tate advanced to third base on a passed ball.",82,2026-04-03 14:00:00-04:00,"Robertson Field at Satow Stadium (New York, NY)",226,MBA,2026
6539545,614777,Penn Quakers,614586,Columbia Lions,614586,7,bot,"Chadwell,Jimmy struck out swinging (1-2 BFSS).",83,2026-04-03 14:00:00-04:00,"Robertson Field at Satow Stadium (New York, NY)",226,MBA,2026
6539545,614777,Penn Quakers,614586,Columbia Lions,614586,7,bot,"Fishel,Ben hit by pitch (1-0 BB).",84,2026-04-03 14:00:00-04:00,"Robertson Field at Satow Stadium (New York, NY)",226,MBA,2026
6539545,614777,Penn Quakers,614586,Columbia Lions,614586,7,bot,"Kail,Jack doubled to right field, 3RBI (0-0)3a Vogler,Tate scored, unearned3a Slabaugh,Charlie scored from second base, unearned3a Fishel,Ben scored from first base, unearned.",85,2026-04-03 14:00:00-04:00,"Robertson Field at Satow Stadium (New York, NY)",226,MBA,2026
6539545,614777,Penn Quakers,614586,Columbia Lions,614586,7,bot,"Temesvary,Anthony walked (3-1 KBBBB).",86,2026-04-03 14:00:00-04:00,"Robertson Field at Satow Stadium (New York, NY)",226,MBA,2026
6539545,614777,Penn Quakers,614586,Columbia Lions,614586,7,bot,"PENN pitching change: Darling,Connor replaces Katz,Josh.",87,2026-04-03 14:00:00-04:00,"Robertson Field at Satow Stadium (New York, NY)",226,MBA,2026
6539545,614777,Penn Quakers,614586,Columbia Lions,614586,7,bot,"Fellows,Cole doubled down the left field line, 2RBI (0-0)3a Kail,Jack scored from second base, unearned3a Temesvary,Anthony scored from first base, unearned.",88,2026-04-03 14:00:00-04:00,"Robertson Field at Satow Stadium (New York, NY)",226,MBA,2026
6539545,614777,Penn Quakers,614586,Columbia Lions,614586,7,bot,"Brewer,Jackson struck out looking (3-2 KSBBFBFK).",89,2026-04-03 14:00:00-04:00,"Robertson Field at Satow Stadium (New York, NY)",226,MBA,2026
6539545,614777,Penn Quakers,614586,Columbia Lions,614777,8,top,"COLM pitching change: Kleinhans,Evan replaces Hicks,Baylor.",90,2026-04-03 14:00:00-04:00,"Robertson Field at Satow Stadium (New York, NY)",226,MBA,2026
6539545,614777,Penn Quakers,614586,Columbia Lions,614777,8,top,"Pokrovsky,Jarrett grounded out to the pitcher, p to 1b (1-1 BK).",91,2026-04-03 14:00:00-04:00,"Robertson Field at Satow Stadium (New York, NY)",226,MBA,2026
6539545,614777,Penn Quakers,614586,Columbia Lions,614777,8,top,"Degnan,Gavin struck out swinging (1-2 FBSS).",92,2026-04-03 14:00:00-04:00,"Robertson Field at Satow Stadium (New York, NY)",226,MBA,2026
6539545,614777,Penn Quakers,614586,Columbia Lions,614777,8,top,"Spaventa,Nick struck out swinging (0-2 KFS).",93,2026-04-03 14:00:00-04:00,"Robertson Field at Satow Stadium (New York, NY)",226,MBA,2026
6539545,614777,Penn Quakers,614586,Columbia Lions,614586,8,bot,"PENN pitching change: Pokrovsky,Luke replaces Darling,Connor.",94,2026-04-03 14:00:00-04:00,"Robertson Field at Satow Stadium (New York, NY)",226,MBA,2026
6539545,614777,Penn Quakers,614586,Columbia Lions,614586,8,bot,"Estabrook,Owen flied out to rf (0-1 S).",95,2026-04-03 14:00:00-04:00,"Robertson Field at Satow Stadium (New York, NY)",226,MBA,2026
6539545,614777,Penn Quakers,614586,Columbia Lions,614586,8,bot,"Vogler,Tate walked (3-2 BBKBKB).",96,2026-04-03 14:00:00-04:00,"Robertson Field at Satow Stadium (New York, NY)",226,MBA,2026
6539545,614777,Penn Quakers,614586,Columbia Lions,614586,8,bot,"Slabaugh,Charlie singled to the pitcher's mound, bunt (0-0)3a Vogler,Tate advanced to second base.",97,2026-04-03 14:00:00-04:00,"Robertson Field at Satow Stadium (New York, NY)",226,MBA,2026
6539545,614777,Penn Quakers,614586,Columbia Lions,614586,8,bot,"Chadwell,Jimmy infield singled to first base (1-1 FB)3a Vogler,Tate advanced to third base3a Slabaugh,Charlie advanced to second base.",98,2026-04-03 14:00:00-04:00,"Robertson Field at Satow Stadium (New York, NY)",226,MBA,2026
6539545,614777,Penn Quakers,614586,Columbia Lions,614586,8,bot,"Fishel,Ben hit by pitch, RBI (0-0 B)3a Vogler,Tate scored3a Slabaugh,Charlie advanced to third base3a Chadwell,Jimmy advanced to second base.",99,2026-04-03 14:00:00-04:00,"Robertson Field at Satow Stadium (New York, NY)",226,MBA,2026
6539545,614777,Penn Quakers,614586,Columbia Lions,614586,8,bot,"Kail,Jack singled to right field, RBI (1-1 KB)3a Slabaugh,Charlie scored3a Chadwell,Jimmy advanced to third base3a Fishel,Ben advanced to second base.",100,2026-04-03 14:00:00-04:00,"Robertson Field at Satow Stadium (New York, NY)",226,MBA,2026
6539545,614777,Penn Quakers,614586,Columbia Lions,614586,8,bot,"Temesvary,Anthony singled to right center, RBI (1-1 BK)3a Chadwell,Jimmy scored3a Fishel,Ben advanced to third base3a Kail,Jack advanced to second base.",101,2026-04-03 14:00:00-04:00,"Robertson Field at Satow Stadium (New York, NY)",226,MBA,2026
6539545,614777,Penn Quakers,614586,Columbia Lions,614586,8,bot,"Fellows,Cole homered to right field, 4RBI (1-2 SSB)3a Fishel,Ben scored3a Kail,Jack scored from second base3a Temesvary,Anthony scored from first base.",102,2026-04-03 14:00:00-04:00,"Robertson Field at Satow Stadium (New York, NY)",226,MBA,2026
6539545,614777,Penn Quakers,614586,Columbia Lions,614586,8,bot,"Brewer,Jackson flied out to right center putout by cf (0-1 F).",103,2026-04-03 14:00:00-04:00,"Robertson Field at Satow Stadium (New York, NY)",226,MBA,2026
6539545,614777,Penn Quakers,614586,Columbia Lions,614586,8,bot,"Estabrook,Owen walked (3-1 BBKBB).",104,2026-04-03 14:00:00-04:00,"Robertson Field at Satow Stadium (New York, NY)",226,MBA,2026
6539545,614777,Penn Quakers,614586,Columbia Lions,614586,8,bot,"Vogler,Tate singled to left field (1-1 BF)3a Estabrook,Owen advanced to second base.",105,2026-04-03 14:00:00-04:00,"Robertson Field at Satow Stadium (New York, NY)",226,MBA,2026
6539545,614777,Penn Quakers,614586,Columbia Lions,614586,8,bot,"Slabaugh,Charlie flied out to rf (0-1 K).",106,2026-04-03 14:00:00-04:00,"Robertson Field at Satow Stadium (New York, NY)",226,MBA,2026
6539545,614777,Penn Quakers,614586,Columbia Lions,614777,9,top,"Guachione,Nick grounded out to short, ss to 1b (1-1 KB).",107,2026-04-03 14:00:00-04:00,"Robertson Field at Satow Stadium (New York, NY)",226,MBA,2026
6539545,614777,Penn Quakers,614586,Columbia Lions,614777,9,top,"PENN substitution: Farrell,Reed pinch hitting for Echevarria,Ernie.",108,2026-04-03 14:00:00-04:00,"Robertson Field at Satow Stadium (New York, NY)",226,MBA,2026
6539545,614777,Penn Quakers,614586,Columbia Lions,614777,9,top,"Farrell,Reed struck out swinging on dropped third strike, out at first c to 1b (1-2 SSBS).",109,2026-04-03 14:00:00-04:00,"Robertson Field at Satow Stadium (New York, NY)",226,MBA,2026
6539545,614777,Penn Quakers,614586,Columbia Lions,614777,9,top,"Powell,Michael infield singled in the infield (1-2 FBFF).",110,2026-04-03 14:00:00-04:00,"Robertson Field at Satow Stadium (New York, NY)",226,MBA,2026
6539545,614777,Penn Quakers,614586,Columbia Lions,614777,9,top,"Collins,Gavin hit by pitch (1-1 BFB)3a Powell,Michael advanced to second base.",111,2026-04-03 14:00:00-04:00,"Robertson Field at Satow Stadium (New York, NY)",226,MBA,2026
6539545,614777,Penn Quakers,614586,Columbia Lions,614777,9,top,"Taylor,Ryan doubled to center field, RBI (0-1 F)3a Powell,Michael scored from second base3a Collins,Gavin advanced from first base to third base.",112,2026-04-03 14:00:00-04:00,"Robertson Field at Satow Stadium (New York, NY)",226,MBA,2026
6539545,614777,Penn Quakers,614586,Columbia Lions,614777,9,top,"Secretarski,James struck out swinging (0-2 FKS).",113,2026-04-03 14:00:00-04:00,"Robertson Field at Satow Stadium (New York, NY)",226,MBA,2026
6541508,615402,Wis.-Whitewater Warhawks,615396,Wis.-La Crosse Eagles,615402,1,top,B. Gilroy struck out swinging (0-2 FKFS).,1,2026-04-03 14:00:00-04:00,"Copeland Park (La Crosse, WI)",184,MBA,2026
6541508,615402,Wis.-Whitewater Warhawks,615396,Wis.-La Crosse Eagles,615402,1,top,A. Thies walked (3-1 BKBBB).,2,2026-04-03 14:00:00-04:00,"Copeland Park (La Crosse, WI)",184,MBA,2026
6541508,615402,Wis.-Whitewater Warhawks,615396,Wis.-La Crosse Eagles,615402,1,top,E. Olson flied out to rf (1-0 B).,3,2026-04-03 14:00:00-04:00,"Copeland Park (La Crosse, WI)",184,MBA,2026
6541508,615402,Wis.-Whitewater Warhawks,615396,Wis.-La Crosse Eagles,615402,1,top,L. Bowers singled through the right side (3-1 FBBB)3a A. Thies advanced to third.,4,2026-04-03 14:00:00-04:00,"Copeland Park (La Crosse, WI)",184,MBA,2026
6541508,615402,Wis.-Whitewater Warhawks,615396,Wis.-La Crosse Eagles,615402,1,top,"L. Bowers stole second3a A. Thies out at home c to 2b to c, caught stealing.",5,2026-04-03 14:00:00-04:00,"Copeland Park (La Crosse, WI)",184,MBA,2026
6541508,615402,Wis.-Whitewater Warhawks,615396,Wis.-La Crosse Eagles,615396,1,bot,Chris Calico walked (3-2 BBKFBB).,6,2026-04-03 14:00:00-04:00,"Copeland Park (La Crosse, WI)",184,MBA,2026
6541508,615402,Wis.-Whitewater Warhawks,615396,Wis.-La Crosse Eagles,615396,1,bot,Charley Rowan grounded out to ss (3-2 BFBKB)3a Chris Calico advanced to second.,7,2026-04-03 14:00:00-04:00,"Copeland Park (La Crosse, WI)",184,MBA,2026
6541508,615402,Wis.-Whitewater Warhawks,615396,Wis.-La Crosse Eagles,615396,1,bot,Brady Lash out at first 1b to p (2-1 BBK)3a Chris Calico advanced to third.,8,2026-04-03 14:00:00-04:00,"Copeland Park (La Crosse, WI)",184,MBA,2026
6541508,615402,Wis.-Whitewater Warhawks,615396,Wis.-La Crosse Eagles,615396,1,bot,Andrew Palm struck out looking (1-2 KKFFFBK).,9,2026-04-03 14:00:00-04:00,"Copeland Park (La Crosse, WI)",184,MBA,2026
6541508,615402,Wis.-Whitewater Warhawks,615396,Wis.-La Crosse Eagles,615402,2,top,A. Holland walked (3-2 KBBFBB).,10,2026-04-03 14:00:00-04:00,"Copeland Park (La Crosse, WI)",184,MBA,2026
6541508,615402,Wis.-Whitewater Warhawks,615396,Wis.-La Crosse Eagles,615402,2,top,D. Hopper grounded into double play ss to 1b (1-1 KB)3a A. Holland out on the play.,11,2026-04-03 14:00:00-04:00,"Copeland Park (La Crosse, WI)",184,MBA,2026
6541508,615402,Wis.-Whitewater Warhawks,615396,Wis.-La Crosse Eagles,615402,2,top,D. McVay grounded out to ss (1-0 B).,12,2026-04-03 14:00:00-04:00,"Copeland Park (La Crosse, WI)",184,MBA,2026
6541508,615402,Wis.-Whitewater Warhawks,615396,Wis.-La Crosse Eagles,615396,2,bot,Sam Viniard out at first 1b to p (3-2 FFBBFFB).,13,2026-04-03 14:00:00-04:00,"Copeland Park (La Crosse, WI)",184,MBA,2026
6541508,615402,Wis.-Whitewater Warhawks,615396,Wis.-La Crosse Eagles,615396,2,bot,Brady Burrill flied out to rf (1-0 B).,14,2026-04-03 14:00:00-04:00,"Copeland Park (La Crosse, WI)",184,MBA,2026
6541508,615402,Wis.-Whitewater Warhawks,615396,Wis.-La Crosse Eagles,615396,2,bot,Luke Walton grounded out to 2b (2-1 BBK).,15,2026-04-03 14:00:00-04:00,"Copeland Park (La Crosse, WI)",184,MBA,2026
6541508,615402,Wis.-Whitewater Warhawks,615396,Wis.-La Crosse Eagles,615402,3,top,J. Spring grounded out to 3b (3-2 BBSBFF).,16,2026-04-03 14:00:00-04:00,"Copeland Park (La Crosse, WI)",184,MBA,2026
6541508,615402,Wis.-Whitewater Warhawks,615396,Wis.-La Crosse Eagles,615402,3,top,K. Grennier struck out swinging (0-2 FFFS).,17,2026-04-03 14:00:00-04:00,"Copeland Park (La Crosse, WI)",184,MBA,2026
6541508,615402,Wis.-Whitewater Warhawks,615396,Wis.-La Crosse Eagles,615402,3,top,B. Gilroy lined out to cf (0-0).,18,2026-04-03 14:00:00-04:00,"Copeland Park (La Crosse, WI)",184,MBA,2026
6541508,615402,Wis.-Whitewater Warhawks,615396,Wis.-La Crosse Eagles,615396,3,bot,Keegan Fleischman singled through the left side (1-0 B).,19,2026-04-03 14:00:00-04:00,"Copeland Park (La Crosse, WI)",184,MBA,2026
6541508,615402,Wis.-Whitewater Warhawks,615396,Wis.-La Crosse Eagles,615396,3,bot,Emiliano Ramos fouled out to 1b (1-1 FB).,20,2026-04-03 14:00:00-04:00,"Copeland Park (La Crosse, WI)",184,MBA,2026
6541508,615402,Wis.-Whitewater Warhawks,615396,Wis.-La Crosse Eagles,615396,3,bot,Chris Calico struck out looking (1-2 KBFK).,21,2026-04-03 14:00:00-04:00,"Copeland Park (La Crosse, WI)",184,MBA,2026
6541508,615402,Wis.-Whitewater Warhawks,615396,Wis.-La Crosse Eagles,615396,3,bot,Charley Rowan singled to shortstop (2-2 BBKFF)3a Keegan Fleischman advanced to second.,22,2026-04-03 14:00:00-04:00,"Copeland Park (La Crosse, WI)",184,MBA,2026
6541508,615402,Wis.-Whitewater Warhawks,615396,Wis.-La Crosse Eagles,615396,3,bot,Brady Lash reached on a fielder's choice (3-1 KBBB)3a Charley Rowan advanced to second3a Keegan Fleischman out at third 3b unassisted.,23,2026-04-03 14:00:00-04:00,"Copeland Park (La Crosse, WI)",184,MBA,2026
6541508,615402,Wis.-Whitewater Warhawks,615396,Wis.-La Crosse Eagles,615402,4,top,A. Thies fouled out to 3b (1-1 BF).,24,2026-04-03 14:00:00-04:00,"Copeland Park (La Crosse, WI)",184,MBA,2026
6541508,615402,Wis.-Whitewater Warhawks,615396,Wis.-La Crosse Eagles,615402,4,top,E. Olson grounded out to 2b (0-0).,25,2026-04-03 14:00:00-04:00,"Copeland Park (La Crosse, WI)",184,MBA,2026
6541508,615402,Wis.-Whitewater Warhawks,615396,Wis.-La Crosse Eagles,615402,4,top,L. Bowers walked (3-1 KBBBB).,26,2026-04-03 14:00:00-04:00,"Copeland Park (La Crosse, WI)",184,MBA,2026
6541508,615402,Wis.-Whitewater Warhawks,615396,Wis.-La Crosse Eagles,615402,4,top,A. Holland struck out looking (2-2 KSBBK).,27,2026-04-03 14:00:00-04:00,"Copeland Park (La Crosse, WI)",184,MBA,2026
6541508,615402,Wis.-Whitewater Warhawks,615396,Wis.-La Crosse Eagles,615396,4,bot,Andrew Palm grounded out to ss (1-2 SKB).,28,2026-04-03 14:00:00-04:00,"Copeland Park (La Crosse, WI)",184,MBA,2026
6541508,615402,Wis.-Whitewater Warhawks,615396,Wis.-La Crosse Eagles,615396,4,bot,Sam Viniard grounded out to ss (1-0 B).,29,2026-04-03 14:00:00-04:00,"Copeland Park (La Crosse, WI)",184,MBA,2026
6541508,615402,Wis.-Whitewater Warhawks,615396,Wis.-La Crosse Eagles,615396,4,bot,Brady Burrill grounded out to ss (1-1 BK).,30,2026-04-03 14:00:00-04:00,"Copeland Park (La Crosse, WI)",184,MBA,2026
6541508,615402,Wis.-Whitewater Warhawks,615396,Wis.-La Crosse Eagles,615402,5,top,D. Hopper singled up the middle (0-1 K).,31,2026-04-03 14:00:00-04:00,"Copeland Park (La Crosse, WI)",184,MBA,2026
6541508,615402,Wis.-Whitewater Warhawks,615396,Wis.-La Crosse Eagles,615402,5,top,D. McVay reached on a fielder's choice (1-0 B)3a D. Hopper out at second 3b to 2b.,32,2026-04-03 14:00:00-04:00,"Copeland Park (La Crosse, WI)",184,MBA,2026
6541508,615402,Wis.-Whitewater Warhawks,615396,Wis.-La Crosse Eagles,615402,5,top,"J. Spring reached on a fielder's choice, bunt (1-1 FB)3a D. McVay out at second p to ss.",33,2026-04-03 14:00:00-04:00,"Copeland Park (La Crosse, WI)",184,MBA,2026
6541508,615402,Wis.-Whitewater Warhawks,615396,Wis.-La Crosse Eagles,615402,5,top,K. Grennier walked (3-2 BBFSBB)3a J. Spring advanced to second.,34,2026-04-03 14:00:00-04:00,"Copeland Park (La Crosse, WI)",184,MBA,2026
6541508,615402,Wis.-Whitewater Warhawks,615396,Wis.-La Crosse Eagles,615402,5,top,"B. Gilroy singled, advanced to second on a fielding error by lf, RBI (0-2 KFF)3a K. Grennier advanced to third on the error3a J. Spring scored.",35,2026-04-03 14:00:00-04:00,"Copeland Park (La Crosse, WI)",184,MBA,2026
6541508,615402,Wis.-Whitewater Warhawks,615396,Wis.-La Crosse Eagles,615402,5,top,A. Thies grounded out to ss (0-0).,36,2026-04-03 14:00:00-04:00,"Copeland Park (La Crosse, WI)",184,MBA,2026
6541508,615402,Wis.-Whitewater Warhawks,615396,Wis.-La Crosse Eagles,615396,5,bot,Luke Walton grounded out to 2b (0-1 K).,37,2026-04-03 14:00:00-04:00,"Copeland Park (La Crosse, WI)",184,MBA,2026
6541508,615402,Wis.-Whitewater Warhawks,615396,Wis.-La Crosse Eagles,615396,5,bot,Keegan Fleischman struck out swinging (2-2 BFBFS).,38,2026-04-03 14:00:00-04:00,"Copeland Park (La Crosse, WI)",184,MBA,2026
6541508,615402,Wis.-Whitewater Warhawks,615396,Wis.-La Crosse Eagles,615396,5,bot,Emiliano Ramos grounded out to ss (3-2 FSBFBBFF).,39,2026-04-03 14:00:00-04:00,"Copeland Park (La Crosse, WI)",184,MBA,2026
6541508,615402,Wis.-Whitewater Warhawks,615396,Wis.-La Crosse Eagles,615402,6,top,E. Olson walked (3-2 BBFBKB).,40,2026-04-03 14:00:00-04:00,"Copeland Park (La Crosse, WI)",184,MBA,2026
6541508,615402,Wis.-Whitewater Warhawks,615396,Wis.-La Crosse Eagles,615402,6,top,L. Bowers singled through the right side (0-0)3a E. Olson advanced to third.,41,2026-04-03 14:00:00-04:00,"Copeland Park (La Crosse, WI)",184,MBA,2026
6541508,615402,Wis.-Whitewater Warhawks,615396,Wis.-La Crosse Eagles,615402,6,top,"A. Holland doubled to right field, RBI (1-2 KFB)3a L. Bowers advanced to third3a E. Olson scored.",42,2026-04-03 14:00:00-04:00,"Copeland Park (La Crosse, WI)",184,MBA,2026
6541508,615402,Wis.-Whitewater Warhawks,615396,Wis.-La Crosse Eagles,615402,6,top,"D. Hopper reached first on a muffed throw by 1b, assist by ss (0-0).",43,2026-04-03 14:00:00-04:00,"Copeland Park (La Crosse, WI)",184,MBA,2026
6541508,615402,Wis.-Whitewater Warhawks,615396,Wis.-La Crosse Eagles,615402,6,top,"D. McVay singled through the right side, 2 RBI (0-1 F)3a D. Hopper advanced to third3a A. Holland scored3a L. Bowers scored.",44,2026-04-03 14:00:00-04:00,"Copeland Park (La Crosse, WI)",184,MBA,2026
6541508,615402,Wis.-Whitewater Warhawks,615396,Wis.-La Crosse Eagles,615402,6,top,Austin Olla to p for Ethan Pettis.,45,2026-04-03 14:00:00-04:00,"Copeland Park (La Crosse, WI)",184,MBA,2026
6541508,615402,Wis.-Whitewater Warhawks,615396,Wis.-La Crosse Eagles,615402,6,top,"J. Spring flied out to rf, sacrifice fly, RBI (0-2 FK)3a D. McVay out at second rf to 2b3a D. Hopper scored, unearned.",46,2026-04-03 14:00:00-04:00,"Copeland Park (La Crosse, WI)",184,MBA,2026
6541508,615402,Wis.-Whitewater Warhawks,615396,Wis.-La Crosse Eagles,615402,6,top,K. Grennier struck out looking (0-2 KKFFK).,47,2026-04-03 14:00:00-04:00,"Copeland Park (La Crosse, WI)",184,MBA,2026
6541508,615402,Wis.-Whitewater Warhawks,615396,Wis.-La Crosse Eagles,615396,6,bot,Chris Calico grounded out to ss (2-1 BFB).,48,2026-04-03 14:00:00-04:00,"Copeland Park (La Crosse, WI)",184,MBA,2026
6541508,615402,Wis.-Whitewater Warhawks,615396,Wis.-La Crosse Eagles,615396,6,bot,Charley Rowan struck out looking (3-2 BBBKFK).,49,2026-04-03 14:00:00-04:00,"Copeland Park (La Crosse, WI)",184,MBA,2026
6541508,615402,Wis.-Whitewater Warhawks,615396,Wis.-La Crosse Eagles,615396,6,bot,Brady Lash grounded out to 3b (1-1 BK).,50,2026-04-03 14:00:00-04:00,"Copeland Park (La Crosse, WI)",184,MBA,2026
6541508,615402,Wis.-Whitewater Warhawks,615396,Wis.-La Crosse Eagles,615402,7,top,B. Gilroy flied out to cf to right center (2-1 BKB).,51,2026-04-03 14:00:00-04:00,"Copeland Park (La Crosse, WI)",184,MBA,2026
6541508,615402,Wis.-Whitewater Warhawks,615396,Wis.-La Crosse Eagles,615402,7,top,A. Thies lined out to cf (0-2 KS).,52,2026-04-03 14:00:00-04:00,"Copeland Park (La Crosse, WI)",184,MBA,2026
6541508,615402,Wis.-Whitewater Warhawks,615396,Wis.-La Crosse Eagles,615402,7,top,"E. Olson reached first on a throwing error by 3b, advanced to second (1-1 BK).",53,2026-04-03 14:00:00-04:00,"Copeland Park (La Crosse, WI)",184,MBA,2026
6541508,615402,Wis.-Whitewater Warhawks,615396,Wis.-La Crosse Eagles,615402,7,top,L. Bowers walked (3-1 KBBBB).,54,2026-04-03 14:00:00-04:00,"Copeland Park (La Crosse, WI)",184,MBA,2026
6541508,615402,Wis.-Whitewater Warhawks,615396,Wis.-La Crosse Eagles,615402,7,top,A. Holland struck out swinging (1-2 KBKS).,55,2026-04-03 14:00:00-04:00,"Copeland Park (La Crosse, WI)",184,MBA,2026
6541508,615402,Wis.-Whitewater Warhawks,615396,Wis.-La Crosse Eagles,615396,7,bot,Andrew Palm grounded out to 3b (1-2 SBK).,56,2026-04-03 14:00:00-04:00,"Copeland Park (La Crosse, WI)",184,MBA,2026
6541508,615402,Wis.-Whitewater Warhawks,615396,Wis.-La Crosse Eagles,615396,7,bot,Sam Viniard flied out to cf (1-0 B).,57,2026-04-03 14:00:00-04:00,"Copeland Park (La Crosse, WI)",184,MBA,2026
6541508,615402,Wis.-Whitewater Warhawks,615396,Wis.-La Crosse Eagles,615396,7,bot,Brady Burrill grounded out 3b to ss to 1b (0-2 KFF).,58,2026-04-03 14:00:00-04:00,"Copeland Park (La Crosse, WI)",184,MBA,2026
6541508,615402,Wis.-Whitewater Warhawks,615396,Wis.-La Crosse Eagles,615402,8,top,Brady Lash to 1b.,59,2026-04-03 14:00:00-04:00,"Copeland Park (La Crosse, WI)",184,MBA,2026
6541508,615402,Wis.-Whitewater Warhawks,615396,Wis.-La Crosse Eagles,615402,8,top,AJ Levy to lf for Sam Viniard.,60,2026-04-03 14:00:00-04:00,"Copeland Park (La Crosse, WI)",184,MBA,2026
6541508,615402,Wis.-Whitewater Warhawks,615396,Wis.-La Crosse Eagles,615402,8,top,D. Hopper grounded out to 2b (1-0 B).,61,2026-04-03 14:00:00-04:00,"Copeland Park (La Crosse, WI)",184,MBA,2026
6541508,615402,Wis.-Whitewater Warhawks,615396,Wis.-La Crosse Eagles,615402,8,top,"D. McVay struck out swinging, on appeal (0-2 SFFS).",62,2026-04-03 14:00:00-04:00,"Copeland Park (La Crosse, WI)",184,MBA,2026
6541508,615402,Wis.-Whitewater Warhawks,615396,Wis.-La Crosse Eagles,615402,8,top,J. Spring flied out to rf (1-1 BK).,63,2026-04-03 14:00:00-04:00,"Copeland Park (La Crosse, WI)",184,MBA,2026
6541508,615402,Wis.-Whitewater Warhawks,615396,Wis.-La Crosse Eagles,615396,8,bot,B. Tucker to p for S. Steuber.,64,2026-04-03 14:00:00-04:00,"Copeland Park (La Crosse, WI)",184,MBA,2026
6541508,615402,Wis.-Whitewater Warhawks,615396,Wis.-La Crosse Eagles,615396,8,bot,Luke Walton singled up the middle (2-2 BFBK).,65,2026-04-03 14:00:00-04:00,"Copeland Park (La Crosse, WI)",184,MBA,2026
6541508,615402,Wis.-Whitewater Warhawks,615396,Wis.-La Crosse Eagles,615396,8,bot,Luke Walton advanced to second on a wild pitch.,66,2026-04-03 14:00:00-04:00,"Copeland Park (La Crosse, WI)",184,MBA,2026
6541508,615402,Wis.-Whitewater Warhawks,615396,Wis.-La Crosse Eagles,615396,8,bot,Keegan Fleischman struck out swinging (3-2 BFBBFS).,67,2026-04-03 14:00:00-04:00,"Copeland Park (La Crosse, WI)",184,MBA,2026
6541508,615402,Wis.-Whitewater Warhawks,615396,Wis.-La Crosse Eagles,615396,8,bot,Emiliano Ramos grounded out to ss (2-0 BB)3a Luke Walton advanced to third.,68,2026-04-03 14:00:00-04:00,"Copeland Park (La Crosse, WI)",184,MBA,2026
6541508,615402,Wis.-Whitewater Warhawks,615396,Wis.-La Crosse Eagles,615396,8,bot,Chris Calico struck out swinging (1-2 BKSFS).,69,2026-04-03 14:00:00-04:00,"Copeland Park (La Crosse, WI)",184,MBA,2026
6541508,615402,Wis.-Whitewater Warhawks,615396,Wis.-La Crosse Eagles,615402,9,top,Mark Manders to ss for Keegan Fleischman.,70,2026-04-03 14:00:00-04:00,"Copeland Park (La Crosse, WI)",184,MBA,2026
6541508,615402,Wis.-Whitewater Warhawks,615396,Wis.-La Crosse Eagles,615402,9,top,Sean Reilly to rf for Brady Burrill.,71,2026-04-03 14:00:00-04:00,"Copeland Park (La Crosse, WI)",184,MBA,2026
6541508,615402,Wis.-Whitewater Warhawks,615396,Wis.-La Crosse Eagles,615402,9,top,K. Grennier popped up to 2b (0-2 KS).,72,2026-04-03 14:00:00-04:00,"Copeland Park (La Crosse, WI)",184,MBA,2026
6541508,615402,Wis.-Whitewater Warhawks,615396,Wis.-La Crosse Eagles,615402,9,top,B. Gilroy struck out swinging (1-2 FBFS).,73,2026-04-03 14:00:00-04:00,"Copeland Park (La Crosse, WI)",184,MBA,2026
6541508,615402,Wis.-Whitewater Warhawks,615396,Wis.-La Crosse Eagles,615402,9,top,A. Thies walked (3-2 BBKBFB).,74,2026-04-03 14:00:00-04:00,"Copeland Park (La Crosse, WI)",184,MBA,2026
6541508,615402,Wis.-Whitewater Warhawks,615396,Wis.-La Crosse Eagles,615402,9,top,E. Olson grounded out to 3b (0-0).,75,2026-04-03 14:00:00-04:00,"Copeland Park (La Crosse, WI)",184,MBA,2026
6541508,615402,Wis.-Whitewater Warhawks,615396,Wis.-La Crosse Eagles,615396,9,bot,Charley Rowan singled up the middle (0-1 K).,76,2026-04-03 14:00:00-04:00,"Copeland Park (La Crosse, WI)",184,MBA,2026
6541508,615402,Wis.-Whitewater Warhawks,615396,Wis.-La Crosse Eagles,615396,9,bot,Charley Rowan advanced to second on a wild pitch.,77,2026-04-03 14:00:00-04:00,"Copeland Park (La Crosse, WI)",184,MBA,2026
6541508,615402,Wis.-Whitewater Warhawks,615396,Wis.-La Crosse Eagles,615396,9,bot,Brady Lash walked (3-1 BBBKB).,78,2026-04-03 14:00:00-04:00,"Copeland Park (La Crosse, WI)",184,MBA,2026
6541508,615402,Wis.-Whitewater Warhawks,615396,Wis.-La Crosse Eagles,615396,9,bot,Andrew Palm reached first on a fielding error by 3b (0-0)3a Brady Lash advanced to second3a Charley Rowan advanced to third.,79,2026-04-03 14:00:00-04:00,"Copeland Park (La Crosse, WI)",184,MBA,2026
6541508,615402,Wis.-Whitewater Warhawks,615396,Wis.-La Crosse Eagles,615396,9,bot,"AJ Levy flied out to rf, sacrifice fly, RBI (1-1 KB)3a Charley Rowan scored.",80,2026-04-03 14:00:00-04:00,"Copeland Park (La Crosse, WI)",184,MBA,2026
6541508,615402,Wis.-Whitewater Warhawks,615396,Wis.-La Crosse Eagles,615396,9,bot,Evan Schmidt pinch hit for Sean Reilly.,81,2026-04-03 14:00:00-04:00,"Copeland Park (La Crosse, WI)",184,MBA,2026
6541508,615402,Wis.-Whitewater Warhawks,615396,Wis.-La Crosse Eagles,615396,9,bot,Evan Schmidt lined out to cf (0-0).,82,2026-04-03 14:00:00-04:00,"Copeland Park (La Crosse, WI)",184,MBA,2026
6541508,615402,Wis.-Whitewater Warhawks,615396,Wis.-La Crosse Eagles,615396,9,bot,Luke Walton fouled out to 3b (1-1 BK).,83,2026-04-03 14:00:00-04:00,"Copeland Park (La Crosse, WI)",184,MBA,2026
6541867,614832,Presbyterian Blue Hose,614860,Charleston So. Buccaneers,614832,1,top,"GREEN, J. grounded out to 3b (0-1 K).",1,2026-04-03 14:00:00-04:00,"Nielsen Field at CSU Ballpark (Charleston, SC)",456,MBA,2026
6541867,614832,Presbyterian Blue Hose,614860,Charleston So. Buccaneers,614832,1,top,"MOODY, B. struck out swinging (3-2 BKKFBFFFBS).",2,2026-04-03 14:00:00-04:00,"Nielsen Field at CSU Ballpark (Charleston, SC)",456,MBA,2026
6541867,614832,Presbyterian Blue Hose,614860,Charleston So. Buccaneers,614832,1,top,"ROLLISON, M. singled to shortstop (0-0).",3,2026-04-03 14:00:00-04:00,"Nielsen Field at CSU Ballpark (Charleston, SC)",456,MBA,2026
6541867,614832,Presbyterian Blue Hose,614860,Charleston So. Buccaneers,614832,1,top,"GUILFORD, E. grounded out to ss (2-2 SBSB).",4,2026-04-03 14:00:00-04:00,"Nielsen Field at CSU Ballpark (Charleston, SC)",456,MBA,2026
6541867,614832,Presbyterian Blue Hose,614860,Charleston So. Buccaneers,614860,1,bot,"COLLINS,Kain walked (3-2 KFBBFBB).",5,2026-04-03 14:00:00-04:00,"Nielsen Field at CSU Ballpark (Charleston, SC)",456,MBA,2026
6541867,614832,Presbyterian Blue Hose,614860,Charleston So. Buccaneers,614860,1,bot,"WOLFLEY,C. grounded out to 2b (2-2 KBFBFF)3a COLLINS,Kain advanced to second.",6,2026-04-03 14:00:00-04:00,"Nielsen Field at CSU Ballpark (Charleston, SC)",456,MBA,2026
6541867,614832,Presbyterian Blue Hose,614860,Charleston So. Buccaneers,614860,1,bot,"EMENDORFER,J grounded out to ss (1-2 SBFFFF).",7,2026-04-03 14:00:00-04:00,"Nielsen Field at CSU Ballpark (Charleston, SC)",456,MBA,2026
6541867,614832,Presbyterian Blue Hose,614860,Charleston So. Buccaneers,614860,1,bot,"MAROT,Alex grounded out to ss (2-2 BFFB).",8,2026-04-03 14:00:00-04:00,"Nielsen Field at CSU Ballpark (Charleston, SC)",456,MBA,2026
6541867,614832,Presbyterian Blue Hose,614860,Charleston So. Buccaneers,614832,2,top,"SMITH, N. flied out to rf (2-2 SBBS).",9,2026-04-03 14:00:00-04:00,"Nielsen Field at CSU Ballpark (Charleston, SC)",456,MBA,2026
6541867,614832,Presbyterian Blue Hose,614860,Charleston So. Buccaneers,614832,2,top,"DEWBERRY, A. struck out swinging (1-2 FBSS).",10,2026-04-03 14:00:00-04:00,"Nielsen Field at CSU Ballpark (Charleston, SC)",456,MBA,2026
6541867,614832,Presbyterian Blue Hose,614860,Charleston So. Buccaneers,614832,2,top,"MALLO, C. singled down the lf line (1-0 B).",11,2026-04-03 14:00:00-04:00,"Nielsen Field at CSU Ballpark (Charleston, SC)",456,MBA,2026
6541867,614832,Presbyterian Blue Hose,614860,Charleston So. Buccaneers,614832,2,top,"MASON, C. flied out to cf (2-2 BFFB).",12,2026-04-03 14:00:00-04:00,"Nielsen Field at CSU Ballpark (Charleston, SC)",456,MBA,2026
6541867,614832,Presbyterian Blue Hose,614860,Charleston So. Buccaneers,614860,2,bot,"REISING,M. homered to left center, RBI (0-0).",13,2026-04-03 14:00:00-04:00,"Nielsen Field at CSU Ballpark (Charleston, SC)",456,MBA,2026
6541867,614832,Presbyterian Blue Hose,614860,Charleston So. Buccaneers,614860,2,bot,"PRINGLE,L. struck out looking (1-2 KBFFFK).",14,2026-04-03 14:00:00-04:00,"Nielsen Field at CSU Ballpark (Charleston, SC)",456,MBA,2026
6541867,614832,Presbyterian Blue Hose,614860,Charleston So. Buccaneers,614860,2,bot,"MARTINEZ,N. flied out to rf (1-1 KB).",15,2026-04-03 14:00:00-04:00,"Nielsen Field at CSU Ballpark (Charleston, SC)",456,MBA,2026
6541867,614832,Presbyterian Blue Hose,614860,Charleston So. Buccaneers,614860,2,bot,"READER,Ethan flied out to rf (0-2 KKFF).",16,2026-04-03 14:00:00-04:00,"Nielsen Field at CSU Ballpark (Charleston, SC)",456,MBA,2026
6541867,614832,Presbyterian Blue Hose,614860,Charleston So. Buccaneers,614832,3,top,"CONNER, M. struck out looking (2-2 FKBBK).",17,2026-04-03 14:00:00-04:00,"Nielsen Field at CSU Ballpark (Charleston, SC)",456,MBA,2026
6541867,614832,Presbyterian Blue Hose,614860,Charleston So. Buccaneers,614832,3,top,"GREEN, J. flied out to lf (1-0 B).",18,2026-04-03 14:00:00-04:00,"Nielsen Field at CSU Ballpark (Charleston, SC)",456,MBA,2026
6541867,614832,Presbyterian Blue Hose,614860,Charleston So. Buccaneers,614832,3,top,"MOODY, B. walked (3-1 BBBKB).",19,2026-04-03 14:00:00-04:00,"Nielsen Field at CSU Ballpark (Charleston, SC)",456,MBA,2026
6541867,614832,Presbyterian Blue Hose,614860,Charleston So. Buccaneers,614832,3,top,"ROLLISON, M. homered to left center, 2 RBI (3-2 BBSBFFF)3a MOODY, B. scored.",20,2026-04-03 14:00:00-04:00,"Nielsen Field at CSU Ballpark (Charleston, SC)",456,MBA,2026
6541867,614832,Presbyterian Blue Hose,614860,Charleston So. Buccaneers,614832,3,top,"GUILFORD, E. doubled to right field (1-0 B).",21,2026-04-03 14:00:00-04:00,"Nielsen Field at CSU Ballpark (Charleston, SC)",456,MBA,2026
6541867,614832,Presbyterian Blue Hose,614860,Charleston So. Buccaneers,614832,3,top,"SMITH, N. struck out looking (2-2 BKSBK).",22,2026-04-03 14:00:00-04:00,"Nielsen Field at CSU Ballpark (Charleston, SC)",456,MBA,2026
6541867,614832,Presbyterian Blue Hose,614860,Charleston So. Buccaneers,614860,3,bot,"EDGMON,Blake flied out to cf (1-2 BSK).",23,2026-04-03 14:00:00-04:00,"Nielsen Field at CSU Ballpark (Charleston, SC)",456,MBA,2026
6541867,614832,Presbyterian Blue Hose,614860,Charleston So. Buccaneers,614860,3,bot,"COLLINS,Kain doubled to left center (1-1 KB).",24,2026-04-03 14:00:00-04:00,"Nielsen Field at CSU Ballpark (Charleston, SC)",456,MBA,2026
6541867,614832,Presbyterian Blue Hose,614860,Charleston So. Buccaneers,614860,3,bot,"WOLFLEY,C. singled to right center, RBI (0-2 SS)3a COLLINS,Kain scored.",25,2026-04-03 14:00:00-04:00,"Nielsen Field at CSU Ballpark (Charleston, SC)",456,MBA,2026
6541867,614832,Presbyterian Blue Hose,614860,Charleston So. Buccaneers,614860,3,bot,"EMENDORFER,J singled (0-0)3a WOLFLEY,C. advanced to second.",26,2026-04-03 14:00:00-04:00,"Nielsen Field at CSU Ballpark (Charleston, SC)",456,MBA,2026
6541867,614832,Presbyterian Blue Hose,614860,Charleston So. Buccaneers,614860,3,bot,"MAROT,Alex grounded into double play ss to 2b to 1b (1-0 B)3a EMENDORFER,J out on the play.",27,2026-04-03 14:00:00-04:00,"Nielsen Field at CSU Ballpark (Charleston, SC)",456,MBA,2026
6541867,614832,Presbyterian Blue Hose,614860,Charleston So. Buccaneers,614832,4,top,"DEWBERRY, A. flied out to rf (1-0 B).",28,2026-04-03 14:00:00-04:00,"Nielsen Field at CSU Ballpark (Charleston, SC)",456,MBA,2026
6541867,614832,Presbyterian Blue Hose,614860,Charleston So. Buccaneers,614832,4,top,"MALLO, C. singled up the middle (0-0).",29,2026-04-03 14:00:00-04:00,"Nielsen Field at CSU Ballpark (Charleston, SC)",456,MBA,2026
6541867,614832,Presbyterian Blue Hose,614860,Charleston So. Buccaneers,614832,4,top,"MASON, C. struck out looking (1-2 SKBK).",30,2026-04-03 14:00:00-04:00,"Nielsen Field at CSU Ballpark (Charleston, SC)",456,MBA,2026
6541867,614832,Presbyterian Blue Hose,614860,Charleston So. Buccaneers,614832,4,top,"CONNER, M. grounded out to 3b (0-0).",31,2026-04-03 14:00:00-04:00,"Nielsen Field at CSU Ballpark (Charleston, SC)",456,MBA,2026
6541867,614832,Presbyterian Blue Hose,614860,Charleston So. Buccaneers,614860,4,bot,"REISING,M. hit by pitch (1-2 FFFB).",32,2026-04-03 14:00:00-04:00,"Nielsen Field at CSU Ballpark (Charleston, SC)",456,MBA,2026
6541867,614832,Presbyterian Blue Hose,614860,Charleston So. Buccaneers,614860,4,bot,"ROGERS,M. pinch ran for REISING,M..",33,2026-04-03 14:00:00-04:00,"Nielsen Field at CSU Ballpark (Charleston, SC)",456,MBA,2026
6541867,614832,Presbyterian Blue Hose,614860,Charleston So. Buccaneers,614860,4,bot,"PRINGLE,L. walked (3-1 BBBKB)3a ROGERS,M. advanced to second.",34,2026-04-03 14:00:00-04:00,"Nielsen Field at CSU Ballpark (Charleston, SC)",456,MBA,2026
6541867,614832,Presbyterian Blue Hose,614860,Charleston So. Buccaneers,614860,4,bot,"HAMPTON, J. to p for WILLIAMS, T..",35,2026-04-03 14:00:00-04:00,"Nielsen Field at CSU Ballpark (Charleston, SC)",456,MBA,2026
6541867,614832,Presbyterian Blue Hose,614860,Charleston So. Buccaneers,614860,4,bot,"MARTINEZ,N. singled up the middle, RBI (2-1 BBK)3a PRINGLE,L. advanced to third3a ROGERS,M. scored.",36,2026-04-03 14:00:00-04:00,"Nielsen Field at CSU Ballpark (Charleston, SC)",456,MBA,2026
6541867,614832,Presbyterian Blue Hose,614860,Charleston So. Buccaneers,614860,4,bot,"READER,Ethan grounded into double play ss to 1b (1-1 BF)3a MARTINEZ,N. out on the play3a PRINGLE,L. scored.",37,2026-04-03 14:00:00-04:00,"Nielsen Field at CSU Ballpark (Charleston, SC)",456,MBA,2026
6541867,614832,Presbyterian Blue Hose,614860,Charleston So. Buccaneers,614860,4,bot,"EDGMON,Blake doubled down the lf line (2-1 BKB).",38,2026-04-03 14:00:00-04:00,"Nielsen Field at CSU Ballpark (Charleston, SC)",456,MBA,2026
6541867,614832,Presbyterian Blue Hose,614860,Charleston So. Buccaneers,614860,4,bot,"EDGMON,Blake advanced to third on a wild pitch.",39,2026-04-03 14:00:00-04:00,"Nielsen Field at CSU Ballpark (Charleston, SC)",456,MBA,2026
6541867,614832,Presbyterian Blue Hose,614860,Charleston So. Buccaneers,614860,4,bot,"COLLINS,Kain singled to left field, RBI (2-1 BBK)3a EDGMON,Blake scored.",40,2026-04-03 14:00:00-04:00,"Nielsen Field at CSU Ballpark (Charleston, SC)",456,MBA,2026
6541867,614832,Presbyterian Blue Hose,614860,Charleston So. Buccaneers,614860,4,bot,"COLLINS,Kain stole second.",41,2026-04-03 14:00:00-04:00,"Nielsen Field at CSU Ballpark (Charleston, SC)",456,MBA,2026
6541867,614832,Presbyterian Blue Hose,614860,Charleston So. Buccaneers,614860,4,bot,"WOLFLEY,C. struck out looking (2-2 BBKKK).",42,2026-04-03 14:00:00-04:00,"Nielsen Field at CSU Ballpark (Charleston, SC)",456,MBA,2026
6541867,614832,Presbyterian Blue Hose,614860,Charleston So. Buccaneers,614832,5,top,"GREEN, J. singled up the middle (2-1 FBB).",43,2026-04-03 14:00:00-04:00,"Nielsen Field at CSU Ballpark (Charleston, SC)",456,MBA,2026
6541867,614832,Presbyterian Blue Hose,614860,Charleston So. Buccaneers,614832,5,top,"MOODY, B. hit by pitch (0-0)3a GREEN, J. advanced to second.",44,2026-04-03 14:00:00-04:00,"Nielsen Field at CSU Ballpark (Charleston, SC)",456,MBA,2026
6541867,614832,Presbyterian Blue Hose,614860,Charleston So. Buccaneers,614832,5,top,"SMITH,Aydan to p for BICKETT,B..",45,2026-04-03 14:00:00-04:00,"Nielsen Field at CSU Ballpark (Charleston, SC)",456,MBA,2026
6541867,614832,Presbyterian Blue Hose,614860,Charleston So. Buccaneers,614832,5,top,"ROLLISON, M. walked (3-1 BBBKB)3a MOODY, B. advanced to second3a GREEN, J. advanced to third.",46,2026-04-03 14:00:00-04:00,"Nielsen Field at CSU Ballpark (Charleston, SC)",456,MBA,2026
6541867,614832,Presbyterian Blue Hose,614860,Charleston So. Buccaneers,614832,5,top,"GUILFORD, E. singled to right field, out at second rf to 2b to ss, 2 RBI (2-2 KBSBF)3a ROLLISON, M. advanced to third3a MOODY, B. scored3a GREEN, J. scored.",47,2026-04-03 14:00:00-04:00,"Nielsen Field at CSU Ballpark (Charleston, SC)",456,MBA,2026
6541867,614832,Presbyterian Blue Hose,614860,Charleston So. Buccaneers,614832,5,top,"SMITH, N. singled to left field, RBI (1-1 SB)3a ROLLISON, M. scored.",48,2026-04-03 14:00:00-04:00,"Nielsen Field at CSU Ballpark (Charleston, SC)",456,MBA,2026
6541867,614832,Presbyterian Blue Hose,614860,Charleston So. Buccaneers,614832,5,top,"DEWBERRY, A. hit by pitch (2-1 BSB)3a SMITH, N. advanced to second.",49,2026-04-03 14:00:00-04:00,"Nielsen Field at CSU Ballpark (Charleston, SC)",456,MBA,2026
6541867,614832,Presbyterian Blue Hose,614860,Charleston So. Buccaneers,614832,5,top,"MALLO, C. flied out to rf (0-2 FF).",50,2026-04-03 14:00:00-04:00,"Nielsen Field at CSU Ballpark (Charleston, SC)",456,MBA,2026
6541867,614832,Presbyterian Blue Hose,614860,Charleston So. Buccaneers,614832,5,top,"MASON, C. fouled out to 3b (3-2 BSBFFB).",51,2026-04-03 14:00:00-04:00,"Nielsen Field at CSU Ballpark (Charleston, SC)",456,MBA,2026
6541867,614832,Presbyterian Blue Hose,614860,Charleston So. Buccaneers,614860,5,bot,"EMENDORFER,J struck out swinging, out at first c to 1b (2-2 BBKKS).",52,2026-04-03 14:00:00-04:00,"Nielsen Field at CSU Ballpark (Charleston, SC)",456,MBA,2026
6541867,614832,Presbyterian Blue Hose,614860,Charleston So. Buccaneers,614860,5,bot,"MAROT,Alex popped up to ss (1-2 KSBF).",53,2026-04-03 14:00:00-04:00,"Nielsen Field at CSU Ballpark (Charleston, SC)",456,MBA,2026
6541867,614832,Presbyterian Blue Hose,614860,Charleston So. Buccaneers,614860,5,bot,"REISING,M. to dh for ROGERS,M..",54,2026-04-03 14:00:00-04:00,"Nielsen Field at CSU Ballpark (Charleston, SC)",456,MBA,2026
6541867,614832,Presbyterian Blue Hose,614860,Charleston So. Buccaneers,614860,5,bot,"REISING,M. struck out looking (0-2 FKK).",55,2026-04-03 14:00:00-04:00,"Nielsen Field at CSU Ballpark (Charleston, SC)",456,MBA,2026
6541867,614832,Presbyterian Blue Hose,614860,Charleston So. Buccaneers,614832,6,top,"CONNER, M. struck out swinging (1-2 KBFS).",56,2026-04-03 14:00:00-04:00,"Nielsen Field at CSU Ballpark (Charleston, SC)",456,MBA,2026
6541867,614832,Presbyterian Blue Hose,614860,Charleston So. Buccaneers,614832,6,top,"GREEN, J. fouled out to 3b (1-1 KB).",57,2026-04-03 14:00:00-04:00,"Nielsen Field at CSU Ballpark (Charleston, SC)",456,MBA,2026
6541867,614832,Presbyterian Blue Hose,614860,Charleston So. Buccaneers,614832,6,top,"MOODY, B. grounded out to 2b (1-2 KBK).",58,2026-04-03 14:00:00-04:00,"Nielsen Field at CSU Ballpark (Charleston, SC)",456,MBA,2026
6541867,614832,Presbyterian Blue Hose,614860,Charleston So. Buccaneers,614860,6,bot,"PRINGLE,L. walked (3-1 SBBBB).",59,2026-04-03 14:00:00-04:00,"Nielsen Field at CSU Ballpark (Charleston, SC)",456,MBA,2026
6541867,614832,Presbyterian Blue Hose,614860,Charleston So. Buccaneers,614860,6,bot,"MARTINEZ,N. grounded into double play 3b to 2b to 1b (1-1 KB)3a PRINGLE,L. out on the play.",60,2026-04-03 14:00:00-04:00,"Nielsen Field at CSU Ballpark (Charleston, SC)",456,MBA,2026
6541867,614832,Presbyterian Blue Hose,614860,Charleston So. Buccaneers,614860,6,bot,"READER,Ethan flied out to rf (2-2 BBKKF).",61,2026-04-03 14:00:00-04:00,"Nielsen Field at CSU Ballpark (Charleston, SC)",456,MBA,2026
6541867,614832,Presbyterian Blue Hose,614860,Charleston So. Buccaneers,614832,7,top,"ROLLISON, M. singled to shortstop, advanced to second on a throwing error by ss (3-2 BSBBK).",62,2026-04-03 14:00:00-04:00,"Nielsen Field at CSU Ballpark (Charleston, SC)",456,MBA,2026
6541867,614832,Presbyterian Blue Hose,614860,Charleston So. Buccaneers,614832,7,top,"GUILFORD, E. homered to right center, 2 RBI (3-2 FFBBFBF)3a ROLLISON, M. scored.",63,2026-04-03 14:00:00-04:00,"Nielsen Field at CSU Ballpark (Charleston, SC)",456,MBA,2026
6541867,614832,Presbyterian Blue Hose,614860,Charleston So. Buccaneers,614832,7,top,"SMITH, N. struck out looking (2-2 KBBKK).",64,2026-04-03 14:00:00-04:00,"Nielsen Field at CSU Ballpark (Charleston, SC)",456,MBA,2026
6541867,614832,Presbyterian Blue Hose,614860,Charleston So. Buccaneers,614832,7,top,"DEWBERRY, A. lined out to 1b (0-1 K).",65,2026-04-03 14:00:00-04:00,"Nielsen Field at CSU Ballpark (Charleston, SC)",456,MBA,2026
6541867,614832,Presbyterian Blue Hose,614860,Charleston So. Buccaneers,614832,7,top,"MALLO, C. popped up to 2b (2-2 KBFBFF).",66,2026-04-03 14:00:00-04:00,"Nielsen Field at CSU Ballpark (Charleston, SC)",456,MBA,2026
6541867,614832,Presbyterian Blue Hose,614860,Charleston So. Buccaneers,614860,7,bot,"BOYKIN, R. to p for HAMPTON, J..",67,2026-04-03 14:00:00-04:00,"Nielsen Field at CSU Ballpark (Charleston, SC)",456,MBA,2026
6541867,614832,Presbyterian Blue Hose,614860,Charleston So. Buccaneers,614860,7,bot,"EDGMON,Blake singled to right field (2-2 KKFBB).",68,2026-04-03 14:00:00-04:00,"Nielsen Field at CSU Ballpark (Charleston, SC)",456,MBA,2026
6541867,614832,Presbyterian Blue Hose,614860,Charleston So. Buccaneers,614860,7,bot,"COLLINS,Kain popped up to ss (1-1 KB).",69,2026-04-03 14:00:00-04:00,"Nielsen Field at CSU Ballpark (Charleston, SC)",456,MBA,2026
6541867,614832,Presbyterian Blue Hose,614860,Charleston So. Buccaneers,614860,7,bot,"WOLFLEY,C. reached on a fielder's choice (1-2 FBKF)3a EDGMON,Blake out at second ss to 2b.",70,2026-04-03 14:00:00-04:00,"Nielsen Field at CSU Ballpark (Charleston, SC)",456,MBA,2026
6541867,614832,Presbyterian Blue Hose,614860,Charleston So. Buccaneers,614860,7,bot,"TUUPO,C. pinch hit for EMENDORFER,J.",71,2026-04-03 14:00:00-04:00,"Nielsen Field at CSU Ballpark (Charleston, SC)",456,MBA,2026
6541867,614832,Presbyterian Blue Hose,614860,Charleston So. Buccaneers,614860,7,bot,"TUUPO,C. struck out swinging (1-2 BKSS).",72,2026-04-03 14:00:00-04:00,"Nielsen Field at CSU Ballpark (Charleston, SC)",456,MBA,2026
6541867,614832,Presbyterian Blue Hose,614860,Charleston So. Buccaneers,614832,8,top,"TUUPO,C. to 1b.",73,2026-04-03 14:00:00-04:00,"Nielsen Field at CSU Ballpark (Charleston, SC)",456,MBA,2026
6541867,614832,Presbyterian Blue Hose,614860,Charleston So. Buccaneers,614832,8,top,"DAWSON,Drew to p for SMITH,Aydan.",74,2026-04-03 14:00:00-04:00,"Nielsen Field at CSU Ballpark (Charleston, SC)",456,MBA,2026
6541867,614832,Presbyterian Blue Hose,614860,Charleston So. Buccaneers,614832,8,top,"BRADLEY, C. pinch hit for MASON, C..",75,2026-04-03 14:00:00-04:00,"Nielsen Field at CSU Ballpark (Charleston, SC)",456,MBA,2026
6541867,614832,Presbyterian Blue Hose,614860,Charleston So. Buccaneers,614832,8,top,"BRADLEY, C. flied out to lf (1-2 SSB).",76,2026-04-03 14:00:00-04:00,"Nielsen Field at CSU Ballpark (Charleston, SC)",456,MBA,2026
6541867,614832,Presbyterian Blue Hose,614860,Charleston So. Buccaneers,614832,8,top,"ALBERTUS, A. pinch hit for CONNER, M..",77,2026-04-03 14:00:00-04:00,"Nielsen Field at CSU Ballpark (Charleston, SC)",456,MBA,2026
6541867,614832,Presbyterian Blue Hose,614860,Charleston So. Buccaneers,614832,8,top,"ALBERTUS, A. singled to second base, advanced to second on a throwing error by 2b (2-2 BBKF).",78,2026-04-03 14:00:00-04:00,"Nielsen Field at CSU Ballpark (Charleston, SC)",456,MBA,2026
6541867,614832,Presbyterian Blue Hose,614860,Charleston So. Buccaneers,614832,8,top,"GREEN, J. grounded out to p (0-2 KF)3a ALBERTUS, A. advanced to third.",79,2026-04-03 14:00:00-04:00,"Nielsen Field at CSU Ballpark (Charleston, SC)",456,MBA,2026
6541867,614832,Presbyterian Blue Hose,614860,Charleston So. Buccaneers,614832,8,top,"MOODY, B. hit by pitch (0-0).",80,2026-04-03 14:00:00-04:00,"Nielsen Field at CSU Ballpark (Charleston, SC)",456,MBA,2026
6541867,614832,Presbyterian Blue Hose,614860,Charleston So. Buccaneers,614832,8,top,"ROLLISON, M. doubled down the rf line, 2 RBI, out at third rf to 2b to 3b (0-0)3a MOODY, B. scored3a ALBERTUS, A. scored.",81,2026-04-03 14:00:00-04:00,"Nielsen Field at CSU Ballpark (Charleston, SC)",456,MBA,2026
6541867,614832,Presbyterian Blue Hose,614860,Charleston So. Buccaneers,614860,8,bot,"GREEN, J. to cf.",82,2026-04-03 14:00:00-04:00,"Nielsen Field at CSU Ballpark (Charleston, SC)",456,MBA,2026
6541867,614832,Presbyterian Blue Hose,614860,Charleston So. Buccaneers,614860,8,bot,"HYNEMAN, L. to c for BRADLEY, C..",83,2026-04-03 14:00:00-04:00,"Nielsen Field at CSU Ballpark (Charleston, SC)",456,MBA,2026
6541867,614832,Presbyterian Blue Hose,614860,Charleston So. Buccaneers,614860,8,bot,"ALBERTUS, A. to lf.",84,2026-04-03 14:00:00-04:00,"Nielsen Field at CSU Ballpark (Charleston, SC)",456,MBA,2026
6541867,614832,Presbyterian Blue Hose,614860,Charleston So. Buccaneers,614860,8,bot,"MAROT,Alex popped up to 2b (1-1 KB).",85,2026-04-03 14:00:00-04:00,"Nielsen Field at CSU Ballpark (Charleston, SC)",456,MBA,2026
6541867,614832,Presbyterian Blue Hose,614860,Charleston So. Buccaneers,614860,8,bot,"REISING,M. grounded out to 3b (1-1 KB).",86,2026-04-03 14:00:00-04:00,"Nielsen Field at CSU Ballpark (Charleston, SC)",456,MBA,2026
6541867,614832,Presbyterian Blue Hose,614860,Charleston So. Buccaneers,614860,8,bot,"PRINGLE,L. hit by pitch (1-0 B).",87,2026-04-03 14:00:00-04:00,"Nielsen Field at CSU Ballpark (Charleston, SC)",456,MBA,2026
6541867,614832,Presbyterian Blue Hose,614860,Charleston So. Buccaneers,614860,8,bot,"MARTINEZ,N. singled through the right side (1-1 KB)3a PRINGLE,L. advanced to second.",88,2026-04-03 14:00:00-04:00,"Nielsen Field at CSU Ballpark (Charleston, SC)",456,MBA,2026
6541867,614832,Presbyterian Blue Hose,614860,Charleston So. Buccaneers,614860,8,bot,"SPEIRS,Gavin pinch hit for READER,Ethan.",89,2026-04-03 14:00:00-04:00,"Nielsen Field at CSU Ballpark (Charleston, SC)",456,MBA,2026
6541867,614832,Presbyterian Blue Hose,614860,Charleston So. Buccaneers,614860,8,bot,"SPEIRS,Gavin grounded out to 2b (0-2 FK).",90,2026-04-03 14:00:00-04:00,"Nielsen Field at CSU Ballpark (Charleston, SC)",456,MBA,2026
6541867,614832,Presbyterian Blue Hose,614860,Charleston So. Buccaneers,614832,9,top,"SPEIRS,Gavin to 2b.",91,2026-04-03 14:00:00-04:00,"Nielsen Field at CSU Ballpark (Charleston, SC)",456,MBA,2026
6541867,614832,Presbyterian Blue Hose,614860,Charleston So. Buccaneers,614832,9,top,"PAYNE,Corbin to p for DAWSON,Drew.",92,2026-04-03 14:00:00-04:00,"Nielsen Field at CSU Ballpark (Charleston, SC)",456,MBA,2026
6541867,614832,Presbyterian Blue Hose,614860,Charleston So. Buccaneers,614832,9,top,"GUILFORD, E. walked (3-2 BSKBBB).",93,2026-04-03 14:00:00-04:00,"Nielsen Field at CSU Ballpark (Charleston, SC)",456,MBA,2026
6541867,614832,Presbyterian Blue Hose,614860,Charleston So. Buccaneers,614832,9,top,"SMITH, N. doubled to right field (0-1 K)3a GUILFORD, E. advanced to third.",94,2026-04-03 14:00:00-04:00,"Nielsen Field at CSU Ballpark (Charleston, SC)",456,MBA,2026
6541867,614832,Presbyterian Blue Hose,614860,Charleston So. Buccaneers,614832,9,top,"DEWBERRY, A. homered to right field, 3 RBI (2-2 KBSB)3a SMITH, N. scored3a GUILFORD, E. scored.",95,2026-04-03 14:00:00-04:00,"Nielsen Field at CSU Ballpark (Charleston, SC)",456,MBA,2026
6541867,614832,Presbyterian Blue Hose,614860,Charleston So. Buccaneers,614832,9,top,"MALLO, C. grounded out to 2b (3-2 BBBKK).",96,2026-04-03 14:00:00-04:00,"Nielsen Field at CSU Ballpark (Charleston, SC)",456,MBA,2026
6541867,614832,Presbyterian Blue Hose,614860,Charleston So. Buccaneers,614832,9,top,"HYNEMAN, L. walked (3-2 KBBBFB).",97,2026-04-03 14:00:00-04:00,"Nielsen Field at CSU Ballpark (Charleston, SC)",456,MBA,2026
6541867,614832,Presbyterian Blue Hose,614860,Charleston So. Buccaneers,614832,9,top,"ALBERTUS, A. walked (3-2 KBBFBB)3a HYNEMAN, L. advanced to second.",98,2026-04-03 14:00:00-04:00,"Nielsen Field at CSU Ballpark (Charleston, SC)",456,MBA,2026
6541867,614832,Presbyterian Blue Hose,614860,Charleston So. Buccaneers,614832,9,top,"GREEN, J. hit by pitch (0-0)3a ALBERTUS, A. advanced to second3a HYNEMAN, L. advanced to third.",99,2026-04-03 14:00:00-04:00,"Nielsen Field at CSU Ballpark (Charleston, SC)",456,MBA,2026
6541867,614832,Presbyterian Blue Hose,614860,Charleston So. Buccaneers,614832,9,top,"MOODY, B. struck out swinging (1-2 BKKFS).",100,2026-04-03 14:00:00-04:00,"Nielsen Field at CSU Ballpark (Charleston, SC)",456,MBA,2026
6541867,614832,Presbyterian Blue Hose,614860,Charleston So. Buccaneers,614832,9,top,"ROLLISON, M. lined out to ss (0-1 F).",101,2026-04-03 14:00:00-04:00,"Nielsen Field at CSU Ballpark (Charleston, SC)",456,MBA,2026
6541867,614832,Presbyterian Blue Hose,614860,Charleston So. Buccaneers,614860,9,bot,"MEREDITH, T. to p for BOYKIN, R..",102,2026-04-03 14:00:00-04:00,"Nielsen Field at CSU Ballpark (Charleston, SC)",456,MBA,2026
6541867,614832,Presbyterian Blue Hose,614860,Charleston So. Buccaneers,614860,9,bot,"EDGMON,Blake walked (3-2 BBKKBB).",103,2026-04-03 14:00:00-04:00,"Nielsen Field at CSU Ballpark (Charleston, SC)",456,MBA,2026
6541867,614832,Presbyterian Blue Hose,614860,Charleston So. Buccaneers,614860,9,bot,"BARILE,G. pinch hit for COLLINS,Kain.",104,2026-04-03 14:00:00-04:00,"Nielsen Field at CSU Ballpark (Charleston, SC)",456,MBA,2026
6541867,614832,Presbyterian Blue Hose,614860,Charleston So. Buccaneers,614860,9,bot,"BARILE,G. singled (2-1 BBK)3a EDGMON,Blake advanced to second.",105,2026-04-03 14:00:00-04:00,"Nielsen Field at CSU Ballpark (Charleston, SC)",456,MBA,2026
6541867,614832,Presbyterian Blue Hose,614860,Charleston So. Buccaneers,614860,9,bot,"WRIGHT,Tyler pinch hit for WOLFLEY,C..",106,2026-04-03 14:00:00-04:00,"Nielsen Field at CSU Ballpark (Charleston, SC)",456,MBA,2026
6541867,614832,Presbyterian Blue Hose,614860,Charleston So. Buccaneers,614860,9,bot,"WRIGHT,Tyler doubled to left center, RBI (0-1 S)3a BARILE,G. advanced to third3a EDGMON,Blake scored.",107,2026-04-03 14:00:00-04:00,"Nielsen Field at CSU Ballpark (Charleston, SC)",456,MBA,2026
6541867,614832,Presbyterian Blue Hose,614860,Charleston So. Buccaneers,614860,9,bot,"TUUPO,C. lined out to 1b (0-0).",108,2026-04-03 14:00:00-04:00,"Nielsen Field at CSU Ballpark (Charleston, SC)",456,MBA,2026
6541867,614832,Presbyterian Blue Hose,614860,Charleston So. Buccaneers,614860,9,bot,"MAROT,Alex singled to first base, 2 RBI (3-2 KFBBB)3a WRIGHT,Tyler scored3a BARILE,G. scored.",109,2026-04-03 14:00:00-04:00,"Nielsen Field at CSU Ballpark (Charleston, SC)",456,MBA,2026
6541867,614832,Presbyterian Blue Hose,614860,Charleston So. Buccaneers,614860,9,bot,"EAGEN, B. to p for MEREDITH, T..",110,2026-04-03 14:00:00-04:00,"Nielsen Field at CSU Ballpark (Charleston, SC)",456,MBA,2026
6541867,614832,Presbyterian Blue Hose,614860,Charleston So. Buccaneers,614860,9,bot,"REISING,M. flied out to rf (1-0 B).",111,2026-04-03 14:00:00-04:00,"Nielsen Field at CSU Ballpark (Charleston, SC)",456,MBA,2026
6541867,614832,Presbyterian Blue Hose,614860,Charleston So. Buccaneers,614860,9,bot,"PRINGLE,L. singled through the right side (0-0)3a MAROT,Alex advanced to second.",112,2026-04-03 14:00:00-04:00,"Nielsen Field at CSU Ballpark (Charleston, SC)",456,MBA,2026
6541867,614832,Presbyterian Blue Hose,614860,Charleston So. Buccaneers,614860,9,bot,"PRINGLE,L. advanced to second on a wild pitch3a MAROT,Alex advanced to third.",113,2026-04-03 14:00:00-04:00,"Nielsen Field at CSU Ballpark (Charleston, SC)",456,MBA,2026
6541867,614832,Presbyterian Blue Hose,614860,Charleston So. Buccaneers,614860,9,bot,"MARTINEZ,N. walked (3-1 BSBBB).",114,2026-04-03 14:00:00-04:00,"Nielsen Field at CSU Ballpark (Charleston, SC)",456,MBA,2026
6541867,614832,Presbyterian Blue Hose,614860,Charleston So. Buccaneers,614860,9,bot,"SPEIRS,Gavin homered to right field, 4 RBI (1-0 B)3a MARTINEZ,N. scored3a PRINGLE,L. scored3a MAROT,Alex scored.",115,2026-04-03 14:00:00-04:00,"Nielsen Field at CSU Ballpark (Charleston, SC)",456,MBA,2026
6541867,614832,Presbyterian Blue Hose,614860,Charleston So. Buccaneers,614860,9,bot,"MARROQUIN, M to p for EAGEN, B..",116,2026-04-03 14:00:00-04:00,"Nielsen Field at CSU Ballpark (Charleston, SC)",456,MBA,2026
6541867,614832,Presbyterian Blue Hose,614860,Charleston So. Buccaneers,614860,9,bot,"EDGMON,Blake singled to left center (2-2 BBFK).",117,2026-04-03 14:00:00-04:00,"Nielsen Field at CSU Ballpark (Charleston, SC)",456,MBA,2026
6541867,614832,Presbyterian Blue Hose,614860,Charleston So. Buccaneers,614860,9,bot,"BARILE,G. to cf.",118,2026-04-03 14:00:00-04:00,"Nielsen Field at CSU Ballpark (Charleston, SC)",456,MBA,2026
6541867,614832,Presbyterian Blue Hose,614860,Charleston So. Buccaneers,614860,9,bot,"BARILE,G. struck out swinging (1-2 KBSS).",119,2026-04-03 14:00:00-04:00,"Nielsen Field at CSU Ballpark (Charleston, SC)",456,MBA,2026
6541867,614832,Presbyterian Blue Hose,614860,Charleston So. Buccaneers,614832,10,top,"BARILE,G. to cf.",120,2026-04-03 14:00:00-04:00,"Nielsen Field at CSU Ballpark (Charleston, SC)",456,MBA,2026
6541867,614832,Presbyterian Blue Hose,614860,Charleston So. Buccaneers,614832,10,top,"WRIGHT,Tyler to rf.",121,2026-04-03 14:00:00-04:00,"Nielsen Field at CSU Ballpark (Charleston, SC)",456,MBA,2026
6541867,614832,Presbyterian Blue Hose,614860,Charleston So. Buccaneers,614832,10,top,"HENRY,Hayden to p for PAYNE,Corbin.",122,2026-04-03 14:00:00-04:00,"Nielsen Field at CSU Ballpark (Charleston, SC)",456,MBA,2026
6541867,614832,Presbyterian Blue Hose,614860,Charleston So. Buccaneers,614832,10,top,"GUILFORD, E. struck out swinging (1-2 SBSS).",123,2026-04-03 14:00:00-04:00,"Nielsen Field at CSU Ballpark (Charleston, SC)",456,MBA,2026
6541867,614832,Presbyterian Blue Hose,614860,Charleston So. Buccaneers,614832,10,top,"SMITH, N. struck out swinging (0-2 FFS).",124,2026-04-03 14:00:00-04:00,"Nielsen Field at CSU Ballpark (Charleston, SC)",456,MBA,2026
6541867,614832,Presbyterian Blue Hose,614860,Charleston So. Buccaneers,614832,10,top,"DEWBERRY, A. struck out swinging (1-2 KBSS).",125,2026-04-03 14:00:00-04:00,"Nielsen Field at CSU Ballpark (Charleston, SC)",456,MBA,2026
6541867,614832,Presbyterian Blue Hose,614860,Charleston So. Buccaneers,614860,10,bot,"WRIGHT,Tyler struck out swinging (2-2 BKKFFFBS).",126,2026-04-03 14:00:00-04:00,"Nielsen Field at CSU Ballpark (Charleston, SC)",456,MBA,2026
6541867,614832,Presbyterian Blue Hose,614860,Charleston So. Buccaneers,614860,10,bot,"TUUPO,C. walked (3-2 BFBSBB).",127,2026-04-03 14:00:00-04:00,"Nielsen Field at CSU Ballpark (Charleston, SC)",456,MBA,2026
6541867,614832,Presbyterian Blue Hose,614860,Charleston So. Buccaneers,614860,10,bot,"ROGERS,M. pinch ran for TUUPO,C..",128,2026-04-03 14:00:00-04:00,"Nielsen Field at CSU Ballpark (Charleston, SC)",456,MBA,2026
6541867,614832,Presbyterian Blue Hose,614860,Charleston So. Buccaneers,614860,10,bot,"ROGERS,M. advanced to second on a wild pitch.",129,2026-04-03 14:00:00-04:00,"Nielsen Field at CSU Ballpark (Charleston, SC)",456,MBA,2026
6541867,614832,Presbyterian Blue Hose,614860,Charleston So. Buccaneers,614860,10,bot,"MAROT,Alex walked (3-2 BSFBBB).",130,2026-04-03 14:00:00-04:00,"Nielsen Field at CSU Ballpark (Charleston, SC)",456,MBA,2026
6541867,614832,Presbyterian Blue Hose,614860,Charleston So. Buccaneers,614860,10,bot,"REISING,M. popped up to ss (1-1 KB).",131,2026-04-03 14:00:00-04:00,"Nielsen Field at CSU Ballpark (Charleston, SC)",456,MBA,2026
6541867,614832,Presbyterian Blue Hose,614860,Charleston So. Buccaneers,614860,10,bot,"PRINGLE,L. hit by pitch (0-2 KF)3a MAROT,Alex advanced to second3a ROGERS,M. advanced to third.",132,2026-04-03 14:00:00-04:00,"Nielsen Field at CSU Ballpark (Charleston, SC)",456,MBA,2026
6541867,614832,Presbyterian Blue Hose,614860,Charleston So. Buccaneers,614860,10,bot,"MARTINEZ,N. walked, RBI (3-1 BBBKB)3a PRINGLE,L. advanced to second3a MAROT,Alex advanced to third3a ROGERS,M. scored.",133,2026-04-03 14:00:00-04:00,"Nielsen Field at CSU Ballpark (Charleston, SC)",456,MBA,2026
6542809,615483,JWU (Providence) Wildcats,615348,Salve Regina Seahawks,615483,1,top,Ryan Ducey popped up to 1b (0-1 K).,1,2026-04-03 14:00:00-04:00,"Brother Reynolds Field (Newport, RI)",297,MBA,2026
6542809,615483,JWU (Providence) Wildcats,615348,Salve Regina Seahawks,615483,1,top,Yedan Diaz singled to right field (1-0 B).,2,2026-04-03 14:00:00-04:00,"Brother Reynolds Field (Newport, RI)",297,MBA,2026
6542809,615483,JWU (Providence) Wildcats,615348,Salve Regina Seahawks,615483,1,top,Jack Obert hit by pitch (1-0 H); Yedan Diaz advanced to second.,3,2026-04-03 14:00:00-04:00,"Brother Reynolds Field (Newport, RI)",297,MBA,2026
6542809,615483,JWU (Providence) Wildcats,615348,Salve Regina Seahawks,615483,1,top,Jack Dwyer hit by pitch (1-1 FH); Jack Obert advanced to second; Yedan Diaz advanced to third.,4,2026-04-03 14:00:00-04:00,"Brother Reynolds Field (Newport, RI)",297,MBA,2026
6542809,615483,JWU (Providence) Wildcats,615348,Salve Regina Seahawks,615483,1,top,Justin Hernandez struck out swinging (1-2 KKBS).,5,2026-04-03 14:00:00-04:00,"Brother Reynolds Field (Newport, RI)",297,MBA,2026
6542809,615483,JWU (Providence) Wildcats,615348,Salve Regina Seahawks,615483,1,top,"Jeff Valdez Jimenez hit by pitch, RBI (2-0 BH); Jack Dwyer advanced to second; Jack Obert advanced to third; Yedan Diaz scored.",6,2026-04-03 14:00:00-04:00,"Brother Reynolds Field (Newport, RI)",297,MBA,2026
6542809,615483,JWU (Providence) Wildcats,615348,Salve Regina Seahawks,615483,1,top,Diego Taveras struck out swinging (1-2 KFBS).,7,2026-04-03 14:00:00-04:00,"Brother Reynolds Field (Newport, RI)",297,MBA,2026
6542809,615483,JWU (Providence) Wildcats,615348,Salve Regina Seahawks,615348,1,bot,Jake Harring struck out looking (2-2 FBFFBK).,8,2026-04-03 14:00:00-04:00,"Brother Reynolds Field (Newport, RI)",297,MBA,2026
6542809,615483,JWU (Providence) Wildcats,615348,Salve Regina Seahawks,615348,1,bot,Shea Donovan struck out swinging (0-2 KKS).,9,2026-04-03 14:00:00-04:00,"Brother Reynolds Field (Newport, RI)",297,MBA,2026
6542809,615483,JWU (Providence) Wildcats,615348,Salve Regina Seahawks,615348,1,bot,Shane Williams struck out swinging (2-2 SFBFBS).,10,2026-04-03 14:00:00-04:00,"Brother Reynolds Field (Newport, RI)",297,MBA,2026
6542809,615483,JWU (Providence) Wildcats,615348,Salve Regina Seahawks,615483,2,top,Sam Schoenberg grounded out to ss (1-0 B).,11,2026-04-03 14:00:00-04:00,"Brother Reynolds Field (Newport, RI)",297,MBA,2026
6542809,615483,JWU (Providence) Wildcats,615348,Salve Regina Seahawks,615483,2,top,Jeremy Auren grounded out to ss (2-1 BBS).,12,2026-04-03 14:00:00-04:00,"Brother Reynolds Field (Newport, RI)",297,MBA,2026
6542809,615483,JWU (Providence) Wildcats,615348,Salve Regina Seahawks,615483,2,top,Ryan Ducey singled to left field (1-2 BSK).,13,2026-04-03 14:00:00-04:00,"Brother Reynolds Field (Newport, RI)",297,MBA,2026
6542809,615483,JWU (Providence) Wildcats,615348,Salve Regina Seahawks,615483,2,top,"Ryan Ducey out at second c to 2b, caught stealing.",14,2026-04-03 14:00:00-04:00,"Brother Reynolds Field (Newport, RI)",297,MBA,2026
6542809,615483,JWU (Providence) Wildcats,615348,Salve Regina Seahawks,615348,2,bot,Evan O?Rourke struck out swinging (2-2 BKFBS).,15,2026-04-03 14:00:00-04:00,"Brother Reynolds Field (Newport, RI)",297,MBA,2026
6542809,615483,JWU (Providence) Wildcats,615348,Salve Regina Seahawks,615348,2,bot,Danny Rogers popped up to lf (3-2 BFBBK).,16,2026-04-03 14:00:00-04:00,"Brother Reynolds Field (Newport, RI)",297,MBA,2026
6542809,615483,JWU (Providence) Wildcats,615348,Salve Regina Seahawks,615348,2,bot,Matt Stokes singled to shortstop (2-2 BKSB).,17,2026-04-03 14:00:00-04:00,"Brother Reynolds Field (Newport, RI)",297,MBA,2026
6542809,615483,JWU (Providence) Wildcats,615348,Salve Regina Seahawks,615348,2,bot,Dylan Cimini popped up to ss (2-0 BB).,18,2026-04-03 14:00:00-04:00,"Brother Reynolds Field (Newport, RI)",297,MBA,2026
6542809,615483,JWU (Providence) Wildcats,615348,Salve Regina Seahawks,615483,3,top,Liam Scholl to p for James Keating.,19,2026-04-03 14:00:00-04:00,"Brother Reynolds Field (Newport, RI)",297,MBA,2026
6542809,615483,JWU (Providence) Wildcats,615348,Salve Regina Seahawks,615483,3,top,Yedan Diaz struck out swinging (3-2 FBBKBS).,20,2026-04-03 14:00:00-04:00,"Brother Reynolds Field (Newport, RI)",297,MBA,2026
6542809,615483,JWU (Providence) Wildcats,615348,Salve Regina Seahawks,615483,3,top,Jack Obert grounded out to 2b (1-0 B).,21,2026-04-03 14:00:00-04:00,"Brother Reynolds Field (Newport, RI)",297,MBA,2026
6542809,615483,JWU (Providence) Wildcats,615348,Salve Regina Seahawks,615483,3,top,Jack Dwyer flied out to rf (0-0).,22,2026-04-03 14:00:00-04:00,"Brother Reynolds Field (Newport, RI)",297,MBA,2026
6542809,615483,JWU (Providence) Wildcats,615348,Salve Regina Seahawks,615348,3,bot,Evan Lamothe to p for Ryan Barrington.,23,2026-04-03 14:00:00-04:00,"Brother Reynolds Field (Newport, RI)",297,MBA,2026
6542809,615483,JWU (Providence) Wildcats,615348,Salve Regina Seahawks,615348,3,bot,Grady Schopps struck out looking (2-2 BBKSK).,24,2026-04-03 14:00:00-04:00,"Brother Reynolds Field (Newport, RI)",297,MBA,2026
6542809,615483,JWU (Providence) Wildcats,615348,Salve Regina Seahawks,615348,3,bot,James Anastasopoulos singled to right field (1-2 SSB).,25,2026-04-03 14:00:00-04:00,"Brother Reynolds Field (Newport, RI)",297,MBA,2026
6542809,615483,JWU (Providence) Wildcats,615348,Salve Regina Seahawks,615348,3,bot,James Anastasopoulos stole second.,26,2026-04-03 14:00:00-04:00,"Brother Reynolds Field (Newport, RI)",297,MBA,2026
6542809,615483,JWU (Providence) Wildcats,615348,Salve Regina Seahawks,615348,3,bot,Jake Harring struck out swinging (2-2 BBKSS).,27,2026-04-03 14:00:00-04:00,"Brother Reynolds Field (Newport, RI)",297,MBA,2026
6542809,615483,JWU (Providence) Wildcats,615348,Salve Regina Seahawks,615348,3,bot,"Shea Donovan singled to right field, RBI (1-2 KBF); James Anastasopoulos scored.",28,2026-04-03 14:00:00-04:00,"Brother Reynolds Field (Newport, RI)",297,MBA,2026
6542809,615483,JWU (Providence) Wildcats,615348,Salve Regina Seahawks,615348,3,bot,Shea Donovan advanced to second on a passed ball.,29,2026-04-03 14:00:00-04:00,"Brother Reynolds Field (Newport, RI)",297,MBA,2026
6542809,615483,JWU (Providence) Wildcats,615348,Salve Regina Seahawks,615348,3,bot,Shane Williams grounded out to 2b (1-0 B).,30,2026-04-03 14:00:00-04:00,"Brother Reynolds Field (Newport, RI)",297,MBA,2026
6542809,615483,JWU (Providence) Wildcats,615348,Salve Regina Seahawks,615483,4,top,Justin Hernandez popped up to 2b (1-0 B).,31,2026-04-03 14:00:00-04:00,"Brother Reynolds Field (Newport, RI)",297,MBA,2026
6542809,615483,JWU (Providence) Wildcats,615348,Salve Regina Seahawks,615483,4,top,Jeff Valdez Jimenez singled (1-1 BF).,32,2026-04-03 14:00:00-04:00,"Brother Reynolds Field (Newport, RI)",297,MBA,2026
6542809,615483,JWU (Providence) Wildcats,615348,Salve Regina Seahawks,615483,4,top,Diego Taveras reached on a fielder's choice (2-2 BBKF); Jeff Valdez Jimenez out at second 2b to ss.,33,2026-04-03 14:00:00-04:00,"Brother Reynolds Field (Newport, RI)",297,MBA,2026
6542809,615483,JWU (Providence) Wildcats,615348,Salve Regina Seahawks,615483,4,top,Sam Schoenberg popped up to 2b (0-0).,34,2026-04-03 14:00:00-04:00,"Brother Reynolds Field (Newport, RI)",297,MBA,2026
6542809,615483,JWU (Providence) Wildcats,615348,Salve Regina Seahawks,615348,4,bot,Nevin Belanger to p for Evan Lamothe.,35,2026-04-03 14:00:00-04:00,"Brother Reynolds Field (Newport, RI)",297,MBA,2026
6542809,615483,JWU (Providence) Wildcats,615348,Salve Regina Seahawks,615348,4,bot,Evan O?Rourke walked (3-0 BBBB).,36,2026-04-03 14:00:00-04:00,"Brother Reynolds Field (Newport, RI)",297,MBA,2026
6542809,615483,JWU (Providence) Wildcats,615348,Salve Regina Seahawks,615348,4,bot,Danny Rogers singled (1-2 FFFB); Evan O?Rourke advanced to second.,37,2026-04-03 14:00:00-04:00,"Brother Reynolds Field (Newport, RI)",297,MBA,2026
6542809,615483,JWU (Providence) Wildcats,615348,Salve Regina Seahawks,615348,4,bot,Matt Stokes struck out swinging (3-2 KBBKB); Danny Rogers advanced to second; Evan O?Rourke out at third ss unassisted.,38,2026-04-03 14:00:00-04:00,"Brother Reynolds Field (Newport, RI)",297,MBA,2026
6542809,615483,JWU (Providence) Wildcats,615348,Salve Regina Seahawks,615348,4,bot,Nick Russo pinch hit for Dylan Cimini.,39,2026-04-03 14:00:00-04:00,"Brother Reynolds Field (Newport, RI)",297,MBA,2026
6542809,615483,JWU (Providence) Wildcats,615348,Salve Regina Seahawks,615348,4,bot,Nick Russo struck out swinging (2-2 BBKS).,40,2026-04-03 14:00:00-04:00,"Brother Reynolds Field (Newport, RI)",297,MBA,2026
6542809,615483,JWU (Providence) Wildcats,615348,Salve Regina Seahawks,615483,5,top,Nate Ruehs to 1b for Matt Stokes.,41,2026-04-03 14:00:00-04:00,"Brother Reynolds Field (Newport, RI)",297,MBA,2026
6542809,615483,JWU (Providence) Wildcats,615348,Salve Regina Seahawks,615483,5,top,Jeremy Auren walked (3-0 BBBB).,42,2026-04-03 14:00:00-04:00,"Brother Reynolds Field (Newport, RI)",297,MBA,2026
6542809,615483,JWU (Providence) Wildcats,615348,Salve Regina Seahawks,615483,5,top,Isaac Cabral to p for Liam Scholl.,43,2026-04-03 14:00:00-04:00,"Brother Reynolds Field (Newport, RI)",297,MBA,2026
6542809,615483,JWU (Providence) Wildcats,615348,Salve Regina Seahawks,615483,5,top,Ryan Ducey reached first on an error by ss (3-2 KFBFBB); Jeremy Auren advanced to second.,44,2026-04-03 14:00:00-04:00,"Brother Reynolds Field (Newport, RI)",297,MBA,2026
6542809,615483,JWU (Providence) Wildcats,615348,Salve Regina Seahawks,615483,5,top,"Yedan Diaz singled, bunt (0-0); Ryan Ducey advanced to second; Jeremy Auren advanced to third.",45,2026-04-03 14:00:00-04:00,"Brother Reynolds Field (Newport, RI)",297,MBA,2026
6542809,615483,JWU (Providence) Wildcats,615348,Salve Regina Seahawks,615483,5,top,"Jack Obert singled, 2 RBI (2-1 BSB); Yedan Diaz advanced to third; Ryan Ducey scored, unearned; Jeremy Auren scored.",46,2026-04-03 14:00:00-04:00,"Brother Reynolds Field (Newport, RI)",297,MBA,2026
6542809,615483,JWU (Providence) Wildcats,615348,Salve Regina Seahawks,615483,5,top,Jack Dwyer walked (3-0 BBB); Jack Obert advanced to second.,47,2026-04-03 14:00:00-04:00,"Brother Reynolds Field (Newport, RI)",297,MBA,2026
6542809,615483,JWU (Providence) Wildcats,615348,Salve Regina Seahawks,615483,5,top,Justin Hernandez struck out swinging (2-2 BKFBS).,48,2026-04-03 14:00:00-04:00,"Brother Reynolds Field (Newport, RI)",297,MBA,2026
6542809,615483,JWU (Providence) Wildcats,615348,Salve Regina Seahawks,615483,5,top,Jeff Valdez Jimenez reached on a fielder's choice (1-0 B); Jack Dwyer advanced to second; Jack Obert advanced to third; Yedan Diaz out at home p to c.,49,2026-04-03 14:00:00-04:00,"Brother Reynolds Field (Newport, RI)",297,MBA,2026
6542809,615483,JWU (Providence) Wildcats,615348,Salve Regina Seahawks,615483,5,top,Diego Taveras struck out swinging (3-2 BBKFFBS).,50,2026-04-03 14:00:00-04:00,"Brother Reynolds Field (Newport, RI)",297,MBA,2026
6542809,615483,JWU (Providence) Wildcats,615348,Salve Regina Seahawks,615348,5,bot,Daniel Heisler to p for Nevin Belanger.,51,2026-04-03 14:00:00-04:00,"Brother Reynolds Field (Newport, RI)",297,MBA,2026
6542809,615483,JWU (Providence) Wildcats,615348,Salve Regina Seahawks,615348,5,bot,Grady Schopps flied out to rf (0-2 KF).,52,2026-04-03 14:00:00-04:00,"Brother Reynolds Field (Newport, RI)",297,MBA,2026
6542809,615483,JWU (Providence) Wildcats,615348,Salve Regina Seahawks,615348,5,bot,"James Anastasopoulos homered, RBI (1-0 B).",53,2026-04-03 14:00:00-04:00,"Brother Reynolds Field (Newport, RI)",297,MBA,2026
6542809,615483,JWU (Providence) Wildcats,615348,Salve Regina Seahawks,615348,5,bot,Jake Harring singled to center field (0-0).,54,2026-04-03 14:00:00-04:00,"Brother Reynolds Field (Newport, RI)",297,MBA,2026
6542809,615483,JWU (Providence) Wildcats,615348,Salve Regina Seahawks,615348,5,bot,Shea Donovan grounded out to ss (3-2 BKKFBBF); Jake Harring advanced to second.,55,2026-04-03 14:00:00-04:00,"Brother Reynolds Field (Newport, RI)",297,MBA,2026
6542809,615483,JWU (Providence) Wildcats,615348,Salve Regina Seahawks,615348,5,bot,Jake Harring stole third.,56,2026-04-03 14:00:00-04:00,"Brother Reynolds Field (Newport, RI)",297,MBA,2026
6542809,615483,JWU (Providence) Wildcats,615348,Salve Regina Seahawks,615348,5,bot,Shane Williams grounded out to 2b (1-1 KB).,57,2026-04-03 14:00:00-04:00,"Brother Reynolds Field (Newport, RI)",297,MBA,2026
6542809,615483,JWU (Providence) Wildcats,615348,Salve Regina Seahawks,615483,6,top,Ethan Santerre to p for Isaac Cabral.,58,2026-04-03 14:00:00-04:00,"Brother Reynolds Field (Newport, RI)",297,MBA,2026
6542809,615483,JWU (Providence) Wildcats,615348,Salve Regina Seahawks,615483,6,top,Sam Schoenberg struck out looking (0-2 KKK).,59,2026-04-03 14:00:00-04:00,"Brother Reynolds Field (Newport, RI)",297,MBA,2026
6542809,615483,JWU (Providence) Wildcats,615348,Salve Regina Seahawks,615483,6,top,Jeremy Auren popped up to ss (1-0 B).,60,2026-04-03 14:00:00-04:00,"Brother Reynolds Field (Newport, RI)",297,MBA,2026
6542809,615483,JWU (Providence) Wildcats,615348,Salve Regina Seahawks,615483,6,top,Ryan Ducey walked (3-1 KBBBB).,61,2026-04-03 14:00:00-04:00,"Brother Reynolds Field (Newport, RI)",297,MBA,2026
6542809,615483,JWU (Providence) Wildcats,615348,Salve Regina Seahawks,615483,6,top,"Ryan Ducey out at second c to 2b, caught stealing.",62,2026-04-03 14:00:00-04:00,"Brother Reynolds Field (Newport, RI)",297,MBA,2026
6542809,615483,JWU (Providence) Wildcats,615348,Salve Regina Seahawks,615348,6,bot,Brayden Beard to p for Daniel Heisler.,63,2026-04-03 14:00:00-04:00,"Brother Reynolds Field (Newport, RI)",297,MBA,2026
6542809,615483,JWU (Providence) Wildcats,615348,Salve Regina Seahawks,615348,6,bot,Evan O?Rourke doubled down the lf line (3-2 KBKBB).,64,2026-04-03 14:00:00-04:00,"Brother Reynolds Field (Newport, RI)",297,MBA,2026
6542809,615483,JWU (Providence) Wildcats,615348,Salve Regina Seahawks,615348,6,bot,Danny Rogers singled (0-0); Evan O?Rourke advanced to third.,65,2026-04-03 14:00:00-04:00,"Brother Reynolds Field (Newport, RI)",297,MBA,2026
6542809,615483,JWU (Providence) Wildcats,615348,Salve Regina Seahawks,615348,6,bot,Danny Rogers stole second.,66,2026-04-03 14:00:00-04:00,"Brother Reynolds Field (Newport, RI)",297,MBA,2026
6542809,615483,JWU (Providence) Wildcats,615348,Salve Regina Seahawks,615348,6,bot,"Nate Ruehs singled to center field, RBI (2-0 BB); Danny Rogers advanced to third; Evan O?Rourke scored.",67,2026-04-03 14:00:00-04:00,"Brother Reynolds Field (Newport, RI)",297,MBA,2026
6542809,615483,JWU (Providence) Wildcats,615348,Salve Regina Seahawks,615348,6,bot,Nate Ruehs stole second.,68,2026-04-03 14:00:00-04:00,"Brother Reynolds Field (Newport, RI)",297,MBA,2026
6542809,615483,JWU (Providence) Wildcats,615348,Salve Regina Seahawks,615348,6,bot,"Nick Russo singled to center field, 2 RBI (0-1 K); Nate Ruehs scored; Danny Rogers scored.",69,2026-04-03 14:00:00-04:00,"Brother Reynolds Field (Newport, RI)",297,MBA,2026
6542809,615483,JWU (Providence) Wildcats,615348,Salve Regina Seahawks,615348,6,bot,Chase Kilareski pinch ran for Nick Russo.,70,2026-04-03 14:00:00-04:00,"Brother Reynolds Field (Newport, RI)",297,MBA,2026
6542809,615483,JWU (Providence) Wildcats,615348,Salve Regina Seahawks,615348,6,bot,Grady Schopps grounded out to p (1-2 FFFB); Chase Kilareski advanced to second.,71,2026-04-03 14:00:00-04:00,"Brother Reynolds Field (Newport, RI)",297,MBA,2026
6542809,615483,JWU (Providence) Wildcats,615348,Salve Regina Seahawks,615348,6,bot,James Anastasopoulos walked (3-1 BBBKB).,72,2026-04-03 14:00:00-04:00,"Brother Reynolds Field (Newport, RI)",297,MBA,2026
6542809,615483,JWU (Providence) Wildcats,615348,Salve Regina Seahawks,615348,6,bot,Joaquin Cardoso to p for Brayden Beard.,73,2026-04-03 14:00:00-04:00,"Brother Reynolds Field (Newport, RI)",297,MBA,2026
6542809,615483,JWU (Providence) Wildcats,615348,Salve Regina Seahawks,615348,6,bot,Jake Harring singled to second base (1-0 B); James Anastasopoulos advanced to second; Chase Kilareski advanced to third.,74,2026-04-03 14:00:00-04:00,"Brother Reynolds Field (Newport, RI)",297,MBA,2026
6542809,615483,JWU (Providence) Wildcats,615348,Salve Regina Seahawks,615348,6,bot,"Shea Donovan singled, 2 RBI (1-1 BK); Jake Harring advanced to second; James Anastasopoulos scored; Chase Kilareski scored.",75,2026-04-03 14:00:00-04:00,"Brother Reynolds Field (Newport, RI)",297,MBA,2026
6542809,615483,JWU (Providence) Wildcats,615348,Salve Regina Seahawks,615348,6,bot,Shea Donovan advanced to second on a passed ball; Jake Harring advanced to third on a passed ball.,76,2026-04-03 14:00:00-04:00,"Brother Reynolds Field (Newport, RI)",297,MBA,2026
6542809,615483,JWU (Providence) Wildcats,615348,Salve Regina Seahawks,615348,6,bot,Shane Williams struck out looking (1-2 KBFK).,77,2026-04-03 14:00:00-04:00,"Brother Reynolds Field (Newport, RI)",297,MBA,2026
6542809,615483,JWU (Providence) Wildcats,615348,Salve Regina Seahawks,615348,6,bot,Evan O?Rourke struck out swinging (1-2 KBKS).,78,2026-04-03 14:00:00-04:00,"Brother Reynolds Field (Newport, RI)",297,MBA,2026
6542809,615483,JWU (Providence) Wildcats,615348,Salve Regina Seahawks,615483,7,top,Yedan Diaz flied out to cf (2-2 FBBF).,79,2026-04-03 14:00:00-04:00,"Brother Reynolds Field (Newport, RI)",297,MBA,2026
6542809,615483,JWU (Providence) Wildcats,615348,Salve Regina Seahawks,615483,7,top,Jack Obert struck out looking (2-0 BB).,80,2026-04-03 14:00:00-04:00,"Brother Reynolds Field (Newport, RI)",297,MBA,2026
6542809,615483,JWU (Providence) Wildcats,615348,Salve Regina Seahawks,615483,7,top,Jack Dwyer flied out to rf (1-2 BFK).,81,2026-04-03 14:00:00-04:00,"Brother Reynolds Field (Newport, RI)",297,MBA,2026
6542809,615483,JWU (Providence) Wildcats,615348,Salve Regina Seahawks,615348,7,bot,Danny Rogers singled (0-0).,82,2026-04-03 14:00:00-04:00,"Brother Reynolds Field (Newport, RI)",297,MBA,2026
6542809,615483,JWU (Providence) Wildcats,615348,Salve Regina Seahawks,615348,7,bot,Danny Rogers stole second.,83,2026-04-03 14:00:00-04:00,"Brother Reynolds Field (Newport, RI)",297,MBA,2026
6542809,615483,JWU (Providence) Wildcats,615348,Salve Regina Seahawks,615348,7,bot,"Nate Ruehs reached first on an error by ss, advanced to second (0-2 FFF); Danny Rogers advanced to third.",84,2026-04-03 14:00:00-04:00,"Brother Reynolds Field (Newport, RI)",297,MBA,2026
6542809,615483,JWU (Providence) Wildcats,615348,Salve Regina Seahawks,615348,7,bot,Tommy Whitlock pinch hit for Chase Kilareski.,85,2026-04-03 14:00:00-04:00,"Brother Reynolds Field (Newport, RI)",297,MBA,2026
6542809,615483,JWU (Providence) Wildcats,615348,Salve Regina Seahawks,615348,7,bot,Tommy Whitlock struck out swinging (3-2 BBBKSK).,86,2026-04-03 14:00:00-04:00,"Brother Reynolds Field (Newport, RI)",297,MBA,2026
6542809,615483,JWU (Providence) Wildcats,615348,Salve Regina Seahawks,615348,7,bot,Danny Rogers out at home c unassisted.,87,2026-04-03 14:00:00-04:00,"Brother Reynolds Field (Newport, RI)",297,MBA,2026
6542809,615483,JWU (Providence) Wildcats,615348,Salve Regina Seahawks,615348,7,bot,Nate Ruehs advanced to third.,88,2026-04-03 14:00:00-04:00,"Brother Reynolds Field (Newport, RI)",297,MBA,2026
6542809,615483,JWU (Providence) Wildcats,615348,Salve Regina Seahawks,615348,7,bot,"Grady Schopps singled to center field, RBI (0-1 K); Nate Ruehs scored, unearned.",89,2026-04-03 14:00:00-04:00,"Brother Reynolds Field (Newport, RI)",297,MBA,2026
6542809,615483,JWU (Providence) Wildcats,615348,Salve Regina Seahawks,615348,7,bot,Grady Schopps stole second.,90,2026-04-03 14:00:00-04:00,"Brother Reynolds Field (Newport, RI)",297,MBA,2026
6542809,615483,JWU (Providence) Wildcats,615348,Salve Regina Seahawks,615348,7,bot,James Anastasopoulos struck out swinging (2-2 BFFBS).,91,2026-04-03 14:00:00-04:00,"Brother Reynolds Field (Newport, RI)",297,MBA,2026
6542809,615483,JWU (Providence) Wildcats,615348,Salve Regina Seahawks,615483,8,top,Justin Hernandez grounded out to 2b (0-1 F).,92,2026-04-03 14:00:00-04:00,"Brother Reynolds Field (Newport, RI)",297,MBA,2026
6542809,615483,JWU (Providence) Wildcats,615348,Salve Regina Seahawks,615483,8,top,Jeff Valdez Jimenez doubled to left field (1-2 KFFB).,93,2026-04-03 14:00:00-04:00,"Brother Reynolds Field (Newport, RI)",297,MBA,2026
6542809,615483,JWU (Providence) Wildcats,615348,Salve Regina Seahawks,615483,8,top,Diego Taveras flied out to cf (0-1 K).,94,2026-04-03 14:00:00-04:00,"Brother Reynolds Field (Newport, RI)",297,MBA,2026
6542809,615483,JWU (Providence) Wildcats,615348,Salve Regina Seahawks,615483,8,top,Sam Schoenberg flied out to cf (2-2 KBKB).,95,2026-04-03 14:00:00-04:00,"Brother Reynolds Field (Newport, RI)",297,MBA,2026
6542809,615483,JWU (Providence) Wildcats,615348,Salve Regina Seahawks,615348,8,bot,Jake Scharlat to p for Joaquin Cardoso.,96,2026-04-03 14:00:00-04:00,"Brother Reynolds Field (Newport, RI)",297,MBA,2026
6542809,615483,JWU (Providence) Wildcats,615348,Salve Regina Seahawks,615348,8,bot,Jake Harring tripled (0-1 F).,97,2026-04-03 14:00:00-04:00,"Brother Reynolds Field (Newport, RI)",297,MBA,2026
6542809,615483,JWU (Providence) Wildcats,615348,Salve Regina Seahawks,615348,8,bot,"Shea Donovan flied out to cf, sacrifice fly, RBI (3-1 BKBB); Jake Harring scored.",98,2026-04-03 14:00:00-04:00,"Brother Reynolds Field (Newport, RI)",297,MBA,2026
6542809,615483,JWU (Providence) Wildcats,615348,Salve Regina Seahawks,615348,8,bot,"Shane Williams homered, RBI (2-0 BB).",99,2026-04-03 14:00:00-04:00,"Brother Reynolds Field (Newport, RI)",297,MBA,2026
6542809,615483,JWU (Providence) Wildcats,615348,Salve Regina Seahawks,615348,8,bot,Evan O?Rourke flied out to rf (0-1 K).,100,2026-04-03 14:00:00-04:00,"Brother Reynolds Field (Newport, RI)",297,MBA,2026
6542809,615483,JWU (Providence) Wildcats,615348,Salve Regina Seahawks,615348,8,bot,Danny Rogers singled to second base (1-2 KFB).,101,2026-04-03 14:00:00-04:00,"Brother Reynolds Field (Newport, RI)",297,MBA,2026
6542809,615483,JWU (Providence) Wildcats,615348,Salve Regina Seahawks,615348,8,bot,Danny Rogers advanced to second on a passed ball.,102,2026-04-03 14:00:00-04:00,"Brother Reynolds Field (Newport, RI)",297,MBA,2026
6542809,615483,JWU (Providence) Wildcats,615348,Salve Regina Seahawks,615348,8,bot,"Nate Ruehs singled to center field, RBI (1-0 B); Danny Rogers scored.",103,2026-04-03 14:00:00-04:00,"Brother Reynolds Field (Newport, RI)",297,MBA,2026
6542809,615483,JWU (Providence) Wildcats,615348,Salve Regina Seahawks,615348,8,bot,Brady Smolinski pinch hit for Tommy Whitlock.,104,2026-04-03 14:00:00-04:00,"Brother Reynolds Field (Newport, RI)",297,MBA,2026
6542809,615483,JWU (Providence) Wildcats,615348,Salve Regina Seahawks,615348,8,bot,Brady Smolinski struck out looking (0-2 KKK).,105,2026-04-03 14:00:00-04:00,"Brother Reynolds Field (Newport, RI)",297,MBA,2026
6542809,615483,JWU (Providence) Wildcats,615348,Salve Regina Seahawks,615483,9,top,LJ Keevan to p for Ethan Santerre.,106,2026-04-03 14:00:00-04:00,"Brother Reynolds Field (Newport, RI)",297,MBA,2026
6542809,615483,JWU (Providence) Wildcats,615348,Salve Regina Seahawks,615483,9,top,Elliot Hamilton to 1b.,107,2026-04-03 14:00:00-04:00,"Brother Reynolds Field (Newport, RI)",297,MBA,2026
6542809,615483,JWU (Providence) Wildcats,615348,Salve Regina Seahawks,615483,9,top,Nate Ruehs to 2b.,108,2026-04-03 14:00:00-04:00,"Brother Reynolds Field (Newport, RI)",297,MBA,2026
6542809,615483,JWU (Providence) Wildcats,615348,Salve Regina Seahawks,615483,9,top,Jeremy Auren singled to center field (3-2 BKKBB).,109,2026-04-03 14:00:00-04:00,"Brother Reynolds Field (Newport, RI)",297,MBA,2026
6542809,615483,JWU (Providence) Wildcats,615348,Salve Regina Seahawks,615483,9,top,Ryan Ducey flied out to lf (1-1 BK).,110,2026-04-03 14:00:00-04:00,"Brother Reynolds Field (Newport, RI)",297,MBA,2026
6542809,615483,JWU (Providence) Wildcats,615348,Salve Regina Seahawks,615483,9,top,Yedan Diaz walked (3-1 BBBKB); Jeremy Auren advanced to second.,111,2026-04-03 14:00:00-04:00,"Brother Reynolds Field (Newport, RI)",297,MBA,2026
6542809,615483,JWU (Providence) Wildcats,615348,Salve Regina Seahawks,615483,9,top,Jack Obert popped up to ss (1-1 BF).,112,2026-04-03 14:00:00-04:00,"Brother Reynolds Field (Newport, RI)",297,MBA,2026
6542809,615483,JWU (Providence) Wildcats,615348,Salve Regina Seahawks,615483,9,top,Jack Dwyer walked (3-2 BKBKFBFB); Yedan Diaz advanced to second; Jeremy Auren advanced to third.,113,2026-04-03 14:00:00-04:00,"Brother Reynolds Field (Newport, RI)",297,MBA,2026
6542809,615483,JWU (Providence) Wildcats,615348,Salve Regina Seahawks,615483,9,top,Justin Hernandez struck out swinging (0-2 KKS).,114,2026-04-03 14:00:00-04:00,"Brother Reynolds Field (Newport, RI)",297,MBA,2026
6544116,615133,SUNY Canton Kangaroos (Roos),615190,Cortland Red Dragons,615133,1,top,No play.,1,2026-04-03 14:00:00-04:00,"Wallace Field (Cortland, NY)",100,MBA,2026
6544116,615133,SUNY Canton Kangaroos (Roos),615190,Cortland Red Dragons,615133,1,top,AJ Campi flied out to rf (3-1 BBFB).,2,2026-04-03 14:00:00-04:00,"Wallace Field (Cortland, NY)",100,MBA,2026
6544116,615133,SUNY Canton Kangaroos (Roos),615190,Cortland Red Dragons,615133,1,top,Chris McLean grounded out to 2b (2-2 BKSBF).,3,2026-04-03 14:00:00-04:00,"Wallace Field (Cortland, NY)",100,MBA,2026
6544116,615133,SUNY Canton Kangaroos (Roos),615190,Cortland Red Dragons,615133,1,top,Jared Paone struck out swinging (1-2 KBKS).,4,2026-04-03 14:00:00-04:00,"Wallace Field (Cortland, NY)",100,MBA,2026
6544116,615133,SUNY Canton Kangaroos (Roos),615190,Cortland Red Dragons,615190,1,bot,T.McGOWAN flied out to cf to left center (2-1 BBK).,5,2026-04-03 14:00:00-04:00,"Wallace Field (Cortland, NY)",100,MBA,2026
6544116,615133,SUNY Canton Kangaroos (Roos),615190,Cortland Red Dragons,615190,1,bot,L.GRANGER grounded out to ss (3-1 KBBB).,6,2026-04-03 14:00:00-04:00,"Wallace Field (Cortland, NY)",100,MBA,2026
6544116,615133,SUNY Canton Kangaroos (Roos),615190,Cortland Red Dragons,615190,1,bot,T.GATCHALIAN grounded out to 1b unassisted (0-0).,7,2026-04-03 14:00:00-04:00,"Wallace Field (Cortland, NY)",100,MBA,2026
6544116,615133,SUNY Canton Kangaroos (Roos),615190,Cortland Red Dragons,615133,2,top,Eliezer Vazq flied out to lf to left center (0-1 F).,8,2026-04-03 14:00:00-04:00,"Wallace Field (Cortland, NY)",100,MBA,2026
6544116,615133,SUNY Canton Kangaroos (Roos),615190,Cortland Red Dragons,615133,2,top,Lance Philli grounded out to 2b (2-2 BFFB).,9,2026-04-03 14:00:00-04:00,"Wallace Field (Cortland, NY)",100,MBA,2026
6544116,615133,SUNY Canton Kangaroos (Roos),615190,Cortland Red Dragons,615133,2,top,Mark Maybee struck out swinging (0-2 SFS).,10,2026-04-03 14:00:00-04:00,"Wallace Field (Cortland, NY)",100,MBA,2026
6544116,615133,SUNY Canton Kangaroos (Roos),615190,Cortland Red Dragons,615190,2,bot,N.SMITH singled to right field (0-0).,11,2026-04-03 14:00:00-04:00,"Wallace Field (Cortland, NY)",100,MBA,2026
6544116,615133,SUNY Canton Kangaroos (Roos),615190,Cortland Red Dragons,615190,2,bot,T.ELKINS lined into double play 2b to 1b (2-1 BFB)3a N.SMITH out on the play.,12,2026-04-03 14:00:00-04:00,"Wallace Field (Cortland, NY)",100,MBA,2026
6544116,615133,SUNY Canton Kangaroos (Roos),615190,Cortland Red Dragons,615190,2,bot,A.CARLO singled up the middle (3-2 BFFBB).,13,2026-04-03 14:00:00-04:00,"Wallace Field (Cortland, NY)",100,MBA,2026
6544116,615133,SUNY Canton Kangaroos (Roos),615190,Cortland Red Dragons,615190,2,bot,A.CARLO stole second.,14,2026-04-03 14:00:00-04:00,"Wallace Field (Cortland, NY)",100,MBA,2026
6544116,615133,SUNY Canton Kangaroos (Roos),615190,Cortland Red Dragons,615190,2,bot,A.CARLO advanced to third on a wild pitch.,15,2026-04-03 14:00:00-04:00,"Wallace Field (Cortland, NY)",100,MBA,2026
6544116,615133,SUNY Canton Kangaroos (Roos),615190,Cortland Red Dragons,615190,2,bot,"L.KARWOWSKI singled through the right side, RBI (3-1 BBKB)3a A.CARLO scored.",16,2026-04-03 14:00:00-04:00,"Wallace Field (Cortland, NY)",100,MBA,2026
6544116,615133,SUNY Canton Kangaroos (Roos),615190,Cortland Red Dragons,615190,2,bot,L.KARWOWSKI stole second.,17,2026-04-03 14:00:00-04:00,"Wallace Field (Cortland, NY)",100,MBA,2026
6544116,615133,SUNY Canton Kangaroos (Roos),615190,Cortland Red Dragons,615190,2,bot,J.McFERRAN struck out swinging (2-2 BFFBFFS).,18,2026-04-03 14:00:00-04:00,"Wallace Field (Cortland, NY)",100,MBA,2026
6544116,615133,SUNY Canton Kangaroos (Roos),615190,Cortland Red Dragons,615133,3,top,Jaheim Robin struck out swinging (2-2 KSBBS).,19,2026-04-03 14:00:00-04:00,"Wallace Field (Cortland, NY)",100,MBA,2026
6544116,615133,SUNY Canton Kangaroos (Roos),615190,Cortland Red Dragons,615133,3,top,Derek Maldon flied out to rf (1-1 BS).,20,2026-04-03 14:00:00-04:00,"Wallace Field (Cortland, NY)",100,MBA,2026
6544116,615133,SUNY Canton Kangaroos (Roos),615190,Cortland Red Dragons,615133,3,top,Zack Baiani popped up to ss (1-1 BK).,21,2026-04-03 14:00:00-04:00,"Wallace Field (Cortland, NY)",100,MBA,2026
6544116,615133,SUNY Canton Kangaroos (Roos),615190,Cortland Red Dragons,615190,3,bot,Zander Johns to p for Adam Cook.,22,2026-04-03 14:00:00-04:00,"Wallace Field (Cortland, NY)",100,MBA,2026
6544116,615133,SUNY Canton Kangaroos (Roos),615190,Cortland Red Dragons,615190,3,bot,D.JACKSON walked (3-2 BBBKKFFFB).,23,2026-04-03 14:00:00-04:00,"Wallace Field (Cortland, NY)",100,MBA,2026
6544116,615133,SUNY Canton Kangaroos (Roos),615190,Cortland Red Dragons,615190,3,bot,"T.McGOWAN singled to pitcher, bunt (1-0 B)3a D.JACKSON advanced to second.",24,2026-04-03 14:00:00-04:00,"Wallace Field (Cortland, NY)",100,MBA,2026
6544116,615133,SUNY Canton Kangaroos (Roos),615190,Cortland Red Dragons,615190,3,bot,"L.GRANGER singled, bunt, advanced to second on a throwing error by 3b (1-0 B)3a T.McGOWAN advanced to third3a D.JACKSON scored.",25,2026-04-03 14:00:00-04:00,"Wallace Field (Cortland, NY)",100,MBA,2026
6544116,615133,SUNY Canton Kangaroos (Roos),615190,Cortland Red Dragons,615190,3,bot,T.GATCHALIAN struck out swinging (3-2 BKBFBS).,26,2026-04-03 14:00:00-04:00,"Wallace Field (Cortland, NY)",100,MBA,2026
6544116,615133,SUNY Canton Kangaroos (Roos),615190,Cortland Red Dragons,615190,3,bot,"N.SMITH flied out to cf, SF, RBI (3-0 BBB)3a L.GRANGER advanced to third3a T.McGOWAN scored, unearned.",27,2026-04-03 14:00:00-04:00,"Wallace Field (Cortland, NY)",100,MBA,2026
6544116,615133,SUNY Canton Kangaroos (Roos),615190,Cortland Red Dragons,615190,3,bot,T.ELKINS walked (3-2 BBKBKB).,28,2026-04-03 14:00:00-04:00,"Wallace Field (Cortland, NY)",100,MBA,2026
6544116,615133,SUNY Canton Kangaroos (Roos),615190,Cortland Red Dragons,615190,3,bot,A.CARLO flied out to lf to left center (0-0).,29,2026-04-03 14:00:00-04:00,"Wallace Field (Cortland, NY)",100,MBA,2026
6544116,615133,SUNY Canton Kangaroos (Roos),615190,Cortland Red Dragons,615133,4,top,AJ Campi struck out swinging (3-2 BFBBFFS).,30,2026-04-03 14:00:00-04:00,"Wallace Field (Cortland, NY)",100,MBA,2026
6544116,615133,SUNY Canton Kangaroos (Roos),615190,Cortland Red Dragons,615133,4,top,Chris McLean flied out to cf (2-1 BSB).,31,2026-04-03 14:00:00-04:00,"Wallace Field (Cortland, NY)",100,MBA,2026
6544116,615133,SUNY Canton Kangaroos (Roos),615190,Cortland Red Dragons,615133,4,top,Jared Paone walked (3-2 BBKSBB).,32,2026-04-03 14:00:00-04:00,"Wallace Field (Cortland, NY)",100,MBA,2026
6544116,615133,SUNY Canton Kangaroos (Roos),615190,Cortland Red Dragons,615133,4,top,Eliezer Vazq grounded out to 3b (1-1 BS).,33,2026-04-03 14:00:00-04:00,"Wallace Field (Cortland, NY)",100,MBA,2026
6544116,615133,SUNY Canton Kangaroos (Roos),615190,Cortland Red Dragons,615190,4,bot,L.KARWOWSKI struck out looking (2-2 BKBFK).,34,2026-04-03 14:00:00-04:00,"Wallace Field (Cortland, NY)",100,MBA,2026
6544116,615133,SUNY Canton Kangaroos (Roos),615190,Cortland Red Dragons,615190,4,bot,"J.McFERRAN homered to right center, RBI (2-1 FBB).",35,2026-04-03 14:00:00-04:00,"Wallace Field (Cortland, NY)",100,MBA,2026
6544116,615133,SUNY Canton Kangaroos (Roos),615190,Cortland Red Dragons,615190,4,bot,D.JACKSON grounded out to ss (1-1 KB).,36,2026-04-03 14:00:00-04:00,"Wallace Field (Cortland, NY)",100,MBA,2026
6544116,615133,SUNY Canton Kangaroos (Roos),615190,Cortland Red Dragons,615190,4,bot,"T.McGOWAN grounded out to 1b unassisted, bunt (0-0).",37,2026-04-03 14:00:00-04:00,"Wallace Field (Cortland, NY)",100,MBA,2026
6544116,615133,SUNY Canton Kangaroos (Roos),615190,Cortland Red Dragons,615133,5,top,Lance Philli grounded out to p (3-2 BBKBF).,38,2026-04-03 14:00:00-04:00,"Wallace Field (Cortland, NY)",100,MBA,2026
6544116,615133,SUNY Canton Kangaroos (Roos),615190,Cortland Red Dragons,615133,5,top,Mark Maybee grounded out to p (2-2 BFFBFF).,39,2026-04-03 14:00:00-04:00,"Wallace Field (Cortland, NY)",100,MBA,2026
6544116,615133,SUNY Canton Kangaroos (Roos),615190,Cortland Red Dragons,615133,5,top,Jaheim Robin walked (3-1 KBBBB).,40,2026-04-03 14:00:00-04:00,"Wallace Field (Cortland, NY)",100,MBA,2026
6544116,615133,SUNY Canton Kangaroos (Roos),615190,Cortland Red Dragons,615133,5,top,Derek Maldon singled through the right side (0-0)3a Jaheim Robin advanced to second.,41,2026-04-03 14:00:00-04:00,"Wallace Field (Cortland, NY)",100,MBA,2026
6544116,615133,SUNY Canton Kangaroos (Roos),615190,Cortland Red Dragons,615133,5,top,Zack Baiani grounded out to 2b (2-0 BB).,42,2026-04-03 14:00:00-04:00,"Wallace Field (Cortland, NY)",100,MBA,2026
6544116,615133,SUNY Canton Kangaroos (Roos),615190,Cortland Red Dragons,615190,5,bot,L.GRANGER walked (3-1 BBBKB).,43,2026-04-03 14:00:00-04:00,"Wallace Field (Cortland, NY)",100,MBA,2026
6544116,615133,SUNY Canton Kangaroos (Roos),615190,Cortland Red Dragons,615190,5,bot,"L.GRANGER out at second c to ss, caught stealing.",44,2026-04-03 14:00:00-04:00,"Wallace Field (Cortland, NY)",100,MBA,2026
6544116,615133,SUNY Canton Kangaroos (Roos),615190,Cortland Red Dragons,615190,5,bot,T.GATCHALIAN singled through the left side (2-1 BKB).,45,2026-04-03 14:00:00-04:00,"Wallace Field (Cortland, NY)",100,MBA,2026
6544116,615133,SUNY Canton Kangaroos (Roos),615190,Cortland Red Dragons,615190,5,bot,N.SMITH popped up to ss (1-0 B).,46,2026-04-03 14:00:00-04:00,"Wallace Field (Cortland, NY)",100,MBA,2026
6544116,615133,SUNY Canton Kangaroos (Roos),615190,Cortland Red Dragons,615190,5,bot,T.ELKINS grounded out to p (0-0).,47,2026-04-03 14:00:00-04:00,"Wallace Field (Cortland, NY)",100,MBA,2026
6544116,615133,SUNY Canton Kangaroos (Roos),615190,Cortland Red Dragons,615133,6,top,Z.ZARRILLI to p for W.MILLER.,48,2026-04-03 14:00:00-04:00,"Wallace Field (Cortland, NY)",100,MBA,2026
6544116,615133,SUNY Canton Kangaroos (Roos),615190,Cortland Red Dragons,615133,6,top,AJ Campi singled up the middle (0-0).,49,2026-04-03 14:00:00-04:00,"Wallace Field (Cortland, NY)",100,MBA,2026
6544116,615133,SUNY Canton Kangaroos (Roos),615190,Cortland Red Dragons,615133,6,top,Chris McLean walked (3-0 BBBB)3a AJ Campi advanced to second.,50,2026-04-03 14:00:00-04:00,"Wallace Field (Cortland, NY)",100,MBA,2026
6544116,615133,SUNY Canton Kangaroos (Roos),615190,Cortland Red Dragons,615133,6,top,"Jared Paone grounded out to p, SAC, bunt (0-0)3a Chris McLean advanced to second3a AJ Campi advanced to third.",51,2026-04-03 14:00:00-04:00,"Wallace Field (Cortland, NY)",100,MBA,2026
6544116,615133,SUNY Canton Kangaroos (Roos),615190,Cortland Red Dragons,615133,6,top,"Eliezer Vazq flied out to rf, SF, RBI (0-0)3a Chris McLean advanced to third3a AJ Campi scored.",52,2026-04-03 14:00:00-04:00,"Wallace Field (Cortland, NY)",100,MBA,2026
6544116,615133,SUNY Canton Kangaroos (Roos),615190,Cortland Red Dragons,615133,6,top,Lance Philli lined out to ss (1-0 B).,53,2026-04-03 14:00:00-04:00,"Wallace Field (Cortland, NY)",100,MBA,2026
6544116,615133,SUNY Canton Kangaroos (Roos),615190,Cortland Red Dragons,615190,6,bot,Ben Feil to p for Zander Johns.,54,2026-04-03 14:00:00-04:00,"Wallace Field (Cortland, NY)",100,MBA,2026
6544116,615133,SUNY Canton Kangaroos (Roos),615190,Cortland Red Dragons,615190,6,bot,A.CARLO singled to second base (1-0 B).,55,2026-04-03 14:00:00-04:00,"Wallace Field (Cortland, NY)",100,MBA,2026
6544116,615133,SUNY Canton Kangaroos (Roos),615190,Cortland Red Dragons,615190,6,bot,L.KARWOWSKI struck out swinging (2-2 KFBBS).,56,2026-04-03 14:00:00-04:00,"Wallace Field (Cortland, NY)",100,MBA,2026
6544116,615133,SUNY Canton Kangaroos (Roos),615190,Cortland Red Dragons,615190,6,bot,J.McFERRAN popped up to lf (3-2 BBFBFF).,57,2026-04-03 14:00:00-04:00,"Wallace Field (Cortland, NY)",100,MBA,2026
6544116,615133,SUNY Canton Kangaroos (Roos),615190,Cortland Red Dragons,615190,6,bot,D.JACKSON hit by pitch (0-0)3a A.CARLO advanced to second.,58,2026-04-03 14:00:00-04:00,"Wallace Field (Cortland, NY)",100,MBA,2026
6544116,615133,SUNY Canton Kangaroos (Roos),615190,Cortland Red Dragons,615190,6,bot,D.JACKSON advanced to second3a A.CARLO advanced to third on a wild pitch.,59,2026-04-03 14:00:00-04:00,"Wallace Field (Cortland, NY)",100,MBA,2026
6544116,615133,SUNY Canton Kangaroos (Roos),615190,Cortland Red Dragons,615190,6,bot,T.McGOWAN walked (3-1 BBBKB).,60,2026-04-03 14:00:00-04:00,"Wallace Field (Cortland, NY)",100,MBA,2026
6544116,615133,SUNY Canton Kangaroos (Roos),615190,Cortland Red Dragons,615190,6,bot,"L.GRANGER singled up the middle, advanced to second on the throw, 2 RBI (0-0)3a T.McGOWAN advanced to third3a D.JACKSON scored3a A.CARLO scored.",61,2026-04-03 14:00:00-04:00,"Wallace Field (Cortland, NY)",100,MBA,2026
6544116,615133,SUNY Canton Kangaroos (Roos),615190,Cortland Red Dragons,615190,6,bot,Karter Kenni to p for Ben Feil.,62,2026-04-03 14:00:00-04:00,"Wallace Field (Cortland, NY)",100,MBA,2026
6544116,615133,SUNY Canton Kangaroos (Roos),615190,Cortland Red Dragons,615190,6,bot,T.GATCHALIAN hit by pitch (0-0).,63,2026-04-03 14:00:00-04:00,"Wallace Field (Cortland, NY)",100,MBA,2026
6544116,615133,SUNY Canton Kangaroos (Roos),615190,Cortland Red Dragons,615190,6,bot,"N.SMITH singled to right field, 2 RBI (1-2 FFFB)3a T.GATCHALIAN advanced to third3a L.GRANGER scored3a T.McGOWAN scored.",64,2026-04-03 14:00:00-04:00,"Wallace Field (Cortland, NY)",100,MBA,2026
6544116,615133,SUNY Canton Kangaroos (Roos),615190,Cortland Red Dragons,615190,6,bot,"T.ELKINS singled up the middle, RBI (2-0 BB)3a N.SMITH advanced to second3a T.GATCHALIAN scored.",65,2026-04-03 14:00:00-04:00,"Wallace Field (Cortland, NY)",100,MBA,2026
6544116,615133,SUNY Canton Kangaroos (Roos),615190,Cortland Red Dragons,615190,6,bot,R.MARTIN pinch ran for T.ELKINS.,66,2026-04-03 14:00:00-04:00,"Wallace Field (Cortland, NY)",100,MBA,2026
6544116,615133,SUNY Canton Kangaroos (Roos),615190,Cortland Red Dragons,615190,6,bot,A.CARLO walked (3-1 BKBBB)3a R.MARTIN advanced to second3a N.SMITH advanced to third.,67,2026-04-03 14:00:00-04:00,"Wallace Field (Cortland, NY)",100,MBA,2026
6544116,615133,SUNY Canton Kangaroos (Roos),615190,Cortland Red Dragons,615190,6,bot,J.DeLAWDER pinch hit for L.KARWOWSKI.,68,2026-04-03 14:00:00-04:00,"Wallace Field (Cortland, NY)",100,MBA,2026
6544116,615133,SUNY Canton Kangaroos (Roos),615190,Cortland Red Dragons,615190,6,bot,J.DeLAWDER struck out swinging (1-2 KKBS).,69,2026-04-03 14:00:00-04:00,"Wallace Field (Cortland, NY)",100,MBA,2026
6544116,615133,SUNY Canton Kangaroos (Roos),615190,Cortland Red Dragons,615133,7,top,C.CORBETT to lf for J.DeLAWDER.,70,2026-04-03 14:00:00-04:00,"Wallace Field (Cortland, NY)",100,MBA,2026
6544116,615133,SUNY Canton Kangaroos (Roos),615190,Cortland Red Dragons,615133,7,top,Mark Maybee flied out to rf (3-1 BBFB).,71,2026-04-03 14:00:00-04:00,"Wallace Field (Cortland, NY)",100,MBA,2026
6544116,615133,SUNY Canton Kangaroos (Roos),615190,Cortland Red Dragons,615133,7,top,Jaheim Robin flied out to rf (2-2 KBSFB).,72,2026-04-03 14:00:00-04:00,"Wallace Field (Cortland, NY)",100,MBA,2026
6544116,615133,SUNY Canton Kangaroos (Roos),615190,Cortland Red Dragons,615133,7,top,Derek Maldon hit by pitch (2-2 BSFFFB).,73,2026-04-03 14:00:00-04:00,"Wallace Field (Cortland, NY)",100,MBA,2026
6544116,615133,SUNY Canton Kangaroos (Roos),615190,Cortland Red Dragons,615133,7,top,Aaron McIner pinch ran for Derek Maldon.,74,2026-04-03 14:00:00-04:00,"Wallace Field (Cortland, NY)",100,MBA,2026
6544116,615133,SUNY Canton Kangaroos (Roos),615190,Cortland Red Dragons,615133,7,top,Zack Baiani grounded out to p (0-0).,75,2026-04-03 14:00:00-04:00,"Wallace Field (Cortland, NY)",100,MBA,2026
6544116,615133,SUNY Canton Kangaroos (Roos),615190,Cortland Red Dragons,615190,7,bot,R.MARTIN to dh.,76,2026-04-03 14:00:00-04:00,"Wallace Field (Cortland, NY)",100,MBA,2026
6544116,615133,SUNY Canton Kangaroos (Roos),615190,Cortland Red Dragons,615190,7,bot,Aaron McIner to rf.,77,2026-04-03 14:00:00-04:00,"Wallace Field (Cortland, NY)",100,MBA,2026
6544116,615133,SUNY Canton Kangaroos (Roos),615190,Cortland Red Dragons,615190,7,bot,J.McFERRAN flied out to cf to right center (3-2 FBBBK).,78,2026-04-03 14:00:00-04:00,"Wallace Field (Cortland, NY)",100,MBA,2026
6544116,615133,SUNY Canton Kangaroos (Roos),615190,Cortland Red Dragons,615190,7,bot,D.JACKSON flied out to cf (1-2 FFBF).,79,2026-04-03 14:00:00-04:00,"Wallace Field (Cortland, NY)",100,MBA,2026
6544116,615133,SUNY Canton Kangaroos (Roos),615190,Cortland Red Dragons,615190,7,bot,T.McGOWAN singled through the left side (0-2 KK).,80,2026-04-03 14:00:00-04:00,"Wallace Field (Cortland, NY)",100,MBA,2026
6544116,615133,SUNY Canton Kangaroos (Roos),615190,Cortland Red Dragons,615190,7,bot,T.McGOWAN stole second.,81,2026-04-03 14:00:00-04:00,"Wallace Field (Cortland, NY)",100,MBA,2026
6544116,615133,SUNY Canton Kangaroos (Roos),615190,Cortland Red Dragons,615190,7,bot,L.GRANGER fouled out to 1b (3-1 BSBB).,82,2026-04-03 14:00:00-04:00,"Wallace Field (Cortland, NY)",100,MBA,2026
6544116,615133,SUNY Canton Kangaroos (Roos),615190,Cortland Red Dragons,615133,8,top,A.SAMPO to p for Z.ZARRILLI.,83,2026-04-03 14:00:00-04:00,"Wallace Field (Cortland, NY)",100,MBA,2026
6544116,615133,SUNY Canton Kangaroos (Roos),615190,Cortland Red Dragons,615133,8,top,AJ Campi struck out swinging (1-2 SSFBFS).,84,2026-04-03 14:00:00-04:00,"Wallace Field (Cortland, NY)",100,MBA,2026
6544116,615133,SUNY Canton Kangaroos (Roos),615190,Cortland Red Dragons,615133,8,top,Chris McLean singled through the left side (1-0 B).,85,2026-04-03 14:00:00-04:00,"Wallace Field (Cortland, NY)",100,MBA,2026
6544116,615133,SUNY Canton Kangaroos (Roos),615190,Cortland Red Dragons,615133,8,top,Jared Paone flied out to rf (0-1 K).,86,2026-04-03 14:00:00-04:00,"Wallace Field (Cortland, NY)",100,MBA,2026
6544116,615133,SUNY Canton Kangaroos (Roos),615190,Cortland Red Dragons,615133,8,top,Eliezer Vazq reached on a fielder's choice (0-0)3a Chris McLean out at second 2b to ss.,87,2026-04-03 14:00:00-04:00,"Wallace Field (Cortland, NY)",100,MBA,2026
6544116,615133,SUNY Canton Kangaroos (Roos),615190,Cortland Red Dragons,615190,8,bot,Brady Robert to p for Karter Kenni.,88,2026-04-03 14:00:00-04:00,"Wallace Field (Cortland, NY)",100,MBA,2026
6544116,615133,SUNY Canton Kangaroos (Roos),615190,Cortland Red Dragons,615190,8,bot,Jake Detlefs to 2b for AJ Campi.,89,2026-04-03 14:00:00-04:00,"Wallace Field (Cortland, NY)",100,MBA,2026
6544116,615133,SUNY Canton Kangaroos (Roos),615190,Cortland Red Dragons,615190,8,bot,T.GATCHALIAN walked (3-1 BBBKB).,90,2026-04-03 14:00:00-04:00,"Wallace Field (Cortland, NY)",100,MBA,2026
6544116,615133,SUNY Canton Kangaroos (Roos),615190,Cortland Red Dragons,615190,8,bot,N.VENDOLA pinch ran for T.GATCHALIAN.,91,2026-04-03 14:00:00-04:00,"Wallace Field (Cortland, NY)",100,MBA,2026
6544116,615133,SUNY Canton Kangaroos (Roos),615190,Cortland Red Dragons,615190,8,bot,N.SMITH hit by pitch (3-1 KBBB)3a N.VENDOLA advanced to second.,92,2026-04-03 14:00:00-04:00,"Wallace Field (Cortland, NY)",100,MBA,2026
6544116,615133,SUNY Canton Kangaroos (Roos),615190,Cortland Red Dragons,615190,8,bot,"R.MARTIN singled to pitcher, bunt, advanced to second on a throwing error by p (0-0)3a N.SMITH advanced to third3a N.VENDOLA scored.",93,2026-04-03 14:00:00-04:00,"Wallace Field (Cortland, NY)",100,MBA,2026
6544116,615133,SUNY Canton Kangaroos (Roos),615190,Cortland Red Dragons,615190,8,bot,"A.CARLO flied out to cf, SF, RBI (0-0)3a N.SMITH scored, unearned.",94,2026-04-03 14:00:00-04:00,"Wallace Field (Cortland, NY)",100,MBA,2026
6545302,615380,Webster Gorloks,615273,MUW Owls,615380,1,top,James Theodore walked (3-2 BBKBKB).,1,2026-04-03 14:00:00-04:00,"CCA Field (Columbus, MS)",0,MBA,2026
6545302,615380,Webster Gorloks,615273,MUW Owls,615380,1,top,James Theodore stole second.,2,2026-04-03 14:00:00-04:00,"CCA Field (Columbus, MS)",0,MBA,2026
6545302,615380,Webster Gorloks,615273,MUW Owls,615380,1,top,Adam Moser struck out swinging (2-2 BFKFBS).,3,2026-04-03 14:00:00-04:00,"CCA Field (Columbus, MS)",0,MBA,2026
6545302,615380,Webster Gorloks,615273,MUW Owls,615380,1,top,"Dalton Groves doubled to left center, RBI (0-1 K)3a James Theodore scored.",4,2026-04-03 14:00:00-04:00,"CCA Field (Columbus, MS)",0,MBA,2026
6545302,615380,Webster Gorloks,615273,MUW Owls,615380,1,top,"Nick Wrubluski struck out swinging, out at first c to 1b (1-2 KBKS).",5,2026-04-03 14:00:00-04:00,"CCA Field (Columbus, MS)",0,MBA,2026
6545302,615380,Webster Gorloks,615273,MUW Owls,615380,1,top,"Reid Hietpas singled, advanced to second on an error by lf, RBI (1-1 BF)3a Dalton Groves scored.",6,2026-04-03 14:00:00-04:00,"CCA Field (Columbus, MS)",0,MBA,2026
6545302,615380,Webster Gorloks,615273,MUW Owls,615380,1,top,Ryan Hartz grounded out to 3b (3-2 BSBBF).,7,2026-04-03 14:00:00-04:00,"CCA Field (Columbus, MS)",0,MBA,2026
6545302,615380,Webster Gorloks,615273,MUW Owls,615273,1,bot,Matthew Windham singled through the left side (0-1 K).,8,2026-04-03 14:00:00-04:00,"CCA Field (Columbus, MS)",0,MBA,2026
6545302,615380,Webster Gorloks,615273,MUW Owls,615273,1,bot,Michael O'Neill struck out looking (2-2 KBBFFK).,9,2026-04-03 14:00:00-04:00,"CCA Field (Columbus, MS)",0,MBA,2026
6545302,615380,Webster Gorloks,615273,MUW Owls,615273,1,bot,"Zach Johnson homered to left field, 2 RBI (0-2 KFFS)3a Matthew Windham scored.",10,2026-04-03 14:00:00-04:00,"CCA Field (Columbus, MS)",0,MBA,2026
6545302,615380,Webster Gorloks,615273,MUW Owls,615273,1,bot,Baron Brack struck out swinging (0-0).,11,2026-04-03 14:00:00-04:00,"CCA Field (Columbus, MS)",0,MBA,2026
6545302,615380,Webster Gorloks,615273,MUW Owls,615273,1,bot,Chase Marshall struck out swinging (0-0).,12,2026-04-03 14:00:00-04:00,"CCA Field (Columbus, MS)",0,MBA,2026
6545302,615380,Webster Gorloks,615273,MUW Owls,615380,2,top,Matthew Lanier flied out to lf (0-0).,13,2026-04-03 14:00:00-04:00,"CCA Field (Columbus, MS)",0,MBA,2026
6545302,615380,Webster Gorloks,615273,MUW Owls,615380,2,top,Talan Hutchings popped up to ss (0-0).,14,2026-04-03 14:00:00-04:00,"CCA Field (Columbus, MS)",0,MBA,2026
6545302,615380,Webster Gorloks,615273,MUW Owls,615380,2,top,Braedan Trissell singled to center field (1-2 BFS).,15,2026-04-03 14:00:00-04:00,"CCA Field (Columbus, MS)",0,MBA,2026
6545302,615380,Webster Gorloks,615273,MUW Owls,615380,2,top,"James Theodore singled, advanced to second (2-1 FBB)3a Braedan Trissell advanced to third.",16,2026-04-03 14:00:00-04:00,"CCA Field (Columbus, MS)",0,MBA,2026
6545302,615380,Webster Gorloks,615273,MUW Owls,615380,2,top,Adam Moser walked (3-1 BBBKB).,17,2026-04-03 14:00:00-04:00,"CCA Field (Columbus, MS)",0,MBA,2026
6545302,615380,Webster Gorloks,615273,MUW Owls,615380,2,top,"Dalton Groves walked, RBI (3-1 BBFBB)3a Adam Moser advanced to second3a James Theodore advanced to third3a Braedan Trissell scored.",18,2026-04-03 14:00:00-04:00,"CCA Field (Columbus, MS)",0,MBA,2026
6545302,615380,Webster Gorloks,615273,MUW Owls,615380,2,top,"Nick Wrubluski hit by pitch, RBI (2-0 BB)3a Dalton Groves advanced to second3a Adam Moser advanced to third3a James Theodore scored.",19,2026-04-03 14:00:00-04:00,"CCA Field (Columbus, MS)",0,MBA,2026
6545302,615380,Webster Gorloks,615273,MUW Owls,615380,2,top,"Reid Hietpas walked, RBI (3-2 BBKBFB)3a Nick Wrubluski advanced to second3a Dalton Groves advanced to third3a Adam Moser scored.",20,2026-04-03 14:00:00-04:00,"CCA Field (Columbus, MS)",0,MBA,2026
6545302,615380,Webster Gorloks,615273,MUW Owls,615380,2,top,Ryan Hartz lined out to 3b (0-1 K).,21,2026-04-03 14:00:00-04:00,"CCA Field (Columbus, MS)",0,MBA,2026
6545302,615380,Webster Gorloks,615273,MUW Owls,615273,2,bot,Zack Egan reached first on a fielding error by ss (0-0).,22,2026-04-03 14:00:00-04:00,"CCA Field (Columbus, MS)",0,MBA,2026
6545302,615380,Webster Gorloks,615273,MUW Owls,615273,2,bot,Jay Marbutt struck out swinging (2-2 BBKKFS).,23,2026-04-03 14:00:00-04:00,"CCA Field (Columbus, MS)",0,MBA,2026
6545302,615380,Webster Gorloks,615273,MUW Owls,615273,2,bot,Jack Sledge flied out to rf (0-0).,24,2026-04-03 14:00:00-04:00,"CCA Field (Columbus, MS)",0,MBA,2026
6545302,615380,Webster Gorloks,615273,MUW Owls,615273,2,bot,Swayze Rikard lined out to cf (1-2 BKF).,25,2026-04-03 14:00:00-04:00,"CCA Field (Columbus, MS)",0,MBA,2026
6545302,615380,Webster Gorloks,615273,MUW Owls,615380,3,top,Matthew Lanier flied out to cf (1-0 B).,26,2026-04-03 14:00:00-04:00,"CCA Field (Columbus, MS)",0,MBA,2026
6545302,615380,Webster Gorloks,615273,MUW Owls,615380,3,top,Talan Hutchings popped up to 3b (0-0).,27,2026-04-03 14:00:00-04:00,"CCA Field (Columbus, MS)",0,MBA,2026
6545302,615380,Webster Gorloks,615273,MUW Owls,615380,3,top,Braedan Trissell singled to left center (2-2 BBKF).,28,2026-04-03 14:00:00-04:00,"CCA Field (Columbus, MS)",0,MBA,2026
6545302,615380,Webster Gorloks,615273,MUW Owls,615380,3,top,James Theodore flied out to rf (1-0 B).,29,2026-04-03 14:00:00-04:00,"CCA Field (Columbus, MS)",0,MBA,2026
6545302,615380,Webster Gorloks,615273,MUW Owls,615273,3,bot,"Matthew Windham homered to left field, RBI (1-0 B).",30,2026-04-03 14:00:00-04:00,"CCA Field (Columbus, MS)",0,MBA,2026
6545302,615380,Webster Gorloks,615273,MUW Owls,615273,3,bot,Michael O'Neill struck out looking (2-2 FKBBFFK).,31,2026-04-03 14:00:00-04:00,"CCA Field (Columbus, MS)",0,MBA,2026
6545302,615380,Webster Gorloks,615273,MUW Owls,615273,3,bot,"Zach Johnson singled, bunt (1-1 FB).",32,2026-04-03 14:00:00-04:00,"CCA Field (Columbus, MS)",0,MBA,2026
6545302,615380,Webster Gorloks,615273,MUW Owls,615273,3,bot,"Zach Johnson out at second p to 1b to ss, caught stealing.",33,2026-04-03 14:00:00-04:00,"CCA Field (Columbus, MS)",0,MBA,2026
6545302,615380,Webster Gorloks,615273,MUW Owls,615273,3,bot,Baron Brack struck out looking (2-2 FBSFBK).,34,2026-04-03 14:00:00-04:00,"CCA Field (Columbus, MS)",0,MBA,2026
6545302,615380,Webster Gorloks,615273,MUW Owls,615380,4,top,"Adam Moser struck out swinging, out at first c to 1b (1-2 SBSS).",35,2026-04-03 14:00:00-04:00,"CCA Field (Columbus, MS)",0,MBA,2026
6545302,615380,Webster Gorloks,615273,MUW Owls,615380,4,top,Dalton Groves walked (3-1 BBKBB).,36,2026-04-03 14:00:00-04:00,"CCA Field (Columbus, MS)",0,MBA,2026
6545302,615380,Webster Gorloks,615273,MUW Owls,615380,4,top,Nick Wrubluski hit by pitch (1-0 B)3a Dalton Groves advanced to second.,37,2026-04-03 14:00:00-04:00,"CCA Field (Columbus, MS)",0,MBA,2026
6545302,615380,Webster Gorloks,615273,MUW Owls,615380,4,top,Josep[h Gantt to p for Zach Connell.,38,2026-04-03 14:00:00-04:00,"CCA Field (Columbus, MS)",0,MBA,2026
6545302,615380,Webster Gorloks,615273,MUW Owls,615380,4,top,"Reid Hietpas singled through the left side, RBI (0-0)3a Nick Wrubluski advanced to second3a Dalton Groves scored.",39,2026-04-03 14:00:00-04:00,"CCA Field (Columbus, MS)",0,MBA,2026
6545302,615380,Webster Gorloks,615273,MUW Owls,615380,4,top,Ryan Hartz flied out to rf (2-2 BFFFB).,40,2026-04-03 14:00:00-04:00,"CCA Field (Columbus, MS)",0,MBA,2026
6545302,615380,Webster Gorloks,615273,MUW Owls,615380,4,top,Matthew Lanier flied out to lf (2-1 FBB).,41,2026-04-03 14:00:00-04:00,"CCA Field (Columbus, MS)",0,MBA,2026
6545302,615380,Webster Gorloks,615273,MUW Owls,615273,4,bot,Chase Marshall doubled to center field (0-0).,42,2026-04-03 14:00:00-04:00,"CCA Field (Columbus, MS)",0,MBA,2026
6545302,615380,Webster Gorloks,615273,MUW Owls,615273,4,bot,Zack Egan grounded out to 2b (2-0 BB).,43,2026-04-03 14:00:00-04:00,"CCA Field (Columbus, MS)",0,MBA,2026
6545302,615380,Webster Gorloks,615273,MUW Owls,615273,4,bot,Chase Marshall advanced to third.,44,2026-04-03 14:00:00-04:00,"CCA Field (Columbus, MS)",0,MBA,2026
6545302,615380,Webster Gorloks,615273,MUW Owls,615273,4,bot,Jay Marbutt struck out swinging (1-2 KBKS).,45,2026-04-03 14:00:00-04:00,"CCA Field (Columbus, MS)",0,MBA,2026
6545302,615380,Webster Gorloks,615273,MUW Owls,615273,4,bot,"Jack Sledge singled up the middle, RBI (0-0)3a Chase Marshall scored.",46,2026-04-03 14:00:00-04:00,"CCA Field (Columbus, MS)",0,MBA,2026
6545302,615380,Webster Gorloks,615273,MUW Owls,615273,4,bot,Swayze Rikard lined out to ss (1-2 KBK).,47,2026-04-03 14:00:00-04:00,"CCA Field (Columbus, MS)",0,MBA,2026
6545302,615380,Webster Gorloks,615273,MUW Owls,615380,5,top,"Talan Hutchings homered down the lf line, RBI (0-1 K).",48,2026-04-03 14:00:00-04:00,"CCA Field (Columbus, MS)",0,MBA,2026
6545302,615380,Webster Gorloks,615273,MUW Owls,615380,5,top,Braedan Trissell lined out to 1b (0-0).,49,2026-04-03 14:00:00-04:00,"CCA Field (Columbus, MS)",0,MBA,2026
6545302,615380,Webster Gorloks,615273,MUW Owls,615380,5,top,"James Theodore singled, advanced to second on a throwing error by ss (3-1 BBBK).",50,2026-04-03 14:00:00-04:00,"CCA Field (Columbus, MS)",0,MBA,2026
6545302,615380,Webster Gorloks,615273,MUW Owls,615380,5,top,"Adam Moser homered to left field, 2 RBI (1-1 BS)3a James Theodore scored.",51,2026-04-03 14:00:00-04:00,"CCA Field (Columbus, MS)",0,MBA,2026
6545302,615380,Webster Gorloks,615273,MUW Owls,615380,5,top,Dalton Groves walked (3-0 BBBB).,52,2026-04-03 14:00:00-04:00,"CCA Field (Columbus, MS)",0,MBA,2026
6545302,615380,Webster Gorloks,615273,MUW Owls,615380,5,top,Nick Wrubluski flied out to rf (1-2 KKB).,53,2026-04-03 14:00:00-04:00,"CCA Field (Columbus, MS)",0,MBA,2026
6545302,615380,Webster Gorloks,615273,MUW Owls,615380,5,top,"Reid Hietpas homered to left field, 2 RBI (0-0)3a Dalton Groves scored.",54,2026-04-03 14:00:00-04:00,"CCA Field (Columbus, MS)",0,MBA,2026
6545302,615380,Webster Gorloks,615273,MUW Owls,615380,5,top,Ryan Hartz grounded out to 2b (2-2 BBKK).,55,2026-04-03 14:00:00-04:00,"CCA Field (Columbus, MS)",0,MBA,2026
6545302,615380,Webster Gorloks,615273,MUW Owls,615273,5,bot,Matthew Windham doubled to left center (1-1 BK).,56,2026-04-03 14:00:00-04:00,"CCA Field (Columbus, MS)",0,MBA,2026
6545302,615380,Webster Gorloks,615273,MUW Owls,615273,5,bot,Michael O'Neill popped up to ss (2-0 BB).,57,2026-04-03 14:00:00-04:00,"CCA Field (Columbus, MS)",0,MBA,2026
6545302,615380,Webster Gorloks,615273,MUW Owls,615273,5,bot,Zach Johnson flied out to cf (1-1 BK).,58,2026-04-03 14:00:00-04:00,"CCA Field (Columbus, MS)",0,MBA,2026
6545302,615380,Webster Gorloks,615273,MUW Owls,615273,5,bot,"Baron Brack doubled to center field, RBI (1-0 B)3a Matthew Windham scored.",59,2026-04-03 14:00:00-04:00,"CCA Field (Columbus, MS)",0,MBA,2026
6545302,615380,Webster Gorloks,615273,MUW Owls,615273,5,bot,"Chase Marshall singled through the left side, RBI (1-1 BK)3a Baron Brack scored.",60,2026-04-03 14:00:00-04:00,"CCA Field (Columbus, MS)",0,MBA,2026
6545302,615380,Webster Gorloks,615273,MUW Owls,615273,5,bot,Zack Egan singled to center field (1-2 FBF)3a Chase Marshall advanced to second.,61,2026-04-03 14:00:00-04:00,"CCA Field (Columbus, MS)",0,MBA,2026
6545302,615380,Webster Gorloks,615273,MUW Owls,615273,5,bot,Griffin Fuller pinch hit for Jay Marbutt.,62,2026-04-03 14:00:00-04:00,"CCA Field (Columbus, MS)",0,MBA,2026
6545302,615380,Webster Gorloks,615273,MUW Owls,615273,5,bot,Griffin Fuller flied out to cf (2-2 BKKFBF).,63,2026-04-03 14:00:00-04:00,"CCA Field (Columbus, MS)",0,MBA,2026
6545302,615380,Webster Gorloks,615273,MUW Owls,615380,6,top,Griffin Fuller to lf.,64,2026-04-03 14:00:00-04:00,"CCA Field (Columbus, MS)",0,MBA,2026
6545302,615380,Webster Gorloks,615273,MUW Owls,615380,6,top,Matthew Lanier singled to center field (0-0).,65,2026-04-03 14:00:00-04:00,"CCA Field (Columbus, MS)",0,MBA,2026
6545302,615380,Webster Gorloks,615273,MUW Owls,615380,6,top,Charlie Pellicer pinch ran for Matthew Lanier.,66,2026-04-03 14:00:00-04:00,"CCA Field (Columbus, MS)",0,MBA,2026
6545302,615380,Webster Gorloks,615273,MUW Owls,615380,6,top,Jonah Taylor pinch ran for Charlie Pellicer.,67,2026-04-03 14:00:00-04:00,"CCA Field (Columbus, MS)",0,MBA,2026
6545302,615380,Webster Gorloks,615273,MUW Owls,615380,6,top,"Talan Hutchings homered to left field, 2 RBI (1-2 FBF)3a Jonah Taylor scored.",68,2026-04-03 14:00:00-04:00,"CCA Field (Columbus, MS)",0,MBA,2026
6545302,615380,Webster Gorloks,615273,MUW Owls,615380,6,top,Braedan Trissell struck out looking (3-2 BFFBBK).,69,2026-04-03 14:00:00-04:00,"CCA Field (Columbus, MS)",0,MBA,2026
6545302,615380,Webster Gorloks,615273,MUW Owls,615380,6,top,James Theodore singled to right field (0-0).,70,2026-04-03 14:00:00-04:00,"CCA Field (Columbus, MS)",0,MBA,2026
6545302,615380,Webster Gorloks,615273,MUW Owls,615380,6,top,Adam Moser reached on a fielder's choice (0-0)3a James Theodore out at second ss to 2b.,71,2026-04-03 14:00:00-04:00,"CCA Field (Columbus, MS)",0,MBA,2026
6545302,615380,Webster Gorloks,615273,MUW Owls,615380,6,top,Adam Moser stole second.,72,2026-04-03 14:00:00-04:00,"CCA Field (Columbus, MS)",0,MBA,2026
6545302,615380,Webster Gorloks,615273,MUW Owls,615380,6,top,Dalton Groves hit by pitch (1-2 KFB).,73,2026-04-03 14:00:00-04:00,"CCA Field (Columbus, MS)",0,MBA,2026
6545302,615380,Webster Gorloks,615273,MUW Owls,615380,6,top,"Nick Wrubluski homered to left field, 3 RBI (0-1 K)3a Dalton Groves scored3a Adam Moser scored.",74,2026-04-03 14:00:00-04:00,"CCA Field (Columbus, MS)",0,MBA,2026
6545302,615380,Webster Gorloks,615273,MUW Owls,615380,6,top,Reid Hietpas struck out swinging (1-2 KKBFS).,75,2026-04-03 14:00:00-04:00,"CCA Field (Columbus, MS)",0,MBA,2026
6545302,615380,Webster Gorloks,615273,MUW Owls,615273,6,bot,Ethan Wielt to 1b for Jonah Taylor.,76,2026-04-03 14:00:00-04:00,"CCA Field (Columbus, MS)",0,MBA,2026
6545302,615380,Webster Gorloks,615273,MUW Owls,615273,6,bot,Jack Sledge singled to right field (0-0).,77,2026-04-03 14:00:00-04:00,"CCA Field (Columbus, MS)",0,MBA,2026
6545302,615380,Webster Gorloks,615273,MUW Owls,615273,6,bot,Swayze Rikard singled through the right side (0-0)3a Jack Sledge advanced to second.,78,2026-04-03 14:00:00-04:00,"CCA Field (Columbus, MS)",0,MBA,2026
6545302,615380,Webster Gorloks,615273,MUW Owls,615273,6,bot,Matthew Windham flied out to cf (3-2 FBBKBF)3a Jack Sledge advanced to third.,79,2026-04-03 14:00:00-04:00,"CCA Field (Columbus, MS)",0,MBA,2026
6545302,615380,Webster Gorloks,615273,MUW Owls,615273,6,bot,Michael O'Neill grounded into double play 2b to 1b (0-0)3a Swayze Rikard out on the play.,80,2026-04-03 14:00:00-04:00,"CCA Field (Columbus, MS)",0,MBA,2026
6545302,615380,Webster Gorloks,615273,MUW Owls,615380,7,top,Connor Reilly to p for Josep[h Gantt.,81,2026-04-03 14:00:00-04:00,"CCA Field (Columbus, MS)",0,MBA,2026
6545302,615380,Webster Gorloks,615273,MUW Owls,615380,7,top,Ryan Hartz flied out to cf (0-0).,82,2026-04-03 14:00:00-04:00,"CCA Field (Columbus, MS)",0,MBA,2026
6545302,615380,Webster Gorloks,615273,MUW Owls,615380,7,top,Ethan Wielt singled to center field (0-0).,83,2026-04-03 14:00:00-04:00,"CCA Field (Columbus, MS)",0,MBA,2026
6545302,615380,Webster Gorloks,615273,MUW Owls,615380,7,top,Talan Hutchings flied out to cf (1-1 KB).,84,2026-04-03 14:00:00-04:00,"CCA Field (Columbus, MS)",0,MBA,2026
6545302,615380,Webster Gorloks,615273,MUW Owls,615380,7,top,Braedan Trissell reached on a fielder's choice (1-1 BF)3a Ethan Wielt out at second 2b to ss.,85,2026-04-03 14:00:00-04:00,"CCA Field (Columbus, MS)",0,MBA,2026
6545302,615380,Webster Gorloks,615273,MUW Owls,615273,7,bot,Zach Johnson walked (3-0 BBBB).,86,2026-04-03 14:00:00-04:00,"CCA Field (Columbus, MS)",0,MBA,2026
6545302,615380,Webster Gorloks,615273,MUW Owls,615273,7,bot,Baron Brack walked (3-2 BKKBFBB)3a Zach Johnson advanced to second.,87,2026-04-03 14:00:00-04:00,"CCA Field (Columbus, MS)",0,MBA,2026
6545302,615380,Webster Gorloks,615273,MUW Owls,615273,7,bot,Zach Mevert to p for Ryan Greifelt.,88,2026-04-03 14:00:00-04:00,"CCA Field (Columbus, MS)",0,MBA,2026
6545302,615380,Webster Gorloks,615273,MUW Owls,615273,7,bot,"Chase Marshall singled to right field, RBI (2-2 BKBF)3a Baron Brack advanced to second3a Zach Johnson scored.",89,2026-04-03 14:00:00-04:00,"CCA Field (Columbus, MS)",0,MBA,2026
6545302,615380,Webster Gorloks,615273,MUW Owls,615273,7,bot,Zack Egan walked (3-2 KBBBKB)3a Chase Marshall advanced to second3a Baron Brack advanced to third.,90,2026-04-03 14:00:00-04:00,"CCA Field (Columbus, MS)",0,MBA,2026
6545302,615380,Webster Gorloks,615273,MUW Owls,615273,7,bot,"Griffin Fuller doubled down the rf line, 2 RBI (0-1 K)3a Zack Egan advanced to third3a Chase Marshall scored3a Baron Brack scored.",91,2026-04-03 14:00:00-04:00,"CCA Field (Columbus, MS)",0,MBA,2026
6545302,615380,Webster Gorloks,615273,MUW Owls,615273,7,bot,Jack Sledge flied out to rf (2-2 KBFB).,92,2026-04-03 14:00:00-04:00,"CCA Field (Columbus, MS)",0,MBA,2026
6545302,615380,Webster Gorloks,615273,MUW Owls,615273,7,bot,"Swayze Rikard singled up the middle, 2 RBI (0-0)3a Griffin Fuller scored3a Zack Egan scored.",93,2026-04-03 14:00:00-04:00,"CCA Field (Columbus, MS)",0,MBA,2026
6545302,615380,Webster Gorloks,615273,MUW Owls,615273,7,bot,Wes Carter to p for Zach Mevert.,94,2026-04-03 14:00:00-04:00,"CCA Field (Columbus, MS)",0,MBA,2026
6545302,615380,Webster Gorloks,615273,MUW Owls,615273,7,bot,Matthew Windham flied out to cf (0-2 KFF).,95,2026-04-03 14:00:00-04:00,"CCA Field (Columbus, MS)",0,MBA,2026
6545302,615380,Webster Gorloks,615273,MUW Owls,615273,7,bot,Michael O'Neill singled to left field (3-2 BBKBKF)3a Swayze Rikard advanced to third.,96,2026-04-03 14:00:00-04:00,"CCA Field (Columbus, MS)",0,MBA,2026
6545302,615380,Webster Gorloks,615273,MUW Owls,615273,7,bot,"Zach Johnson singled through the right side, RBI (0-1 K)3a Michael O'Neill advanced to second3a Swayze Rikard scored.",97,2026-04-03 14:00:00-04:00,"CCA Field (Columbus, MS)",0,MBA,2026
6545302,615380,Webster Gorloks,615273,MUW Owls,615273,7,bot,Baron Brack walked (3-2 FBBBFB)3a Zach Johnson advanced to second3a Michael O'Neill advanced to third.,98,2026-04-03 14:00:00-04:00,"CCA Field (Columbus, MS)",0,MBA,2026
6545302,615380,Webster Gorloks,615273,MUW Owls,615273,7,bot,Chase Marshall grounded out to ss (1-2 KSB).,99,2026-04-03 14:00:00-04:00,"CCA Field (Columbus, MS)",0,MBA,2026
6545302,615380,Webster Gorloks,615273,MUW Owls,615380,8,top,James Theodore flied out to rf (0-2 KF).,100,2026-04-03 14:00:00-04:00,"CCA Field (Columbus, MS)",0,MBA,2026
6545302,615380,Webster Gorloks,615273,MUW Owls,615380,8,top,Adam Moser struck out swinging (2-2 FKFBBS).,101,2026-04-03 14:00:00-04:00,"CCA Field (Columbus, MS)",0,MBA,2026
6545302,615380,Webster Gorloks,615273,MUW Owls,615380,8,top,Dalton Groves grounded out to ss (0-1 F).,102,2026-04-03 14:00:00-04:00,"CCA Field (Columbus, MS)",0,MBA,2026
6545302,615380,Webster Gorloks,615273,MUW Owls,615273,8,bot,Zack Egan hit by pitch (0-0).,103,2026-04-03 14:00:00-04:00,"CCA Field (Columbus, MS)",0,MBA,2026
6545302,615380,Webster Gorloks,615273,MUW Owls,615273,8,bot,Griffin Fuller flied out to cf (1-2 KKB).,104,2026-04-03 14:00:00-04:00,"CCA Field (Columbus, MS)",0,MBA,2026
6545302,615380,Webster Gorloks,615273,MUW Owls,615273,8,bot,Jack Sledge fouled out to 1b (1-0 B).,105,2026-04-03 14:00:00-04:00,"CCA Field (Columbus, MS)",0,MBA,2026
6545302,615380,Webster Gorloks,615273,MUW Owls,615273,8,bot,Swayze Rikard struck out looking (1-2 BKFK).,106,2026-04-03 14:00:00-04:00,"CCA Field (Columbus, MS)",0,MBA,2026
6545302,615380,Webster Gorloks,615273,MUW Owls,615380,9,top,Nick Wrubluski popped up to ss (0-2 FF).,107,2026-04-03 14:00:00-04:00,"CCA Field (Columbus, MS)",0,MBA,2026
6545302,615380,Webster Gorloks,615273,MUW Owls,615380,9,top,Reid Hietpas doubled to center field (2-2 BFFBF).,108,2026-04-03 14:00:00-04:00,"CCA Field (Columbus, MS)",0,MBA,2026
6545302,615380,Webster Gorloks,615273,MUW Owls,615380,9,top,Ryan Hartz grounded out to ss (0-0).,109,2026-04-03 14:00:00-04:00,"CCA Field (Columbus, MS)",0,MBA,2026
6545302,615380,Webster Gorloks,615273,MUW Owls,615380,9,top,Ethan Wielt grounded out to ss (2-0 BB).,110,2026-04-03 14:00:00-04:00,"CCA Field (Columbus, MS)",0,MBA,2026
6545302,615380,Webster Gorloks,615273,MUW Owls,615273,9,bot,Matthew Windham fouled out to 1b (0-1 K).,111,2026-04-03 14:00:00-04:00,"CCA Field (Columbus, MS)",0,MBA,2026
6545302,615380,Webster Gorloks,615273,MUW Owls,615273,9,bot,Michael O'Neill singled through the left side (2-1 BBK).,112,2026-04-03 14:00:00-04:00,"CCA Field (Columbus, MS)",0,MBA,2026
6545302,615380,Webster Gorloks,615273,MUW Owls,615273,9,bot,Chance Guisgond pinch ran for Michael O'Neill.,113,2026-04-03 14:00:00-04:00,"CCA Field (Columbus, MS)",0,MBA,2026
6545302,615380,Webster Gorloks,615273,MUW Owls,615273,9,bot,Zach Johnson reached on a fielder's choice (2-2 BBKK)3a Chance Guisgond out at second ss to 2b.,114,2026-04-03 14:00:00-04:00,"CCA Field (Columbus, MS)",0,MBA,2026
6545302,615380,Webster Gorloks,615273,MUW Owls,615273,9,bot,Baron Brack walked (3-1 KBBBB)3a Zach Johnson advanced to second.,115,2026-04-03 14:00:00-04:00,"CCA Field (Columbus, MS)",0,MBA,2026
6545302,615380,Webster Gorloks,615273,MUW Owls,615273,9,bot,"Chase Marshall reached first on a throwing error by ss (0-1 K)3a Baron Brack advanced to third3a Zach Johnson scored, unearned.",116,2026-04-03 14:00:00-04:00,"CCA Field (Columbus, MS)",0,MBA,2026
6545302,615380,Webster Gorloks,615273,MUW Owls,615273,9,bot,Zack Egan struck out swinging (2-2 KBKBS).,117,2026-04-03 14:00:00-04:00,"CCA Field (Columbus, MS)",0,MBA,2026
6553576,614637,Kent St. Golden Flashes,614701,Ohio Bobcats,614637,1,top,Brady Marshall fouled out to c (2-2 KBKB).,1,2026-04-03 14:00:00-04:00,"Schoonover Stadium (Kent, OH)",296,MBA,2026
6553576,614637,Kent St. Golden Flashes,614701,Ohio Bobcats,614637,1,top,Ripken Reese lined out to rf (0-0).,2,2026-04-03 14:00:00-04:00,"Schoonover Stadium (Kent, OH)",296,MBA,2026
6553576,614637,Kent St. Golden Flashes,614701,Ohio Bobcats,614637,1,top,Micah Rienstra-Kiracofe flied out to cf (0-1 K).,3,2026-04-03 14:00:00-04:00,"Schoonover Stadium (Kent, OH)",296,MBA,2026
6553576,614637,Kent St. Golden Flashes,614701,Ohio Bobcats,614701,1,bot,Colton Shirley grounded out to 2b (3-2 BBBKK).,4,2026-04-03 14:00:00-04:00,"Schoonover Stadium (Kent, OH)",296,MBA,2026
6553576,614637,Kent St. Golden Flashes,614701,Ohio Bobcats,614701,1,bot,Taylor Harris struck out looking (3-2 BBKSBK).,5,2026-04-03 14:00:00-04:00,"Schoonover Stadium (Kent, OH)",296,MBA,2026
6553576,614637,Kent St. Golden Flashes,614701,Ohio Bobcats,614701,1,bot,Dylan Shepherd singled to center field (0-1 K).,6,2026-04-03 14:00:00-04:00,"Schoonover Stadium (Kent, OH)",296,MBA,2026
6553576,614637,Kent St. Golden Flashes,614701,Ohio Bobcats,614701,1,bot,Will Henson reached on a fielder's choice (0-2 SF); Dylan Shepherd out at second ss to 2b.,7,2026-04-03 14:00:00-04:00,"Schoonover Stadium (Kent, OH)",296,MBA,2026
6553576,614637,Kent St. Golden Flashes,614701,Ohio Bobcats,614637,2,top,Sawyer Solitaria singled to left field (1-2 BKK).,8,2026-04-03 14:00:00-04:00,"Schoonover Stadium (Kent, OH)",296,MBA,2026
6553576,614637,Kent St. Golden Flashes,614701,Ohio Bobcats,614637,2,top,Brody Williams walked (3-0 BBBB); Sawyer Solitaria advanced to second.,9,2026-04-03 14:00:00-04:00,"Schoonover Stadium (Kent, OH)",296,MBA,2026
6553576,614637,Kent St. Golden Flashes,614701,Ohio Bobcats,614637,2,top,Alejandro Covas flied out to rf (0-1 K); Sawyer Solitaria advanced to third.,10,2026-04-03 14:00:00-04:00,"Schoonover Stadium (Kent, OH)",296,MBA,2026
6553576,614637,Kent St. Golden Flashes,614701,Ohio Bobcats,614637,2,top,"Hunter Klotz out at first 1b to 2b, SAC, bunt, RBI (0-0); Brody Williams advanced to second; Sawyer Solitaria scored.",11,2026-04-03 14:00:00-04:00,"Schoonover Stadium (Kent, OH)",296,MBA,2026
6553576,614637,Kent St. Golden Flashes,614701,Ohio Bobcats,614637,2,top,Nolan Belcher flied out to 2b (0-0).,12,2026-04-03 14:00:00-04:00,"Schoonover Stadium (Kent, OH)",296,MBA,2026
6553576,614637,Kent St. Golden Flashes,614701,Ohio Bobcats,614701,2,bot,Cam Hill walked (3-2 BKBFBB).,13,2026-04-03 14:00:00-04:00,"Schoonover Stadium (Kent, OH)",296,MBA,2026
6553576,614637,Kent St. Golden Flashes,614701,Ohio Bobcats,614701,2,bot,"Cameron Boyd struck out swinging (1-2 KBFS); Cam Hill out at second c to 2b, caught stealing.",14,2026-04-03 14:00:00-04:00,"Schoonover Stadium (Kent, OH)",296,MBA,2026
6553576,614637,Kent St. Golden Flashes,614701,Ohio Bobcats,614701,2,bot,Grant Wilson struck out swinging (2-2 FKBFFBFS).,15,2026-04-03 14:00:00-04:00,"Schoonover Stadium (Kent, OH)",296,MBA,2026
6553576,614637,Kent St. Golden Flashes,614701,Ohio Bobcats,614637,3,top,Luke Matthews flied out to rf (1-2 BFF).,16,2026-04-03 14:00:00-04:00,"Schoonover Stadium (Kent, OH)",296,MBA,2026
6553576,614637,Kent St. Golden Flashes,614701,Ohio Bobcats,614637,3,top,Brady Marshall fouled out to c (1-1 BK).,17,2026-04-03 14:00:00-04:00,"Schoonover Stadium (Kent, OH)",296,MBA,2026
6553576,614637,Kent St. Golden Flashes,614701,Ohio Bobcats,614637,3,top,"Ripken Reese singled up the middle, out at second cf to ss (3-2 BFFBBF).",18,2026-04-03 14:00:00-04:00,"Schoonover Stadium (Kent, OH)",296,MBA,2026
6553576,614637,Kent St. Golden Flashes,614701,Ohio Bobcats,614701,3,bot,"Tyler Stack homered, RBI (0-1 F).",19,2026-04-03 14:00:00-04:00,"Schoonover Stadium (Kent, OH)",296,MBA,2026
6553576,614637,Kent St. Golden Flashes,614701,Ohio Bobcats,614701,3,bot,Cale Steinbaugh struck out looking (1-2 KBKK).,20,2026-04-03 14:00:00-04:00,"Schoonover Stadium (Kent, OH)",296,MBA,2026
6553576,614637,Kent St. Golden Flashes,614701,Ohio Bobcats,614701,3,bot,"Colton Shirley struck out swinging, reached first on a passed ball (1-2 BKFS).",21,2026-04-03 14:00:00-04:00,"Schoonover Stadium (Kent, OH)",296,MBA,2026
6553576,614637,Kent St. Golden Flashes,614701,Ohio Bobcats,614701,3,bot,Taylor Harris flied out to lf (2-0 BB).,22,2026-04-03 14:00:00-04:00,"Schoonover Stadium (Kent, OH)",296,MBA,2026
6553576,614637,Kent St. Golden Flashes,614701,Ohio Bobcats,614701,3,bot,Dylan Shepherd flied out to lf (1-1 BS).,23,2026-04-03 14:00:00-04:00,"Schoonover Stadium (Kent, OH)",296,MBA,2026
6553576,614637,Kent St. Golden Flashes,614701,Ohio Bobcats,614637,4,top,Micah Rienstra-Kiracofe grounded out to 3b (2-2 KBKB).,24,2026-04-03 14:00:00-04:00,"Schoonover Stadium (Kent, OH)",296,MBA,2026
6553576,614637,Kent St. Golden Flashes,614701,Ohio Bobcats,614637,4,top,"Sawyer Solitaria reached first on an error by rf, advanced to second (0-0).",25,2026-04-03 14:00:00-04:00,"Schoonover Stadium (Kent, OH)",296,MBA,2026
6553576,614637,Kent St. Golden Flashes,614701,Ohio Bobcats,614637,4,top,Brody Williams flied out to lf (1-1 FB).,26,2026-04-03 14:00:00-04:00,"Schoonover Stadium (Kent, OH)",296,MBA,2026
6553576,614637,Kent St. Golden Flashes,614701,Ohio Bobcats,614637,4,top,"Alejandro Covas doubled to left field, RBI (2-1 FBB); Sawyer Solitaria scored, unearned.",27,2026-04-03 14:00:00-04:00,"Schoonover Stadium (Kent, OH)",296,MBA,2026
6553576,614637,Kent St. Golden Flashes,614701,Ohio Bobcats,614637,4,top,Kolton Schaller pinch hit for Hunter Klotz.,28,2026-04-03 14:00:00-04:00,"Schoonover Stadium (Kent, OH)",296,MBA,2026
6553576,614637,Kent St. Golden Flashes,614701,Ohio Bobcats,614637,4,top,Kolton Schaller struck out swinging (3-2 BSBFFFBS).,29,2026-04-03 14:00:00-04:00,"Schoonover Stadium (Kent, OH)",296,MBA,2026
6553576,614637,Kent St. Golden Flashes,614701,Ohio Bobcats,614701,4,bot,Kolton Schaller to 1b.,30,2026-04-03 14:00:00-04:00,"Schoonover Stadium (Kent, OH)",296,MBA,2026
6553576,614637,Kent St. Golden Flashes,614701,Ohio Bobcats,614701,4,bot,Will Henson fouled out to rf (2-2 KKBBF).,31,2026-04-03 14:00:00-04:00,"Schoonover Stadium (Kent, OH)",296,MBA,2026
6553576,614637,Kent St. Golden Flashes,614701,Ohio Bobcats,614701,4,bot,"Cam Hill struck out swinging, out at first c to 1b (0-2 KSS).",32,2026-04-03 14:00:00-04:00,"Schoonover Stadium (Kent, OH)",296,MBA,2026
6553576,614637,Kent St. Golden Flashes,614701,Ohio Bobcats,614701,4,bot,Cameron Boyd flied out to lf (0-0).,33,2026-04-03 14:00:00-04:00,"Schoonover Stadium (Kent, OH)",296,MBA,2026
6553576,614637,Kent St. Golden Flashes,614701,Ohio Bobcats,614637,5,top,Nolan Belcher hit by pitch (1-0 H).,34,2026-04-03 14:00:00-04:00,"Schoonover Stadium (Kent, OH)",296,MBA,2026
6553576,614637,Kent St. Golden Flashes,614701,Ohio Bobcats,614637,5,top,Luke Matthews doubled to right field (0-2 KF); Nolan Belcher advanced to third.,35,2026-04-03 14:00:00-04:00,"Schoonover Stadium (Kent, OH)",296,MBA,2026
6553576,614637,Kent St. Golden Flashes,614701,Ohio Bobcats,614637,5,top,"Brady Marshall singled to left field, 2 RBI (3-1 KBBB); Luke Matthews scored; Nolan Belcher scored.",36,2026-04-03 14:00:00-04:00,"Schoonover Stadium (Kent, OH)",296,MBA,2026
6553576,614637,Kent St. Golden Flashes,614701,Ohio Bobcats,614637,5,top,Ripken Reese singled up the middle (2-2 BBKS); Brady Marshall advanced to third.,37,2026-04-03 14:00:00-04:00,"Schoonover Stadium (Kent, OH)",296,MBA,2026
6553576,614637,Kent St. Golden Flashes,614701,Ohio Bobcats,614637,5,top,Ethan Stewart to p for Hunter Winston.,38,2026-04-03 14:00:00-04:00,"Schoonover Stadium (Kent, OH)",296,MBA,2026
6553576,614637,Kent St. Golden Flashes,614701,Ohio Bobcats,614637,5,top,Micah Rienstra-Kiracofe hit by pitch (3-2 BFFBH); Ripken Reese advanced to second.,39,2026-04-03 14:00:00-04:00,"Schoonover Stadium (Kent, OH)",296,MBA,2026
6553576,614637,Kent St. Golden Flashes,614701,Ohio Bobcats,614637,5,top,"Sawyer Solitaria walked, RBI (3-2 SBBBFB); Micah Rienstra-Kiracofe advanced to second; Ripken Reese advanced to third; Brady Marshall scored.",40,2026-04-03 14:00:00-04:00,"Schoonover Stadium (Kent, OH)",296,MBA,2026
6553576,614637,Kent St. Golden Flashes,614701,Ohio Bobcats,614637,5,top,"Brody Williams singled to right field, 2 RBI (2-1 BBK); Sawyer Solitaria advanced to second; Micah Rienstra-Kiracofe scored; Ripken Reese scored.",41,2026-04-03 14:00:00-04:00,"Schoonover Stadium (Kent, OH)",296,MBA,2026
6553576,614637,Kent St. Golden Flashes,614701,Ohio Bobcats,614637,5,top,Dillon Masters to p for Ethan Stewart.,42,2026-04-03 14:00:00-04:00,"Schoonover Stadium (Kent, OH)",296,MBA,2026
6553576,614637,Kent St. Golden Flashes,614701,Ohio Bobcats,614637,5,top,Alejandro Covas flied out to rf (2-2 BKSBF).,43,2026-04-03 14:00:00-04:00,"Schoonover Stadium (Kent, OH)",296,MBA,2026
6553576,614637,Kent St. Golden Flashes,614701,Ohio Bobcats,614637,5,top,Kolton Schaller struck out looking (0-2 KFK).,44,2026-04-03 14:00:00-04:00,"Schoonover Stadium (Kent, OH)",296,MBA,2026
6553576,614637,Kent St. Golden Flashes,614701,Ohio Bobcats,614637,5,top,Nolan Belcher struck out swinging (2-2 SBBKS).,45,2026-04-03 14:00:00-04:00,"Schoonover Stadium (Kent, OH)",296,MBA,2026
6553576,614637,Kent St. Golden Flashes,614701,Ohio Bobcats,614701,5,bot,Grant Wilson fouled out to 3b (0-0).,46,2026-04-03 14:00:00-04:00,"Schoonover Stadium (Kent, OH)",296,MBA,2026
6553576,614637,Kent St. Golden Flashes,614701,Ohio Bobcats,614701,5,bot,Tyler Stack doubled to center field (0-1 K).,47,2026-04-03 14:00:00-04:00,"Schoonover Stadium (Kent, OH)",296,MBA,2026
6553576,614637,Kent St. Golden Flashes,614701,Ohio Bobcats,614701,5,bot,Cale Steinbaugh singled to left field (0-0); Tyler Stack advanced to third.,48,2026-04-03 14:00:00-04:00,"Schoonover Stadium (Kent, OH)",296,MBA,2026
6553576,614637,Kent St. Golden Flashes,614701,Ohio Bobcats,614701,5,bot,Colton Shirley grounded into double play ss to 1b (0-1 F); Cale Steinbaugh out on the play.,49,2026-04-03 14:00:00-04:00,"Schoonover Stadium (Kent, OH)",296,MBA,2026
6553576,614637,Kent St. Golden Flashes,614701,Ohio Bobcats,614637,6,top,Julian Robertson to p for Dillon Masters.,50,2026-04-03 14:00:00-04:00,"Schoonover Stadium (Kent, OH)",296,MBA,2026
6553576,614637,Kent St. Golden Flashes,614701,Ohio Bobcats,614637,6,top,Luke Matthews singled to left field (0-1 F).,51,2026-04-03 14:00:00-04:00,"Schoonover Stadium (Kent, OH)",296,MBA,2026
6553576,614637,Kent St. Golden Flashes,614701,Ohio Bobcats,614637,6,top,Luke Matthews advanced to second on a passed ball.,52,2026-04-03 14:00:00-04:00,"Schoonover Stadium (Kent, OH)",296,MBA,2026
6553576,614637,Kent St. Golden Flashes,614701,Ohio Bobcats,614637,6,top,Brady Marshall walked (3-0 BBBB).,53,2026-04-03 14:00:00-04:00,"Schoonover Stadium (Kent, OH)",296,MBA,2026
6553576,614637,Kent St. Golden Flashes,614701,Ohio Bobcats,614637,6,top,"Ripken Reese doubled to center field, RBI (1-1 BK); Brady Marshall advanced to third; Luke Matthews scored.",54,2026-04-03 14:00:00-04:00,"Schoonover Stadium (Kent, OH)",296,MBA,2026
6553576,614637,Kent St. Golden Flashes,614701,Ohio Bobcats,614637,6,top,Micah Rienstra-Kiracofe walked (3-1 BBKBB).,55,2026-04-03 14:00:00-04:00,"Schoonover Stadium (Kent, OH)",296,MBA,2026
6553576,614637,Kent St. Golden Flashes,614701,Ohio Bobcats,614637,6,top,"Sawyer Solitaria walked, RBI (3-2 BBBFKB); Micah Rienstra-Kiracofe advanced to second; Ripken Reese advanced to third; Brady Marshall scored.",56,2026-04-03 14:00:00-04:00,"Schoonover Stadium (Kent, OH)",296,MBA,2026
6553576,614637,Kent St. Golden Flashes,614701,Ohio Bobcats,614637,6,top,Hunter Brooks to p for Julian Robertson.,57,2026-04-03 14:00:00-04:00,"Schoonover Stadium (Kent, OH)",296,MBA,2026
6553576,614637,Kent St. Golden Flashes,614701,Ohio Bobcats,614637,6,top,"Brody Williams reached first on an error by 2b, RBI (0-0); Sawyer Solitaria out at second ss to 2b; Micah Rienstra-Kiracofe scored, unearned; Ripken Reese scored.",58,2026-04-03 14:00:00-04:00,"Schoonover Stadium (Kent, OH)",296,MBA,2026
6553576,614637,Kent St. Golden Flashes,614701,Ohio Bobcats,614637,6,top,Brody Williams advanced to second on a passed ball.,59,2026-04-03 14:00:00-04:00,"Schoonover Stadium (Kent, OH)",296,MBA,2026
6553576,614637,Kent St. Golden Flashes,614701,Ohio Bobcats,614637,6,top,Alejandro Covas walked (3-2 BBBKKB).,60,2026-04-03 14:00:00-04:00,"Schoonover Stadium (Kent, OH)",296,MBA,2026
6553576,614637,Kent St. Golden Flashes,614701,Ohio Bobcats,614637,6,top,Kolton Schaller walked (3-1 BBSBB); Alejandro Covas advanced to second; Brody Williams advanced to third.,61,2026-04-03 14:00:00-04:00,"Schoonover Stadium (Kent, OH)",296,MBA,2026
6553576,614637,Kent St. Golden Flashes,614701,Ohio Bobcats,614637,6,top,"Nolan Belcher flied out to cf, sacrifice fly, RBI (2-2 BKFBFF); Alejandro Covas advanced to third; Brody Williams scored, unearned.",62,2026-04-03 14:00:00-04:00,"Schoonover Stadium (Kent, OH)",296,MBA,2026
6553576,614637,Kent St. Golden Flashes,614701,Ohio Bobcats,614637,6,top,Luke Matthews walked (3-0 BBBB); Kolton Schaller advanced to second.,63,2026-04-03 14:00:00-04:00,"Schoonover Stadium (Kent, OH)",296,MBA,2026
6553576,614637,Kent St. Golden Flashes,614701,Ohio Bobcats,614637,6,top,"Brady Marshall walked, RBI (3-2 KBBKFBFB); Luke Matthews advanced to second; Kolton Schaller advanced to third; Alejandro Covas scored, unearned.",64,2026-04-03 14:00:00-04:00,"Schoonover Stadium (Kent, OH)",296,MBA,2026
6553576,614637,Kent St. Golden Flashes,614701,Ohio Bobcats,614637,6,top,Colton Landtiser to p for Hunter Brooks.,65,2026-04-03 14:00:00-04:00,"Schoonover Stadium (Kent, OH)",296,MBA,2026
6553576,614637,Kent St. Golden Flashes,614701,Ohio Bobcats,614637,6,top,Ripken Reese flied out to cf (0-1 F).,66,2026-04-03 14:00:00-04:00,"Schoonover Stadium (Kent, OH)",296,MBA,2026
6553576,614637,Kent St. Golden Flashes,614701,Ohio Bobcats,614701,6,bot,Brody Krzysiak to p for Easton Tumis.,67,2026-04-03 14:00:00-04:00,"Schoonover Stadium (Kent, OH)",296,MBA,2026
6553576,614637,Kent St. Golden Flashes,614701,Ohio Bobcats,614701,6,bot,Taylor Harris struck out swinging (3-2 KKBBBS).,68,2026-04-03 14:00:00-04:00,"Schoonover Stadium (Kent, OH)",296,MBA,2026
6553576,614637,Kent St. Golden Flashes,614701,Ohio Bobcats,614701,6,bot,Dylan Shepherd struck out looking (2-2 BBKSK).,69,2026-04-03 14:00:00-04:00,"Schoonover Stadium (Kent, OH)",296,MBA,2026
6553576,614637,Kent St. Golden Flashes,614701,Ohio Bobcats,614701,6,bot,Will Henson struck out swinging (0-2 KKS).,70,2026-04-03 14:00:00-04:00,"Schoonover Stadium (Kent, OH)",296,MBA,2026
6553576,614637,Kent St. Golden Flashes,614701,Ohio Bobcats,614637,7,top,Patrick Sullivan to c for Tyler Stack.,71,2026-04-03 14:00:00-04:00,"Schoonover Stadium (Kent, OH)",296,MBA,2026
6553576,614637,Kent St. Golden Flashes,614701,Ohio Bobcats,614637,7,top,Micah Rienstra-Kiracofe walked (3-2 BKBKFBB).,72,2026-04-03 14:00:00-04:00,"Schoonover Stadium (Kent, OH)",296,MBA,2026
6553576,614637,Kent St. Golden Flashes,614701,Ohio Bobcats,614637,7,top,Micah Rienstra-Kiracofe advanced to second on a wild pitch.,73,2026-04-03 14:00:00-04:00,"Schoonover Stadium (Kent, OH)",296,MBA,2026
6553576,614637,Kent St. Golden Flashes,614701,Ohio Bobcats,614637,7,top,Sawyer Solitaria walked (3-2 BKBBFB).,74,2026-04-03 14:00:00-04:00,"Schoonover Stadium (Kent, OH)",296,MBA,2026
6553576,614637,Kent St. Golden Flashes,614701,Ohio Bobcats,614637,7,top,Grady Mee pinch hit for Brody Williams.,75,2026-04-03 14:00:00-04:00,"Schoonover Stadium (Kent, OH)",296,MBA,2026
6553576,614637,Kent St. Golden Flashes,614701,Ohio Bobcats,614637,7,top,"Grady Mee singled, RBI (2-0 BB); Sawyer Solitaria advanced to third; Micah Rienstra-Kiracofe scored.",76,2026-04-03 14:00:00-04:00,"Schoonover Stadium (Kent, OH)",296,MBA,2026
6553576,614637,Kent St. Golden Flashes,614701,Ohio Bobcats,614637,7,top,Matt Thompson pinch hit for Alejandro Covas.,77,2026-04-03 14:00:00-04:00,"Schoonover Stadium (Kent, OH)",296,MBA,2026
6553576,614637,Kent St. Golden Flashes,614701,Ohio Bobcats,614637,7,top,Matt Thompson struck out swinging (1-2 KKBS).,78,2026-04-03 14:00:00-04:00,"Schoonover Stadium (Kent, OH)",296,MBA,2026
6553576,614637,Kent St. Golden Flashes,614701,Ohio Bobcats,614637,7,top,Kolton Schaller struck out looking (2-2 BBFKK).,79,2026-04-03 14:00:00-04:00,"Schoonover Stadium (Kent, OH)",296,MBA,2026
6553576,614637,Kent St. Golden Flashes,614701,Ohio Bobcats,614637,7,top,Nate Muncy pinch hit for Nolan Belcher.,80,2026-04-03 14:00:00-04:00,"Schoonover Stadium (Kent, OH)",296,MBA,2026
6553576,614637,Kent St. Golden Flashes,614701,Ohio Bobcats,614637,7,top,Nate Muncy walked (3-2 KBBBKB); Grady Mee advanced to second.,81,2026-04-03 14:00:00-04:00,"Schoonover Stadium (Kent, OH)",296,MBA,2026
6553576,614637,Kent St. Golden Flashes,614701,Ohio Bobcats,614637,7,top,"Luke Matthews walked, RBI (3-1 FBBBB); Nate Muncy advanced to second; Grady Mee advanced to third; Sawyer Solitaria scored.",82,2026-04-03 14:00:00-04:00,"Schoonover Stadium (Kent, OH)",296,MBA,2026
6553576,614637,Kent St. Golden Flashes,614701,Ohio Bobcats,614637,7,top,Chase Keen to p for Colton Landtiser.,83,2026-04-03 14:00:00-04:00,"Schoonover Stadium (Kent, OH)",296,MBA,2026
6553576,614637,Kent St. Golden Flashes,614701,Ohio Bobcats,614637,7,top,Brady Marshall grounded out to 2b (2-1 BKB).,84,2026-04-03 14:00:00-04:00,"Schoonover Stadium (Kent, OH)",296,MBA,2026
6553576,614637,Kent St. Golden Flashes,614701,Ohio Bobcats,614701,7,bot,Grady Mee to 2b.,85,2026-04-03 14:00:00-04:00,"Schoonover Stadium (Kent, OH)",296,MBA,2026
6553576,614637,Kent St. Golden Flashes,614701,Ohio Bobcats,614701,7,bot,Ripken Reese to c.,86,2026-04-03 14:00:00-04:00,"Schoonover Stadium (Kent, OH)",296,MBA,2026
6553576,614637,Kent St. Golden Flashes,614701,Ohio Bobcats,614701,7,bot,Brady Marshall to 3b.,87,2026-04-03 14:00:00-04:00,"Schoonover Stadium (Kent, OH)",296,MBA,2026
6553576,614637,Kent St. Golden Flashes,614701,Ohio Bobcats,614701,7,bot,Cam Hill struck out swinging (1-2 FBKFS).,88,2026-04-03 14:00:00-04:00,"Schoonover Stadium (Kent, OH)",296,MBA,2026
6553576,614637,Kent St. Golden Flashes,614701,Ohio Bobcats,614701,7,bot,Cameron Boyd grounded out to 3b (1-1 FB).,89,2026-04-03 14:00:00-04:00,"Schoonover Stadium (Kent, OH)",296,MBA,2026
6553576,614637,Kent St. Golden Flashes,614701,Ohio Bobcats,614701,7,bot,Grant Wilson reached first on an error by 3b (0-1 K).,90,2026-04-03 14:00:00-04:00,"Schoonover Stadium (Kent, OH)",296,MBA,2026
6553576,614637,Kent St. Golden Flashes,614701,Ohio Bobcats,614701,7,bot,Patrick Sullivan grounded out to p (0-1 F).,91,2026-04-03 14:00:00-04:00,"Schoonover Stadium (Kent, OH)",296,MBA,2026
6553576,614637,Kent St. Golden Flashes,614701,Ohio Bobcats,614637,8,top,Grady Mee to 2b.,92,2026-04-03 14:00:00-04:00,"Schoonover Stadium (Kent, OH)",296,MBA,2026
6553576,614637,Kent St. Golden Flashes,614701,Ohio Bobcats,614637,8,top,Matt Thompson to lf.,93,2026-04-03 14:00:00-04:00,"Schoonover Stadium (Kent, OH)",296,MBA,2026
6553576,614637,Kent St. Golden Flashes,614701,Ohio Bobcats,614637,8,top,Nate Muncy to dh for Grady Mee.,94,2026-04-03 14:00:00-04:00,"Schoonover Stadium (Kent, OH)",296,MBA,2026
6567463,615459,Hilbert Hawks,615316,Penn St.-Behrend Behrend Lions,615459,1,top,Harley Hoag struck out swinging (0-2 KFS).,1,2026-04-03 14:00:00-04:00,"Penn St. Behrend Baseball Complex (Erie, PA)",70,MBA,2026
6567463,615459,Hilbert Hawks,615316,Penn St.-Behrend Behrend Lions,615459,1,top,Reed Lesmeister walked (3-2 BBKSFBB).,2,2026-04-03 14:00:00-04:00,"Penn St. Behrend Baseball Complex (Erie, PA)",70,MBA,2026
6567463,615459,Hilbert Hawks,615316,Penn St.-Behrend Behrend Lions,615459,1,top,Joey Haynes singled to right field (0-2 KK)3a Reed Lesmeister advanced to third.,3,2026-04-03 14:00:00-04:00,"Penn St. Behrend Baseball Complex (Erie, PA)",70,MBA,2026
6567463,615459,Hilbert Hawks,615316,Penn St.-Behrend Behrend Lions,615459,1,top,Patrick Evans walked (3-0 BBBB)3a Joey Haynes advanced to second.,4,2026-04-03 14:00:00-04:00,"Penn St. Behrend Baseball Complex (Erie, PA)",70,MBA,2026
6567463,615459,Hilbert Hawks,615316,Penn St.-Behrend Behrend Lions,615459,1,top,Chase Porter lined out to 1b (2-1 BKB).,5,2026-04-03 14:00:00-04:00,"Penn St. Behrend Baseball Complex (Erie, PA)",70,MBA,2026
6567463,615459,Hilbert Hawks,615316,Penn St.-Behrend Behrend Lions,615459,1,top,Austin Wasily flied out to lf (1-2 SBK).,6,2026-04-03 14:00:00-04:00,"Penn St. Behrend Baseball Complex (Erie, PA)",70,MBA,2026
6567463,615459,Hilbert Hawks,615316,Penn St.-Behrend Behrend Lions,615316,1,bot,Silvio Ionadi flied out to cf (0-1 F).,7,2026-04-03 14:00:00-04:00,"Penn St. Behrend Baseball Complex (Erie, PA)",70,MBA,2026
6567463,615459,Hilbert Hawks,615316,Penn St.-Behrend Behrend Lions,615316,1,bot,Dylan Barnes singled to left field (3-1 BKBB).,8,2026-04-03 14:00:00-04:00,"Penn St. Behrend Baseball Complex (Erie, PA)",70,MBA,2026
6567463,615459,Hilbert Hawks,615316,Penn St.-Behrend Behrend Lions,615316,1,bot,Thomas Nicely reached on a fielder's choice (2-0 BB)3a Dylan Barnes out at second ss to 2b.,9,2026-04-03 14:00:00-04:00,"Penn St. Behrend Baseball Complex (Erie, PA)",70,MBA,2026
6567463,615459,Hilbert Hawks,615316,Penn St.-Behrend Behrend Lions,615316,1,bot,David Gibson singled to right field (3-1 KBBB)3a Thomas Nicely advanced to second.,10,2026-04-03 14:00:00-04:00,"Penn St. Behrend Baseball Complex (Erie, PA)",70,MBA,2026
6567463,615459,Hilbert Hawks,615316,Penn St.-Behrend Behrend Lions,615316,1,bot,Cayden Turner grounded out to 1b unassisted (1-1 BF).,11,2026-04-03 14:00:00-04:00,"Penn St. Behrend Baseball Complex (Erie, PA)",70,MBA,2026
6567463,615459,Hilbert Hawks,615316,Penn St.-Behrend Behrend Lions,615459,2,top,Jude Khoury singled to second base (1-0 B).,12,2026-04-03 14:00:00-04:00,"Penn St. Behrend Baseball Complex (Erie, PA)",70,MBA,2026
6567463,615459,Hilbert Hawks,615316,Penn St.-Behrend Behrend Lions,615459,2,top,Alex Ellison singled to right field (1-2 KFBF)3a Jude Khoury advanced to second.,13,2026-04-03 14:00:00-04:00,"Penn St. Behrend Baseball Complex (Erie, PA)",70,MBA,2026
6567463,615459,Hilbert Hawks,615316,Penn St.-Behrend Behrend Lions,615459,2,top,"Alex Ellison advanced to second3a Jude Khoury picked off, out at second c to ss to 3b.",14,2026-04-03 14:00:00-04:00,"Penn St. Behrend Baseball Complex (Erie, PA)",70,MBA,2026
6567463,615459,Hilbert Hawks,615316,Penn St.-Behrend Behrend Lions,615459,2,top,David Earsing reached first on an error by 2b (1-0 B)3a Alex Ellison advanced to third.,15,2026-04-03 14:00:00-04:00,"Penn St. Behrend Baseball Complex (Erie, PA)",70,MBA,2026
6567463,615459,Hilbert Hawks,615316,Penn St.-Behrend Behrend Lions,615459,2,top,"Harley Hoag doubled to right field, RBI (0-1 K)3a David Earsing advanced to third3a Alex Ellison scored.",16,2026-04-03 14:00:00-04:00,"Penn St. Behrend Baseball Complex (Erie, PA)",70,MBA,2026
6567463,615459,Hilbert Hawks,615316,Penn St.-Behrend Behrend Lions,615459,2,top,Reed Lesmeister struck out swinging (1-2 KFBS).,17,2026-04-03 14:00:00-04:00,"Penn St. Behrend Baseball Complex (Erie, PA)",70,MBA,2026
6567463,615459,Hilbert Hawks,615316,Penn St.-Behrend Behrend Lions,615459,2,top,Joey Haynes grounded out to 2b (0-1 K).,18,2026-04-03 14:00:00-04:00,"Penn St. Behrend Baseball Complex (Erie, PA)",70,MBA,2026
6567463,615459,Hilbert Hawks,615316,Penn St.-Behrend Behrend Lions,615316,2,bot,Tyler Burick struck out swinging (2-2 KBBKS).,19,2026-04-03 14:00:00-04:00,"Penn St. Behrend Baseball Complex (Erie, PA)",70,MBA,2026
6567463,615459,Hilbert Hawks,615316,Penn St.-Behrend Behrend Lions,615316,2,bot,Tyler Banks struck out swinging (0-2 KFS).,20,2026-04-03 14:00:00-04:00,"Penn St. Behrend Baseball Complex (Erie, PA)",70,MBA,2026
6567463,615459,Hilbert Hawks,615316,Penn St.-Behrend Behrend Lions,615316,2,bot,Adam Cooper grounded out to 2b (0-1 F).,21,2026-04-03 14:00:00-04:00,"Penn St. Behrend Baseball Complex (Erie, PA)",70,MBA,2026
6567463,615459,Hilbert Hawks,615316,Penn St.-Behrend Behrend Lions,615459,3,top,Patrick Evans flied out to lf (1-0 B).,22,2026-04-03 14:00:00-04:00,"Penn St. Behrend Baseball Complex (Erie, PA)",70,MBA,2026
6567463,615459,Hilbert Hawks,615316,Penn St.-Behrend Behrend Lions,615459,3,top,Chase Porter struck out swinging (2-2 BFFBS).,23,2026-04-03 14:00:00-04:00,"Penn St. Behrend Baseball Complex (Erie, PA)",70,MBA,2026
6567463,615459,Hilbert Hawks,615316,Penn St.-Behrend Behrend Lions,615459,3,top,Austin Wasily lined out to cf (2-2 FBKB).,24,2026-04-03 14:00:00-04:00,"Penn St. Behrend Baseball Complex (Erie, PA)",70,MBA,2026
6567463,615459,Hilbert Hawks,615316,Penn St.-Behrend Behrend Lions,615316,3,bot,Spencer Deitz struck out looking (1-2 FSBK).,25,2026-04-03 14:00:00-04:00,"Penn St. Behrend Baseball Complex (Erie, PA)",70,MBA,2026
6567463,615459,Hilbert Hawks,615316,Penn St.-Behrend Behrend Lions,615316,3,bot,Silvio Ionadi singled to center field (3-1 BKBB).,26,2026-04-03 14:00:00-04:00,"Penn St. Behrend Baseball Complex (Erie, PA)",70,MBA,2026
6567463,615459,Hilbert Hawks,615316,Penn St.-Behrend Behrend Lions,615316,3,bot,Dylan Barnes struck out looking (2-2 KKBBK)3a Silvio Ionadi stole second.,27,2026-04-03 14:00:00-04:00,"Penn St. Behrend Baseball Complex (Erie, PA)",70,MBA,2026
6567463,615459,Hilbert Hawks,615316,Penn St.-Behrend Behrend Lions,615316,3,bot,Thomas Nicely grounded out to 3b (1-0 B).,28,2026-04-03 14:00:00-04:00,"Penn St. Behrend Baseball Complex (Erie, PA)",70,MBA,2026
6567463,615459,Hilbert Hawks,615316,Penn St.-Behrend Behrend Lions,615459,4,top,Jude Khoury grounded out to 3b (2-2 FBSB).,29,2026-04-03 14:00:00-04:00,"Penn St. Behrend Baseball Complex (Erie, PA)",70,MBA,2026
6567463,615459,Hilbert Hawks,615316,Penn St.-Behrend Behrend Lions,615459,4,top,Alex Ellison flied out to cf (0-0).,30,2026-04-03 14:00:00-04:00,"Penn St. Behrend Baseball Complex (Erie, PA)",70,MBA,2026
6567463,615459,Hilbert Hawks,615316,Penn St.-Behrend Behrend Lions,615459,4,top,David Earsing struck out swinging (2-2 KBFFBFS).,31,2026-04-03 14:00:00-04:00,"Penn St. Behrend Baseball Complex (Erie, PA)",70,MBA,2026
6567463,615459,Hilbert Hawks,615316,Penn St.-Behrend Behrend Lions,615316,4,bot,David Gibson singled to third base (1-1 KB).,32,2026-04-03 14:00:00-04:00,"Penn St. Behrend Baseball Complex (Erie, PA)",70,MBA,2026
6567463,615459,Hilbert Hawks,615316,Penn St.-Behrend Behrend Lions,615316,4,bot,"Cayden Turner grounded out to p, SAC (0-0)3a David Gibson advanced to second.",33,2026-04-03 14:00:00-04:00,"Penn St. Behrend Baseball Complex (Erie, PA)",70,MBA,2026
6567463,615459,Hilbert Hawks,615316,Penn St.-Behrend Behrend Lions,615316,4,bot,Tyler Burick lined out to rf (0-0).,34,2026-04-03 14:00:00-04:00,"Penn St. Behrend Baseball Complex (Erie, PA)",70,MBA,2026
6567463,615459,Hilbert Hawks,615316,Penn St.-Behrend Behrend Lions,615316,4,bot,Tyler Banks struck out looking (1-2 SBFK).,35,2026-04-03 14:00:00-04:00,"Penn St. Behrend Baseball Complex (Erie, PA)",70,MBA,2026
6567463,615459,Hilbert Hawks,615316,Penn St.-Behrend Behrend Lions,615459,5,top,Harley Hoag flied out to cf (2-0 BB).,36,2026-04-03 14:00:00-04:00,"Penn St. Behrend Baseball Complex (Erie, PA)",70,MBA,2026
6567463,615459,Hilbert Hawks,615316,Penn St.-Behrend Behrend Lions,615459,5,top,Reed Lesmeister popped up to ss (2-1 BBK).,37,2026-04-03 14:00:00-04:00,"Penn St. Behrend Baseball Complex (Erie, PA)",70,MBA,2026
6567463,615459,Hilbert Hawks,615316,Penn St.-Behrend Behrend Lions,615459,5,top,Joey Haynes singled to right field (0-1 K).,38,2026-04-03 14:00:00-04:00,"Penn St. Behrend Baseball Complex (Erie, PA)",70,MBA,2026
6567463,615459,Hilbert Hawks,615316,Penn St.-Behrend Behrend Lions,615459,5,top,Patrick Evans grounded out to 2b (0-0).,39,2026-04-03 14:00:00-04:00,"Penn St. Behrend Baseball Complex (Erie, PA)",70,MBA,2026
6567463,615459,Hilbert Hawks,615316,Penn St.-Behrend Behrend Lions,615316,5,bot,Adam Cooper flied out to rf (0-0).,40,2026-04-03 14:00:00-04:00,"Penn St. Behrend Baseball Complex (Erie, PA)",70,MBA,2026
6567463,615459,Hilbert Hawks,615316,Penn St.-Behrend Behrend Lions,615316,5,bot,Spencer Deitz singled to second base (2-1 BFB).,41,2026-04-03 14:00:00-04:00,"Penn St. Behrend Baseball Complex (Erie, PA)",70,MBA,2026
6567463,615459,Hilbert Hawks,615316,Penn St.-Behrend Behrend Lions,615316,5,bot,Silvio Ionadi grounded out to p unassisted (1-2 SSB)3a Spencer Deitz advanced to second.,42,2026-04-03 14:00:00-04:00,"Penn St. Behrend Baseball Complex (Erie, PA)",70,MBA,2026
6567463,615459,Hilbert Hawks,615316,Penn St.-Behrend Behrend Lions,615316,5,bot,"Dylan Barnes doubled to left field, RBI (2-2 BFKB)3a Spencer Deitz scored.",43,2026-04-03 14:00:00-04:00,"Penn St. Behrend Baseball Complex (Erie, PA)",70,MBA,2026
6567463,615459,Hilbert Hawks,615316,Penn St.-Behrend Behrend Lions,615316,5,bot,"Thomas Nicely singled to center field, advanced to second on the throw, RBI (1-1 BF)3a Dylan Barnes scored.",44,2026-04-03 14:00:00-04:00,"Penn St. Behrend Baseball Complex (Erie, PA)",70,MBA,2026
6567463,615459,Hilbert Hawks,615316,Penn St.-Behrend Behrend Lions,615316,5,bot,David Gibson grounded out to ss (0-0).,45,2026-04-03 14:00:00-04:00,"Penn St. Behrend Baseball Complex (Erie, PA)",70,MBA,2026
6567463,615459,Hilbert Hawks,615316,Penn St.-Behrend Behrend Lions,615459,6,top,Chase Porter lined out to cf (1-1 BS).,46,2026-04-03 14:00:00-04:00,"Penn St. Behrend Baseball Complex (Erie, PA)",70,MBA,2026
6567463,615459,Hilbert Hawks,615316,Penn St.-Behrend Behrend Lions,615459,6,top,Austin Wasily struck out looking (3-2 KFBFBFBK).,47,2026-04-03 14:00:00-04:00,"Penn St. Behrend Baseball Complex (Erie, PA)",70,MBA,2026
6567463,615459,Hilbert Hawks,615316,Penn St.-Behrend Behrend Lions,615459,6,top,Jude Khoury singled through the left side (3-2 BBFFB).,48,2026-04-03 14:00:00-04:00,"Penn St. Behrend Baseball Complex (Erie, PA)",70,MBA,2026
6567463,615459,Hilbert Hawks,615316,Penn St.-Behrend Behrend Lions,615459,6,top,Alex Ellison popped up to c (1-2 FFB).,49,2026-04-03 14:00:00-04:00,"Penn St. Behrend Baseball Complex (Erie, PA)",70,MBA,2026
6567463,615459,Hilbert Hawks,615316,Penn St.-Behrend Behrend Lions,615316,6,bot,Cayden Turner struck out looking (2-2 FBSFBK).,50,2026-04-03 14:00:00-04:00,"Penn St. Behrend Baseball Complex (Erie, PA)",70,MBA,2026
6567463,615459,Hilbert Hawks,615316,Penn St.-Behrend Behrend Lions,615316,6,bot,Tyler Burick struck out swinging (2-2 KSBBS).,51,2026-04-03 14:00:00-04:00,"Penn St. Behrend Baseball Complex (Erie, PA)",70,MBA,2026
6567463,615459,Hilbert Hawks,615316,Penn St.-Behrend Behrend Lions,615316,6,bot,Nick Solderich pinch hit for Tyler Banks.,52,2026-04-03 14:00:00-04:00,"Penn St. Behrend Baseball Complex (Erie, PA)",70,MBA,2026
6567463,615459,Hilbert Hawks,615316,Penn St.-Behrend Behrend Lions,615316,6,bot,Nick Solderich struck out looking (3-2 KBBBFK).,53,2026-04-03 14:00:00-04:00,"Penn St. Behrend Baseball Complex (Erie, PA)",70,MBA,2026
6567463,615459,Hilbert Hawks,615316,Penn St.-Behrend Behrend Lions,615459,7,top,Jacob Wessel to lf for Nick Solderich.,54,2026-04-03 14:00:00-04:00,"Penn St. Behrend Baseball Complex (Erie, PA)",70,MBA,2026
6567463,615459,Hilbert Hawks,615316,Penn St.-Behrend Behrend Lions,615459,7,top,David Earsing struck out looking (3-2 BBKKFBFK).,55,2026-04-03 14:00:00-04:00,"Penn St. Behrend Baseball Complex (Erie, PA)",70,MBA,2026
6567463,615459,Hilbert Hawks,615316,Penn St.-Behrend Behrend Lions,615459,7,top,Harley Hoag out at first 1b to p (1-2 FBKF).,56,2026-04-03 14:00:00-04:00,"Penn St. Behrend Baseball Complex (Erie, PA)",70,MBA,2026
6567463,615459,Hilbert Hawks,615316,Penn St.-Behrend Behrend Lions,615459,7,top,Reed Lesmeister hit by pitch (1-1 KH).,57,2026-04-03 14:00:00-04:00,"Penn St. Behrend Baseball Complex (Erie, PA)",70,MBA,2026
6567463,615459,Hilbert Hawks,615316,Penn St.-Behrend Behrend Lions,615459,7,top,Reed Lesmeister advanced to second on a wild pitch.,58,2026-04-03 14:00:00-04:00,"Penn St. Behrend Baseball Complex (Erie, PA)",70,MBA,2026
6567463,615459,Hilbert Hawks,615316,Penn St.-Behrend Behrend Lions,615459,7,top,"Joey Haynes singled to center field, RBI (3-1 BKBB)3a Reed Lesmeister scored.",59,2026-04-03 14:00:00-04:00,"Penn St. Behrend Baseball Complex (Erie, PA)",70,MBA,2026
6567463,615459,Hilbert Hawks,615316,Penn St.-Behrend Behrend Lions,615459,7,top,"Patrick Evans homered to left field, 2 RBI (0-2 FFF)3a Joey Haynes scored.",60,2026-04-03 14:00:00-04:00,"Penn St. Behrend Baseball Complex (Erie, PA)",70,MBA,2026
6567463,615459,Hilbert Hawks,615316,Penn St.-Behrend Behrend Lions,615459,7,top,Chase Porter flied out to cf (2-1 SBB).,61,2026-04-03 14:00:00-04:00,"Penn St. Behrend Baseball Complex (Erie, PA)",70,MBA,2026
6567463,615459,Hilbert Hawks,615316,Penn St.-Behrend Behrend Lions,615316,7,bot,Joey Fazzone pinch hit for Adam Cooper.,62,2026-04-03 14:00:00-04:00,"Penn St. Behrend Baseball Complex (Erie, PA)",70,MBA,2026
6567463,615459,Hilbert Hawks,615316,Penn St.-Behrend Behrend Lions,615316,7,bot,Joey Fazzone struck out swinging (1-2 SBFS).,63,2026-04-03 14:00:00-04:00,"Penn St. Behrend Baseball Complex (Erie, PA)",70,MBA,2026
6567463,615459,Hilbert Hawks,615316,Penn St.-Behrend Behrend Lions,615316,7,bot,Spencer Deitz grounded out to p (0-2 FS).,64,2026-04-03 14:00:00-04:00,"Penn St. Behrend Baseball Complex (Erie, PA)",70,MBA,2026
6567463,615459,Hilbert Hawks,615316,Penn St.-Behrend Behrend Lions,615316,7,bot,Silvio Ionadi doubled to left field (2-2 BBKK).,65,2026-04-03 14:00:00-04:00,"Penn St. Behrend Baseball Complex (Erie, PA)",70,MBA,2026
6567463,615459,Hilbert Hawks,615316,Penn St.-Behrend Behrend Lions,615316,7,bot,Dylan Barnes grounded out to 3b (1-0 B).,66,2026-04-03 14:00:00-04:00,"Penn St. Behrend Baseball Complex (Erie, PA)",70,MBA,2026
6567463,615459,Hilbert Hawks,615316,Penn St.-Behrend Behrend Lions,615459,8,top,Joey Fazzone to 1b.,67,2026-04-03 14:00:00-04:00,"Penn St. Behrend Baseball Complex (Erie, PA)",70,MBA,2026
6567463,615459,Hilbert Hawks,615316,Penn St.-Behrend Behrend Lions,615459,8,top,Jack Baumgartel to p for Jake Manendo.,68,2026-04-03 14:00:00-04:00,"Penn St. Behrend Baseball Complex (Erie, PA)",70,MBA,2026
6567463,615459,Hilbert Hawks,615316,Penn St.-Behrend Behrend Lions,615459,8,top,Dylan Barnes to lf.,69,2026-04-03 14:00:00-04:00,"Penn St. Behrend Baseball Complex (Erie, PA)",70,MBA,2026
6567463,615459,Hilbert Hawks,615316,Penn St.-Behrend Behrend Lions,615459,8,top,Danny Pedersen to 3b for Jacob Wessel.,70,2026-04-03 14:00:00-04:00,"Penn St. Behrend Baseball Complex (Erie, PA)",70,MBA,2026
6567463,615459,Hilbert Hawks,615316,Penn St.-Behrend Behrend Lions,615459,8,top,Austin Wasily struck out swinging (1-2 KSBFS).,71,2026-04-03 14:00:00-04:00,"Penn St. Behrend Baseball Complex (Erie, PA)",70,MBA,2026
6567463,615459,Hilbert Hawks,615316,Penn St.-Behrend Behrend Lions,615459,8,top,Jude Khoury grounded out to ss (0-0).,72,2026-04-03 14:00:00-04:00,"Penn St. Behrend Baseball Complex (Erie, PA)",70,MBA,2026
6567463,615459,Hilbert Hawks,615316,Penn St.-Behrend Behrend Lions,615459,8,top,Alex Ellison lined out to cf (1-1 BS).,73,2026-04-03 14:00:00-04:00,"Penn St. Behrend Baseball Complex (Erie, PA)",70,MBA,2026
6567463,615459,Hilbert Hawks,615316,Penn St.-Behrend Behrend Lions,615316,8,bot,Thomas Nicely grounded out to ss (1-1 BF).,74,2026-04-03 14:00:00-04:00,"Penn St. Behrend Baseball Complex (Erie, PA)",70,MBA,2026
6567463,615459,Hilbert Hawks,615316,Penn St.-Behrend Behrend Lions,615316,8,bot,David Gibson struck out swinging (1-2 KBFS).,75,2026-04-03 14:00:00-04:00,"Penn St. Behrend Baseball Complex (Erie, PA)",70,MBA,2026
6567463,615459,Hilbert Hawks,615316,Penn St.-Behrend Behrend Lions,615316,8,bot,Cayden Turner grounded out to 3b (0-0).,76,2026-04-03 14:00:00-04:00,"Penn St. Behrend Baseball Complex (Erie, PA)",70,MBA,2026
6567463,615459,Hilbert Hawks,615316,Penn St.-Behrend Behrend Lions,615459,9,top,David Earsing reached first on an error by ss (1-2 KBF).,77,2026-04-03 14:00:00-04:00,"Penn St. Behrend Baseball Complex (Erie, PA)",70,MBA,2026
6567463,615459,Hilbert Hawks,615316,Penn St.-Behrend Behrend Lions,615459,9,top,"Harley Hoag grounded out to p, SAC (0-2 FF)3a David Earsing advanced to second.",78,2026-04-03 14:00:00-04:00,"Penn St. Behrend Baseball Complex (Erie, PA)",70,MBA,2026
6567463,615459,Hilbert Hawks,615316,Penn St.-Behrend Behrend Lions,615459,9,top,Reed Lesmeister singled through the left side (0-2 FF)3a David Earsing advanced to third.,79,2026-04-03 14:00:00-04:00,"Penn St. Behrend Baseball Complex (Erie, PA)",70,MBA,2026
6567463,615459,Hilbert Hawks,615316,Penn St.-Behrend Behrend Lions,615459,9,top,Billy LoBello pinch ran for Reed Lesmeister.,80,2026-04-03 14:00:00-04:00,"Penn St. Behrend Baseball Complex (Erie, PA)",70,MBA,2026
6567463,615459,Hilbert Hawks,615316,Penn St.-Behrend Behrend Lions,615459,9,top,Joey Haynes grounded into double play ss to 1b (0-0)3a Billy LoBello out on the play.,81,2026-04-03 14:00:00-04:00,"Penn St. Behrend Baseball Complex (Erie, PA)",70,MBA,2026
6567463,615459,Hilbert Hawks,615316,Penn St.-Behrend Behrend Lions,615316,9,bot,Tyler Burick struck out swinging (1-2 SBKS).,82,2026-04-03 14:00:00-04:00,"Penn St. Behrend Baseball Complex (Erie, PA)",70,MBA,2026
6567463,615459,Hilbert Hawks,615316,Penn St.-Behrend Behrend Lions,615316,9,bot,Danny Pedersen grounded out to 3b (1-2 SKB).,83,2026-04-03 14:00:00-04:00,"Penn St. Behrend Baseball Complex (Erie, PA)",70,MBA,2026
6567463,615459,Hilbert Hawks,615316,Penn St.-Behrend Behrend Lions,615316,9,bot,Joey Fazzone flied out to cf (0-0).,84,2026-04-03 14:00:00-04:00,"Penn St. Behrend Baseball Complex (Erie, PA)",70,MBA,2026
