game_id,away_team_id,away_team_name,home_team_id,home_team_name,batting_team,inning,top_bot,event_text,event_num,game_datetime,stadium_name,attendance,sport_id,season
6495803,615442,Pitt.-Bradford Panthers,615488,Penn St.-Altoona Lions,615442,1,top,Aiden Zimmerman popped up to cf (0-0).,1,2026-03-29 15:30:00-04:00,"Stewart Athletic Field (Altoona, PA)",188,MBA,2026
6495803,615442,Pitt.-Bradford Panthers,615488,Penn St.-Altoona Lions,615442,1,top,Mallick Metcalfe lined out to cf (3-2 BFBSBFF).,2,2026-03-29 15:30:00-04:00,"Stewart Athletic Field (Altoona, PA)",188,MBA,2026
6495803,615442,Pitt.-Bradford Panthers,615488,Penn St.-Altoona Lions,615442,1,top,Noah Avey walked (3-1 BBBKB).,3,2026-03-29 15:30:00-04:00,"Stewart Athletic Field (Altoona, PA)",188,MBA,2026
6495803,615442,Pitt.-Bradford Panthers,615488,Penn St.-Altoona Lions,615442,1,top,Alex Colwell singled to left field (0-2 KK); Noah Avey advanced to second.,4,2026-03-29 15:30:00-04:00,"Stewart Athletic Field (Altoona, PA)",188,MBA,2026
6495803,615442,Pitt.-Bradford Panthers,615488,Penn St.-Altoona Lions,615442,1,top,Trent Bielak reached on a fielder's choice (2-2 KFBB); Alex Colwell out at second ss to 2b.,5,2026-03-29 15:30:00-04:00,"Stewart Athletic Field (Altoona, PA)",188,MBA,2026
6495803,615442,Pitt.-Bradford Panthers,615488,Penn St.-Altoona Lions,615488,1,bot,Judd Dasso singled to third base (1-2 BKS).,6,2026-03-29 15:30:00-04:00,"Stewart Athletic Field (Altoona, PA)",188,MBA,2026
6495803,615442,Pitt.-Bradford Panthers,615488,Penn St.-Altoona Lions,615488,1,bot,Brian Chelli singled to second base (1-2 FSB); Judd Dasso advanced to second.,7,2026-03-29 15:30:00-04:00,"Stewart Athletic Field (Altoona, PA)",188,MBA,2026
6495803,615442,Pitt.-Bradford Panthers,615488,Penn St.-Altoona Lions,615488,1,bot,Jonathan Rauch reached on a fielder's choice (0-0); Brian Chelli out at second ss to 2b; Judd Dasso advanced to third.,8,2026-03-29 15:30:00-04:00,"Stewart Athletic Field (Altoona, PA)",188,MBA,2026
6495803,615442,Pitt.-Bradford Panthers,615488,Penn St.-Altoona Lions,615488,1,bot,Owen Dombrosky walked (3-0 BBBB); Jonathan Rauch advanced to second.,9,2026-03-29 15:30:00-04:00,"Stewart Athletic Field (Altoona, PA)",188,MBA,2026
6495803,615442,Pitt.-Bradford Panthers,615488,Penn St.-Altoona Lions,615488,1,bot,Zach Ingold grounded into double play 2b to 1b (3-1 BBBK); Owen Dombrosky out on the play.,10,2026-03-29 15:30:00-04:00,"Stewart Athletic Field (Altoona, PA)",188,MBA,2026
6495803,615442,Pitt.-Bradford Panthers,615488,Penn St.-Altoona Lions,615442,2,top,Ethan Obergfell grounded out to 2b (0-0).,11,2026-03-29 15:30:00-04:00,"Stewart Athletic Field (Altoona, PA)",188,MBA,2026
6495803,615442,Pitt.-Bradford Panthers,615488,Penn St.-Altoona Lions,615442,2,top,Logan McConnell grounded out to ss (0-1 K).,12,2026-03-29 15:30:00-04:00,"Stewart Athletic Field (Altoona, PA)",188,MBA,2026
6495803,615442,Pitt.-Bradford Panthers,615488,Penn St.-Altoona Lions,615442,2,top,Alex Ognen doubled to left field (1-0 B).,13,2026-03-29 15:30:00-04:00,"Stewart Athletic Field (Altoona, PA)",188,MBA,2026
6495803,615442,Pitt.-Bradford Panthers,615488,Penn St.-Altoona Lions,615442,2,top,Grant Casses flied out to lf (3-2 KBBSB).,14,2026-03-29 15:30:00-04:00,"Stewart Athletic Field (Altoona, PA)",188,MBA,2026
6495803,615442,Pitt.-Bradford Panthers,615488,Penn St.-Altoona Lions,615488,2,bot,Devin Colón singled up the middle (1-0 B).,15,2026-03-29 15:30:00-04:00,"Stewart Athletic Field (Altoona, PA)",188,MBA,2026
6495803,615442,Pitt.-Bradford Panthers,615488,Penn St.-Altoona Lions,615488,2,bot,Benjamin Ettien flied out to rf (1-2 KKFB).,16,2026-03-29 15:30:00-04:00,"Stewart Athletic Field (Altoona, PA)",188,MBA,2026
6495803,615442,Pitt.-Bradford Panthers,615488,Penn St.-Altoona Lions,615488,2,bot,Michael Labisi flied out to lf (0-0).,17,2026-03-29 15:30:00-04:00,"Stewart Athletic Field (Altoona, PA)",188,MBA,2026
6495803,615442,Pitt.-Bradford Panthers,615488,Penn St.-Altoona Lions,615488,2,bot,Jarek Szaflarski lined out to 3b (1-2 FBF).,18,2026-03-29 15:30:00-04:00,"Stewart Athletic Field (Altoona, PA)",188,MBA,2026
6495803,615442,Pitt.-Bradford Panthers,615488,Penn St.-Altoona Lions,615442,3,top,Aiden Zimmerman singled to left field (0-0).,19,2026-03-29 15:30:00-04:00,"Stewart Athletic Field (Altoona, PA)",188,MBA,2026
6495803,615442,Pitt.-Bradford Panthers,615488,Penn St.-Altoona Lions,615442,3,top,"Mallick Metcalfe grounded out to 1b unassisted, SAC, bunt (0-0); Aiden Zimmerman advanced to second.",20,2026-03-29 15:30:00-04:00,"Stewart Athletic Field (Altoona, PA)",188,MBA,2026
6495803,615442,Pitt.-Bradford Panthers,615488,Penn St.-Altoona Lions,615442,3,top,Noah Avey grounded out to 3b (2-1 BFB).,21,2026-03-29 15:30:00-04:00,"Stewart Athletic Field (Altoona, PA)",188,MBA,2026
6495803,615442,Pitt.-Bradford Panthers,615488,Penn St.-Altoona Lions,615442,3,top,"Alex Colwell singled to center field, RBI (2-2 KKBB); Aiden Zimmerman scored.",22,2026-03-29 15:30:00-04:00,"Stewart Athletic Field (Altoona, PA)",188,MBA,2026
6495803,615442,Pitt.-Bradford Panthers,615488,Penn St.-Altoona Lions,615442,3,top,Trent Bielak singled to left field (1-0 B); Alex Colwell advanced to second.,23,2026-03-29 15:30:00-04:00,"Stewart Athletic Field (Altoona, PA)",188,MBA,2026
6495803,615442,Pitt.-Bradford Panthers,615488,Penn St.-Altoona Lions,615442,3,top,Trent Bielak advanced to second on a passed ball; Alex Colwell advanced to third on a passed ball.,24,2026-03-29 15:30:00-04:00,"Stewart Athletic Field (Altoona, PA)",188,MBA,2026
6495803,615442,Pitt.-Bradford Panthers,615488,Penn St.-Altoona Lions,615442,3,top,Ethan Obergfell walked (3-1 KBBBB).,25,2026-03-29 15:30:00-04:00,"Stewart Athletic Field (Altoona, PA)",188,MBA,2026
6495803,615442,Pitt.-Bradford Panthers,615488,Penn St.-Altoona Lions,615442,3,top,"Logan McConnell doubled to center field, 3 RBI (0-0); Ethan Obergfell scored; Trent Bielak scored; Alex Colwell scored.",26,2026-03-29 15:30:00-04:00,"Stewart Athletic Field (Altoona, PA)",188,MBA,2026
6495803,615442,Pitt.-Bradford Panthers,615488,Penn St.-Altoona Lions,615442,3,top,Alex Ognen struck out swinging (3-2 KBFBBS).,27,2026-03-29 15:30:00-04:00,"Stewart Athletic Field (Altoona, PA)",188,MBA,2026
6495803,615442,Pitt.-Bradford Panthers,615488,Penn St.-Altoona Lions,615488,3,bot,Judd Dasso flied out to lf (1-2 SKB).,28,2026-03-29 15:30:00-04:00,"Stewart Athletic Field (Altoona, PA)",188,MBA,2026
6495803,615442,Pitt.-Bradford Panthers,615488,Penn St.-Altoona Lions,615488,3,bot,Brian Chelli grounded out to p (2-1 BBF).,29,2026-03-29 15:30:00-04:00,"Stewart Athletic Field (Altoona, PA)",188,MBA,2026
6495803,615442,Pitt.-Bradford Panthers,615488,Penn St.-Altoona Lions,615488,3,bot,Jonathan Rauch walked (3-2 BBBKFB).,30,2026-03-29 15:30:00-04:00,"Stewart Athletic Field (Altoona, PA)",188,MBA,2026
6495803,615442,Pitt.-Bradford Panthers,615488,Penn St.-Altoona Lions,615488,3,bot,Owen Dombrosky lined out to lf (0-0).,31,2026-03-29 15:30:00-04:00,"Stewart Athletic Field (Altoona, PA)",188,MBA,2026
6495803,615442,Pitt.-Bradford Panthers,615488,Penn St.-Altoona Lions,615442,4,top,Grant Casses flied out to lf (1-0 B).,32,2026-03-29 15:30:00-04:00,"Stewart Athletic Field (Altoona, PA)",188,MBA,2026
6495803,615442,Pitt.-Bradford Panthers,615488,Penn St.-Altoona Lions,615442,4,top,Aiden Zimmerman grounded out to ss (0-0).,33,2026-03-29 15:30:00-04:00,"Stewart Athletic Field (Altoona, PA)",188,MBA,2026
6495803,615442,Pitt.-Bradford Panthers,615488,Penn St.-Altoona Lions,615442,4,top,Mallick Metcalfe lined out to cf (0-1 K).,34,2026-03-29 15:30:00-04:00,"Stewart Athletic Field (Altoona, PA)",188,MBA,2026
6495803,615442,Pitt.-Bradford Panthers,615488,Penn St.-Altoona Lions,615488,4,bot,Zach Ingold flied out to lf (2-0 BB).,35,2026-03-29 15:30:00-04:00,"Stewart Athletic Field (Altoona, PA)",188,MBA,2026
6495803,615442,Pitt.-Bradford Panthers,615488,Penn St.-Altoona Lions,615488,4,bot,Devin Colón singled to left field (0-1 K).,36,2026-03-29 15:30:00-04:00,"Stewart Athletic Field (Altoona, PA)",188,MBA,2026
6495803,615442,Pitt.-Bradford Panthers,615488,Penn St.-Altoona Lions,615488,4,bot,Benjamin Ettien singled to right field (2-2 BFFB); Devin Colón advanced to second.,37,2026-03-29 15:30:00-04:00,"Stewart Athletic Field (Altoona, PA)",188,MBA,2026
6495803,615442,Pitt.-Bradford Panthers,615488,Penn St.-Altoona Lions,615488,4,bot,"Benjamin Ettien advanced to second; Devin Colón out at third c to 3b, caught stealing.",38,2026-03-29 15:30:00-04:00,"Stewart Athletic Field (Altoona, PA)",188,MBA,2026
6495803,615442,Pitt.-Bradford Panthers,615488,Penn St.-Altoona Lions,615488,4,bot,Michael Labisi struck out swinging (0-2 KSS).,39,2026-03-29 15:30:00-04:00,"Stewart Athletic Field (Altoona, PA)",188,MBA,2026
6495803,615442,Pitt.-Bradford Panthers,615488,Penn St.-Altoona Lions,615442,5,top,Noah Avey out at first 1b to p (0-0).,40,2026-03-29 15:30:00-04:00,"Stewart Athletic Field (Altoona, PA)",188,MBA,2026
6495803,615442,Pitt.-Bradford Panthers,615488,Penn St.-Altoona Lions,615442,5,top,Alex Colwell walked (3-2 FBFBFBB).,41,2026-03-29 15:30:00-04:00,"Stewart Athletic Field (Altoona, PA)",188,MBA,2026
6495803,615442,Pitt.-Bradford Panthers,615488,Penn St.-Altoona Lions,615442,5,top,Trent Bielak singled to left center (0-0); Alex Colwell advanced to second.,42,2026-03-29 15:30:00-04:00,"Stewart Athletic Field (Altoona, PA)",188,MBA,2026
6495803,615442,Pitt.-Bradford Panthers,615488,Penn St.-Altoona Lions,615442,5,top,Ethan Obergfell lined out to rf (2-2 BFBF).,43,2026-03-29 15:30:00-04:00,"Stewart Athletic Field (Altoona, PA)",188,MBA,2026
6495803,615442,Pitt.-Bradford Panthers,615488,Penn St.-Altoona Lions,615442,5,top,"Logan McConnell singled to center field, advanced to second on the throw, RBI (3-2 BSBBF); Trent Bielak advanced to third; Alex Colwell scored.",44,2026-03-29 15:30:00-04:00,"Stewart Athletic Field (Altoona, PA)",188,MBA,2026
6495803,615442,Pitt.-Bradford Panthers,615488,Penn St.-Altoona Lions,615442,5,top,Michael Tedrick to p for Eric Seick.,45,2026-03-29 15:30:00-04:00,"Stewart Athletic Field (Altoona, PA)",188,MBA,2026
6495803,615442,Pitt.-Bradford Panthers,615488,Penn St.-Altoona Lions,615442,5,top,Logan McConnell advanced to third on a wild pitch; Trent Bielak scored on a wild pitch.,46,2026-03-29 15:30:00-04:00,"Stewart Athletic Field (Altoona, PA)",188,MBA,2026
6495803,615442,Pitt.-Bradford Panthers,615488,Penn St.-Altoona Lions,615442,5,top,Alex Ognen flied out to rf (3-2 KBBBKF).,47,2026-03-29 15:30:00-04:00,"Stewart Athletic Field (Altoona, PA)",188,MBA,2026
6495803,615442,Pitt.-Bradford Panthers,615488,Penn St.-Altoona Lions,615488,5,bot,Jarek Szaflarski flied out to rf (2-2 FFFBB).,48,2026-03-29 15:30:00-04:00,"Stewart Athletic Field (Altoona, PA)",188,MBA,2026
6495803,615442,Pitt.-Bradford Panthers,615488,Penn St.-Altoona Lions,615488,5,bot,Judd Dasso flied out to lf (1-2 BFF).,49,2026-03-29 15:30:00-04:00,"Stewart Athletic Field (Altoona, PA)",188,MBA,2026
6495803,615442,Pitt.-Bradford Panthers,615488,Penn St.-Altoona Lions,615488,5,bot,Brian Chelli flied out to cf (3-1 BBFB).,50,2026-03-29 15:30:00-04:00,"Stewart Athletic Field (Altoona, PA)",188,MBA,2026
6495803,615442,Pitt.-Bradford Panthers,615488,Penn St.-Altoona Lions,615442,6,top,Grant Casses hit by pitch (1-0 H).,51,2026-03-29 15:30:00-04:00,"Stewart Athletic Field (Altoona, PA)",188,MBA,2026
6495803,615442,Pitt.-Bradford Panthers,615488,Penn St.-Altoona Lions,615442,6,top,Grant Casses stole second.,52,2026-03-29 15:30:00-04:00,"Stewart Athletic Field (Altoona, PA)",188,MBA,2026
6495803,615442,Pitt.-Bradford Panthers,615488,Penn St.-Altoona Lions,615442,6,top,Aiden Zimmerman struck out swinging (3-2 BBFKFBS).,53,2026-03-29 15:30:00-04:00,"Stewart Athletic Field (Altoona, PA)",188,MBA,2026
6495803,615442,Pitt.-Bradford Panthers,615488,Penn St.-Altoona Lions,615442,6,top,Mallick Metcalfe grounded out to 2b (2-1 BFB); Grant Casses advanced to third.,54,2026-03-29 15:30:00-04:00,"Stewart Athletic Field (Altoona, PA)",188,MBA,2026
6495803,615442,Pitt.-Bradford Panthers,615488,Penn St.-Altoona Lions,615442,6,top,Noah Avey grounded out to 2b (0-2 KF).,55,2026-03-29 15:30:00-04:00,"Stewart Athletic Field (Altoona, PA)",188,MBA,2026
6495803,615442,Pitt.-Bradford Panthers,615488,Penn St.-Altoona Lions,615488,6,bot,Jonathan Rauch grounded out to 2b (1-2 FKB).,56,2026-03-29 15:30:00-04:00,"Stewart Athletic Field (Altoona, PA)",188,MBA,2026
6495803,615442,Pitt.-Bradford Panthers,615488,Penn St.-Altoona Lions,615488,6,bot,Owen Dombrosky flied out to cf (0-0).,57,2026-03-29 15:30:00-04:00,"Stewart Athletic Field (Altoona, PA)",188,MBA,2026
6495803,615442,Pitt.-Bradford Panthers,615488,Penn St.-Altoona Lions,615488,6,bot,Zach Ingold singled to shortstop (1-1 BK).,58,2026-03-29 15:30:00-04:00,"Stewart Athletic Field (Altoona, PA)",188,MBA,2026
6495803,615442,Pitt.-Bradford Panthers,615488,Penn St.-Altoona Lions,615488,6,bot,Devin Colón struck out swinging (3-2 FBFBFBS).,59,2026-03-29 15:30:00-04:00,"Stewart Athletic Field (Altoona, PA)",188,MBA,2026
6495803,615442,Pitt.-Bradford Panthers,615488,Penn St.-Altoona Lions,615442,7,top,Alex Colwell struck out swinging (0-2 KKS).,60,2026-03-29 15:30:00-04:00,"Stewart Athletic Field (Altoona, PA)",188,MBA,2026
6495803,615442,Pitt.-Bradford Panthers,615488,Penn St.-Altoona Lions,615442,7,top,Trent Bielak singled to pitcher (0-1 F).,61,2026-03-29 15:30:00-04:00,"Stewart Athletic Field (Altoona, PA)",188,MBA,2026
6495803,615442,Pitt.-Bradford Panthers,615488,Penn St.-Altoona Lions,615442,7,top,"Ethan Obergfell singled to third base, bunt (0-0); Trent Bielak advanced to second.",62,2026-03-29 15:30:00-04:00,"Stewart Athletic Field (Altoona, PA)",188,MBA,2026
6495803,615442,Pitt.-Bradford Panthers,615488,Penn St.-Altoona Lions,615442,7,top,"Logan McConnell out at first 1b to 2b, SAC, bunt (1-0 B); Ethan Obergfell advanced to second; Trent Bielak advanced to third.",63,2026-03-29 15:30:00-04:00,"Stewart Athletic Field (Altoona, PA)",188,MBA,2026
6495803,615442,Pitt.-Bradford Panthers,615488,Penn St.-Altoona Lions,615442,7,top,Alex Ognen flied out to cf (0-0).,64,2026-03-29 15:30:00-04:00,"Stewart Athletic Field (Altoona, PA)",188,MBA,2026
6495803,615442,Pitt.-Bradford Panthers,615488,Penn St.-Altoona Lions,615488,7,bot,Benjamin Ettien walked (3-2 KBBFBFB).,65,2026-03-29 15:30:00-04:00,"Stewart Athletic Field (Altoona, PA)",188,MBA,2026
6495803,615442,Pitt.-Bradford Panthers,615488,Penn St.-Altoona Lions,615488,7,bot,Michael Labisi struck out looking (2-2 KFFBFBK).,66,2026-03-29 15:30:00-04:00,"Stewart Athletic Field (Altoona, PA)",188,MBA,2026
6495803,615442,Pitt.-Bradford Panthers,615488,Penn St.-Altoona Lions,615488,7,bot,Maddox Stadler to p for Patrick Synan.,67,2026-03-29 15:30:00-04:00,"Stewart Athletic Field (Altoona, PA)",188,MBA,2026
6495803,615442,Pitt.-Bradford Panthers,615488,Penn St.-Altoona Lions,615488,7,bot,Jarek Szaflarski struck out looking (1-2 SFBK).,68,2026-03-29 15:30:00-04:00,"Stewart Athletic Field (Altoona, PA)",188,MBA,2026
6495803,615442,Pitt.-Bradford Panthers,615488,Penn St.-Altoona Lions,615488,7,bot,Judd Dasso flied out to lf (0-0).,69,2026-03-29 15:30:00-04:00,"Stewart Athletic Field (Altoona, PA)",188,MBA,2026
6495803,615442,Pitt.-Bradford Panthers,615488,Penn St.-Altoona Lions,615442,8,top,Grant Casses struck out swinging (0-2 KKS).,70,2026-03-29 15:30:00-04:00,"Stewart Athletic Field (Altoona, PA)",188,MBA,2026
6495803,615442,Pitt.-Bradford Panthers,615488,Penn St.-Altoona Lions,615442,8,top,Aiden Zimmerman popped up to ss (0-1 K).,71,2026-03-29 15:30:00-04:00,"Stewart Athletic Field (Altoona, PA)",188,MBA,2026
6495803,615442,Pitt.-Bradford Panthers,615488,Penn St.-Altoona Lions,615442,8,top,Mallick Metcalfe hit by pitch (3-2 BFBBFH).,72,2026-03-29 15:30:00-04:00,"Stewart Athletic Field (Altoona, PA)",188,MBA,2026
6495803,615442,Pitt.-Bradford Panthers,615488,Penn St.-Altoona Lions,615442,8,top,Noah Avey walked (3-1 BKBBB); Mallick Metcalfe advanced to second.,73,2026-03-29 15:30:00-04:00,"Stewart Athletic Field (Altoona, PA)",188,MBA,2026
6495803,615442,Pitt.-Bradford Panthers,615488,Penn St.-Altoona Lions,615442,8,top,"Alex Colwell homered to left field, 3 RBI (3-2 BBFFB); Noah Avey scored; Mallick Metcalfe scored.",74,2026-03-29 15:30:00-04:00,"Stewart Athletic Field (Altoona, PA)",188,MBA,2026
6495803,615442,Pitt.-Bradford Panthers,615488,Penn St.-Altoona Lions,615442,8,top,Daniel Ditterline to p for Michael Tedrick.,75,2026-03-29 15:30:00-04:00,"Stewart Athletic Field (Altoona, PA)",188,MBA,2026
6495803,615442,Pitt.-Bradford Panthers,615488,Penn St.-Altoona Lions,615442,8,top,Trent Bielak struck out swinging (0-2 FKFS).,76,2026-03-29 15:30:00-04:00,"Stewart Athletic Field (Altoona, PA)",188,MBA,2026
6495803,615442,Pitt.-Bradford Panthers,615488,Penn St.-Altoona Lions,615488,8,bot,Brian Chelli flied out to lf (2-2 BBFF).,77,2026-03-29 15:30:00-04:00,"Stewart Athletic Field (Altoona, PA)",188,MBA,2026
6495803,615442,Pitt.-Bradford Panthers,615488,Penn St.-Altoona Lions,615488,8,bot,"Jonathan Rauch homered to left center, RBI (0-0).",78,2026-03-29 15:30:00-04:00,"Stewart Athletic Field (Altoona, PA)",188,MBA,2026
6495803,615442,Pitt.-Bradford Panthers,615488,Penn St.-Altoona Lions,615488,8,bot,Owen Dombrosky doubled to left center (2-2 BBKF).,79,2026-03-29 15:30:00-04:00,"Stewart Athletic Field (Altoona, PA)",188,MBA,2026
6495803,615442,Pitt.-Bradford Panthers,615488,Penn St.-Altoona Lions,615488,8,bot,Zach Ingold walked (3-0 BBBB).,80,2026-03-29 15:30:00-04:00,"Stewart Athletic Field (Altoona, PA)",188,MBA,2026
6495803,615442,Pitt.-Bradford Panthers,615488,Penn St.-Altoona Lions,615488,8,bot,Devin Colón struck out looking (1-2 KFFBK).,81,2026-03-29 15:30:00-04:00,"Stewart Athletic Field (Altoona, PA)",188,MBA,2026
6495803,615442,Pitt.-Bradford Panthers,615488,Penn St.-Altoona Lions,615488,8,bot,Benjamin Ettien flied out to rf (1-1 BK).,82,2026-03-29 15:30:00-04:00,"Stewart Athletic Field (Altoona, PA)",188,MBA,2026
6495803,615442,Pitt.-Bradford Panthers,615488,Penn St.-Altoona Lions,615442,9,top,Ethan Obergfell singled to right center (0-1 K).,83,2026-03-29 15:30:00-04:00,"Stewart Athletic Field (Altoona, PA)",188,MBA,2026
6495803,615442,Pitt.-Bradford Panthers,615488,Penn St.-Altoona Lions,615442,9,top,Logan McConnell singled to left field (0-0); Ethan Obergfell advanced to third.,84,2026-03-29 15:30:00-04:00,"Stewart Athletic Field (Altoona, PA)",188,MBA,2026
6495803,615442,Pitt.-Bradford Panthers,615488,Penn St.-Altoona Lions,615442,9,top,Logan McConnell stole second.,85,2026-03-29 15:30:00-04:00,"Stewart Athletic Field (Altoona, PA)",188,MBA,2026
6495803,615442,Pitt.-Bradford Panthers,615488,Penn St.-Altoona Lions,615442,9,top,Alex Ognen struck out swinging (2-2 BFBFS).,86,2026-03-29 15:30:00-04:00,"Stewart Athletic Field (Altoona, PA)",188,MBA,2026
6495803,615442,Pitt.-Bradford Panthers,615488,Penn St.-Altoona Lions,615442,9,top,Grant Casses popped up to rf (0-0).,87,2026-03-29 15:30:00-04:00,"Stewart Athletic Field (Altoona, PA)",188,MBA,2026
6495803,615442,Pitt.-Bradford Panthers,615488,Penn St.-Altoona Lions,615442,9,top,"Aiden Zimmerman singled to right field, RBI (0-0); Logan McConnell advanced to third; Ethan Obergfell scored.",88,2026-03-29 15:30:00-04:00,"Stewart Athletic Field (Altoona, PA)",188,MBA,2026
6495803,615442,Pitt.-Bradford Panthers,615488,Penn St.-Altoona Lions,615442,9,top,Aiden Zimmerman stole second.,89,2026-03-29 15:30:00-04:00,"Stewart Athletic Field (Altoona, PA)",188,MBA,2026
6495803,615442,Pitt.-Bradford Panthers,615488,Penn St.-Altoona Lions,615442,9,top,Mallick Metcalfe grounded out to ss (2-1 BBS).,90,2026-03-29 15:30:00-04:00,"Stewart Athletic Field (Altoona, PA)",188,MBA,2026
6495803,615442,Pitt.-Bradford Panthers,615488,Penn St.-Altoona Lions,615488,9,bot,Michael Labisi walked (3-2 BBKSBB).,91,2026-03-29 15:30:00-04:00,"Stewart Athletic Field (Altoona, PA)",188,MBA,2026
6495803,615442,Pitt.-Bradford Panthers,615488,Penn St.-Altoona Lions,615488,9,bot,Jarek Szaflarski doubled down the lf line (2-2 FFBBFFF); Michael Labisi advanced to third.,92,2026-03-29 15:30:00-04:00,"Stewart Athletic Field (Altoona, PA)",188,MBA,2026
6495803,615442,Pitt.-Bradford Panthers,615488,Penn St.-Altoona Lions,615488,9,bot,"Judd Dasso flied out to cf, sacrifice fly, RBI (1-0 B); Jarek Szaflarski advanced to third; Michael Labisi scored.",93,2026-03-29 15:30:00-04:00,"Stewart Athletic Field (Altoona, PA)",188,MBA,2026
6495803,615442,Pitt.-Bradford Panthers,615488,Penn St.-Altoona Lions,615488,9,bot,"Brian Chelli grounded out to 2b, RBI (0-0); Jarek Szaflarski scored.",94,2026-03-29 15:30:00-04:00,"Stewart Athletic Field (Altoona, PA)",188,MBA,2026
6495803,615442,Pitt.-Bradford Panthers,615488,Penn St.-Altoona Lions,615488,9,bot,Jonathan Rauch walked (3-2 BFBBSB).,95,2026-03-29 15:30:00-04:00,"Stewart Athletic Field (Altoona, PA)",188,MBA,2026
6495803,615442,Pitt.-Bradford Panthers,615488,Penn St.-Altoona Lions,615488,9,bot,Owen Dombrosky lined out to cf (1-0 B).,96,2026-03-29 15:30:00-04:00,"Stewart Athletic Field (Altoona, PA)",188,MBA,2026
6497810,615028,Davis & Elkins Senators,614996,Frostburg St. Bobcats,615028,1,top,Kenny Capria out at first 1b to p (0-0).,1,2026-03-29 15:30:00-04:00,"Bob Wells Field (Frostburg, MD)",140,MBA,2026
6497810,615028,Davis & Elkins Senators,614996,Frostburg St. Bobcats,615028,1,top,Zach Calef-Boring singled to center field (0-0).,2,2026-03-29 15:30:00-04:00,"Bob Wells Field (Frostburg, MD)",140,MBA,2026
6497810,615028,Davis & Elkins Senators,614996,Frostburg St. Bobcats,615028,1,top,Carsan Strolla flied out to rf (0-0).,3,2026-03-29 15:30:00-04:00,"Bob Wells Field (Frostburg, MD)",140,MBA,2026
6497810,615028,Davis & Elkins Senators,614996,Frostburg St. Bobcats,615028,1,top,Grant Mealey struck out swinging (0-0).,4,2026-03-29 15:30:00-04:00,"Bob Wells Field (Frostburg, MD)",140,MBA,2026
6497810,615028,Davis & Elkins Senators,614996,Frostburg St. Bobcats,614996,1,bot,Kyle Ball to p for Jeston Showalter.,5,2026-03-29 15:30:00-04:00,"Bob Wells Field (Frostburg, MD)",140,MBA,2026
6497810,615028,Davis & Elkins Senators,614996,Frostburg St. Bobcats,614996,1,bot,Brian Scott singled to center field (0-0).,6,2026-03-29 15:30:00-04:00,"Bob Wells Field (Frostburg, MD)",140,MBA,2026
6497810,615028,Davis & Elkins Senators,614996,Frostburg St. Bobcats,614996,1,bot,Tanner Cunningham reached on a fielder's choice (0-0)3a Brian Scott out at second 3b to 2b.,7,2026-03-29 15:30:00-04:00,"Bob Wells Field (Frostburg, MD)",140,MBA,2026
6497810,615028,Davis & Elkins Senators,614996,Frostburg St. Bobcats,614996,1,bot,"Jackson Schalick homered, 2 RBI (0-0)3a Tanner Cunningham scored.",8,2026-03-29 15:30:00-04:00,"Bob Wells Field (Frostburg, MD)",140,MBA,2026
6497810,615028,Davis & Elkins Senators,614996,Frostburg St. Bobcats,614996,1,bot,Jake Holler hit by pitch (0-0).,9,2026-03-29 15:30:00-04:00,"Bob Wells Field (Frostburg, MD)",140,MBA,2026
6497810,615028,Davis & Elkins Senators,614996,Frostburg St. Bobcats,614996,1,bot,Drew Jourdan grounded into double play ss to 2b to 1b (0-0)3a Jake Holler out on the play.,10,2026-03-29 15:30:00-04:00,"Bob Wells Field (Frostburg, MD)",140,MBA,2026
6497810,615028,Davis & Elkins Senators,614996,Frostburg St. Bobcats,615028,2,top,Nick Colarossi singled to left field (0-0).,11,2026-03-29 15:30:00-04:00,"Bob Wells Field (Frostburg, MD)",140,MBA,2026
6497810,615028,Davis & Elkins Senators,614996,Frostburg St. Bobcats,615028,2,top,Nate Silvus flied out to lf (0-0).,12,2026-03-29 15:30:00-04:00,"Bob Wells Field (Frostburg, MD)",140,MBA,2026
6497810,615028,Davis & Elkins Senators,614996,Frostburg St. Bobcats,615028,2,top,Jett Walters grounded out to 1b (0-0)3a Nick Colarossi out at second 1b to ss.,13,2026-03-29 15:30:00-04:00,"Bob Wells Field (Frostburg, MD)",140,MBA,2026
6497810,615028,Davis & Elkins Senators,614996,Frostburg St. Bobcats,614996,2,bot,Will Mollman struck out swinging (0-0).,14,2026-03-29 15:30:00-04:00,"Bob Wells Field (Frostburg, MD)",140,MBA,2026
6497810,615028,Davis & Elkins Senators,614996,Frostburg St. Bobcats,614996,2,bot,CJ Carmichael grounded out to 3b (0-0).,15,2026-03-29 15:30:00-04:00,"Bob Wells Field (Frostburg, MD)",140,MBA,2026
6497810,615028,Davis & Elkins Senators,614996,Frostburg St. Bobcats,614996,2,bot,Ryan Bouma flied out to rf (0-0).,16,2026-03-29 15:30:00-04:00,"Bob Wells Field (Frostburg, MD)",140,MBA,2026
6497810,615028,Davis & Elkins Senators,614996,Frostburg St. Bobcats,615028,3,top,Connor Hyde hit by pitch (0-0).,17,2026-03-29 15:30:00-04:00,"Bob Wells Field (Frostburg, MD)",140,MBA,2026
6497810,615028,Davis & Elkins Senators,614996,Frostburg St. Bobcats,615028,3,top,Brody Rumon popped up to p (0-0).,18,2026-03-29 15:30:00-04:00,"Bob Wells Field (Frostburg, MD)",140,MBA,2026
6497810,615028,Davis & Elkins Senators,614996,Frostburg St. Bobcats,615028,3,top,Kenny Capria singled (0-0)3a Connor Hyde advanced to second.,19,2026-03-29 15:30:00-04:00,"Bob Wells Field (Frostburg, MD)",140,MBA,2026
6497810,615028,Davis & Elkins Senators,614996,Frostburg St. Bobcats,615028,3,top,Zach Calef-Boring walked (0-0)3a Kenny Capria advanced to second3a Connor Hyde advanced to third.,20,2026-03-29 15:30:00-04:00,"Bob Wells Field (Frostburg, MD)",140,MBA,2026
6497810,615028,Davis & Elkins Senators,614996,Frostburg St. Bobcats,615028,3,top,Carsan Strolla popped up to ss (0-0).,21,2026-03-29 15:30:00-04:00,"Bob Wells Field (Frostburg, MD)",140,MBA,2026
6497810,615028,Davis & Elkins Senators,614996,Frostburg St. Bobcats,615028,3,top,Grant Mealey struck out looking (0-0).,22,2026-03-29 15:30:00-04:00,"Bob Wells Field (Frostburg, MD)",140,MBA,2026
6497810,615028,Davis & Elkins Senators,614996,Frostburg St. Bobcats,614996,3,bot,Mason Kelleher walked (0-0).,23,2026-03-29 15:30:00-04:00,"Bob Wells Field (Frostburg, MD)",140,MBA,2026
6497810,615028,Davis & Elkins Senators,614996,Frostburg St. Bobcats,614996,3,bot,Brian Scott grounded out to p (0-0)3a Mason Kelleher advanced to second.,24,2026-03-29 15:30:00-04:00,"Bob Wells Field (Frostburg, MD)",140,MBA,2026
6497810,615028,Davis & Elkins Senators,614996,Frostburg St. Bobcats,614996,3,bot,Tanner Cunningham grounded out to p (0-0)3a Mason Kelleher advanced to third.,25,2026-03-29 15:30:00-04:00,"Bob Wells Field (Frostburg, MD)",140,MBA,2026
6497810,615028,Davis & Elkins Senators,614996,Frostburg St. Bobcats,614996,3,bot,Jackson Schalick lined out to ss (0-0).,26,2026-03-29 15:30:00-04:00,"Bob Wells Field (Frostburg, MD)",140,MBA,2026
6497810,615028,Davis & Elkins Senators,614996,Frostburg St. Bobcats,615028,4,top,Nick Colarossi hit by pitch (0-0).,27,2026-03-29 15:30:00-04:00,"Bob Wells Field (Frostburg, MD)",140,MBA,2026
6497810,615028,Davis & Elkins Senators,614996,Frostburg St. Bobcats,615028,4,top,Nate Silvus hit by pitch (0-0)3a Nick Colarossi advanced to second.,28,2026-03-29 15:30:00-04:00,"Bob Wells Field (Frostburg, MD)",140,MBA,2026
6497810,615028,Davis & Elkins Senators,614996,Frostburg St. Bobcats,615028,4,top,Bryce Bauer to p for Kamden Sowers.,29,2026-03-29 15:30:00-04:00,"Bob Wells Field (Frostburg, MD)",140,MBA,2026
6497810,615028,Davis & Elkins Senators,614996,Frostburg St. Bobcats,615028,4,top,Jett Walters out at first p to 2b (0-0)3a Nate Silvus advanced to second3a Nick Colarossi advanced to third.,30,2026-03-29 15:30:00-04:00,"Bob Wells Field (Frostburg, MD)",140,MBA,2026
6497810,615028,Davis & Elkins Senators,614996,Frostburg St. Bobcats,615028,4,top,"Connor Hyde grounded out to 2b, RBI (0-0)3a Nate Silvus advanced to third3a Nick Colarossi scored.",31,2026-03-29 15:30:00-04:00,"Bob Wells Field (Frostburg, MD)",140,MBA,2026
6497810,615028,Davis & Elkins Senators,614996,Frostburg St. Bobcats,615028,4,top,Brody Rumon struck out looking (0-0).,32,2026-03-29 15:30:00-04:00,"Bob Wells Field (Frostburg, MD)",140,MBA,2026
6497810,615028,Davis & Elkins Senators,614996,Frostburg St. Bobcats,614996,4,bot,Jake Holler grounded out to 3b (0-0).,33,2026-03-29 15:30:00-04:00,"Bob Wells Field (Frostburg, MD)",140,MBA,2026
6497810,615028,Davis & Elkins Senators,614996,Frostburg St. Bobcats,614996,4,bot,Drew Jourdan walked (0-0).,34,2026-03-29 15:30:00-04:00,"Bob Wells Field (Frostburg, MD)",140,MBA,2026
6497810,615028,Davis & Elkins Senators,614996,Frostburg St. Bobcats,614996,4,bot,Drew Jourdan stole second.,35,2026-03-29 15:30:00-04:00,"Bob Wells Field (Frostburg, MD)",140,MBA,2026
6497810,615028,Davis & Elkins Senators,614996,Frostburg St. Bobcats,614996,4,bot,Will Mollman flied out to cf (0-0).,36,2026-03-29 15:30:00-04:00,"Bob Wells Field (Frostburg, MD)",140,MBA,2026
6497810,615028,Davis & Elkins Senators,614996,Frostburg St. Bobcats,614996,4,bot,"CJ Carmichael reached first on an error by ss (0-0)3a Drew Jourdan scored, unearned.",37,2026-03-29 15:30:00-04:00,"Bob Wells Field (Frostburg, MD)",140,MBA,2026
6497810,615028,Davis & Elkins Senators,614996,Frostburg St. Bobcats,614996,4,bot,CJ Carmichael stole second.,38,2026-03-29 15:30:00-04:00,"Bob Wells Field (Frostburg, MD)",140,MBA,2026
6497810,615028,Davis & Elkins Senators,614996,Frostburg St. Bobcats,614996,4,bot,Ryan Bouma struck out looking (0-0).,39,2026-03-29 15:30:00-04:00,"Bob Wells Field (Frostburg, MD)",140,MBA,2026
6497810,615028,Davis & Elkins Senators,614996,Frostburg St. Bobcats,615028,5,top,Kenny Capria singled to center field (0-0).,40,2026-03-29 15:30:00-04:00,"Bob Wells Field (Frostburg, MD)",140,MBA,2026
6497810,615028,Davis & Elkins Senators,614996,Frostburg St. Bobcats,615028,5,top,Zach Calef-Boring reached on a fielder's choice (0-0)3a Kenny Capria out at second ss to 2b.,41,2026-03-29 15:30:00-04:00,"Bob Wells Field (Frostburg, MD)",140,MBA,2026
6497810,615028,Davis & Elkins Senators,614996,Frostburg St. Bobcats,615028,5,top,Carsan Strolla struck out looking (0-0).,42,2026-03-29 15:30:00-04:00,"Bob Wells Field (Frostburg, MD)",140,MBA,2026
6497810,615028,Davis & Elkins Senators,614996,Frostburg St. Bobcats,615028,5,top,Grant Mealey flied out to rf (0-0).,43,2026-03-29 15:30:00-04:00,"Bob Wells Field (Frostburg, MD)",140,MBA,2026
6497810,615028,Davis & Elkins Senators,614996,Frostburg St. Bobcats,614996,5,bot,Carson Gorby to p for Kyle Ball.,44,2026-03-29 15:30:00-04:00,"Bob Wells Field (Frostburg, MD)",140,MBA,2026
6497810,615028,Davis & Elkins Senators,614996,Frostburg St. Bobcats,614996,5,bot,Mason Kelleher walked (0-0).,45,2026-03-29 15:30:00-04:00,"Bob Wells Field (Frostburg, MD)",140,MBA,2026
6497810,615028,Davis & Elkins Senators,614996,Frostburg St. Bobcats,614996,5,bot,Brian Scott reached first on an error by 2b (0-0)3a Mason Kelleher out at second ss to 2b.,46,2026-03-29 15:30:00-04:00,"Bob Wells Field (Frostburg, MD)",140,MBA,2026
6497810,615028,Davis & Elkins Senators,614996,Frostburg St. Bobcats,614996,5,bot,Tanner Cunningham singled (0-0)3a Brian Scott advanced to second.,47,2026-03-29 15:30:00-04:00,"Bob Wells Field (Frostburg, MD)",140,MBA,2026
6497810,615028,Davis & Elkins Senators,614996,Frostburg St. Bobcats,614996,5,bot,Jackson Schalick flied out to lf (0-0).,48,2026-03-29 15:30:00-04:00,"Bob Wells Field (Frostburg, MD)",140,MBA,2026
6497810,615028,Davis & Elkins Senators,614996,Frostburg St. Bobcats,614996,5,bot,"Jake Holler tripled to right field, 2 RBI (0-0)3a Tanner Cunningham scored3a Brian Scott scored, unearned.",49,2026-03-29 15:30:00-04:00,"Bob Wells Field (Frostburg, MD)",140,MBA,2026
6497810,615028,Davis & Elkins Senators,614996,Frostburg St. Bobcats,614996,5,bot,Drew Jourdan struck out swinging (0-0).,50,2026-03-29 15:30:00-04:00,"Bob Wells Field (Frostburg, MD)",140,MBA,2026
6497810,615028,Davis & Elkins Senators,614996,Frostburg St. Bobcats,615028,6,top,Nick Colarossi struck out looking (0-0).,51,2026-03-29 15:30:00-04:00,"Bob Wells Field (Frostburg, MD)",140,MBA,2026
6497810,615028,Davis & Elkins Senators,614996,Frostburg St. Bobcats,615028,6,top,Nate Silvus grounded out to ss (0-0).,52,2026-03-29 15:30:00-04:00,"Bob Wells Field (Frostburg, MD)",140,MBA,2026
6497810,615028,Davis & Elkins Senators,614996,Frostburg St. Bobcats,615028,6,top,Jett Walters out at first 1b to p (0-0).,53,2026-03-29 15:30:00-04:00,"Bob Wells Field (Frostburg, MD)",140,MBA,2026
6497810,615028,Davis & Elkins Senators,614996,Frostburg St. Bobcats,614996,6,bot,Will Mollman singled to right field (0-0).,54,2026-03-29 15:30:00-04:00,"Bob Wells Field (Frostburg, MD)",140,MBA,2026
6497810,615028,Davis & Elkins Senators,614996,Frostburg St. Bobcats,614996,6,bot,Tiernan Daly pinch ran for Will Mollman.,55,2026-03-29 15:30:00-04:00,"Bob Wells Field (Frostburg, MD)",140,MBA,2026
6497810,615028,Davis & Elkins Senators,614996,Frostburg St. Bobcats,614996,6,bot,CJ Carmichael flied out to cf (0-0).,56,2026-03-29 15:30:00-04:00,"Bob Wells Field (Frostburg, MD)",140,MBA,2026
6497810,615028,Davis & Elkins Senators,614996,Frostburg St. Bobcats,614996,6,bot,Tiernan Daly stole second.,57,2026-03-29 15:30:00-04:00,"Bob Wells Field (Frostburg, MD)",140,MBA,2026
6497810,615028,Davis & Elkins Senators,614996,Frostburg St. Bobcats,614996,6,bot,Ryan Bouma walked (0-0).,58,2026-03-29 15:30:00-04:00,"Bob Wells Field (Frostburg, MD)",140,MBA,2026
6497810,615028,Davis & Elkins Senators,614996,Frostburg St. Bobcats,614996,6,bot,Charley Plummer to p for Carson Gorby.,59,2026-03-29 15:30:00-04:00,"Bob Wells Field (Frostburg, MD)",140,MBA,2026
6497810,615028,Davis & Elkins Senators,614996,Frostburg St. Bobcats,614996,6,bot,Ryan Bouma stole second3a Tiernan Daly stole third.,60,2026-03-29 15:30:00-04:00,"Bob Wells Field (Frostburg, MD)",140,MBA,2026
6497810,615028,Davis & Elkins Senators,614996,Frostburg St. Bobcats,614996,6,bot,Mason Kelleher walked (0-0).,61,2026-03-29 15:30:00-04:00,"Bob Wells Field (Frostburg, MD)",140,MBA,2026
6497810,615028,Davis & Elkins Senators,614996,Frostburg St. Bobcats,614996,6,bot,Brian Scott walked (0-0)3a Mason Kelleher advanced to second3a Ryan Bouma advanced to third3a Tiernan Daly scored.,62,2026-03-29 15:30:00-04:00,"Bob Wells Field (Frostburg, MD)",140,MBA,2026
6497810,615028,Davis & Elkins Senators,614996,Frostburg St. Bobcats,614996,6,bot,Bryce Hines to p for Charley Plummer.,63,2026-03-29 15:30:00-04:00,"Bob Wells Field (Frostburg, MD)",140,MBA,2026
6497810,615028,Davis & Elkins Senators,614996,Frostburg St. Bobcats,614996,6,bot,Tanner Cunningham struck out swinging (0-0).,64,2026-03-29 15:30:00-04:00,"Bob Wells Field (Frostburg, MD)",140,MBA,2026
6497810,615028,Davis & Elkins Senators,614996,Frostburg St. Bobcats,614996,6,bot,"Jackson Schalick reached first on an error by ss (0-0)3a Brian Scott advanced to third3a Mason Kelleher scored, unearned3a Ryan Bouma scored, unearned.",65,2026-03-29 15:30:00-04:00,"Bob Wells Field (Frostburg, MD)",140,MBA,2026
6497810,615028,Davis & Elkins Senators,614996,Frostburg St. Bobcats,614996,6,bot,Jackson Schalick stole second.,66,2026-03-29 15:30:00-04:00,"Bob Wells Field (Frostburg, MD)",140,MBA,2026
6497810,615028,Davis & Elkins Senators,614996,Frostburg St. Bobcats,614996,6,bot,Jake Holler popped up to 1b (0-0).,67,2026-03-29 15:30:00-04:00,"Bob Wells Field (Frostburg, MD)",140,MBA,2026
6497810,615028,Davis & Elkins Senators,614996,Frostburg St. Bobcats,615028,7,top,Zane Bohn to 1b for Tiernan Daly.,68,2026-03-29 15:30:00-04:00,"Bob Wells Field (Frostburg, MD)",140,MBA,2026
6497810,615028,Davis & Elkins Senators,614996,Frostburg St. Bobcats,615028,7,top,Joey Serafin to p for Bryce Bauer.,69,2026-03-29 15:30:00-04:00,"Bob Wells Field (Frostburg, MD)",140,MBA,2026
6497810,615028,Davis & Elkins Senators,614996,Frostburg St. Bobcats,615028,7,top,Connor Hyde reached first on an error by 3b (0-0).,70,2026-03-29 15:30:00-04:00,"Bob Wells Field (Frostburg, MD)",140,MBA,2026
6497810,615028,Davis & Elkins Senators,614996,Frostburg St. Bobcats,615028,7,top,Connor Hyde advanced to second on a passed ball.,71,2026-03-29 15:30:00-04:00,"Bob Wells Field (Frostburg, MD)",140,MBA,2026
6497810,615028,Davis & Elkins Senators,614996,Frostburg St. Bobcats,615028,7,top,Brody Rumon singled to center field (0-0).,72,2026-03-29 15:30:00-04:00,"Bob Wells Field (Frostburg, MD)",140,MBA,2026
6497810,615028,Davis & Elkins Senators,614996,Frostburg St. Bobcats,615028,7,top,Kenny Capria walked (0-0)3a Brody Rumon advanced to second3a Connor Hyde advanced to third.,73,2026-03-29 15:30:00-04:00,"Bob Wells Field (Frostburg, MD)",140,MBA,2026
6497810,615028,Davis & Elkins Senators,614996,Frostburg St. Bobcats,615028,7,top,"Zach Calef-Boring reached on a fielder's choice (0-0)3a Kenny Capria out at second ss to 2b3a Brody Rumon advanced to third3a Connor Hyde scored, unearned.",74,2026-03-29 15:30:00-04:00,"Bob Wells Field (Frostburg, MD)",140,MBA,2026
6497810,615028,Davis & Elkins Senators,614996,Frostburg St. Bobcats,615028,7,top,Carsan Strolla popped up to ss (0-0).,75,2026-03-29 15:30:00-04:00,"Bob Wells Field (Frostburg, MD)",140,MBA,2026
6497810,615028,Davis & Elkins Senators,614996,Frostburg St. Bobcats,615028,7,top,Grant Mealey struck out swinging (0-0).,76,2026-03-29 15:30:00-04:00,"Bob Wells Field (Frostburg, MD)",140,MBA,2026
6503311,615330,RIT Tigers,615340,St. Lawrence Saints,615330,1,top,Trent Rapp grounded out to 3b (2-1 FBB).,1,2026-03-29 15:30:00-04:00,"Tom Fay Field (Canton, NY)",68,MBA,2026
6503311,615330,RIT Tigers,615340,St. Lawrence Saints,615330,1,top,Max Matteucci struck out swinging (0-2 SSS).,2,2026-03-29 15:30:00-04:00,"Tom Fay Field (Canton, NY)",68,MBA,2026
6503311,615330,RIT Tigers,615340,St. Lawrence Saints,615330,1,top,Jarin Moses struck out swinging (0-2 KFS).,3,2026-03-29 15:30:00-04:00,"Tom Fay Field (Canton, NY)",68,MBA,2026
6503311,615330,RIT Tigers,615340,St. Lawrence Saints,615340,1,bot,Mike Siano grounded out to 2b (1-2 KKB).,4,2026-03-29 15:30:00-04:00,"Tom Fay Field (Canton, NY)",68,MBA,2026
6503311,615330,RIT Tigers,615340,St. Lawrence Saints,615340,1,bot,Jack Finnegan out at first 1b to p (2-1 FBB).,5,2026-03-29 15:30:00-04:00,"Tom Fay Field (Canton, NY)",68,MBA,2026
6503311,615330,RIT Tigers,615340,St. Lawrence Saints,615340,1,bot,John Gannon popped up to 2b (0-2 KK).,6,2026-03-29 15:30:00-04:00,"Tom Fay Field (Canton, NY)",68,MBA,2026
6503311,615330,RIT Tigers,615340,St. Lawrence Saints,615330,2,top,Jackson Rusiecki flied out to rf (1-0 B).,7,2026-03-29 15:30:00-04:00,"Tom Fay Field (Canton, NY)",68,MBA,2026
6503311,615330,RIT Tigers,615340,St. Lawrence Saints,615330,2,top,Charlie Slaymaker struck out looking (3-2 FBBBSFK).,8,2026-03-29 15:30:00-04:00,"Tom Fay Field (Canton, NY)",68,MBA,2026
6503311,615330,RIT Tigers,615340,St. Lawrence Saints,615330,2,top,Mikey Zacher popped out to c (0-0).,9,2026-03-29 15:30:00-04:00,"Tom Fay Field (Canton, NY)",68,MBA,2026
6503311,615330,RIT Tigers,615340,St. Lawrence Saints,615340,2,bot,Eddie Morrissey flied out to cf (3-1 BBBK).,10,2026-03-29 15:30:00-04:00,"Tom Fay Field (Canton, NY)",68,MBA,2026
6503311,615330,RIT Tigers,615340,St. Lawrence Saints,615340,2,bot,Willie Landman singled up the middle (2-2 BBKK).,11,2026-03-29 15:30:00-04:00,"Tom Fay Field (Canton, NY)",68,MBA,2026
6503311,615330,RIT Tigers,615340,St. Lawrence Saints,615340,2,bot,Eoin Morrissey lined out to 2b (0-0).,12,2026-03-29 15:30:00-04:00,"Tom Fay Field (Canton, NY)",68,MBA,2026
6503311,615330,RIT Tigers,615340,St. Lawrence Saints,615340,2,bot,John Donnellan walked (3-0 BBBB)3a Willie Landman advanced to second.,13,2026-03-29 15:30:00-04:00,"Tom Fay Field (Canton, NY)",68,MBA,2026
6503311,615330,RIT Tigers,615340,St. Lawrence Saints,615340,2,bot,"Ethan Harris homered to right center, 3 RBI (2-1 BBK)3a John Donnellan scored3a Willie Landman scored.",14,2026-03-29 15:30:00-04:00,"Tom Fay Field (Canton, NY)",68,MBA,2026
6503311,615330,RIT Tigers,615340,St. Lawrence Saints,615340,2,bot,Matt Davis walked (3-0 BBBB).,15,2026-03-29 15:30:00-04:00,"Tom Fay Field (Canton, NY)",68,MBA,2026
6503311,615330,RIT Tigers,615340,St. Lawrence Saints,615340,2,bot,Matt Davis stole second.,16,2026-03-29 15:30:00-04:00,"Tom Fay Field (Canton, NY)",68,MBA,2026
6503311,615330,RIT Tigers,615340,St. Lawrence Saints,615340,2,bot,Mike Siano walked (3-1 BBKBB).,17,2026-03-29 15:30:00-04:00,"Tom Fay Field (Canton, NY)",68,MBA,2026
6503311,615330,RIT Tigers,615340,St. Lawrence Saints,615340,2,bot,Jack Finnegan grounded out to ss (0-1 K).,18,2026-03-29 15:30:00-04:00,"Tom Fay Field (Canton, NY)",68,MBA,2026
6503311,615330,RIT Tigers,615340,St. Lawrence Saints,615330,3,top,Hayes Waddell grounded out to ss (0-0).,19,2026-03-29 15:30:00-04:00,"Tom Fay Field (Canton, NY)",68,MBA,2026
6503311,615330,RIT Tigers,615340,St. Lawrence Saints,615330,3,top,Isaac Braegelmann struck out swinging (1-2 KBKS).,20,2026-03-29 15:30:00-04:00,"Tom Fay Field (Canton, NY)",68,MBA,2026
6503311,615330,RIT Tigers,615340,St. Lawrence Saints,615330,3,top,Evan Kurtz grounded out to 2b (1-2 FBK).,21,2026-03-29 15:30:00-04:00,"Tom Fay Field (Canton, NY)",68,MBA,2026
6503311,615330,RIT Tigers,615340,St. Lawrence Saints,615340,3,bot,John Gannon hit by pitch (1-0 H).,22,2026-03-29 15:30:00-04:00,"Tom Fay Field (Canton, NY)",68,MBA,2026
6503311,615330,RIT Tigers,615340,St. Lawrence Saints,615340,3,bot,Eddie Morrissey singled to right field (0-0)3a John Gannon advanced to second.,23,2026-03-29 15:30:00-04:00,"Tom Fay Field (Canton, NY)",68,MBA,2026
6503311,615330,RIT Tigers,615340,St. Lawrence Saints,615340,3,bot,Joseph Wozny to p for Jack Luensmann.,24,2026-03-29 15:30:00-04:00,"Tom Fay Field (Canton, NY)",68,MBA,2026
6503311,615330,RIT Tigers,615340,St. Lawrence Saints,615340,3,bot,Willie Landman flied out to rf (0-0)3a John Gannon advanced to third.,25,2026-03-29 15:30:00-04:00,"Tom Fay Field (Canton, NY)",68,MBA,2026
6503311,615330,RIT Tigers,615340,St. Lawrence Saints,615340,3,bot,Eoin Morrissey hit by pitch (2-0 BH)3a Eddie Morrissey advanced to second.,26,2026-03-29 15:30:00-04:00,"Tom Fay Field (Canton, NY)",68,MBA,2026
6503311,615330,RIT Tigers,615340,St. Lawrence Saints,615340,3,bot,"John Donnellan flied out to cf, sacrifice fly, RBI (1-1 BS)3a Eddie Morrissey advanced to third3a John Gannon scored.",27,2026-03-29 15:30:00-04:00,"Tom Fay Field (Canton, NY)",68,MBA,2026
6503311,615330,RIT Tigers,615340,St. Lawrence Saints,615340,3,bot,Eoin Morrissey advanced to second on a wild pitch3a Eddie Morrissey scored on a wild pitch.,28,2026-03-29 15:30:00-04:00,"Tom Fay Field (Canton, NY)",68,MBA,2026
6503311,615330,RIT Tigers,615340,St. Lawrence Saints,615340,3,bot,"Ethan Harris singled to right field, RBI (3-2 BBFSBF)3a Eoin Morrissey scored.",29,2026-03-29 15:30:00-04:00,"Tom Fay Field (Canton, NY)",68,MBA,2026
6503311,615330,RIT Tigers,615340,St. Lawrence Saints,615340,3,bot,Matt Davis struck out swinging (1-2 SBSS).,30,2026-03-29 15:30:00-04:00,"Tom Fay Field (Canton, NY)",68,MBA,2026
6503311,615330,RIT Tigers,615340,St. Lawrence Saints,615330,4,top,Trent Rapp grounded out to ss (1-0 B).,31,2026-03-29 15:30:00-04:00,"Tom Fay Field (Canton, NY)",68,MBA,2026
6503311,615330,RIT Tigers,615340,St. Lawrence Saints,615330,4,top,Max Matteucci doubled through the right side (0-1 S).,32,2026-03-29 15:30:00-04:00,"Tom Fay Field (Canton, NY)",68,MBA,2026
6503311,615330,RIT Tigers,615340,St. Lawrence Saints,615330,4,top,Max Matteucci advanced to third on a passed ball.,33,2026-03-29 15:30:00-04:00,"Tom Fay Field (Canton, NY)",68,MBA,2026
6503311,615330,RIT Tigers,615340,St. Lawrence Saints,615330,4,top,Jarin Moses walked (3-2 BBBKSFB).,34,2026-03-29 15:30:00-04:00,"Tom Fay Field (Canton, NY)",68,MBA,2026
6503311,615330,RIT Tigers,615340,St. Lawrence Saints,615330,4,top,"Jackson Rusiecki homered to left center, 3 RBI (1-0 B)3a Jarin Moses scored3a Max Matteucci scored.",35,2026-03-29 15:30:00-04:00,"Tom Fay Field (Canton, NY)",68,MBA,2026
6503311,615330,RIT Tigers,615340,St. Lawrence Saints,615330,4,top,Charlie Slaymaker struck out looking (2-2 BSKBFK).,36,2026-03-29 15:30:00-04:00,"Tom Fay Field (Canton, NY)",68,MBA,2026
6503311,615330,RIT Tigers,615340,St. Lawrence Saints,615330,4,top,Mikey Zacher flied out to rf (0-0).,37,2026-03-29 15:30:00-04:00,"Tom Fay Field (Canton, NY)",68,MBA,2026
6503311,615330,RIT Tigers,615340,St. Lawrence Saints,615340,4,bot,Mike Siano flied out to cf (3-2 BFBBKF).,38,2026-03-29 15:30:00-04:00,"Tom Fay Field (Canton, NY)",68,MBA,2026
6503311,615330,RIT Tigers,615340,St. Lawrence Saints,615340,4,bot,Jack Finnegan flied out to cf (1-1 BS).,39,2026-03-29 15:30:00-04:00,"Tom Fay Field (Canton, NY)",68,MBA,2026
6503311,615330,RIT Tigers,615340,St. Lawrence Saints,615340,4,bot,John Gannon struck out swinging (2-2 BSBSS).,40,2026-03-29 15:30:00-04:00,"Tom Fay Field (Canton, NY)",68,MBA,2026
6503311,615330,RIT Tigers,615340,St. Lawrence Saints,615330,5,top,Hayes Waddell flied out to cf (0-0).,41,2026-03-29 15:30:00-04:00,"Tom Fay Field (Canton, NY)",68,MBA,2026
6503311,615330,RIT Tigers,615340,St. Lawrence Saints,615330,5,top,Isaac Braegelmann struck out looking (3-2 KBFFBFBFK).,42,2026-03-29 15:30:00-04:00,"Tom Fay Field (Canton, NY)",68,MBA,2026
6503311,615330,RIT Tigers,615340,St. Lawrence Saints,615330,5,top,Evan Kurtz singled to right field (0-0).,43,2026-03-29 15:30:00-04:00,"Tom Fay Field (Canton, NY)",68,MBA,2026
6503311,615330,RIT Tigers,615340,St. Lawrence Saints,615330,5,top,Trent Rapp grounded out to ss (0-0).,44,2026-03-29 15:30:00-04:00,"Tom Fay Field (Canton, NY)",68,MBA,2026
6503311,615330,RIT Tigers,615340,St. Lawrence Saints,615340,5,bot,Ryan Moran to p for Joseph Wozny.,45,2026-03-29 15:30:00-04:00,"Tom Fay Field (Canton, NY)",68,MBA,2026
6503311,615330,RIT Tigers,615340,St. Lawrence Saints,615340,5,bot,Eddie Morrissey flied out to lf (0-0).,46,2026-03-29 15:30:00-04:00,"Tom Fay Field (Canton, NY)",68,MBA,2026
6503311,615330,RIT Tigers,615340,St. Lawrence Saints,615340,5,bot,Willie Landman singled to right field (0-1 K).,47,2026-03-29 15:30:00-04:00,"Tom Fay Field (Canton, NY)",68,MBA,2026
6503311,615330,RIT Tigers,615340,St. Lawrence Saints,615340,5,bot,Eoin Morrissey struck out swinging (2-2 BBFFS).,48,2026-03-29 15:30:00-04:00,"Tom Fay Field (Canton, NY)",68,MBA,2026
6503311,615330,RIT Tigers,615340,St. Lawrence Saints,615340,5,bot,John Donnellan reached on a fielder's choice (1-2 FBK)3a Willie Landman out at second ss to 2b.,49,2026-03-29 15:30:00-04:00,"Tom Fay Field (Canton, NY)",68,MBA,2026
6503311,615330,RIT Tigers,615340,St. Lawrence Saints,615330,6,top,"Max Matteucci homered to right center, RBI (1-0 B).",50,2026-03-29 15:30:00-04:00,"Tom Fay Field (Canton, NY)",68,MBA,2026
6503311,615330,RIT Tigers,615340,St. Lawrence Saints,615330,6,top,Jarin Moses grounded out to 3b (0-2 FFF).,51,2026-03-29 15:30:00-04:00,"Tom Fay Field (Canton, NY)",68,MBA,2026
6503311,615330,RIT Tigers,615340,St. Lawrence Saints,615330,6,top,Jackson Rusiecki singled to left field (0-0).,52,2026-03-29 15:30:00-04:00,"Tom Fay Field (Canton, NY)",68,MBA,2026
6503311,615330,RIT Tigers,615340,St. Lawrence Saints,615330,6,top,Charlie Slaymaker doubled to left field (1-1 BF)3a Jackson Rusiecki advanced to third.,53,2026-03-29 15:30:00-04:00,"Tom Fay Field (Canton, NY)",68,MBA,2026
6503311,615330,RIT Tigers,615340,St. Lawrence Saints,615330,6,top,"Mikey Zacher flied out to lf, sacrifice fly, RBI (1-0 B)3a Jackson Rusiecki scored.",54,2026-03-29 15:30:00-04:00,"Tom Fay Field (Canton, NY)",68,MBA,2026
6503311,615330,RIT Tigers,615340,St. Lawrence Saints,615330,6,top,Hayes Waddell popped up to 2b (2-2 KBBK).,55,2026-03-29 15:30:00-04:00,"Tom Fay Field (Canton, NY)",68,MBA,2026
6503311,615330,RIT Tigers,615340,St. Lawrence Saints,615340,6,bot,Ethan Harris struck out looking (1-2 FBSK).,56,2026-03-29 15:30:00-04:00,"Tom Fay Field (Canton, NY)",68,MBA,2026
6503311,615330,RIT Tigers,615340,St. Lawrence Saints,615340,6,bot,Gabe Albertson pinch hit for Matt Davis.,57,2026-03-29 15:30:00-04:00,"Tom Fay Field (Canton, NY)",68,MBA,2026
6503311,615330,RIT Tigers,615340,St. Lawrence Saints,615340,6,bot,Gabe Albertson doubled down the rf line (0-2 SF).,58,2026-03-29 15:30:00-04:00,"Tom Fay Field (Canton, NY)",68,MBA,2026
6503311,615330,RIT Tigers,615340,St. Lawrence Saints,615340,6,bot,Nolan Widrick pinch ran for Gabe Albertson.,59,2026-03-29 15:30:00-04:00,"Tom Fay Field (Canton, NY)",68,MBA,2026
6503311,615330,RIT Tigers,615340,St. Lawrence Saints,615340,6,bot,Mike Siano struck out swinging (0-2 KSS).,60,2026-03-29 15:30:00-04:00,"Tom Fay Field (Canton, NY)",68,MBA,2026
6503311,615330,RIT Tigers,615340,St. Lawrence Saints,615340,6,bot,Jack Finnegan flied out to rf (2-1 BFB).,61,2026-03-29 15:30:00-04:00,"Tom Fay Field (Canton, NY)",68,MBA,2026
6503311,615330,RIT Tigers,615340,St. Lawrence Saints,615330,7,top,Nolan Widrick to lf.,62,2026-03-29 15:30:00-04:00,"Tom Fay Field (Canton, NY)",68,MBA,2026
6503311,615330,RIT Tigers,615340,St. Lawrence Saints,615330,7,top,Isaac Braegelmann flied out to cf (1-0 B).,63,2026-03-29 15:30:00-04:00,"Tom Fay Field (Canton, NY)",68,MBA,2026
6503311,615330,RIT Tigers,615340,St. Lawrence Saints,615330,7,top,Evan Kurtz grounded out to ss (3-2 BBFSBF).,64,2026-03-29 15:30:00-04:00,"Tom Fay Field (Canton, NY)",68,MBA,2026
6503311,615330,RIT Tigers,615340,St. Lawrence Saints,615330,7,top,Trent Rapp grounded out to p (0-2 KK).,65,2026-03-29 15:30:00-04:00,"Tom Fay Field (Canton, NY)",68,MBA,2026
6503311,615330,RIT Tigers,615340,St. Lawrence Saints,615340,7,bot,John Gannon singled through the left side (1-0 B).,66,2026-03-29 15:30:00-04:00,"Tom Fay Field (Canton, NY)",68,MBA,2026
6503311,615330,RIT Tigers,615340,St. Lawrence Saints,615340,7,bot,Eddie Morrissey struck out swinging (3-2 BSKBBS).,67,2026-03-29 15:30:00-04:00,"Tom Fay Field (Canton, NY)",68,MBA,2026
6503311,615330,RIT Tigers,615340,St. Lawrence Saints,615340,7,bot,Willie Landman doubled to left center (2-1 KBB)3a John Gannon advanced to third.,68,2026-03-29 15:30:00-04:00,"Tom Fay Field (Canton, NY)",68,MBA,2026
6503311,615330,RIT Tigers,615340,St. Lawrence Saints,615340,7,bot,Riley Reimund pinch ran for Willie Landman.,69,2026-03-29 15:30:00-04:00,"Tom Fay Field (Canton, NY)",68,MBA,2026
6503311,615330,RIT Tigers,615340,St. Lawrence Saints,615340,7,bot,Eoin Morrissey popped up to 1b (0-0).,70,2026-03-29 15:30:00-04:00,"Tom Fay Field (Canton, NY)",68,MBA,2026
6503311,615330,RIT Tigers,615340,St. Lawrence Saints,615340,7,bot,John Donnellan popped out to 1b (0-0).,71,2026-03-29 15:30:00-04:00,"Tom Fay Field (Canton, NY)",68,MBA,2026
6503311,615330,RIT Tigers,615340,St. Lawrence Saints,615330,8,top,Owen McClintock to rf for Eddie Morrissey.,72,2026-03-29 15:30:00-04:00,"Tom Fay Field (Canton, NY)",68,MBA,2026
6503311,615330,RIT Tigers,615340,St. Lawrence Saints,615330,8,top,Max Matteucci singled to right field (1-2 FBF).,73,2026-03-29 15:30:00-04:00,"Tom Fay Field (Canton, NY)",68,MBA,2026
6503311,615330,RIT Tigers,615340,St. Lawrence Saints,615330,8,top,Jarin Moses struck out swinging (2-2 FBFFBS).,74,2026-03-29 15:30:00-04:00,"Tom Fay Field (Canton, NY)",68,MBA,2026
6503311,615330,RIT Tigers,615340,St. Lawrence Saints,615330,8,top,Jackson Rusiecki singled to left field (2-2 FBBF)3a Max Matteucci advanced to second.,75,2026-03-29 15:30:00-04:00,"Tom Fay Field (Canton, NY)",68,MBA,2026
6503311,615330,RIT Tigers,615340,St. Lawrence Saints,615330,8,top,Charlie Slaymaker lined out to 2b (1-1 BF)3a Max Matteucci out at third 2b unassisted.,76,2026-03-29 15:30:00-04:00,"Tom Fay Field (Canton, NY)",68,MBA,2026
6503311,615330,RIT Tigers,615340,St. Lawrence Saints,615340,8,bot,Ethan Harris grounded out to ss (3-2 BBBKK).,77,2026-03-29 15:30:00-04:00,"Tom Fay Field (Canton, NY)",68,MBA,2026
6503311,615330,RIT Tigers,615340,St. Lawrence Saints,615340,8,bot,Nolan Widrick flied out to lf (1-1 SB).,78,2026-03-29 15:30:00-04:00,"Tom Fay Field (Canton, NY)",68,MBA,2026
6503311,615330,RIT Tigers,615340,St. Lawrence Saints,615340,8,bot,Mike Siano flied out to cf (1-0 B).,79,2026-03-29 15:30:00-04:00,"Tom Fay Field (Canton, NY)",68,MBA,2026
6503311,615330,RIT Tigers,615340,St. Lawrence Saints,615330,9,top,Michael Flyzik to p for Joe Laprade.,80,2026-03-29 15:30:00-04:00,"Tom Fay Field (Canton, NY)",68,MBA,2026
6503311,615330,RIT Tigers,615340,St. Lawrence Saints,615330,9,top,Mikey Zacher grounded out to p (0-0).,81,2026-03-29 15:30:00-04:00,"Tom Fay Field (Canton, NY)",68,MBA,2026
6503311,615330,RIT Tigers,615340,St. Lawrence Saints,615330,9,top,Hayes Waddell struck out looking (1-2 BKKK).,82,2026-03-29 15:30:00-04:00,"Tom Fay Field (Canton, NY)",68,MBA,2026
6503311,615330,RIT Tigers,615340,St. Lawrence Saints,615330,9,top,Roberto Reade pinch hit for Isaac Braegelmann.,83,2026-03-29 15:30:00-04:00,"Tom Fay Field (Canton, NY)",68,MBA,2026
6503311,615330,RIT Tigers,615340,St. Lawrence Saints,615330,9,top,Roberto Reade walked (3-0 BBBB).,84,2026-03-29 15:30:00-04:00,"Tom Fay Field (Canton, NY)",68,MBA,2026
6503311,615330,RIT Tigers,615340,St. Lawrence Saints,615330,9,top,Jack Williams pinch ran for Roberto Reade.,85,2026-03-29 15:30:00-04:00,"Tom Fay Field (Canton, NY)",68,MBA,2026
6503311,615330,RIT Tigers,615340,St. Lawrence Saints,615330,9,top,Evan Kurtz grounded out to 2b (0-1 K).,86,2026-03-29 15:30:00-04:00,"Tom Fay Field (Canton, NY)",68,MBA,2026
6506330,615030,East Stroudsburg Warriors,615094,West Chester Golden Rams,615030,1,top,No play.,1,2026-03-29 15:30:00-04:00,"Serpico Stadium (West Chester, PA)",319,MBA,2026
6506330,615030,East Stroudsburg Warriors,615094,West Chester Golden Rams,615030,1,top,Braydon Hubb fouled out to c (0-0).,2,2026-03-29 15:30:00-04:00,"Serpico Stadium (West Chester, PA)",319,MBA,2026
6506330,615030,East Stroudsburg Warriors,615094,West Chester Golden Rams,615030,1,top,Troy Davis struck out swinging (3-2 BSBBKS).,3,2026-03-29 15:30:00-04:00,"Serpico Stadium (West Chester, PA)",319,MBA,2026
6506330,615030,East Stroudsburg Warriors,615094,West Chester Golden Rams,615030,1,top,Cole Serfass grounded out to 3b (2-1 KBB).,4,2026-03-29 15:30:00-04:00,"Serpico Stadium (West Chester, PA)",319,MBA,2026
6506330,615030,East Stroudsburg Warriors,615094,West Chester Golden Rams,615094,1,bot,C. Rust popped up to 2b up the middle (1-1 BS).,5,2026-03-29 15:30:00-04:00,"Serpico Stadium (West Chester, PA)",319,MBA,2026
6506330,615030,East Stroudsburg Warriors,615094,West Chester Golden Rams,615094,1,bot,Strawhecker flied out to lf (1-2 KBF).,6,2026-03-29 15:30:00-04:00,"Serpico Stadium (West Chester, PA)",319,MBA,2026
6506330,615030,East Stroudsburg Warriors,615094,West Chester Golden Rams,615094,1,bot,A. Stalker hit by pitch (1-0 B).,7,2026-03-29 15:30:00-04:00,"Serpico Stadium (West Chester, PA)",319,MBA,2026
6506330,615030,East Stroudsburg Warriors,615094,West Chester Golden Rams,615094,1,bot,D. Simpson walked (3-1 BKBBB): A. Stalker advanced to second.,8,2026-03-29 15:30:00-04:00,"Serpico Stadium (West Chester, PA)",319,MBA,2026
6506330,615030,East Stroudsburg Warriors,615094,West Chester Golden Rams,615094,1,bot,"D. Simpson out at second p to 1b to 3b, picked off.",9,2026-03-29 15:30:00-04:00,"Serpico Stadium (West Chester, PA)",319,MBA,2026
6506330,615030,East Stroudsburg Warriors,615094,West Chester Golden Rams,615030,2,top,Parker Frey grounded out to 2b (1-1 KB).,10,2026-03-29 15:30:00-04:00,"Serpico Stadium (West Chester, PA)",319,MBA,2026
6506330,615030,East Stroudsburg Warriors,615094,West Chester Golden Rams,615030,2,top,Walker Zampe grounded out to 3b (2-2 BKKFB).,11,2026-03-29 15:30:00-04:00,"Serpico Stadium (West Chester, PA)",319,MBA,2026
6506330,615030,East Stroudsburg Warriors,615094,West Chester Golden Rams,615030,2,top,Easton Alber fouled out to 1b (2-0 BB).,12,2026-03-29 15:30:00-04:00,"Serpico Stadium (West Chester, PA)",319,MBA,2026
6506330,615030,East Stroudsburg Warriors,615094,West Chester Golden Rams,615094,2,bot,H. Smith singled to left field (0-0).,13,2026-03-29 15:30:00-04:00,"Serpico Stadium (West Chester, PA)",319,MBA,2026
6506330,615030,East Stroudsburg Warriors,615094,West Chester Golden Rams,615094,2,bot,C. Michak reached on a fielder's choice (0-0): H. Smith out at second 3b to 2b.,14,2026-03-29 15:30:00-04:00,"Serpico Stadium (West Chester, PA)",319,MBA,2026
6506330,615030,East Stroudsburg Warriors,615094,West Chester Golden Rams,615094,2,bot,J. Dunion hit by pitch (0-0): C. Michak advanced to second.,15,2026-03-29 15:30:00-04:00,"Serpico Stadium (West Chester, PA)",319,MBA,2026
6506330,615030,East Stroudsburg Warriors,615094,West Chester Golden Rams,615094,2,bot,J. Dunion stole second: C. Michak stole third.,16,2026-03-29 15:30:00-04:00,"Serpico Stadium (West Chester, PA)",319,MBA,2026
6506330,615030,East Stroudsburg Warriors,615094,West Chester Golden Rams,615094,2,bot,"P. Gozdan flied out to rf, SF, RBI (3-1 BBBK): J. Dunion advanced to third: C. Michak scored.",17,2026-03-29 15:30:00-04:00,"Serpico Stadium (West Chester, PA)",319,MBA,2026
6506330,615030,East Stroudsburg Warriors,615094,West Chester Golden Rams,615094,2,bot,A. Shank struck out swinging (1-2 KSBS).,18,2026-03-29 15:30:00-04:00,"Serpico Stadium (West Chester, PA)",319,MBA,2026
6506330,615030,East Stroudsburg Warriors,615094,West Chester Golden Rams,615030,3,top,C. Maccarron singled through the left side (1-1 BK).,19,2026-03-29 15:30:00-04:00,"Serpico Stadium (West Chester, PA)",319,MBA,2026
6506330,615030,East Stroudsburg Warriors,615094,West Chester Golden Rams,615030,3,top,"Connor Reill homered to left center, 2 RBI (2-2 BSBS): C. Maccarron scored.",20,2026-03-29 15:30:00-04:00,"Serpico Stadium (West Chester, PA)",319,MBA,2026
6506330,615030,East Stroudsburg Warriors,615094,West Chester Golden Rams,615030,3,top,Zander Conde popped up to 1b down the rf line (2-1 KBB).,21,2026-03-29 15:30:00-04:00,"Serpico Stadium (West Chester, PA)",319,MBA,2026
6506330,615030,East Stroudsburg Warriors,615094,West Chester Golden Rams,615030,3,top,Braydon Hubb out at first 1b to p (0-0).,22,2026-03-29 15:30:00-04:00,"Serpico Stadium (West Chester, PA)",319,MBA,2026
6506330,615030,East Stroudsburg Warriors,615094,West Chester Golden Rams,615030,3,top,Troy Davis grounded out to 2b (2-2 BBKK).,23,2026-03-29 15:30:00-04:00,"Serpico Stadium (West Chester, PA)",319,MBA,2026
6506330,615030,East Stroudsburg Warriors,615094,West Chester Golden Rams,615094,3,bot,C. Rust walked (3-2 BKBKBB).,24,2026-03-29 15:30:00-04:00,"Serpico Stadium (West Chester, PA)",319,MBA,2026
6506330,615030,East Stroudsburg Warriors,615094,West Chester Golden Rams,615094,3,bot,C. Rust advanced to second on a passed ball.,25,2026-03-29 15:30:00-04:00,"Serpico Stadium (West Chester, PA)",319,MBA,2026
6506330,615030,East Stroudsburg Warriors,615094,West Chester Golden Rams,615094,3,bot,C. Rust stole third.,26,2026-03-29 15:30:00-04:00,"Serpico Stadium (West Chester, PA)",319,MBA,2026
6506330,615030,East Stroudsburg Warriors,615094,West Chester Golden Rams,615094,3,bot,Strawhecker walked (3-1 BBBFB).,27,2026-03-29 15:30:00-04:00,"Serpico Stadium (West Chester, PA)",319,MBA,2026
6506330,615030,East Stroudsburg Warriors,615094,West Chester Golden Rams,615094,3,bot,"A. Stalker flied out to rf, SF, RBI (0-1 K): C. Rust scored, unearned.",28,2026-03-29 15:30:00-04:00,"Serpico Stadium (West Chester, PA)",319,MBA,2026
6506330,615030,East Stroudsburg Warriors,615094,West Chester Golden Rams,615094,3,bot,D. Simpson singled down the lf line (3-1 BBBK): Strawhecker advanced to second.,29,2026-03-29 15:30:00-04:00,"Serpico Stadium (West Chester, PA)",319,MBA,2026
6506330,615030,East Stroudsburg Warriors,615094,West Chester Golden Rams,615094,3,bot,"H. Smith struck out looking (3-2 FBFBBK): Strawhecker out at third c to 3b, caught stealing.",30,2026-03-29 15:30:00-04:00,"Serpico Stadium (West Chester, PA)",319,MBA,2026
6506330,615030,East Stroudsburg Warriors,615094,West Chester Golden Rams,615030,4,top,Cole Serfass singled to shortstop (0-2 KF).,31,2026-03-29 15:30:00-04:00,"Serpico Stadium (West Chester, PA)",319,MBA,2026
6506330,615030,East Stroudsburg Warriors,615094,West Chester Golden Rams,615030,4,top,Parker Frey singled up the middle (1-2 KKB): Cole Serfass advanced to second.,32,2026-03-29 15:30:00-04:00,"Serpico Stadium (West Chester, PA)",319,MBA,2026
6506330,615030,East Stroudsburg Warriors,615094,West Chester Golden Rams,615030,4,top,"Walker Zampe singled to left field, RBI (2-2 KSFBB): Parker Frey advanced to second: Cole Serfass scored.",33,2026-03-29 15:30:00-04:00,"Serpico Stadium (West Chester, PA)",319,MBA,2026
6506330,615030,East Stroudsburg Warriors,615094,West Chester Golden Rams,615030,4,top,N. Cugino to p for K. Rogers.,34,2026-03-29 15:30:00-04:00,"Serpico Stadium (West Chester, PA)",319,MBA,2026
6506330,615030,East Stroudsburg Warriors,615094,West Chester Golden Rams,615030,4,top,Easton Alber flied out to rf down the rf line (0-1 K): Parker Frey advanced to third.,35,2026-03-29 15:30:00-04:00,"Serpico Stadium (West Chester, PA)",319,MBA,2026
6506330,615030,East Stroudsburg Warriors,615094,West Chester Golden Rams,615030,4,top,"Walker Zampe out at second c to ss, caught stealing.",36,2026-03-29 15:30:00-04:00,"Serpico Stadium (West Chester, PA)",319,MBA,2026
6506330,615030,East Stroudsburg Warriors,615094,West Chester Golden Rams,615030,4,top,C. Maccarron walked (3-0 BBBB).,37,2026-03-29 15:30:00-04:00,"Serpico Stadium (West Chester, PA)",319,MBA,2026
6506330,615030,East Stroudsburg Warriors,615094,West Chester Golden Rams,615030,4,top,"Connor Reill singled down the rf line, RBI (3-2 FBKBB): C. Maccarron advanced to third: Parker Frey scored.",38,2026-03-29 15:30:00-04:00,"Serpico Stadium (West Chester, PA)",319,MBA,2026
6506330,615030,East Stroudsburg Warriors,615094,West Chester Golden Rams,615030,4,top,Zander Conde grounded out to 1b unassisted (1-2 KKB).,39,2026-03-29 15:30:00-04:00,"Serpico Stadium (West Chester, PA)",319,MBA,2026
6506330,615030,East Stroudsburg Warriors,615094,West Chester Golden Rams,615094,4,bot,C. Michak hit by pitch (0-1 K).,40,2026-03-29 15:30:00-04:00,"Serpico Stadium (West Chester, PA)",319,MBA,2026
6506330,615030,East Stroudsburg Warriors,615094,West Chester Golden Rams,615094,4,bot,J. Dunion popped up to ss (0-1 F).,41,2026-03-29 15:30:00-04:00,"Serpico Stadium (West Chester, PA)",319,MBA,2026
6506330,615030,East Stroudsburg Warriors,615094,West Chester Golden Rams,615094,4,bot,P. Gozdan struck out looking (3-2 KKBBBK).,42,2026-03-29 15:30:00-04:00,"Serpico Stadium (West Chester, PA)",319,MBA,2026
6506330,615030,East Stroudsburg Warriors,615094,West Chester Golden Rams,615094,4,bot,C. Michak advanced to second on a wild pitch.,43,2026-03-29 15:30:00-04:00,"Serpico Stadium (West Chester, PA)",319,MBA,2026
6506330,615030,East Stroudsburg Warriors,615094,West Chester Golden Rams,615094,4,bot,A. Shank grounded out to p (1-2 KBF).,44,2026-03-29 15:30:00-04:00,"Serpico Stadium (West Chester, PA)",319,MBA,2026
6506330,615030,East Stroudsburg Warriors,615094,West Chester Golden Rams,615030,5,top,K. Kearns to p for N. Cugino.,45,2026-03-29 15:30:00-04:00,"Serpico Stadium (West Chester, PA)",319,MBA,2026
6506330,615030,East Stroudsburg Warriors,615094,West Chester Golden Rams,615030,5,top,Ryan Manning pinch hit for Braydon Hubb.,46,2026-03-29 15:30:00-04:00,"Serpico Stadium (West Chester, PA)",319,MBA,2026
6506330,615030,East Stroudsburg Warriors,615094,West Chester Golden Rams,615030,5,top,Ryan Manning doubled to left center (2-2 KSBFFB).,47,2026-03-29 15:30:00-04:00,"Serpico Stadium (West Chester, PA)",319,MBA,2026
6506330,615030,East Stroudsburg Warriors,615094,West Chester Golden Rams,615030,5,top,Troy Davis walked (3-2 BKBSBB).,48,2026-03-29 15:30:00-04:00,"Serpico Stadium (West Chester, PA)",319,MBA,2026
6506330,615030,East Stroudsburg Warriors,615094,West Chester Golden Rams,615030,5,top,"Cole Serfass singled through the left side, RBI (2-2 BKFB): Troy Davis advanced to second: Ryan Manning scored.",49,2026-03-29 15:30:00-04:00,"Serpico Stadium (West Chester, PA)",319,MBA,2026
6506330,615030,East Stroudsburg Warriors,615094,West Chester Golden Rams,615030,5,top,Parker Frey grounded into double play ss to 1b (2-2 SBKBF): Cole Serfass out on the play: Troy Davis advanced to third.,50,2026-03-29 15:30:00-04:00,"Serpico Stadium (West Chester, PA)",319,MBA,2026
6506330,615030,East Stroudsburg Warriors,615094,West Chester Golden Rams,615030,5,top,"Walker Zampe homered to left field, 2 RBI (3-2 BBKKBFF): Troy Davis scored.",51,2026-03-29 15:30:00-04:00,"Serpico Stadium (West Chester, PA)",319,MBA,2026
6506330,615030,East Stroudsburg Warriors,615094,West Chester Golden Rams,615030,5,top,Easton Alber struck out swinging (1-2 BKSFS).,52,2026-03-29 15:30:00-04:00,"Serpico Stadium (West Chester, PA)",319,MBA,2026
6506330,615030,East Stroudsburg Warriors,615094,West Chester Golden Rams,615094,5,bot,Ryan Manning to cf.,53,2026-03-29 15:30:00-04:00,"Serpico Stadium (West Chester, PA)",319,MBA,2026
6506330,615030,East Stroudsburg Warriors,615094,West Chester Golden Rams,615094,5,bot,Cade Davis to p for Peyton Brann.,54,2026-03-29 15:30:00-04:00,"Serpico Stadium (West Chester, PA)",319,MBA,2026
6506330,615030,East Stroudsburg Warriors,615094,West Chester Golden Rams,615094,5,bot,C. Rust singled to right center (2-2 BBKF).,55,2026-03-29 15:30:00-04:00,"Serpico Stadium (West Chester, PA)",319,MBA,2026
6506330,615030,East Stroudsburg Warriors,615094,West Chester Golden Rams,615094,5,bot,Strawhecker singled through the right side (2-2 KBKFBF): C. Rust advanced to third.,56,2026-03-29 15:30:00-04:00,"Serpico Stadium (West Chester, PA)",319,MBA,2026
6506330,615030,East Stroudsburg Warriors,615094,West Chester Golden Rams,615094,5,bot,"A. Stalker reached on a fielder's choice, RBI (0-0): Strawhecker out at second ss to 2b: C. Rust scored.",57,2026-03-29 15:30:00-04:00,"Serpico Stadium (West Chester, PA)",319,MBA,2026
6506330,615030,East Stroudsburg Warriors,615094,West Chester Golden Rams,615094,5,bot,"D. Simpson doubled to left center, RBI (2-1 BKB): A. Stalker scored.",58,2026-03-29 15:30:00-04:00,"Serpico Stadium (West Chester, PA)",319,MBA,2026
6506330,615030,East Stroudsburg Warriors,615094,West Chester Golden Rams,615094,5,bot,Cole Dymek to p for Cade Davis.,59,2026-03-29 15:30:00-04:00,"Serpico Stadium (West Chester, PA)",319,MBA,2026
6506330,615030,East Stroudsburg Warriors,615094,West Chester Golden Rams,615094,5,bot,H. Smith struck out swinging (3-2 BFBBKS).,60,2026-03-29 15:30:00-04:00,"Serpico Stadium (West Chester, PA)",319,MBA,2026
6506330,615030,East Stroudsburg Warriors,615094,West Chester Golden Rams,615094,5,bot,C. Michak lined out to rf (2-1 BBK).,61,2026-03-29 15:30:00-04:00,"Serpico Stadium (West Chester, PA)",319,MBA,2026
6506330,615030,East Stroudsburg Warriors,615094,West Chester Golden Rams,615030,6,top,T. Stricker to p for K. Kearns.,62,2026-03-29 15:30:00-04:00,"Serpico Stadium (West Chester, PA)",319,MBA,2026
6506330,615030,East Stroudsburg Warriors,615094,West Chester Golden Rams,615030,6,top,C. Maccarron walked (3-2 KBBKBFFB).,63,2026-03-29 15:30:00-04:00,"Serpico Stadium (West Chester, PA)",319,MBA,2026
6506330,615030,East Stroudsburg Warriors,615094,West Chester Golden Rams,615030,6,top,Aidan Butz pinch ran for C. Maccarron.,64,2026-03-29 15:30:00-04:00,"Serpico Stadium (West Chester, PA)",319,MBA,2026
6506330,615030,East Stroudsburg Warriors,615094,West Chester Golden Rams,615030,6,top,Connor Reill grounded out to 3b (1-0 B): Aidan Butz advanced to second.,65,2026-03-29 15:30:00-04:00,"Serpico Stadium (West Chester, PA)",319,MBA,2026
6506330,615030,East Stroudsburg Warriors,615094,West Chester Golden Rams,615030,6,top,Zander Conde walked (3-1 BBBKB).,66,2026-03-29 15:30:00-04:00,"Serpico Stadium (West Chester, PA)",319,MBA,2026
6506330,615030,East Stroudsburg Warriors,615094,West Chester Golden Rams,615030,6,top,B. Jones to p for T. Stricker.,67,2026-03-29 15:30:00-04:00,"Serpico Stadium (West Chester, PA)",319,MBA,2026
6506330,615030,East Stroudsburg Warriors,615094,West Chester Golden Rams,615030,6,top,Ryan Manning struck out looking (1-2 BSFK).,68,2026-03-29 15:30:00-04:00,"Serpico Stadium (West Chester, PA)",319,MBA,2026
6506330,615030,East Stroudsburg Warriors,615094,West Chester Golden Rams,615030,6,top,Troy Davis struck out swinging (1-2 BKFS).,69,2026-03-29 15:30:00-04:00,"Serpico Stadium (West Chester, PA)",319,MBA,2026
6506330,615030,East Stroudsburg Warriors,615094,West Chester Golden Rams,615094,6,bot,J. Dunion struck out swinging (2-2 KBSFBS).,70,2026-03-29 15:30:00-04:00,"Serpico Stadium (West Chester, PA)",319,MBA,2026
6506330,615030,East Stroudsburg Warriors,615094,West Chester Golden Rams,615094,6,bot,P. Gozdan grounded out to ss (2-2 BFKBF).,71,2026-03-29 15:30:00-04:00,"Serpico Stadium (West Chester, PA)",319,MBA,2026
6506330,615030,East Stroudsburg Warriors,615094,West Chester Golden Rams,615094,6,bot,"A. Shank homered to left field, RBI (1-1 BK).",72,2026-03-29 15:30:00-04:00,"Serpico Stadium (West Chester, PA)",319,MBA,2026
6506330,615030,East Stroudsburg Warriors,615094,West Chester Golden Rams,615094,6,bot,C. Rust grounded out to 1b unassisted (2-1 BBK).,73,2026-03-29 15:30:00-04:00,"Serpico Stadium (West Chester, PA)",319,MBA,2026
6506330,615030,East Stroudsburg Warriors,615094,West Chester Golden Rams,615030,7,top,Cole Serfass grounded out to 3b (1-1 BK).,74,2026-03-29 15:30:00-04:00,"Serpico Stadium (West Chester, PA)",319,MBA,2026
6506330,615030,East Stroudsburg Warriors,615094,West Chester Golden Rams,615030,7,top,Parker Frey singled to center field (3-2 FKBFBB).,75,2026-03-29 15:30:00-04:00,"Serpico Stadium (West Chester, PA)",319,MBA,2026
6506330,615030,East Stroudsburg Warriors,615094,West Chester Golden Rams,615030,7,top,Walker Zampe flied out to cf (1-0 B).,76,2026-03-29 15:30:00-04:00,"Serpico Stadium (West Chester, PA)",319,MBA,2026
6506330,615030,East Stroudsburg Warriors,615094,West Chester Golden Rams,615030,7,top,Easton Alber singled to right center (2-1 BKB): Parker Frey advanced to third.,77,2026-03-29 15:30:00-04:00,"Serpico Stadium (West Chester, PA)",319,MBA,2026
6506330,615030,East Stroudsburg Warriors,615094,West Chester Golden Rams,615030,7,top,Aidan Butz to dh.,78,2026-03-29 15:30:00-04:00,"Serpico Stadium (West Chester, PA)",319,MBA,2026
6506330,615030,East Stroudsburg Warriors,615094,West Chester Golden Rams,615030,7,top,Aidan Butz struck out looking (0-2 KFK).,79,2026-03-29 15:30:00-04:00,"Serpico Stadium (West Chester, PA)",319,MBA,2026
6506330,615030,East Stroudsburg Warriors,615094,West Chester Golden Rams,615094,7,bot,Johansel Bri to p for Cole Dymek.,80,2026-03-29 15:30:00-04:00,"Serpico Stadium (West Chester, PA)",319,MBA,2026
6506330,615030,East Stroudsburg Warriors,615094,West Chester Golden Rams,615094,7,bot,Strawhecker walked (3-2 BBKBFB).,81,2026-03-29 15:30:00-04:00,"Serpico Stadium (West Chester, PA)",319,MBA,2026
6506330,615030,East Stroudsburg Warriors,615094,West Chester Golden Rams,615094,7,bot,A. Stalker singled down the rf line (1-1 FB): Strawhecker advanced to third.,82,2026-03-29 15:30:00-04:00,"Serpico Stadium (West Chester, PA)",319,MBA,2026
6506330,615030,East Stroudsburg Warriors,615094,West Chester Golden Rams,615094,7,bot,"D. Simpson singled to right field, RBI (2-2 SSBFBF): A. Stalker advanced to second: Strawhecker scored.",83,2026-03-29 15:30:00-04:00,"Serpico Stadium (West Chester, PA)",319,MBA,2026
6506330,615030,East Stroudsburg Warriors,615094,West Chester Golden Rams,615094,7,bot,"H. Smith out at first p to 2b, SAC, bunt: D. Simpson advanced to second: A. Stalker advanced to third.",84,2026-03-29 15:30:00-04:00,"Serpico Stadium (West Chester, PA)",319,MBA,2026
6506330,615030,East Stroudsburg Warriors,615094,West Chester Golden Rams,615094,7,bot,C. Michak intentionally walked (1-0 B).,85,2026-03-29 15:30:00-04:00,"Serpico Stadium (West Chester, PA)",319,MBA,2026
6506330,615030,East Stroudsburg Warriors,615094,West Chester Golden Rams,615094,7,bot,T. Donati to rf for J. Dunion.,86,2026-03-29 15:30:00-04:00,"Serpico Stadium (West Chester, PA)",319,MBA,2026
6506330,615030,East Stroudsburg Warriors,615094,West Chester Golden Rams,615094,7,bot,"T. Donati walked, RBI (3-2 BFKBBFB): C. Michak advanced to second: D. Simpson advanced to third: A. Stalker scored.",87,2026-03-29 15:30:00-04:00,"Serpico Stadium (West Chester, PA)",319,MBA,2026
6506330,615030,East Stroudsburg Warriors,615094,West Chester Golden Rams,615094,7,bot,"P. Gozdan walked, RBI (3-2 BFBBKB): T. Donati advanced to second: C. Michak advanced to third: D. Simpson scored.",88,2026-03-29 15:30:00-04:00,"Serpico Stadium (West Chester, PA)",319,MBA,2026
6516829,615449,Westminster (PA) Titans,615502,Saint Vincent Bearcats,615449,1,top,Quinn Marquis walked (3-2 BBKBKB).,1,2026-03-29 15:30:00-04:00,"Bearcat Ballfield (Latrobe, PA)",257,MBA,2026
6516829,615449,Westminster (PA) Titans,615502,Saint Vincent Bearcats,615449,1,top,Quinn Marquis stole second.,2,2026-03-29 15:30:00-04:00,"Bearcat Ballfield (Latrobe, PA)",257,MBA,2026
6516829,615449,Westminster (PA) Titans,615502,Saint Vincent Bearcats,615449,1,top,Aaron Jones walked (3-2 FBKFBBB).,3,2026-03-29 15:30:00-04:00,"Bearcat Ballfield (Latrobe, PA)",257,MBA,2026
6516829,615449,Westminster (PA) Titans,615502,Saint Vincent Bearcats,615449,1,top,Jack Strausser singled to left field (0-1 K)3a Aaron Jones advanced to second3a Quinn Marquis advanced to third.,4,2026-03-29 15:30:00-04:00,"Bearcat Ballfield (Latrobe, PA)",257,MBA,2026
6516829,615449,Westminster (PA) Titans,615502,Saint Vincent Bearcats,615449,1,top,"Braden Zeigler singled to right center, RBI (1-2 BFK)3a Jack Strausser advanced to second3a Aaron Jones scored3a Quinn Marquis scored.",5,2026-03-29 15:30:00-04:00,"Bearcat Ballfield (Latrobe, PA)",257,MBA,2026
6516829,615449,Westminster (PA) Titans,615502,Saint Vincent Bearcats,615449,1,top,Ian Temple popped up to cf (1-2 BFK).,6,2026-03-29 15:30:00-04:00,"Bearcat Ballfield (Latrobe, PA)",257,MBA,2026
6516829,615449,Westminster (PA) Titans,615502,Saint Vincent Bearcats,615449,1,top,Parker Lyons singled to left center (0-0)3a Braden Zeigler advanced to second3a Jack Strausser advanced to third.,7,2026-03-29 15:30:00-04:00,"Bearcat Ballfield (Latrobe, PA)",257,MBA,2026
6516829,615449,Westminster (PA) Titans,615502,Saint Vincent Bearcats,615449,1,top,"Thomas Rook singled, RBI (1-0 B)3a Parker Lyons advanced to second3a Braden Zeigler advanced to third3a Jack Strausser scored.",8,2026-03-29 15:30:00-04:00,"Bearcat Ballfield (Latrobe, PA)",257,MBA,2026
6516829,615449,Westminster (PA) Titans,615502,Saint Vincent Bearcats,615449,1,top,"Nate Demchak doubled to right center, RBI (0-0)3a Thomas Rook advanced to third3a Parker Lyons scored3a Braden Zeigler scored.",9,2026-03-29 15:30:00-04:00,"Bearcat Ballfield (Latrobe, PA)",257,MBA,2026
6516829,615449,Westminster (PA) Titans,615502,Saint Vincent Bearcats,615449,1,top,Conner Adams reached first on an error by ss (1-1 BK).,10,2026-03-29 15:30:00-04:00,"Bearcat Ballfield (Latrobe, PA)",257,MBA,2026
6516829,615449,Westminster (PA) Titans,615502,Saint Vincent Bearcats,615449,1,top,Quinn Marquis popped up to 2b (0-0).,11,2026-03-29 15:30:00-04:00,"Bearcat Ballfield (Latrobe, PA)",257,MBA,2026
6516829,615449,Westminster (PA) Titans,615502,Saint Vincent Bearcats,615449,1,top,Aaron Jones out at first ss to 2b (1-2 KKB).,12,2026-03-29 15:30:00-04:00,"Bearcat Ballfield (Latrobe, PA)",257,MBA,2026
6516829,615449,Westminster (PA) Titans,615502,Saint Vincent Bearcats,615502,1,bot,Dylan Schmude lined out to rf (1-0 B).,13,2026-03-29 15:30:00-04:00,"Bearcat Ballfield (Latrobe, PA)",257,MBA,2026
6516829,615449,Westminster (PA) Titans,615502,Saint Vincent Bearcats,615502,1,bot,Lane Golkosky singled to center field (2-2 KFBB).,14,2026-03-29 15:30:00-04:00,"Bearcat Ballfield (Latrobe, PA)",257,MBA,2026
6516829,615449,Westminster (PA) Titans,615502,Saint Vincent Bearcats,615502,1,bot,AJ McLafferty lined out to cf (3-2 KBBKB).,15,2026-03-29 15:30:00-04:00,"Bearcat Ballfield (Latrobe, PA)",257,MBA,2026
6516829,615449,Westminster (PA) Titans,615502,Saint Vincent Bearcats,615502,1,bot,Jacob Auld flied out to rf (1-2 KKBF).,16,2026-03-29 15:30:00-04:00,"Bearcat Ballfield (Latrobe, PA)",257,MBA,2026
6516829,615449,Westminster (PA) Titans,615502,Saint Vincent Bearcats,615449,2,top,Jack Strausser flied out to cf (0-0).,17,2026-03-29 15:30:00-04:00,"Bearcat Ballfield (Latrobe, PA)",257,MBA,2026
6516829,615449,Westminster (PA) Titans,615502,Saint Vincent Bearcats,615449,2,top,Braden Zeigler popped up to rf (3-1 BBFB).,18,2026-03-29 15:30:00-04:00,"Bearcat Ballfield (Latrobe, PA)",257,MBA,2026
6516829,615449,Westminster (PA) Titans,615502,Saint Vincent Bearcats,615449,2,top,Ian Temple grounded out to 3b (2-0 BB).,19,2026-03-29 15:30:00-04:00,"Bearcat Ballfield (Latrobe, PA)",257,MBA,2026
6516829,615449,Westminster (PA) Titans,615502,Saint Vincent Bearcats,615502,2,bot,Chuck Fontana popped up to cf (0-1 K).,20,2026-03-29 15:30:00-04:00,"Bearcat Ballfield (Latrobe, PA)",257,MBA,2026
6516829,615449,Westminster (PA) Titans,615502,Saint Vincent Bearcats,615502,2,bot,Isiah Petty lined out to rf (2-1 BBF).,21,2026-03-29 15:30:00-04:00,"Bearcat Ballfield (Latrobe, PA)",257,MBA,2026
6516829,615449,Westminster (PA) Titans,615502,Saint Vincent Bearcats,615502,2,bot,Austen Hester struck out looking (2-2 KBSBK).,22,2026-03-29 15:30:00-04:00,"Bearcat Ballfield (Latrobe, PA)",257,MBA,2026
6516829,615449,Westminster (PA) Titans,615502,Saint Vincent Bearcats,615449,3,top,Parker Lyons flied out to cf (1-0 B).,23,2026-03-29 15:30:00-04:00,"Bearcat Ballfield (Latrobe, PA)",257,MBA,2026
6516829,615449,Westminster (PA) Titans,615502,Saint Vincent Bearcats,615449,3,top,Thomas Rook grounded out to ss (1-0 B).,24,2026-03-29 15:30:00-04:00,"Bearcat Ballfield (Latrobe, PA)",257,MBA,2026
6516829,615449,Westminster (PA) Titans,615502,Saint Vincent Bearcats,615449,3,top,Nate Demchak flied out to rf (2-2 KBFB).,25,2026-03-29 15:30:00-04:00,"Bearcat Ballfield (Latrobe, PA)",257,MBA,2026
6516829,615449,Westminster (PA) Titans,615502,Saint Vincent Bearcats,615502,3,bot,Armani LoRusso lined out to cf (0-0).,26,2026-03-29 15:30:00-04:00,"Bearcat Ballfield (Latrobe, PA)",257,MBA,2026
6516829,615449,Westminster (PA) Titans,615502,Saint Vincent Bearcats,615502,3,bot,Ryan Finniff struck out swinging (2-2 KFBBFS).,27,2026-03-29 15:30:00-04:00,"Bearcat Ballfield (Latrobe, PA)",257,MBA,2026
6516829,615449,Westminster (PA) Titans,615502,Saint Vincent Bearcats,615502,3,bot,Dylan Schmude popped up to rf (3-2 BBFBF).,28,2026-03-29 15:30:00-04:00,"Bearcat Ballfield (Latrobe, PA)",257,MBA,2026
6516829,615449,Westminster (PA) Titans,615502,Saint Vincent Bearcats,615449,4,top,Conner Adams singled to left field (0-1 F).,29,2026-03-29 15:30:00-04:00,"Bearcat Ballfield (Latrobe, PA)",257,MBA,2026
6516829,615449,Westminster (PA) Titans,615502,Saint Vincent Bearcats,615449,4,top,Quinn Marquis popped up to cf (0-0).,30,2026-03-29 15:30:00-04:00,"Bearcat Ballfield (Latrobe, PA)",257,MBA,2026
6516829,615449,Westminster (PA) Titans,615502,Saint Vincent Bearcats,615449,4,top,Aaron Jones singled to left field (1-2 KBK)3a Conner Adams advanced to second.,31,2026-03-29 15:30:00-04:00,"Bearcat Ballfield (Latrobe, PA)",257,MBA,2026
6516829,615449,Westminster (PA) Titans,615502,Saint Vincent Bearcats,615449,4,top,"Aaron Jones out at second c to 1b, caught stealing.",32,2026-03-29 15:30:00-04:00,"Bearcat Ballfield (Latrobe, PA)",257,MBA,2026
6516829,615449,Westminster (PA) Titans,615502,Saint Vincent Bearcats,615449,4,top,Jack Strausser fouled out to 1b (3-2 BBBKK).,33,2026-03-29 15:30:00-04:00,"Bearcat Ballfield (Latrobe, PA)",257,MBA,2026
6516829,615449,Westminster (PA) Titans,615502,Saint Vincent Bearcats,615502,4,bot,Lane Golkosky lined out to cf (0-0).,34,2026-03-29 15:30:00-04:00,"Bearcat Ballfield (Latrobe, PA)",257,MBA,2026
6516829,615449,Westminster (PA) Titans,615502,Saint Vincent Bearcats,615502,4,bot,AJ McLafferty flied out to cf (0-2 SF).,35,2026-03-29 15:30:00-04:00,"Bearcat Ballfield (Latrobe, PA)",257,MBA,2026
6516829,615449,Westminster (PA) Titans,615502,Saint Vincent Bearcats,615502,4,bot,Jacob Auld flied out to lf (2-2 KKBB).,36,2026-03-29 15:30:00-04:00,"Bearcat Ballfield (Latrobe, PA)",257,MBA,2026
6516829,615449,Westminster (PA) Titans,615502,Saint Vincent Bearcats,615449,5,top,Braden Zeigler grounded out to 3b (2-2 BKSFB).,37,2026-03-29 15:30:00-04:00,"Bearcat Ballfield (Latrobe, PA)",257,MBA,2026
6516829,615449,Westminster (PA) Titans,615502,Saint Vincent Bearcats,615449,5,top,Ian Temple flied out to lf (1-1 FB).,38,2026-03-29 15:30:00-04:00,"Bearcat Ballfield (Latrobe, PA)",257,MBA,2026
6516829,615449,Westminster (PA) Titans,615502,Saint Vincent Bearcats,615449,5,top,Parker Lyons popped up to rf (1-1 BK).,39,2026-03-29 15:30:00-04:00,"Bearcat Ballfield (Latrobe, PA)",257,MBA,2026
6516829,615449,Westminster (PA) Titans,615502,Saint Vincent Bearcats,615502,5,bot,Chuck Fontana popped up to cf (1-1 BK).,40,2026-03-29 15:30:00-04:00,"Bearcat Ballfield (Latrobe, PA)",257,MBA,2026
6516829,615449,Westminster (PA) Titans,615502,Saint Vincent Bearcats,615502,5,bot,Isiah Petty popped up to rf (2-0 BB).,41,2026-03-29 15:30:00-04:00,"Bearcat Ballfield (Latrobe, PA)",257,MBA,2026
6516829,615449,Westminster (PA) Titans,615502,Saint Vincent Bearcats,615502,5,bot,Austen Hester popped up to rf (1-0 B).,42,2026-03-29 15:30:00-04:00,"Bearcat Ballfield (Latrobe, PA)",257,MBA,2026
6516829,615449,Westminster (PA) Titans,615502,Saint Vincent Bearcats,615449,6,top,Thomas Rook popped up to cf (0-0).,43,2026-03-29 15:30:00-04:00,"Bearcat Ballfield (Latrobe, PA)",257,MBA,2026
6516829,615449,Westminster (PA) Titans,615502,Saint Vincent Bearcats,615449,6,top,Nate Demchak singled to center field (1-1 BK).,44,2026-03-29 15:30:00-04:00,"Bearcat Ballfield (Latrobe, PA)",257,MBA,2026
6516829,615449,Westminster (PA) Titans,615502,Saint Vincent Bearcats,615449,6,top,Nate Demchak stole second.,45,2026-03-29 15:30:00-04:00,"Bearcat Ballfield (Latrobe, PA)",257,MBA,2026
6516829,615449,Westminster (PA) Titans,615502,Saint Vincent Bearcats,615449,6,top,Conner Adams flied out to 3b (2-2 BKBF).,46,2026-03-29 15:30:00-04:00,"Bearcat Ballfield (Latrobe, PA)",257,MBA,2026
6516829,615449,Westminster (PA) Titans,615502,Saint Vincent Bearcats,615449,6,top,Quinn Marquis popped up to cf (2-2 BBKK).,47,2026-03-29 15:30:00-04:00,"Bearcat Ballfield (Latrobe, PA)",257,MBA,2026
6516829,615449,Westminster (PA) Titans,615502,Saint Vincent Bearcats,615502,6,bot,Armani LoRusso reached first on an error by 3b (1-0 B).,48,2026-03-29 15:30:00-04:00,"Bearcat Ballfield (Latrobe, PA)",257,MBA,2026
6516829,615449,Westminster (PA) Titans,615502,Saint Vincent Bearcats,615502,6,bot,Ryan Finniff struck out swinging (0-2 KFS).,49,2026-03-29 15:30:00-04:00,"Bearcat Ballfield (Latrobe, PA)",257,MBA,2026
6516829,615449,Westminster (PA) Titans,615502,Saint Vincent Bearcats,615502,6,bot,Dylan Schmude struck out swinging (3-2 BFKBBS).,50,2026-03-29 15:30:00-04:00,"Bearcat Ballfield (Latrobe, PA)",257,MBA,2026
6516829,615449,Westminster (PA) Titans,615502,Saint Vincent Bearcats,615502,6,bot,Lane Golkosky flied out to rf (1-2 KKB).,51,2026-03-29 15:30:00-04:00,"Bearcat Ballfield (Latrobe, PA)",257,MBA,2026
6516829,615449,Westminster (PA) Titans,615502,Saint Vincent Bearcats,615449,7,top,Gavin Switzer to p for Braden Trainor.,52,2026-03-29 15:30:00-04:00,"Bearcat Ballfield (Latrobe, PA)",257,MBA,2026
6516829,615449,Westminster (PA) Titans,615502,Saint Vincent Bearcats,615449,7,top,Ben Hudson to rf for Isiah Petty.,53,2026-03-29 15:30:00-04:00,"Bearcat Ballfield (Latrobe, PA)",257,MBA,2026
6516829,615449,Westminster (PA) Titans,615502,Saint Vincent Bearcats,615449,7,top,Aaron Jones singled to left field (3-2 BSFBBF).,54,2026-03-29 15:30:00-04:00,"Bearcat Ballfield (Latrobe, PA)",257,MBA,2026
6516829,615449,Westminster (PA) Titans,615502,Saint Vincent Bearcats,615449,7,top,Aaron Jones stole second.,55,2026-03-29 15:30:00-04:00,"Bearcat Ballfield (Latrobe, PA)",257,MBA,2026
6516829,615449,Westminster (PA) Titans,615502,Saint Vincent Bearcats,615449,7,top,Jack Strausser walked (3-2 KBKBFBFB).,56,2026-03-29 15:30:00-04:00,"Bearcat Ballfield (Latrobe, PA)",257,MBA,2026
6516829,615449,Westminster (PA) Titans,615502,Saint Vincent Bearcats,615449,7,top,"Braden Zeigler flied out to rf, sacrifice fly (0-0)3a Aaron Jones advanced to third.",57,2026-03-29 15:30:00-04:00,"Bearcat Ballfield (Latrobe, PA)",257,MBA,2026
6516829,615449,Westminster (PA) Titans,615502,Saint Vincent Bearcats,615449,7,top,Jack Strausser stole second.,58,2026-03-29 15:30:00-04:00,"Bearcat Ballfield (Latrobe, PA)",257,MBA,2026
6516829,615449,Westminster (PA) Titans,615502,Saint Vincent Bearcats,615449,7,top,"Ian Temple singled to left field, RBI (0-1 K)3a Jack Strausser advanced to third3a Aaron Jones scored.",59,2026-03-29 15:30:00-04:00,"Bearcat Ballfield (Latrobe, PA)",257,MBA,2026
6516829,615449,Westminster (PA) Titans,615502,Saint Vincent Bearcats,615449,7,top,Ian Temple stole second.,60,2026-03-29 15:30:00-04:00,"Bearcat Ballfield (Latrobe, PA)",257,MBA,2026
6516829,615449,Westminster (PA) Titans,615502,Saint Vincent Bearcats,615449,7,top,Parker Lyons struck out swinging (2-2 BKFBS).,61,2026-03-29 15:30:00-04:00,"Bearcat Ballfield (Latrobe, PA)",257,MBA,2026
6516829,615449,Westminster (PA) Titans,615502,Saint Vincent Bearcats,615449,7,top,Thomas Rook lined out to cf (2-0 BB).,62,2026-03-29 15:30:00-04:00,"Bearcat Ballfield (Latrobe, PA)",257,MBA,2026
6516829,615449,Westminster (PA) Titans,615502,Saint Vincent Bearcats,615502,7,bot,AJ McLafferty grounded out to 3b (2-0 BB).,63,2026-03-29 15:30:00-04:00,"Bearcat Ballfield (Latrobe, PA)",257,MBA,2026
6516829,615449,Westminster (PA) Titans,615502,Saint Vincent Bearcats,615502,7,bot,Jacob Auld popped up to lf (1-0 B).,64,2026-03-29 15:30:00-04:00,"Bearcat Ballfield (Latrobe, PA)",257,MBA,2026
6516829,615449,Westminster (PA) Titans,615502,Saint Vincent Bearcats,615502,7,bot,Chuck Fontana struck out swinging (1-2 KSFFBS).,65,2026-03-29 15:30:00-04:00,"Bearcat Ballfield (Latrobe, PA)",257,MBA,2026
6516829,615449,Westminster (PA) Titans,615502,Saint Vincent Bearcats,615449,8,top,Garrett Knapp to p for Gavin Switzer.,66,2026-03-29 15:30:00-04:00,"Bearcat Ballfield (Latrobe, PA)",257,MBA,2026
6516829,615449,Westminster (PA) Titans,615502,Saint Vincent Bearcats,615449,8,top,Ryan Kirk to lf for AJ McLafferty.,67,2026-03-29 15:30:00-04:00,"Bearcat Ballfield (Latrobe, PA)",257,MBA,2026
6516829,615449,Westminster (PA) Titans,615502,Saint Vincent Bearcats,615449,8,top,Nate Demchak grounded out to ss (0-0).,68,2026-03-29 15:30:00-04:00,"Bearcat Ballfield (Latrobe, PA)",257,MBA,2026
6516829,615449,Westminster (PA) Titans,615502,Saint Vincent Bearcats,615449,8,top,Conner Adams doubled to left field (2-1 BFB).,69,2026-03-29 15:30:00-04:00,"Bearcat Ballfield (Latrobe, PA)",257,MBA,2026
6516829,615449,Westminster (PA) Titans,615502,Saint Vincent Bearcats,615449,8,top,Quinn Marquis grounded out to 3b (0-0).,70,2026-03-29 15:30:00-04:00,"Bearcat Ballfield (Latrobe, PA)",257,MBA,2026
6516829,615449,Westminster (PA) Titans,615502,Saint Vincent Bearcats,615449,8,top,Aaron Jones struck out swinging (0-2 KFS).,71,2026-03-29 15:30:00-04:00,"Bearcat Ballfield (Latrobe, PA)",257,MBA,2026
6516829,615449,Westminster (PA) Titans,615502,Saint Vincent Bearcats,615502,8,bot,Ben Hudson struck out swinging (1-2 FBKS).,72,2026-03-29 15:30:00-04:00,"Bearcat Ballfield (Latrobe, PA)",257,MBA,2026
6516829,615449,Westminster (PA) Titans,615502,Saint Vincent Bearcats,615502,8,bot,Austen Hester struck out swinging (0-2 KKS).,73,2026-03-29 15:30:00-04:00,"Bearcat Ballfield (Latrobe, PA)",257,MBA,2026
6516829,615449,Westminster (PA) Titans,615502,Saint Vincent Bearcats,615502,8,bot,Armani LoRusso flied out to cf (0-1 K).,74,2026-03-29 15:30:00-04:00,"Bearcat Ballfield (Latrobe, PA)",257,MBA,2026
6516829,615449,Westminster (PA) Titans,615502,Saint Vincent Bearcats,615449,9,top,Jack Strausser popped up to ss (1-1 BK).,75,2026-03-29 15:30:00-04:00,"Bearcat Ballfield (Latrobe, PA)",257,MBA,2026
6516829,615449,Westminster (PA) Titans,615502,Saint Vincent Bearcats,615449,9,top,Grayson Eicher pinch hit for Braden Zeigler.,76,2026-03-29 15:30:00-04:00,"Bearcat Ballfield (Latrobe, PA)",257,MBA,2026
6516829,615449,Westminster (PA) Titans,615502,Saint Vincent Bearcats,615449,9,top,Grayson Eicher grounded out to 2b (0-1 K).,77,2026-03-29 15:30:00-04:00,"Bearcat Ballfield (Latrobe, PA)",257,MBA,2026
6516829,615449,Westminster (PA) Titans,615502,Saint Vincent Bearcats,615449,9,top,Ian Temple singled (2-2 FFBB).,78,2026-03-29 15:30:00-04:00,"Bearcat Ballfield (Latrobe, PA)",257,MBA,2026
6516829,615449,Westminster (PA) Titans,615502,Saint Vincent Bearcats,615449,9,top,Parker Lyons flied out to rf (1-1 BF).,79,2026-03-29 15:30:00-04:00,"Bearcat Ballfield (Latrobe, PA)",257,MBA,2026
6516829,615449,Westminster (PA) Titans,615502,Saint Vincent Bearcats,615502,9,bot,Brayden Macaluso pinch hit for Ryan Finniff.,80,2026-03-29 15:30:00-04:00,"Bearcat Ballfield (Latrobe, PA)",257,MBA,2026
6516829,615449,Westminster (PA) Titans,615502,Saint Vincent Bearcats,615502,9,bot,Brayden Macaluso flied out to cf (2-2 BKSFB).,81,2026-03-29 15:30:00-04:00,"Bearcat Ballfield (Latrobe, PA)",257,MBA,2026
6516829,615449,Westminster (PA) Titans,615502,Saint Vincent Bearcats,615502,9,bot,Dylan Schmude lined out to cf (0-1 K).,82,2026-03-29 15:30:00-04:00,"Bearcat Ballfield (Latrobe, PA)",257,MBA,2026
6516829,615449,Westminster (PA) Titans,615502,Saint Vincent Bearcats,615502,9,bot,Lane Golkosky grounded out to 2b (0-1 F).,83,2026-03-29 15:30:00-04:00,"Bearcat Ballfield (Latrobe, PA)",257,MBA,2026
6522751,615374,Wabash Little Giants,615234,John Carroll Blue Streaks,615374,1,top,Caleb Ellspermann grounded out to ss (0-1 K).,1,2026-03-29 15:30:00-04:00,"Schweickert Field (University Heights, OH)",84,MBA,2026
6522751,615374,Wabash Little Giants,615234,John Carroll Blue Streaks,615374,1,top,Will McKinzie grounded out to ss (1-2 FBK).,2,2026-03-29 15:30:00-04:00,"Schweickert Field (University Heights, OH)",84,MBA,2026
6522751,615374,Wabash Little Giants,615234,John Carroll Blue Streaks,615374,1,top,Ben Henke grounded out to ss (2-2 BKBK).,3,2026-03-29 15:30:00-04:00,"Schweickert Field (University Heights, OH)",84,MBA,2026
6522751,615374,Wabash Little Giants,615234,John Carroll Blue Streaks,615234,1,bot,Jake Monaco grounded out to 2b (2-1 BBK).,4,2026-03-29 15:30:00-04:00,"Schweickert Field (University Heights, OH)",84,MBA,2026
6522751,615374,Wabash Little Giants,615234,John Carroll Blue Streaks,615234,1,bot,Dylan Sowers struck out looking (1-2 KBSK).,5,2026-03-29 15:30:00-04:00,"Schweickert Field (University Heights, OH)",84,MBA,2026
6522751,615374,Wabash Little Giants,615234,John Carroll Blue Streaks,615234,1,bot,George Haracz walked (3-1 FBBBB).,6,2026-03-29 15:30:00-04:00,"Schweickert Field (University Heights, OH)",84,MBA,2026
6522751,615374,Wabash Little Giants,615234,John Carroll Blue Streaks,615234,1,bot,George Haracz advanced to second on a wild pitch.,7,2026-03-29 15:30:00-04:00,"Schweickert Field (University Heights, OH)",84,MBA,2026
6522751,615374,Wabash Little Giants,615234,John Carroll Blue Streaks,615234,1,bot,Ethan Glossa grounded out to ss (3-2 KKBBFFB).,8,2026-03-29 15:30:00-04:00,"Schweickert Field (University Heights, OH)",84,MBA,2026
6522751,615374,Wabash Little Giants,615234,John Carroll Blue Streaks,615374,2,top,Will Wallace singled to right center (2-0 BB).,9,2026-03-29 15:30:00-04:00,"Schweickert Field (University Heights, OH)",84,MBA,2026
6522751,615374,Wabash Little Giants,615234,John Carroll Blue Streaks,615374,2,top,"Parker Smith doubled to center field, RBI (2-2 SBKFB); Will Wallace scored.",10,2026-03-29 15:30:00-04:00,"Schweickert Field (University Heights, OH)",84,MBA,2026
6522751,615374,Wabash Little Giants,615234,John Carroll Blue Streaks,615374,2,top,"Jimmy Hawksworth doubled to left field, RBI (2-2 BBKSF); Parker Smith scored.",11,2026-03-29 15:30:00-04:00,"Schweickert Field (University Heights, OH)",84,MBA,2026
6522751,615374,Wabash Little Giants,615234,John Carroll Blue Streaks,615374,2,top,"Landen Basey grounded out to 3b, SAC (1-0 B); Jimmy Hawksworth advanced to third.",12,2026-03-29 15:30:00-04:00,"Schweickert Field (University Heights, OH)",84,MBA,2026
6522751,615374,Wabash Little Giants,615234,John Carroll Blue Streaks,615374,2,top,Aiden Ramsey grounded out to p (2-2 SBBKF).,13,2026-03-29 15:30:00-04:00,"Schweickert Field (University Heights, OH)",84,MBA,2026
6522751,615374,Wabash Little Giants,615234,John Carroll Blue Streaks,615374,2,top,Bradley Gilliam walked (3-2 BBKKBFB).,14,2026-03-29 15:30:00-04:00,"Schweickert Field (University Heights, OH)",84,MBA,2026
6522751,615374,Wabash Little Giants,615234,John Carroll Blue Streaks,615374,2,top,Caleb Ellspermann struck out swinging (0-2 KFS).,15,2026-03-29 15:30:00-04:00,"Schweickert Field (University Heights, OH)",84,MBA,2026
6522751,615374,Wabash Little Giants,615234,John Carroll Blue Streaks,615234,2,bot,Brett Krugman walked (3-2 BBBKKFB).,16,2026-03-29 15:30:00-04:00,"Schweickert Field (University Heights, OH)",84,MBA,2026
6522751,615374,Wabash Little Giants,615234,John Carroll Blue Streaks,615234,2,bot,"Konner Hauck struck out looking (3-2 KBFBBFK); Brett Krugman out at second c to 2b, caught stealing.",17,2026-03-29 15:30:00-04:00,"Schweickert Field (University Heights, OH)",84,MBA,2026
6522751,615374,Wabash Little Giants,615234,John Carroll Blue Streaks,615234,2,bot,Christopher Salek walked (3-0 BBBB).,18,2026-03-29 15:30:00-04:00,"Schweickert Field (University Heights, OH)",84,MBA,2026
6522751,615374,Wabash Little Giants,615234,John Carroll Blue Streaks,615234,2,bot,Christopher Salek stole second.,19,2026-03-29 15:30:00-04:00,"Schweickert Field (University Heights, OH)",84,MBA,2026
6522751,615374,Wabash Little Giants,615234,John Carroll Blue Streaks,615234,2,bot,Patrick Sherman grounded out to ss (2-2 FBKB).,20,2026-03-29 15:30:00-04:00,"Schweickert Field (University Heights, OH)",84,MBA,2026
6522751,615374,Wabash Little Giants,615234,John Carroll Blue Streaks,615374,3,top,Will McKinzie flied out to rf (2-2 KBBK).,21,2026-03-29 15:30:00-04:00,"Schweickert Field (University Heights, OH)",84,MBA,2026
6522751,615374,Wabash Little Giants,615234,John Carroll Blue Streaks,615374,3,top,Ben Henke grounded out to ss (0-0).,22,2026-03-29 15:30:00-04:00,"Schweickert Field (University Heights, OH)",84,MBA,2026
6522751,615374,Wabash Little Giants,615234,John Carroll Blue Streaks,615374,3,top,Will Wallace walked (3-0 BBBB).,23,2026-03-29 15:30:00-04:00,"Schweickert Field (University Heights, OH)",84,MBA,2026
6522751,615374,Wabash Little Giants,615234,John Carroll Blue Streaks,615374,3,top,Parker Smith struck out swinging (3-2 KFBBBS).,24,2026-03-29 15:30:00-04:00,"Schweickert Field (University Heights, OH)",84,MBA,2026
6522751,615374,Wabash Little Giants,615234,John Carroll Blue Streaks,615234,3,bot,"Jordan Suvak homered, RBI (0-0).",25,2026-03-29 15:30:00-04:00,"Schweickert Field (University Heights, OH)",84,MBA,2026
6522751,615374,Wabash Little Giants,615234,John Carroll Blue Streaks,615234,3,bot,Jake Monaco hit by pitch (1-2 KBK).,26,2026-03-29 15:30:00-04:00,"Schweickert Field (University Heights, OH)",84,MBA,2026
6522751,615374,Wabash Little Giants,615234,John Carroll Blue Streaks,615234,3,bot,Dylan Sowers lined out to rf (3-2 BFKBBF).,27,2026-03-29 15:30:00-04:00,"Schweickert Field (University Heights, OH)",84,MBA,2026
6522751,615374,Wabash Little Giants,615234,John Carroll Blue Streaks,615234,3,bot,"Jake Monaco out at second c to ss, caught stealing.",28,2026-03-29 15:30:00-04:00,"Schweickert Field (University Heights, OH)",84,MBA,2026
6522751,615374,Wabash Little Giants,615234,John Carroll Blue Streaks,615234,3,bot,George Haracz grounded out to ss (1-2 KFB).,29,2026-03-29 15:30:00-04:00,"Schweickert Field (University Heights, OH)",84,MBA,2026
6522751,615374,Wabash Little Giants,615234,John Carroll Blue Streaks,615374,4,top,Jimmy Hawksworth flied out to rf (2-0 BB).,30,2026-03-29 15:30:00-04:00,"Schweickert Field (University Heights, OH)",84,MBA,2026
6522751,615374,Wabash Little Giants,615234,John Carroll Blue Streaks,615374,4,top,Landen Basey doubled down the lf line (0-1 K).,31,2026-03-29 15:30:00-04:00,"Schweickert Field (University Heights, OH)",84,MBA,2026
6522751,615374,Wabash Little Giants,615234,John Carroll Blue Streaks,615374,4,top,Aiden Ramsey struck out swinging (2-2 KKBBS).,32,2026-03-29 15:30:00-04:00,"Schweickert Field (University Heights, OH)",84,MBA,2026
6522751,615374,Wabash Little Giants,615234,John Carroll Blue Streaks,615374,4,top,Bradley Gilliam struck out swinging (2-2 KFBBS).,33,2026-03-29 15:30:00-04:00,"Schweickert Field (University Heights, OH)",84,MBA,2026
6522751,615374,Wabash Little Giants,615234,John Carroll Blue Streaks,615234,4,bot,Ethan Glossa lined out to lf (0-0).,34,2026-03-29 15:30:00-04:00,"Schweickert Field (University Heights, OH)",84,MBA,2026
6522751,615374,Wabash Little Giants,615234,John Carroll Blue Streaks,615234,4,bot,Brett Krugman reached first on an error by 2b (2-0 BB).,35,2026-03-29 15:30:00-04:00,"Schweickert Field (University Heights, OH)",84,MBA,2026
6522751,615374,Wabash Little Giants,615234,John Carroll Blue Streaks,615234,4,bot,Konner Hauck grounded out to ss (1-0 B); Brett Krugman advanced to second.,36,2026-03-29 15:30:00-04:00,"Schweickert Field (University Heights, OH)",84,MBA,2026
6522751,615374,Wabash Little Giants,615234,John Carroll Blue Streaks,615234,4,bot,"Christopher Salek doubled to right center, RBI (1-0 B); Brett Krugman scored, unearned.",37,2026-03-29 15:30:00-04:00,"Schweickert Field (University Heights, OH)",84,MBA,2026
6522751,615374,Wabash Little Giants,615234,John Carroll Blue Streaks,615234,4,bot,Patrick Sherman grounded out to 3b (1-0 B).,38,2026-03-29 15:30:00-04:00,"Schweickert Field (University Heights, OH)",84,MBA,2026
6522751,615374,Wabash Little Giants,615234,John Carroll Blue Streaks,615374,5,top,Michael Perry to p for Jake Corll.,39,2026-03-29 15:30:00-04:00,"Schweickert Field (University Heights, OH)",84,MBA,2026
6522751,615374,Wabash Little Giants,615234,John Carroll Blue Streaks,615374,5,top,Caleb Ellspermann flied out to rf (0-2 KF).,40,2026-03-29 15:30:00-04:00,"Schweickert Field (University Heights, OH)",84,MBA,2026
6522751,615374,Wabash Little Giants,615234,John Carroll Blue Streaks,615374,5,top,Will McKinzie grounded out to p (1-1 BK).,41,2026-03-29 15:30:00-04:00,"Schweickert Field (University Heights, OH)",84,MBA,2026
6522751,615374,Wabash Little Giants,615234,John Carroll Blue Streaks,615374,5,top,Ben Henke struck out swinging (3-2 KBFBFFBFS).,42,2026-03-29 15:30:00-04:00,"Schweickert Field (University Heights, OH)",84,MBA,2026
6522751,615374,Wabash Little Giants,615234,John Carroll Blue Streaks,615234,5,bot,Jordan Suvak walked (3-2 FBBKBB).,43,2026-03-29 15:30:00-04:00,"Schweickert Field (University Heights, OH)",84,MBA,2026
6522751,615374,Wabash Little Giants,615234,John Carroll Blue Streaks,615234,5,bot,Jarrod Kirsch to p for Aidan McConnell.,44,2026-03-29 15:30:00-04:00,"Schweickert Field (University Heights, OH)",84,MBA,2026
6522751,615374,Wabash Little Giants,615234,John Carroll Blue Streaks,615234,5,bot,Jake Monaco lined out to rf (0-2 FFF).,45,2026-03-29 15:30:00-04:00,"Schweickert Field (University Heights, OH)",84,MBA,2026
6522751,615374,Wabash Little Giants,615234,John Carroll Blue Streaks,615234,5,bot,Jordan Suvak stole second.,46,2026-03-29 15:30:00-04:00,"Schweickert Field (University Heights, OH)",84,MBA,2026
6522751,615374,Wabash Little Giants,615234,John Carroll Blue Streaks,615234,5,bot,Dylan Sowers struck out swinging (2-2 BBKFFS).,47,2026-03-29 15:30:00-04:00,"Schweickert Field (University Heights, OH)",84,MBA,2026
6522751,615374,Wabash Little Giants,615234,John Carroll Blue Streaks,615234,5,bot,"George Haracz singled to right center, RBI (1-1 KB); Jordan Suvak scored.",48,2026-03-29 15:30:00-04:00,"Schweickert Field (University Heights, OH)",84,MBA,2026
6522751,615374,Wabash Little Giants,615234,John Carroll Blue Streaks,615234,5,bot,George Haracz stole second.,49,2026-03-29 15:30:00-04:00,"Schweickert Field (University Heights, OH)",84,MBA,2026
6522751,615374,Wabash Little Giants,615234,John Carroll Blue Streaks,615234,5,bot,Ethan Glossa walked (3-2 BFBSBB).,50,2026-03-29 15:30:00-04:00,"Schweickert Field (University Heights, OH)",84,MBA,2026
6522751,615374,Wabash Little Giants,615234,John Carroll Blue Streaks,615234,5,bot,"Brett Krugman doubled down the rf line, 2 RBI (2-0 BB); Ethan Glossa scored; George Haracz scored.",51,2026-03-29 15:30:00-04:00,"Schweickert Field (University Heights, OH)",84,MBA,2026
6522751,615374,Wabash Little Giants,615234,John Carroll Blue Streaks,615234,5,bot,Konner Hauck flied out to rf (0-2 FK).,52,2026-03-29 15:30:00-04:00,"Schweickert Field (University Heights, OH)",84,MBA,2026
6522751,615374,Wabash Little Giants,615234,John Carroll Blue Streaks,615374,6,top,Will Wallace struck out looking (3-2 KSBBBK).,53,2026-03-29 15:30:00-04:00,"Schweickert Field (University Heights, OH)",84,MBA,2026
6522751,615374,Wabash Little Giants,615234,John Carroll Blue Streaks,615374,6,top,Parker Smith struck out swinging (3-2 BBKBKS).,54,2026-03-29 15:30:00-04:00,"Schweickert Field (University Heights, OH)",84,MBA,2026
6522751,615374,Wabash Little Giants,615234,John Carroll Blue Streaks,615374,6,top,Jimmy Hawksworth grounded out to ss (1-0 B).,55,2026-03-29 15:30:00-04:00,"Schweickert Field (University Heights, OH)",84,MBA,2026
6522751,615374,Wabash Little Giants,615234,John Carroll Blue Streaks,615234,6,bot,Christopher Salek flied out to cf (0-2 KS).,56,2026-03-29 15:30:00-04:00,"Schweickert Field (University Heights, OH)",84,MBA,2026
6522751,615374,Wabash Little Giants,615234,John Carroll Blue Streaks,615234,6,bot,Patrick Sherman doubled to right field (0-0).,57,2026-03-29 15:30:00-04:00,"Schweickert Field (University Heights, OH)",84,MBA,2026
6522751,615374,Wabash Little Giants,615234,John Carroll Blue Streaks,615234,6,bot,Jordan Suvak grounded out to 3b (0-2 FS).,58,2026-03-29 15:30:00-04:00,"Schweickert Field (University Heights, OH)",84,MBA,2026
6522751,615374,Wabash Little Giants,615234,John Carroll Blue Streaks,615234,6,bot,Jake Monaco lined out to lf (0-0).,59,2026-03-29 15:30:00-04:00,"Schweickert Field (University Heights, OH)",84,MBA,2026
6522751,615374,Wabash Little Giants,615234,John Carroll Blue Streaks,615374,7,top,Landen Basey singled to center field (0-1 S).,60,2026-03-29 15:30:00-04:00,"Schweickert Field (University Heights, OH)",84,MBA,2026
6522751,615374,Wabash Little Giants,615234,John Carroll Blue Streaks,615374,7,top,Carson Vlcan pinch hit for Aiden Ramsey.,61,2026-03-29 15:30:00-04:00,"Schweickert Field (University Heights, OH)",84,MBA,2026
6522751,615374,Wabash Little Giants,615234,John Carroll Blue Streaks,615374,7,top,Carson Vlcan hit by pitch (0-0); Landen Basey advanced to second.,62,2026-03-29 15:30:00-04:00,"Schweickert Field (University Heights, OH)",84,MBA,2026
6522751,615374,Wabash Little Giants,615234,John Carroll Blue Streaks,615374,7,top,Bradley Gilliam flied out to rf (0-1 F).,63,2026-03-29 15:30:00-04:00,"Schweickert Field (University Heights, OH)",84,MBA,2026
6522751,615374,Wabash Little Giants,615234,John Carroll Blue Streaks,615374,7,top,Will Fremion pinch hit for Caleb Ellspermann.,64,2026-03-29 15:30:00-04:00,"Schweickert Field (University Heights, OH)",84,MBA,2026
6522751,615374,Wabash Little Giants,615234,John Carroll Blue Streaks,615374,7,top,Will Fremion fouled out to rf (1-0 B); Carson Vlcan advanced to second; Landen Basey advanced to third.,65,2026-03-29 15:30:00-04:00,"Schweickert Field (University Heights, OH)",84,MBA,2026
6522751,615374,Wabash Little Giants,615234,John Carroll Blue Streaks,615374,7,top,Will McKinzie walked (3-0 BBBB).,66,2026-03-29 15:30:00-04:00,"Schweickert Field (University Heights, OH)",84,MBA,2026
6522751,615374,Wabash Little Giants,615234,John Carroll Blue Streaks,615374,7,top,"Ben Henke walked, RBI (3-2 BBBKKB); Will McKinzie advanced to second; Carson Vlcan advanced to third; Landen Basey scored.",67,2026-03-29 15:30:00-04:00,"Schweickert Field (University Heights, OH)",84,MBA,2026
6522751,615374,Wabash Little Giants,615234,John Carroll Blue Streaks,615374,7,top,Drew Walker to p for Michael Perry.,68,2026-03-29 15:30:00-04:00,"Schweickert Field (University Heights, OH)",84,MBA,2026
6522751,615374,Wabash Little Giants,615234,John Carroll Blue Streaks,615374,7,top,Will Wallace struck out swinging (1-2 KBSFS).,69,2026-03-29 15:30:00-04:00,"Schweickert Field (University Heights, OH)",84,MBA,2026
6522751,615374,Wabash Little Giants,615234,John Carroll Blue Streaks,615234,7,bot,Will Fremion to cf.,70,2026-03-29 15:30:00-04:00,"Schweickert Field (University Heights, OH)",84,MBA,2026
6522751,615374,Wabash Little Giants,615234,John Carroll Blue Streaks,615234,7,bot,Carson Vlcan to lf.,71,2026-03-29 15:30:00-04:00,"Schweickert Field (University Heights, OH)",84,MBA,2026
6522751,615374,Wabash Little Giants,615234,John Carroll Blue Streaks,615234,7,bot,Dylan Sowers flied out to rf (1-1 BS).,72,2026-03-29 15:30:00-04:00,"Schweickert Field (University Heights, OH)",84,MBA,2026
6522751,615374,Wabash Little Giants,615234,John Carroll Blue Streaks,615234,7,bot,George Haracz singled to left field (2-2 SBBFF).,73,2026-03-29 15:30:00-04:00,"Schweickert Field (University Heights, OH)",84,MBA,2026
6522751,615374,Wabash Little Giants,615234,John Carroll Blue Streaks,615234,7,bot,Ethan Glossa struck out swinging (1-2 SFBS).,74,2026-03-29 15:30:00-04:00,"Schweickert Field (University Heights, OH)",84,MBA,2026
6522751,615374,Wabash Little Giants,615234,John Carroll Blue Streaks,615234,7,bot,"George Haracz picked off, out at first p to 1b.",75,2026-03-29 15:30:00-04:00,"Schweickert Field (University Heights, OH)",84,MBA,2026
6522751,615374,Wabash Little Giants,615234,John Carroll Blue Streaks,615374,8,top,Parker Smith doubled to right center (0-2 FSF).,76,2026-03-29 15:30:00-04:00,"Schweickert Field (University Heights, OH)",84,MBA,2026
6522751,615374,Wabash Little Giants,615234,John Carroll Blue Streaks,615374,8,top,Jimmy Hawksworth singled to right field (2-1 BKB); Parker Smith advanced to third.,77,2026-03-29 15:30:00-04:00,"Schweickert Field (University Heights, OH)",84,MBA,2026
6522751,615374,Wabash Little Giants,615234,John Carroll Blue Streaks,615374,8,top,Xander Gendics to p for Drew Walker.,78,2026-03-29 15:30:00-04:00,"Schweickert Field (University Heights, OH)",84,MBA,2026
6522751,615374,Wabash Little Giants,615234,John Carroll Blue Streaks,615374,8,top,"Landen Basey singled to center field, RBI (2-1 SBB); Jimmy Hawksworth advanced to second; Parker Smith scored.",79,2026-03-29 15:30:00-04:00,"Schweickert Field (University Heights, OH)",84,MBA,2026
6522751,615374,Wabash Little Giants,615234,John Carroll Blue Streaks,615374,8,top,Miles Cvelbar pinch hit for Carson Vlcan.,80,2026-03-29 15:30:00-04:00,"Schweickert Field (University Heights, OH)",84,MBA,2026
6522751,615374,Wabash Little Giants,615234,John Carroll Blue Streaks,615374,8,top,"Miles Cvelbar grounded out to p, SAC (1-0 B); Landen Basey advanced to second; Jimmy Hawksworth advanced to third.",81,2026-03-29 15:30:00-04:00,"Schweickert Field (University Heights, OH)",84,MBA,2026
6522751,615374,Wabash Little Giants,615234,John Carroll Blue Streaks,615374,8,top,"Bradley Gilliam tripled to right center, 2 RBI (2-1 BBK); Landen Basey scored; Jimmy Hawksworth scored.",82,2026-03-29 15:30:00-04:00,"Schweickert Field (University Heights, OH)",84,MBA,2026
6522751,615374,Wabash Little Giants,615234,John Carroll Blue Streaks,615374,8,top,Will Fremion struck out looking (2-2 FKBBK).,83,2026-03-29 15:30:00-04:00,"Schweickert Field (University Heights, OH)",84,MBA,2026
6522751,615374,Wabash Little Giants,615234,John Carroll Blue Streaks,615374,8,top,Will McKinzie grounded out to ss (0-1 K).,84,2026-03-29 15:30:00-04:00,"Schweickert Field (University Heights, OH)",84,MBA,2026
6522751,615374,Wabash Little Giants,615234,John Carroll Blue Streaks,615234,8,bot,Ryan Williams to lf for Miles Cvelbar.,85,2026-03-29 15:30:00-04:00,"Schweickert Field (University Heights, OH)",84,MBA,2026
6522751,615374,Wabash Little Giants,615234,John Carroll Blue Streaks,615234,8,bot,Brett Krugman doubled to left field (0-1 K).,86,2026-03-29 15:30:00-04:00,"Schweickert Field (University Heights, OH)",84,MBA,2026
6522751,615374,Wabash Little Giants,615234,John Carroll Blue Streaks,615234,8,bot,Andreas Lazar pinch hit for Konner Hauck.,87,2026-03-29 15:30:00-04:00,"Schweickert Field (University Heights, OH)",84,MBA,2026
6522751,615374,Wabash Little Giants,615234,John Carroll Blue Streaks,615234,8,bot,"Andreas Lazar out at first 1b to 2b, SAC (0-0); Brett Krugman advanced to third.",88,2026-03-29 15:30:00-04:00,"Schweickert Field (University Heights, OH)",84,MBA,2026
6522751,615374,Wabash Little Giants,615234,John Carroll Blue Streaks,615234,8,bot,"Christopher Salek singled to center field, RBI (0-2 KF); Brett Krugman scored.",89,2026-03-29 15:30:00-04:00,"Schweickert Field (University Heights, OH)",84,MBA,2026
6522751,615374,Wabash Little Giants,615234,John Carroll Blue Streaks,615234,8,bot,Jackson Woehr to p for Jarrod Kirsch.,90,2026-03-29 15:30:00-04:00,"Schweickert Field (University Heights, OH)",84,MBA,2026
6522751,615374,Wabash Little Giants,615234,John Carroll Blue Streaks,615234,8,bot,Patrick Sherman flied out to rf (3-1 BBKB).,91,2026-03-29 15:30:00-04:00,"Schweickert Field (University Heights, OH)",84,MBA,2026
6522751,615374,Wabash Little Giants,615234,John Carroll Blue Streaks,615234,8,bot,Jordan Suvak singled to left field (0-2 KK); Christopher Salek advanced to second.,92,2026-03-29 15:30:00-04:00,"Schweickert Field (University Heights, OH)",84,MBA,2026
6522751,615374,Wabash Little Giants,615234,John Carroll Blue Streaks,615234,8,bot,Jake Monaco hit by pitch (1-0 B); Jordan Suvak advanced to second; Christopher Salek advanced to third.,93,2026-03-29 15:30:00-04:00,"Schweickert Field (University Heights, OH)",84,MBA,2026
6522751,615374,Wabash Little Giants,615234,John Carroll Blue Streaks,615234,8,bot,Keaton Phillips pinch hit for Dylan Sowers.,94,2026-03-29 15:30:00-04:00,"Schweickert Field (University Heights, OH)",84,MBA,2026
6522751,615374,Wabash Little Giants,615234,John Carroll Blue Streaks,615234,8,bot,Keaton Phillips struck out swinging (2-2 BKFFBS).,95,2026-03-29 15:30:00-04:00,"Schweickert Field (University Heights, OH)",84,MBA,2026
6522751,615374,Wabash Little Giants,615234,John Carroll Blue Streaks,615374,9,top,Jalen Jackson to lf for Keaton Phillips.,96,2026-03-29 15:30:00-04:00,"Schweickert Field (University Heights, OH)",84,MBA,2026
6522751,615374,Wabash Little Giants,615234,John Carroll Blue Streaks,615374,9,top,Michael Pollard to cf for Andreas Lazar.,97,2026-03-29 15:30:00-04:00,"Schweickert Field (University Heights, OH)",84,MBA,2026
6522751,615374,Wabash Little Giants,615234,John Carroll Blue Streaks,615374,9,top,Austin Miller to p for Xander Gendics.,98,2026-03-29 15:30:00-04:00,"Schweickert Field (University Heights, OH)",84,MBA,2026
6522751,615374,Wabash Little Giants,615234,John Carroll Blue Streaks,615374,9,top,Ben Henke popped up to 1b (0-1 S).,99,2026-03-29 15:30:00-04:00,"Schweickert Field (University Heights, OH)",84,MBA,2026
6522751,615374,Wabash Little Giants,615234,John Carroll Blue Streaks,615374,9,top,Will Wallace struck out swinging (0-2 KSS).,100,2026-03-29 15:30:00-04:00,"Schweickert Field (University Heights, OH)",84,MBA,2026
6522751,615374,Wabash Little Giants,615234,John Carroll Blue Streaks,615374,9,top,Parker Smith flied out to cf (2-0 BB).,101,2026-03-29 15:30:00-04:00,"Schweickert Field (University Heights, OH)",84,MBA,2026
6522751,615374,Wabash Little Giants,615234,John Carroll Blue Streaks,615234,9,bot,George Haracz grounded out to 1b unassisted (0-0).,102,2026-03-29 15:30:00-04:00,"Schweickert Field (University Heights, OH)",84,MBA,2026
6522751,615374,Wabash Little Giants,615234,John Carroll Blue Streaks,615234,9,bot,Ethan Glossa singled through the left side (0-0).,103,2026-03-29 15:30:00-04:00,"Schweickert Field (University Heights, OH)",84,MBA,2026
6522751,615374,Wabash Little Giants,615234,John Carroll Blue Streaks,615234,9,bot,Ethan Glossa stole second.,104,2026-03-29 15:30:00-04:00,"Schweickert Field (University Heights, OH)",84,MBA,2026
6522751,615374,Wabash Little Giants,615234,John Carroll Blue Streaks,615234,9,bot,Brett Krugman was intentionally walked (2-1 BFB).,105,2026-03-29 15:30:00-04:00,"Schweickert Field (University Heights, OH)",84,MBA,2026
6522751,615374,Wabash Little Giants,615234,John Carroll Blue Streaks,615234,9,bot,Michael Pollard singled to third base (1-1 BK); Brett Krugman advanced to second; Ethan Glossa advanced to third.,106,2026-03-29 15:30:00-04:00,"Schweickert Field (University Heights, OH)",84,MBA,2026
6522751,615374,Wabash Little Giants,615234,John Carroll Blue Streaks,615234,9,bot,Trey Pitcock to p for Jackson Woehr.,107,2026-03-29 15:30:00-04:00,"Schweickert Field (University Heights, OH)",84,MBA,2026
6522751,615374,Wabash Little Giants,615234,John Carroll Blue Streaks,615234,9,bot,"Christopher Salek flied out to cf, sacrifice fly, RBI (0-1 K); Ethan Glossa scored.",108,2026-03-29 15:30:00-04:00,"Schweickert Field (University Heights, OH)",84,MBA,2026
6528135,615270,Wilson Phoenix,615505,Penn St. Harrisburg Lions,615270,1,top,Sam Martin flied out to cf (2-0 BB).,1,2026-03-29 15:30:00-04:00,"Nittany Baseball Field (Middletown, PA)",105,MBA,2026
6528135,615270,Wilson Phoenix,615505,Penn St. Harrisburg Lions,615270,1,top,Garrett Drish grounded out to 2b (1-1 BF).,2,2026-03-29 15:30:00-04:00,"Nittany Baseball Field (Middletown, PA)",105,MBA,2026
6528135,615270,Wilson Phoenix,615505,Penn St. Harrisburg Lions,615270,1,top,Justin Clapp grounded out to 2b (1-0 B).,3,2026-03-29 15:30:00-04:00,"Nittany Baseball Field (Middletown, PA)",105,MBA,2026
6528135,615270,Wilson Phoenix,615505,Penn St. Harrisburg Lions,615505,1,bot,Chris Catania hit by pitch (2-2 SBKH).,4,2026-03-29 15:30:00-04:00,"Nittany Baseball Field (Middletown, PA)",105,MBA,2026
6528135,615270,Wilson Phoenix,615505,Penn St. Harrisburg Lions,615505,1,bot,Chris Catania stole second.,5,2026-03-29 15:30:00-04:00,"Nittany Baseball Field (Middletown, PA)",105,MBA,2026
6528135,615270,Wilson Phoenix,615505,Penn St. Harrisburg Lions,615505,1,bot,James Quici walked (3-2 FBBFBFFB); Chris Catania advanced to third on a wild pitch.,6,2026-03-29 15:30:00-04:00,"Nittany Baseball Field (Middletown, PA)",105,MBA,2026
6528135,615270,Wilson Phoenix,615505,Penn St. Harrisburg Lions,615505,1,bot,James Quici stole second.,7,2026-03-29 15:30:00-04:00,"Nittany Baseball Field (Middletown, PA)",105,MBA,2026
6528135,615270,Wilson Phoenix,615505,Penn St. Harrisburg Lions,615505,1,bot,"Alexander Ruiz grounded out to ss, RBI (1-2 BKF); James Quici advanced to third; Chris Catania scored.",8,2026-03-29 15:30:00-04:00,"Nittany Baseball Field (Middletown, PA)",105,MBA,2026
6528135,615270,Wilson Phoenix,615505,Penn St. Harrisburg Lions,615505,1,bot,"Coy Schwanger grounded out to 2b, RBI (0-0); James Quici scored.",9,2026-03-29 15:30:00-04:00,"Nittany Baseball Field (Middletown, PA)",105,MBA,2026
6528135,615270,Wilson Phoenix,615505,Penn St. Harrisburg Lions,615505,1,bot,Demetre Koutras iii singled up the middle (1-1 BK).,10,2026-03-29 15:30:00-04:00,"Nittany Baseball Field (Middletown, PA)",105,MBA,2026
6528135,615270,Wilson Phoenix,615505,Penn St. Harrisburg Lions,615505,1,bot,Demetre Koutras iii advanced to second on a wild pitch.,11,2026-03-29 15:30:00-04:00,"Nittany Baseball Field (Middletown, PA)",105,MBA,2026
6528135,615270,Wilson Phoenix,615505,Penn St. Harrisburg Lions,615505,1,bot,"Tim Haftl singled to right center, RBI (2-0 BB); Demetre Koutras iii scored.",12,2026-03-29 15:30:00-04:00,"Nittany Baseball Field (Middletown, PA)",105,MBA,2026
6528135,615270,Wilson Phoenix,615505,Penn St. Harrisburg Lions,615505,1,bot,Blaine Waltimyer popped up to ss (2-1 BSB).,13,2026-03-29 15:30:00-04:00,"Nittany Baseball Field (Middletown, PA)",105,MBA,2026
6528135,615270,Wilson Phoenix,615505,Penn St. Harrisburg Lions,615270,2,top,Derek Chavera grounded out to 3b (1-0 B).,14,2026-03-29 15:30:00-04:00,"Nittany Baseball Field (Middletown, PA)",105,MBA,2026
6528135,615270,Wilson Phoenix,615505,Penn St. Harrisburg Lions,615270,2,top,Seth Bivens fouled out to p (1-2 BKF).,15,2026-03-29 15:30:00-04:00,"Nittany Baseball Field (Middletown, PA)",105,MBA,2026
6528135,615270,Wilson Phoenix,615505,Penn St. Harrisburg Lions,615270,2,top,Zachary Tyler flied out to lf (0-1 F).,16,2026-03-29 15:30:00-04:00,"Nittany Baseball Field (Middletown, PA)",105,MBA,2026
6528135,615270,Wilson Phoenix,615505,Penn St. Harrisburg Lions,615505,2,bot,Jon Morgante grounded out to ss (1-0 B).,17,2026-03-29 15:30:00-04:00,"Nittany Baseball Field (Middletown, PA)",105,MBA,2026
6528135,615270,Wilson Phoenix,615505,Penn St. Harrisburg Lions,615505,2,bot,Evan Stiles struck out swinging (1-2 KBSS).,18,2026-03-29 15:30:00-04:00,"Nittany Baseball Field (Middletown, PA)",105,MBA,2026
6528135,615270,Wilson Phoenix,615505,Penn St. Harrisburg Lions,615505,2,bot,Chris Catania grounded out to ss (1-2 KBF).,19,2026-03-29 15:30:00-04:00,"Nittany Baseball Field (Middletown, PA)",105,MBA,2026
6528135,615270,Wilson Phoenix,615505,Penn St. Harrisburg Lions,615270,3,top,Tyler O'Brien grounded out to ss (1-2 KBK).,20,2026-03-29 15:30:00-04:00,"Nittany Baseball Field (Middletown, PA)",105,MBA,2026
6528135,615270,Wilson Phoenix,615505,Penn St. Harrisburg Lions,615270,3,top,Joe Nawrocki out at first 1b to p (0-1 F).,21,2026-03-29 15:30:00-04:00,"Nittany Baseball Field (Middletown, PA)",105,MBA,2026
6528135,615270,Wilson Phoenix,615505,Penn St. Harrisburg Lions,615270,3,top,Cody Valentine reached first on an error by ss (1-2 BKF).,22,2026-03-29 15:30:00-04:00,"Nittany Baseball Field (Middletown, PA)",105,MBA,2026
6528135,615270,Wilson Phoenix,615505,Penn St. Harrisburg Lions,615270,3,top,Cody Valentine stole second.,23,2026-03-29 15:30:00-04:00,"Nittany Baseball Field (Middletown, PA)",105,MBA,2026
6528135,615270,Wilson Phoenix,615505,Penn St. Harrisburg Lions,615270,3,top,Sam Martin fouled out to 1b (1-2 SSFFB).,24,2026-03-29 15:30:00-04:00,"Nittany Baseball Field (Middletown, PA)",105,MBA,2026
6528135,615270,Wilson Phoenix,615505,Penn St. Harrisburg Lions,615505,3,bot,James Quici struck out swinging (2-2 FBBFS).,25,2026-03-29 15:30:00-04:00,"Nittany Baseball Field (Middletown, PA)",105,MBA,2026
6528135,615270,Wilson Phoenix,615505,Penn St. Harrisburg Lions,615505,3,bot,Alexander Ruiz singled through the left side (0-0).,26,2026-03-29 15:30:00-04:00,"Nittany Baseball Field (Middletown, PA)",105,MBA,2026
6528135,615270,Wilson Phoenix,615505,Penn St. Harrisburg Lions,615505,3,bot,Coy Schwanger singled through the left side (0-0); Alexander Ruiz advanced to second.,27,2026-03-29 15:30:00-04:00,"Nittany Baseball Field (Middletown, PA)",105,MBA,2026
6528135,615270,Wilson Phoenix,615505,Penn St. Harrisburg Lions,615505,3,bot,"Demetre Koutras iii singled to left field, RBI (0-2 KF); Coy Schwanger advanced to second; Alexander Ruiz scored.",28,2026-03-29 15:30:00-04:00,"Nittany Baseball Field (Middletown, PA)",105,MBA,2026
6528135,615270,Wilson Phoenix,615505,Penn St. Harrisburg Lions,615505,3,bot,Tim Haftl grounded out to ss (0-0); Demetre Koutras iii advanced to second; Coy Schwanger advanced to third.,29,2026-03-29 15:30:00-04:00,"Nittany Baseball Field (Middletown, PA)",105,MBA,2026
6528135,615270,Wilson Phoenix,615505,Penn St. Harrisburg Lions,615505,3,bot,Blaine Waltimyer out at first 1b to 2b to p (0-2 KF).,30,2026-03-29 15:30:00-04:00,"Nittany Baseball Field (Middletown, PA)",105,MBA,2026
6528135,615270,Wilson Phoenix,615505,Penn St. Harrisburg Lions,615270,4,top,Garrett Drish singled up the middle (0-1 S).,31,2026-03-29 15:30:00-04:00,"Nittany Baseball Field (Middletown, PA)",105,MBA,2026
6528135,615270,Wilson Phoenix,615505,Penn St. Harrisburg Lions,615270,4,top,Justin Clapp reached first on an error by ss (0-0); Garrett Drish advanced to second.,32,2026-03-29 15:30:00-04:00,"Nittany Baseball Field (Middletown, PA)",105,MBA,2026
6528135,615270,Wilson Phoenix,615505,Penn St. Harrisburg Lions,615270,4,top,Derek Chavera lined out to lf (1-2 KBK).,33,2026-03-29 15:30:00-04:00,"Nittany Baseball Field (Middletown, PA)",105,MBA,2026
6528135,615270,Wilson Phoenix,615505,Penn St. Harrisburg Lions,615270,4,top,"Justin Clapp stole second; Garrett Drish out at third c to 3b, caught stealing.",34,2026-03-29 15:30:00-04:00,"Nittany Baseball Field (Middletown, PA)",105,MBA,2026
6528135,615270,Wilson Phoenix,615505,Penn St. Harrisburg Lions,615270,4,top,Justin Clapp stole third.,35,2026-03-29 15:30:00-04:00,"Nittany Baseball Field (Middletown, PA)",105,MBA,2026
6528135,615270,Wilson Phoenix,615505,Penn St. Harrisburg Lions,615270,4,top,Seth Bivens struck out swinging (0-2 SKS).,36,2026-03-29 15:30:00-04:00,"Nittany Baseball Field (Middletown, PA)",105,MBA,2026
6528135,615270,Wilson Phoenix,615505,Penn St. Harrisburg Lions,615505,4,bot,Jon Morgante grounded out to 2b (1-1 BK).,37,2026-03-29 15:30:00-04:00,"Nittany Baseball Field (Middletown, PA)",105,MBA,2026
6528135,615270,Wilson Phoenix,615505,Penn St. Harrisburg Lions,615505,4,bot,Evan Stiles singled through the left side (0-1 K).,38,2026-03-29 15:30:00-04:00,"Nittany Baseball Field (Middletown, PA)",105,MBA,2026
6528135,615270,Wilson Phoenix,615505,Penn St. Harrisburg Lions,615505,4,bot,Chris Catania lined out to rf (0-1 F).,39,2026-03-29 15:30:00-04:00,"Nittany Baseball Field (Middletown, PA)",105,MBA,2026
6528135,615270,Wilson Phoenix,615505,Penn St. Harrisburg Lions,615505,4,bot,"James Quici doubled to left field, RBI (1-2 FBFF); Evan Stiles scored.",40,2026-03-29 15:30:00-04:00,"Nittany Baseball Field (Middletown, PA)",105,MBA,2026
6528135,615270,Wilson Phoenix,615505,Penn St. Harrisburg Lions,615505,4,bot,James Quici stole third.,41,2026-03-29 15:30:00-04:00,"Nittany Baseball Field (Middletown, PA)",105,MBA,2026
6528135,615270,Wilson Phoenix,615505,Penn St. Harrisburg Lions,615505,4,bot,Alexander Ruiz hit by pitch (2-2 KKBH).,42,2026-03-29 15:30:00-04:00,"Nittany Baseball Field (Middletown, PA)",105,MBA,2026
6528135,615270,Wilson Phoenix,615505,Penn St. Harrisburg Lions,615505,4,bot,"Alexander Ruiz out at second c to ss to 1b, caught stealing; James Quici stole home.",43,2026-03-29 15:30:00-04:00,"Nittany Baseball Field (Middletown, PA)",105,MBA,2026
6528135,615270,Wilson Phoenix,615505,Penn St. Harrisburg Lions,615270,5,top,"Zachary Tyler homered to left field, RBI (1-0 B).",44,2026-03-29 15:30:00-04:00,"Nittany Baseball Field (Middletown, PA)",105,MBA,2026
6528135,615270,Wilson Phoenix,615505,Penn St. Harrisburg Lions,615270,5,top,Tyler O'Brien grounded out to 3b (3-2 BKBBF).,45,2026-03-29 15:30:00-04:00,"Nittany Baseball Field (Middletown, PA)",105,MBA,2026
6528135,615270,Wilson Phoenix,615505,Penn St. Harrisburg Lions,615270,5,top,Joe Nawrocki reached first on an error by ss (0-1 K).,46,2026-03-29 15:30:00-04:00,"Nittany Baseball Field (Middletown, PA)",105,MBA,2026
6528135,615270,Wilson Phoenix,615505,Penn St. Harrisburg Lions,615270,5,top,Cody Valentine walked (3-2 FBBKFBFB); Joe Nawrocki advanced to second.,47,2026-03-29 15:30:00-04:00,"Nittany Baseball Field (Middletown, PA)",105,MBA,2026
6528135,615270,Wilson Phoenix,615505,Penn St. Harrisburg Lions,615270,5,top,Sam Martin lined out to cf (1-1 BF); Joe Nawrocki advanced to third.,48,2026-03-29 15:30:00-04:00,"Nittany Baseball Field (Middletown, PA)",105,MBA,2026
6528135,615270,Wilson Phoenix,615505,Penn St. Harrisburg Lions,615270,5,top,Garrett Drish flied out to cf (0-2 SK).,49,2026-03-29 15:30:00-04:00,"Nittany Baseball Field (Middletown, PA)",105,MBA,2026
6528135,615270,Wilson Phoenix,615505,Penn St. Harrisburg Lions,615505,5,bot,Coy Schwanger hit by pitch (2-0 BH).,50,2026-03-29 15:30:00-04:00,"Nittany Baseball Field (Middletown, PA)",105,MBA,2026
6528135,615270,Wilson Phoenix,615505,Penn St. Harrisburg Lions,615505,5,bot,Coy Schwanger advanced to second on a passed ball.,51,2026-03-29 15:30:00-04:00,"Nittany Baseball Field (Middletown, PA)",105,MBA,2026
6528135,615270,Wilson Phoenix,615505,Penn St. Harrisburg Lions,615505,5,bot,Demetre Koutras iii flied out to cf (0-2 SF).,52,2026-03-29 15:30:00-04:00,"Nittany Baseball Field (Middletown, PA)",105,MBA,2026
6528135,615270,Wilson Phoenix,615505,Penn St. Harrisburg Lions,615505,5,bot,Coy Schwanger advanced to third on a wild pitch.,53,2026-03-29 15:30:00-04:00,"Nittany Baseball Field (Middletown, PA)",105,MBA,2026
6528135,615270,Wilson Phoenix,615505,Penn St. Harrisburg Lions,615505,5,bot,"Tim Haftl lined out to cf, sacrifice fly, RBI (1-2 KBK); Coy Schwanger scored, unearned.",54,2026-03-29 15:30:00-04:00,"Nittany Baseball Field (Middletown, PA)",105,MBA,2026
6528135,615270,Wilson Phoenix,615505,Penn St. Harrisburg Lions,615505,5,bot,Blaine Waltimyer flied out to lf (0-0).,55,2026-03-29 15:30:00-04:00,"Nittany Baseball Field (Middletown, PA)",105,MBA,2026
6528135,615270,Wilson Phoenix,615505,Penn St. Harrisburg Lions,615270,6,top,Kaden Pasternak to ss for Jon Morgante.,56,2026-03-29 15:30:00-04:00,"Nittany Baseball Field (Middletown, PA)",105,MBA,2026
6528135,615270,Wilson Phoenix,615505,Penn St. Harrisburg Lions,615270,6,top,Justin Clapp reached first on an error by ss (3-2 KBBFB).,57,2026-03-29 15:30:00-04:00,"Nittany Baseball Field (Middletown, PA)",105,MBA,2026
6528135,615270,Wilson Phoenix,615505,Penn St. Harrisburg Lions,615270,6,top,Derek Chavera struck out swinging (2-2 BKFFBFS).,58,2026-03-29 15:30:00-04:00,"Nittany Baseball Field (Middletown, PA)",105,MBA,2026
6528135,615270,Wilson Phoenix,615505,Penn St. Harrisburg Lions,615270,6,top,Seth Bivens grounded into double play 2b to ss to 1b (0-0); Justin Clapp out on the play.,59,2026-03-29 15:30:00-04:00,"Nittany Baseball Field (Middletown, PA)",105,MBA,2026
6528135,615270,Wilson Phoenix,615505,Penn St. Harrisburg Lions,615505,6,bot,Logan Frazier to p for Dallas Gilbert.,60,2026-03-29 15:30:00-04:00,"Nittany Baseball Field (Middletown, PA)",105,MBA,2026
6528135,615270,Wilson Phoenix,615505,Penn St. Harrisburg Lions,615505,6,bot,Kaden Pasternak flied out to rf (2-1 BBK).,61,2026-03-29 15:30:00-04:00,"Nittany Baseball Field (Middletown, PA)",105,MBA,2026
6528135,615270,Wilson Phoenix,615505,Penn St. Harrisburg Lions,615505,6,bot,Evan Stiles struck out swinging (0-2 SFS).,62,2026-03-29 15:30:00-04:00,"Nittany Baseball Field (Middletown, PA)",105,MBA,2026
6528135,615270,Wilson Phoenix,615505,Penn St. Harrisburg Lions,615505,6,bot,Chris Catania popped up to 1b (0-1 S).,63,2026-03-29 15:30:00-04:00,"Nittany Baseball Field (Middletown, PA)",105,MBA,2026
6528135,615270,Wilson Phoenix,615505,Penn St. Harrisburg Lions,615270,7,top,Cade Baker to p for Sam Thompson.,64,2026-03-29 15:30:00-04:00,"Nittany Baseball Field (Middletown, PA)",105,MBA,2026
6528135,615270,Wilson Phoenix,615505,Penn St. Harrisburg Lions,615270,7,top,Zachary Tyler popped up to 2b (1-2 KFB).,65,2026-03-29 15:30:00-04:00,"Nittany Baseball Field (Middletown, PA)",105,MBA,2026
6528135,615270,Wilson Phoenix,615505,Penn St. Harrisburg Lions,615270,7,top,Tyler O'Brien grounded out to p (1-2 KFB).,66,2026-03-29 15:30:00-04:00,"Nittany Baseball Field (Middletown, PA)",105,MBA,2026
6528135,615270,Wilson Phoenix,615505,Penn St. Harrisburg Lions,615270,7,top,Joe Nawrocki struck out swinging (1-2 FSBFS).,67,2026-03-29 15:30:00-04:00,"Nittany Baseball Field (Middletown, PA)",105,MBA,2026
6528135,615270,Wilson Phoenix,615505,Penn St. Harrisburg Lions,615505,7,bot,James Quici singled to second base (0-0).,68,2026-03-29 15:30:00-04:00,"Nittany Baseball Field (Middletown, PA)",105,MBA,2026
6528135,615270,Wilson Phoenix,615505,Penn St. Harrisburg Lions,615505,7,bot,James Quici stole second.,69,2026-03-29 15:30:00-04:00,"Nittany Baseball Field (Middletown, PA)",105,MBA,2026
6528135,615270,Wilson Phoenix,615505,Penn St. Harrisburg Lions,615505,7,bot,"Alexander Ruiz singled to center field, RBI (2-1 BKB); James Quici scored.",70,2026-03-29 15:30:00-04:00,"Nittany Baseball Field (Middletown, PA)",105,MBA,2026
6528135,615270,Wilson Phoenix,615505,Penn St. Harrisburg Lions,615505,7,bot,Coy Schwanger grounded into double play ss to 2b to 1b (0-1 F); Alexander Ruiz out on the play.,71,2026-03-29 15:30:00-04:00,"Nittany Baseball Field (Middletown, PA)",105,MBA,2026
6528135,615270,Wilson Phoenix,615505,Penn St. Harrisburg Lions,615505,7,bot,Demetre Koutras iii walked (3-1 KBBBB).,72,2026-03-29 15:30:00-04:00,"Nittany Baseball Field (Middletown, PA)",105,MBA,2026
6528135,615270,Wilson Phoenix,615505,Penn St. Harrisburg Lions,615505,7,bot,Tim Haftl grounded out to 3b (0-1 K).,73,2026-03-29 15:30:00-04:00,"Nittany Baseball Field (Middletown, PA)",105,MBA,2026
6528135,615270,Wilson Phoenix,615505,Penn St. Harrisburg Lions,615270,8,top,Dylan Sattazahn to p for Cade Baker.,74,2026-03-29 15:30:00-04:00,"Nittany Baseball Field (Middletown, PA)",105,MBA,2026
6528135,615270,Wilson Phoenix,615505,Penn St. Harrisburg Lions,615270,8,top,Braeden Piotrowski to cf for Chris Catania.,75,2026-03-29 15:30:00-04:00,"Nittany Baseball Field (Middletown, PA)",105,MBA,2026
6528135,615270,Wilson Phoenix,615505,Penn St. Harrisburg Lions,615270,8,top,Cody Valentine struck out swinging (1-2 FBKFS).,76,2026-03-29 15:30:00-04:00,"Nittany Baseball Field (Middletown, PA)",105,MBA,2026
6528135,615270,Wilson Phoenix,615505,Penn St. Harrisburg Lions,615270,8,top,Sam Martin singled through the left side (0-0).,77,2026-03-29 15:30:00-04:00,"Nittany Baseball Field (Middletown, PA)",105,MBA,2026
6528135,615270,Wilson Phoenix,615505,Penn St. Harrisburg Lions,615270,8,top,Evan Wollman pinch hit for Garrett Drish.,78,2026-03-29 15:30:00-04:00,"Nittany Baseball Field (Middletown, PA)",105,MBA,2026
6528135,615270,Wilson Phoenix,615505,Penn St. Harrisburg Lions,615270,8,top,Evan Wollman struck out looking (1-2 KBKK).,79,2026-03-29 15:30:00-04:00,"Nittany Baseball Field (Middletown, PA)",105,MBA,2026
6528135,615270,Wilson Phoenix,615505,Penn St. Harrisburg Lions,615270,8,top,Justin Clapp struck out swinging (0-2 FKS).,80,2026-03-29 15:30:00-04:00,"Nittany Baseball Field (Middletown, PA)",105,MBA,2026
6528135,615270,Wilson Phoenix,615505,Penn St. Harrisburg Lions,615505,8,bot,Evan Wollman to rf.,81,2026-03-29 15:30:00-04:00,"Nittany Baseball Field (Middletown, PA)",105,MBA,2026
6528135,615270,Wilson Phoenix,615505,Penn St. Harrisburg Lions,615505,8,bot,Kyle Dunn to p for Logan Frazier.,82,2026-03-29 15:30:00-04:00,"Nittany Baseball Field (Middletown, PA)",105,MBA,2026
6528135,615270,Wilson Phoenix,615505,Penn St. Harrisburg Lions,615505,8,bot,Blaine Waltimyer struck out swinging (0-2 FKS).,83,2026-03-29 15:30:00-04:00,"Nittany Baseball Field (Middletown, PA)",105,MBA,2026
6528135,615270,Wilson Phoenix,615505,Penn St. Harrisburg Lions,615505,8,bot,Kaden Pasternak walked (3-2 BKBBKB).,84,2026-03-29 15:30:00-04:00,"Nittany Baseball Field (Middletown, PA)",105,MBA,2026
6528135,615270,Wilson Phoenix,615505,Penn St. Harrisburg Lions,615505,8,bot,Kevin Kingsbury pinch hit for Evan Stiles.,85,2026-03-29 15:30:00-04:00,"Nittany Baseball Field (Middletown, PA)",105,MBA,2026
6528135,615270,Wilson Phoenix,615505,Penn St. Harrisburg Lions,615505,8,bot,Kevin Kingsbury hit by pitch (1-0 H); Kaden Pasternak advanced to second.,86,2026-03-29 15:30:00-04:00,"Nittany Baseball Field (Middletown, PA)",105,MBA,2026
6528135,615270,Wilson Phoenix,615505,Penn St. Harrisburg Lions,615505,8,bot,Kevin Kingsbury stole second; Kaden Pasternak stole third.,87,2026-03-29 15:30:00-04:00,"Nittany Baseball Field (Middletown, PA)",105,MBA,2026
6528135,615270,Wilson Phoenix,615505,Penn St. Harrisburg Lions,615505,8,bot,"Braeden Piotrowski grounded out to 3b, RBI (1-2 FKFB); Kaden Pasternak scored.",88,2026-03-29 15:30:00-04:00,"Nittany Baseball Field (Middletown, PA)",105,MBA,2026
6528135,615270,Wilson Phoenix,615505,Penn St. Harrisburg Lions,615505,8,bot,James Quici walked (3-2 BBFBFB); Kevin Kingsbury advanced to third on a wild pitch.,89,2026-03-29 15:30:00-04:00,"Nittany Baseball Field (Middletown, PA)",105,MBA,2026
6528135,615270,Wilson Phoenix,615505,Penn St. Harrisburg Lions,615505,8,bot,James Quici stole second; Kevin Kingsbury stole home.,90,2026-03-29 15:30:00-04:00,"Nittany Baseball Field (Middletown, PA)",105,MBA,2026
6528135,615270,Wilson Phoenix,615505,Penn St. Harrisburg Lions,615505,8,bot,"James Quici out at third c to 3b, caught stealing.",91,2026-03-29 15:30:00-04:00,"Nittany Baseball Field (Middletown, PA)",105,MBA,2026
6528135,615270,Wilson Phoenix,615505,Penn St. Harrisburg Lions,615270,9,top,Adam Bova to c for Blaine Waltimyer.,92,2026-03-29 15:30:00-04:00,"Nittany Baseball Field (Middletown, PA)",105,MBA,2026
6528135,615270,Wilson Phoenix,615505,Penn St. Harrisburg Lions,615270,9,top,Kevin Kingsbury to rf.,93,2026-03-29 15:30:00-04:00,"Nittany Baseball Field (Middletown, PA)",105,MBA,2026
6528135,615270,Wilson Phoenix,615505,Penn St. Harrisburg Lions,615270,9,top,Austen Frye to p for Dylan Sattazahn.,94,2026-03-29 15:30:00-04:00,"Nittany Baseball Field (Middletown, PA)",105,MBA,2026
6528135,615270,Wilson Phoenix,615505,Penn St. Harrisburg Lions,615270,9,top,Derek Chavera struck out looking (3-2 KBSBBK).,95,2026-03-29 15:30:00-04:00,"Nittany Baseball Field (Middletown, PA)",105,MBA,2026
6528135,615270,Wilson Phoenix,615505,Penn St. Harrisburg Lions,615270,9,top,Jermane Miller pinch hit for Seth Bivens.,96,2026-03-29 15:30:00-04:00,"Nittany Baseball Field (Middletown, PA)",105,MBA,2026
6528135,615270,Wilson Phoenix,615505,Penn St. Harrisburg Lions,615270,9,top,Jermane Miller struck out swinging (1-2 BKSFS).,97,2026-03-29 15:30:00-04:00,"Nittany Baseball Field (Middletown, PA)",105,MBA,2026
6528135,615270,Wilson Phoenix,615505,Penn St. Harrisburg Lions,615270,9,top,Zachary Tyler singled to left field (2-1 BBF).,98,2026-03-29 15:30:00-04:00,"Nittany Baseball Field (Middletown, PA)",105,MBA,2026
6528135,615270,Wilson Phoenix,615505,Penn St. Harrisburg Lions,615270,9,top,Jordan Stucki pinch hit for Tyler O'Brien.,99,2026-03-29 15:30:00-04:00,"Nittany Baseball Field (Middletown, PA)",105,MBA,2026
6528135,615270,Wilson Phoenix,615505,Penn St. Harrisburg Lions,615270,9,top,Zachary Tyler advanced to second on a passed ball.,100,2026-03-29 15:30:00-04:00,"Nittany Baseball Field (Middletown, PA)",105,MBA,2026
6528135,615270,Wilson Phoenix,615505,Penn St. Harrisburg Lions,615270,9,top,Jordan Stucki struck out swinging (2-2 BBSFS).,101,2026-03-29 15:30:00-04:00,"Nittany Baseball Field (Middletown, PA)",105,MBA,2026
6533055,615460,Hood Blazers,615261,Messiah Falcons,615460,1,top,Kamari Chisolm flied out to cf (1-0 B).,1,2026-03-29 15:30:00-04:00,"Starry Baseball Field (Mechanicsburg, PA)",192,MBA,2026
6533055,615460,Hood Blazers,615261,Messiah Falcons,615460,1,top,Rhett Robbins walked (3-1 FBBBB).,2,2026-03-29 15:30:00-04:00,"Starry Baseball Field (Mechanicsburg, PA)",192,MBA,2026
6533055,615460,Hood Blazers,615261,Messiah Falcons,615460,1,top,"Rhett Robbins out at first p to 1b, picked off.",3,2026-03-29 15:30:00-04:00,"Starry Baseball Field (Mechanicsburg, PA)",192,MBA,2026
6533055,615460,Hood Blazers,615261,Messiah Falcons,615460,1,top,Aj Haines walked (3-1 SBBBB).,4,2026-03-29 15:30:00-04:00,"Starry Baseball Field (Mechanicsburg, PA)",192,MBA,2026
6533055,615460,Hood Blazers,615261,Messiah Falcons,615460,1,top,Amrit Brown flied out to lf (0-0).,5,2026-03-29 15:30:00-04:00,"Starry Baseball Field (Mechanicsburg, PA)",192,MBA,2026
6533055,615460,Hood Blazers,615261,Messiah Falcons,615261,1,bot,Isaiah Parido walked (3-1 BBKBB).,6,2026-03-29 15:30:00-04:00,"Starry Baseball Field (Mechanicsburg, PA)",192,MBA,2026
6533055,615460,Hood Blazers,615261,Messiah Falcons,615261,1,bot,Isaiah Parido advanced to second on a wild pitch.,7,2026-03-29 15:30:00-04:00,"Starry Baseball Field (Mechanicsburg, PA)",192,MBA,2026
6533055,615460,Hood Blazers,615261,Messiah Falcons,615261,1,bot,Cristian Reyna grounded out to 3b (3-2 BKBBK)3a Isaiah Parido advanced to third.,8,2026-03-29 15:30:00-04:00,"Starry Baseball Field (Mechanicsburg, PA)",192,MBA,2026
6533055,615460,Hood Blazers,615261,Messiah Falcons,615261,1,bot,Drew Hurst walked (3-2 KBBFFBB).,9,2026-03-29 15:30:00-04:00,"Starry Baseball Field (Mechanicsburg, PA)",192,MBA,2026
6533055,615460,Hood Blazers,615261,Messiah Falcons,615261,1,bot,Nick Moyer walked (3-1 BBBKB)3a Drew Hurst advanced to second.,10,2026-03-29 15:30:00-04:00,"Starry Baseball Field (Mechanicsburg, PA)",192,MBA,2026
6533055,615460,Hood Blazers,615261,Messiah Falcons,615261,1,bot,"David Martinez hit by pitch, RBI (3-2 FBFBH)3a Nick Moyer advanced to second3a Drew Hurst advanced to third3a Isaiah Parido scored.",11,2026-03-29 15:30:00-04:00,"Starry Baseball Field (Mechanicsburg, PA)",192,MBA,2026
6533055,615460,Hood Blazers,615261,Messiah Falcons,615261,1,bot,Carter Reid grounded into double play ss to 2b to 1b (1-2 FKB)3a David Martinez out on the play.,12,2026-03-29 15:30:00-04:00,"Starry Baseball Field (Mechanicsburg, PA)",192,MBA,2026
6533055,615460,Hood Blazers,615261,Messiah Falcons,615460,2,top,Ty Broughton lined out to rf (1-0 B).,13,2026-03-29 15:30:00-04:00,"Starry Baseball Field (Mechanicsburg, PA)",192,MBA,2026
6533055,615460,Hood Blazers,615261,Messiah Falcons,615460,2,top,Jason Rivera flied out to lf (2-2 BBSK).,14,2026-03-29 15:30:00-04:00,"Starry Baseball Field (Mechanicsburg, PA)",192,MBA,2026
6533055,615460,Hood Blazers,615261,Messiah Falcons,615460,2,top,Jonathan Tyndall walked (3-1 BSBBB).,15,2026-03-29 15:30:00-04:00,"Starry Baseball Field (Mechanicsburg, PA)",192,MBA,2026
6533055,615460,Hood Blazers,615261,Messiah Falcons,615460,2,top,Quade Gannon flied out to cf (0-2 KFF).,16,2026-03-29 15:30:00-04:00,"Starry Baseball Field (Mechanicsburg, PA)",192,MBA,2026
6533055,615460,Hood Blazers,615261,Messiah Falcons,615261,2,bot,Matt Luchovick singled to center field (0-2 KF).,17,2026-03-29 15:30:00-04:00,"Starry Baseball Field (Mechanicsburg, PA)",192,MBA,2026
6533055,615460,Hood Blazers,615261,Messiah Falcons,615261,2,bot,Brayden Burkholder walked (3-1 BBBKB)3a Matt Luchovick advanced to second.,18,2026-03-29 15:30:00-04:00,"Starry Baseball Field (Mechanicsburg, PA)",192,MBA,2026
6533055,615460,Hood Blazers,615261,Messiah Falcons,615261,2,bot,Landon Mark grounded out to 1b unassisted (0-0)3a Brayden Burkholder advanced to second3a Matt Luchovick advanced to third.,19,2026-03-29 15:30:00-04:00,"Starry Baseball Field (Mechanicsburg, PA)",192,MBA,2026
6533055,615460,Hood Blazers,615261,Messiah Falcons,615261,2,bot,"Isaiah Parido singled to center field, RBI (0-0)3a Brayden Burkholder advanced to third3a Matt Luchovick scored.",20,2026-03-29 15:30:00-04:00,"Starry Baseball Field (Mechanicsburg, PA)",192,MBA,2026
6533055,615460,Hood Blazers,615261,Messiah Falcons,615261,2,bot,Cristian Reyna flied out to rf (0-0).,21,2026-03-29 15:30:00-04:00,"Starry Baseball Field (Mechanicsburg, PA)",192,MBA,2026
6533055,615460,Hood Blazers,615261,Messiah Falcons,615261,2,bot,Isaiah Parido stole second.,22,2026-03-29 15:30:00-04:00,"Starry Baseball Field (Mechanicsburg, PA)",192,MBA,2026
6533055,615460,Hood Blazers,615261,Messiah Falcons,615261,2,bot,Drew Hurst walked (3-1 KBBBB).,23,2026-03-29 15:30:00-04:00,"Starry Baseball Field (Mechanicsburg, PA)",192,MBA,2026
6533055,615460,Hood Blazers,615261,Messiah Falcons,615261,2,bot,"Nick Moyer walked, RBI (3-1 KBBBB)3a Drew Hurst advanced to second3a Isaiah Parido advanced to third3a Brayden Burkholder scored.",24,2026-03-29 15:30:00-04:00,"Starry Baseball Field (Mechanicsburg, PA)",192,MBA,2026
6533055,615460,Hood Blazers,615261,Messiah Falcons,615261,2,bot,David Martinez struck out swinging (0-2 SKFS).,25,2026-03-29 15:30:00-04:00,"Starry Baseball Field (Mechanicsburg, PA)",192,MBA,2026
6533055,615460,Hood Blazers,615261,Messiah Falcons,615460,3,top,Sean Seely singled to center field (2-0 BB).,26,2026-03-29 15:30:00-04:00,"Starry Baseball Field (Mechanicsburg, PA)",192,MBA,2026
6533055,615460,Hood Blazers,615261,Messiah Falcons,615460,3,top,Kamari Chisolm walked (3-1 BBSBB)3a Sean Seely advanced to second.,27,2026-03-29 15:30:00-04:00,"Starry Baseball Field (Mechanicsburg, PA)",192,MBA,2026
6533055,615460,Hood Blazers,615261,Messiah Falcons,615460,3,top,Rhett Robbins lined out to rf (0-0).,28,2026-03-29 15:30:00-04:00,"Starry Baseball Field (Mechanicsburg, PA)",192,MBA,2026
6533055,615460,Hood Blazers,615261,Messiah Falcons,615460,3,top,Aj Haines struck out swinging (1-2 BSFS).,29,2026-03-29 15:30:00-04:00,"Starry Baseball Field (Mechanicsburg, PA)",192,MBA,2026
6533055,615460,Hood Blazers,615261,Messiah Falcons,615460,3,top,Amrit Brown flied out to cf (1-1 KB).,30,2026-03-29 15:30:00-04:00,"Starry Baseball Field (Mechanicsburg, PA)",192,MBA,2026
6533055,615460,Hood Blazers,615261,Messiah Falcons,615261,3,bot,Carter Reid flied out to 2b (3-2 KBSBB).,31,2026-03-29 15:30:00-04:00,"Starry Baseball Field (Mechanicsburg, PA)",192,MBA,2026
6533055,615460,Hood Blazers,615261,Messiah Falcons,615261,3,bot,"Matt Luchovick homered to left center, RBI (0-1 K).",32,2026-03-29 15:30:00-04:00,"Starry Baseball Field (Mechanicsburg, PA)",192,MBA,2026
6533055,615460,Hood Blazers,615261,Messiah Falcons,615261,3,bot,Brayden Burkholder walked (3-0 BBBB).,33,2026-03-29 15:30:00-04:00,"Starry Baseball Field (Mechanicsburg, PA)",192,MBA,2026
6533055,615460,Hood Blazers,615261,Messiah Falcons,615261,3,bot,Finn Scott-Daniels to p for Declan Musselman.,34,2026-03-29 15:30:00-04:00,"Starry Baseball Field (Mechanicsburg, PA)",192,MBA,2026
6533055,615460,Hood Blazers,615261,Messiah Falcons,615261,3,bot,"Landon Mark struck out swinging (2-2 FKBBS)3a Brayden Burkholder out at first c to 1b to 2b to 1b, picked off.",35,2026-03-29 15:30:00-04:00,"Starry Baseball Field (Mechanicsburg, PA)",192,MBA,2026
6533055,615460,Hood Blazers,615261,Messiah Falcons,615460,4,top,Ty Broughton struck out looking (1-2 KKBK).,36,2026-03-29 15:30:00-04:00,"Starry Baseball Field (Mechanicsburg, PA)",192,MBA,2026
6533055,615460,Hood Blazers,615261,Messiah Falcons,615460,4,top,"Jason Rivera singled, advanced to second on an error by lf (3-2 BFBKB).",37,2026-03-29 15:30:00-04:00,"Starry Baseball Field (Mechanicsburg, PA)",192,MBA,2026
6533055,615460,Hood Blazers,615261,Messiah Falcons,615460,4,top,Jonathan Tyndall flied out to cf (0-0).,38,2026-03-29 15:30:00-04:00,"Starry Baseball Field (Mechanicsburg, PA)",192,MBA,2026
6533055,615460,Hood Blazers,615261,Messiah Falcons,615460,4,top,Quade Gannon flied out to cf (3-1 BKBB).,39,2026-03-29 15:30:00-04:00,"Starry Baseball Field (Mechanicsburg, PA)",192,MBA,2026
6533055,615460,Hood Blazers,615261,Messiah Falcons,615261,4,bot,"Isaiah Parido reached first on an error by 2b, advanced to second (0-1 K).",40,2026-03-29 15:30:00-04:00,"Starry Baseball Field (Mechanicsburg, PA)",192,MBA,2026
6533055,615460,Hood Blazers,615261,Messiah Falcons,615261,4,bot,"Isaiah Parido Failed pickoff attempt, advanced to third on an error by p.",41,2026-03-29 15:30:00-04:00,"Starry Baseball Field (Mechanicsburg, PA)",192,MBA,2026
6533055,615460,Hood Blazers,615261,Messiah Falcons,615261,4,bot,"Cristian Reyna lined out to rf, sacrifice fly, RBI (3-1 BBFB)3a Isaiah Parido scored, unearned.",42,2026-03-29 15:30:00-04:00,"Starry Baseball Field (Mechanicsburg, PA)",192,MBA,2026
6533055,615460,Hood Blazers,615261,Messiah Falcons,615261,4,bot,Drew Hurst popped up to ss (3-2 BKKBB).,43,2026-03-29 15:30:00-04:00,"Starry Baseball Field (Mechanicsburg, PA)",192,MBA,2026
6533055,615460,Hood Blazers,615261,Messiah Falcons,615261,4,bot,Nick Moyer flied out to lf (0-0).,44,2026-03-29 15:30:00-04:00,"Starry Baseball Field (Mechanicsburg, PA)",192,MBA,2026
6533055,615460,Hood Blazers,615261,Messiah Falcons,615460,5,top,Sean Seely walked (3-1 BBFBB).,45,2026-03-29 15:30:00-04:00,"Starry Baseball Field (Mechanicsburg, PA)",192,MBA,2026
6533055,615460,Hood Blazers,615261,Messiah Falcons,615460,5,top,Kamari Chisolm grounded out to 1b unassisted (3-1 BBBK)3a Sean Seely advanced to second.,46,2026-03-29 15:30:00-04:00,"Starry Baseball Field (Mechanicsburg, PA)",192,MBA,2026
6533055,615460,Hood Blazers,615261,Messiah Falcons,615460,5,top,Rhett Robbins walked (3-1 BBFBB).,47,2026-03-29 15:30:00-04:00,"Starry Baseball Field (Mechanicsburg, PA)",192,MBA,2026
6533055,615460,Hood Blazers,615261,Messiah Falcons,615460,5,top,Aj Haines fouled out to ss (2-2 SBFB).,48,2026-03-29 15:30:00-04:00,"Starry Baseball Field (Mechanicsburg, PA)",192,MBA,2026
6533055,615460,Hood Blazers,615261,Messiah Falcons,615460,5,top,Amrit Brown fouled out to c (1-0 B).,49,2026-03-29 15:30:00-04:00,"Starry Baseball Field (Mechanicsburg, PA)",192,MBA,2026
6533055,615460,Hood Blazers,615261,Messiah Falcons,615261,5,bot,David Martinez grounded out to 3b (0-1 K).,50,2026-03-29 15:30:00-04:00,"Starry Baseball Field (Mechanicsburg, PA)",192,MBA,2026
6533055,615460,Hood Blazers,615261,Messiah Falcons,615261,5,bot,Carter Reid singled through the right side (0-0).,51,2026-03-29 15:30:00-04:00,"Starry Baseball Field (Mechanicsburg, PA)",192,MBA,2026
6533055,615460,Hood Blazers,615261,Messiah Falcons,615261,5,bot,Matt Luchovick struck out swinging (2-2 BBFFFS)3a Carter Reid stole second.,52,2026-03-29 15:30:00-04:00,"Starry Baseball Field (Mechanicsburg, PA)",192,MBA,2026
6533055,615460,Hood Blazers,615261,Messiah Falcons,615261,5,bot,Brayden Burkholder hit by pitch (1-1 KH).,53,2026-03-29 15:30:00-04:00,"Starry Baseball Field (Mechanicsburg, PA)",192,MBA,2026
6533055,615460,Hood Blazers,615261,Messiah Falcons,615261,5,bot,"Landon Mark singled up the middle, advanced to second on the throw, RBI (0-0)3a Brayden Burkholder advanced to third3a Carter Reid scored.",54,2026-03-29 15:30:00-04:00,"Starry Baseball Field (Mechanicsburg, PA)",192,MBA,2026
6533055,615460,Hood Blazers,615261,Messiah Falcons,615261,5,bot,"Isaiah Parido singled to right field, 2 RBI (2-2 BKKB)3a Landon Mark scored3a Brayden Burkholder scored.",55,2026-03-29 15:30:00-04:00,"Starry Baseball Field (Mechanicsburg, PA)",192,MBA,2026
6533055,615460,Hood Blazers,615261,Messiah Falcons,615261,5,bot,"Isaiah Parido out at second c to 2b, caught stealing.",56,2026-03-29 15:30:00-04:00,"Starry Baseball Field (Mechanicsburg, PA)",192,MBA,2026
6533055,615460,Hood Blazers,615261,Messiah Falcons,615460,6,top,Kade Cooper to p for Sawyer Shepherd.,57,2026-03-29 15:30:00-04:00,"Starry Baseball Field (Mechanicsburg, PA)",192,MBA,2026
6533055,615460,Hood Blazers,615261,Messiah Falcons,615460,6,top,Ty Broughton walked (3-1 BFBBB).,58,2026-03-29 15:30:00-04:00,"Starry Baseball Field (Mechanicsburg, PA)",192,MBA,2026
6533055,615460,Hood Blazers,615261,Messiah Falcons,615460,6,top,"Jason Rivera homered to right field, 2 RBI (3-2 FBBBK)3a Ty Broughton scored.",59,2026-03-29 15:30:00-04:00,"Starry Baseball Field (Mechanicsburg, PA)",192,MBA,2026
6533055,615460,Hood Blazers,615261,Messiah Falcons,615460,6,top,Jonathan Tyndall struck out swinging (1-2 SKBS).,60,2026-03-29 15:30:00-04:00,"Starry Baseball Field (Mechanicsburg, PA)",192,MBA,2026
6533055,615460,Hood Blazers,615261,Messiah Falcons,615460,6,top,Quade Gannon walked (3-2 FBBSBFB).,61,2026-03-29 15:30:00-04:00,"Starry Baseball Field (Mechanicsburg, PA)",192,MBA,2026
6533055,615460,Hood Blazers,615261,Messiah Falcons,615460,6,top,Sean Seely flied out to rf (1-0 B).,62,2026-03-29 15:30:00-04:00,"Starry Baseball Field (Mechanicsburg, PA)",192,MBA,2026
6533055,615460,Hood Blazers,615261,Messiah Falcons,615460,6,top,Kamari Chisolm grounded out to 1b unassisted (0-0).,63,2026-03-29 15:30:00-04:00,"Starry Baseball Field (Mechanicsburg, PA)",192,MBA,2026
6533055,615460,Hood Blazers,615261,Messiah Falcons,615261,6,bot,Aedan Messier to 2b for Jonathan Tyndall.,64,2026-03-29 15:30:00-04:00,"Starry Baseball Field (Mechanicsburg, PA)",192,MBA,2026
6533055,615460,Hood Blazers,615261,Messiah Falcons,615261,6,bot,Cristian Reyna struck out swinging (2-2 KBKBS).,65,2026-03-29 15:30:00-04:00,"Starry Baseball Field (Mechanicsburg, PA)",192,MBA,2026
6533055,615460,Hood Blazers,615261,Messiah Falcons,615261,6,bot,"Drew Hurst homered to right center, RBI (0-0).",66,2026-03-29 15:30:00-04:00,"Starry Baseball Field (Mechanicsburg, PA)",192,MBA,2026
6533055,615460,Hood Blazers,615261,Messiah Falcons,615261,6,bot,Nick Moyer lined out to 2b (3-2 BKBBFF).,67,2026-03-29 15:30:00-04:00,"Starry Baseball Field (Mechanicsburg, PA)",192,MBA,2026
6533055,615460,Hood Blazers,615261,Messiah Falcons,615261,6,bot,David Martinez hit by pitch (3-1 KBBH).,68,2026-03-29 15:30:00-04:00,"Starry Baseball Field (Mechanicsburg, PA)",192,MBA,2026
6533055,615460,Hood Blazers,615261,Messiah Falcons,615261,6,bot,David Martinez stole second.,69,2026-03-29 15:30:00-04:00,"Starry Baseball Field (Mechanicsburg, PA)",192,MBA,2026
6533055,615460,Hood Blazers,615261,Messiah Falcons,615261,6,bot,"Carter Reid singled through the right side, RBI (2-0 BB)3a David Martinez scored.",70,2026-03-29 15:30:00-04:00,"Starry Baseball Field (Mechanicsburg, PA)",192,MBA,2026
6533055,615460,Hood Blazers,615261,Messiah Falcons,615261,6,bot,"Matt Luchovick homered to left field, 2 RBI (1-2 SBF)3a Carter Reid scored.",71,2026-03-29 15:30:00-04:00,"Starry Baseball Field (Mechanicsburg, PA)",192,MBA,2026
6533055,615460,Hood Blazers,615261,Messiah Falcons,615261,6,bot,Austin Ferreira to p for Finn Scott-Daniels.,72,2026-03-29 15:30:00-04:00,"Starry Baseball Field (Mechanicsburg, PA)",192,MBA,2026
6533055,615460,Hood Blazers,615261,Messiah Falcons,615261,6,bot,Brayden Burkholder struck out swinging (2-2 BKBSS).,73,2026-03-29 15:30:00-04:00,"Starry Baseball Field (Mechanicsburg, PA)",192,MBA,2026
6533055,615460,Hood Blazers,615261,Messiah Falcons,615460,7,top,Luke Ott to lf for Landon Mark.,74,2026-03-29 15:30:00-04:00,"Starry Baseball Field (Mechanicsburg, PA)",192,MBA,2026
6533055,615460,Hood Blazers,615261,Messiah Falcons,615460,7,top,Kyler Parks to rf for David Martinez.,75,2026-03-29 15:30:00-04:00,"Starry Baseball Field (Mechanicsburg, PA)",192,MBA,2026
6533055,615460,Hood Blazers,615261,Messiah Falcons,615460,7,top,Nick Emig to p for Kade Cooper.,76,2026-03-29 15:30:00-04:00,"Starry Baseball Field (Mechanicsburg, PA)",192,MBA,2026
6533055,615460,Hood Blazers,615261,Messiah Falcons,615460,7,top,Rhett Robbins walked (3-0 BBBB).,77,2026-03-29 15:30:00-04:00,"Starry Baseball Field (Mechanicsburg, PA)",192,MBA,2026
6533055,615460,Hood Blazers,615261,Messiah Falcons,615460,7,top,Aj Haines flied out to cf (0-0).,78,2026-03-29 15:30:00-04:00,"Starry Baseball Field (Mechanicsburg, PA)",192,MBA,2026
6533055,615460,Hood Blazers,615261,Messiah Falcons,615460,7,top,Amrit Brown reached first on an error by ss (0-2 KF)3a Rhett Robbins advanced to second.,79,2026-03-29 15:30:00-04:00,"Starry Baseball Field (Mechanicsburg, PA)",192,MBA,2026
6533055,615460,Hood Blazers,615261,Messiah Falcons,615460,7,top,Rhett Robbins advanced to third on a wild pitch.,80,2026-03-29 15:30:00-04:00,"Starry Baseball Field (Mechanicsburg, PA)",192,MBA,2026
6533055,615460,Hood Blazers,615261,Messiah Falcons,615460,7,top,"Ty Broughton flied out to rf, sacrifice fly, RBI (1-0 B)3a Rhett Robbins scored, unearned.",81,2026-03-29 15:30:00-04:00,"Starry Baseball Field (Mechanicsburg, PA)",192,MBA,2026
6533055,615460,Hood Blazers,615261,Messiah Falcons,615460,7,top,"Jason Rivera reached on a fielder's choice (0-2 KK)3a Amrit Brown out at second 2b unassisted, interference.",82,2026-03-29 15:30:00-04:00,"Starry Baseball Field (Mechanicsburg, PA)",192,MBA,2026
6533055,615460,Hood Blazers,615261,Messiah Falcons,615261,7,bot,Luke Ott grounded out to 2b (0-0).,83,2026-03-29 15:30:00-04:00,"Starry Baseball Field (Mechanicsburg, PA)",192,MBA,2026
6533055,615460,Hood Blazers,615261,Messiah Falcons,615261,7,bot,Isaiah Parido grounded out to ss (3-1 BBBK).,84,2026-03-29 15:30:00-04:00,"Starry Baseball Field (Mechanicsburg, PA)",192,MBA,2026
6533055,615460,Hood Blazers,615261,Messiah Falcons,615261,7,bot,Micah Smith pinch hit for Cristian Reyna.,85,2026-03-29 15:30:00-04:00,"Starry Baseball Field (Mechanicsburg, PA)",192,MBA,2026
6533055,615460,Hood Blazers,615261,Messiah Falcons,615261,7,bot,Micah Smith struck out looking (2-2 KBKBK).,86,2026-03-29 15:30:00-04:00,"Starry Baseball Field (Mechanicsburg, PA)",192,MBA,2026
6533055,615460,Hood Blazers,615261,Messiah Falcons,615460,8,top,Micah Smith to 2b.,87,2026-03-29 15:30:00-04:00,"Starry Baseball Field (Mechanicsburg, PA)",192,MBA,2026
6533055,615460,Hood Blazers,615261,Messiah Falcons,615460,8,top,Walker Cloudt to p for Nick Emig.,88,2026-03-29 15:30:00-04:00,"Starry Baseball Field (Mechanicsburg, PA)",192,MBA,2026
6533055,615460,Hood Blazers,615261,Messiah Falcons,615460,8,top,Aedan Messier flied out to cf (2-1 BFB).,89,2026-03-29 15:30:00-04:00,"Starry Baseball Field (Mechanicsburg, PA)",192,MBA,2026
6533055,615460,Hood Blazers,615261,Messiah Falcons,615460,8,top,Quade Gannon flied out to cf (3-2 BBBKF).,90,2026-03-29 15:30:00-04:00,"Starry Baseball Field (Mechanicsburg, PA)",192,MBA,2026
6533055,615460,Hood Blazers,615261,Messiah Falcons,615460,8,top,Sean Seely grounded out to 2b (0-1 F).,91,2026-03-29 15:30:00-04:00,"Starry Baseball Field (Mechanicsburg, PA)",192,MBA,2026
6533055,615460,Hood Blazers,615261,Messiah Falcons,615261,8,bot,Harrison Ludington to p for Austin Ferreira.,92,2026-03-29 15:30:00-04:00,"Starry Baseball Field (Mechanicsburg, PA)",192,MBA,2026
6533055,615460,Hood Blazers,615261,Messiah Falcons,615261,8,bot,Hudson Rue pinch hit for Drew Hurst.,93,2026-03-29 15:30:00-04:00,"Starry Baseball Field (Mechanicsburg, PA)",192,MBA,2026
6533055,615460,Hood Blazers,615261,Messiah Falcons,615261,8,bot,Hudson Rue struck out swinging (0-2 FFS).,94,2026-03-29 15:30:00-04:00,"Starry Baseball Field (Mechanicsburg, PA)",192,MBA,2026
6533055,615460,Hood Blazers,615261,Messiah Falcons,615261,8,bot,Nick Moyer walked (3-1 BKBBB).,95,2026-03-29 15:30:00-04:00,"Starry Baseball Field (Mechanicsburg, PA)",192,MBA,2026
6533055,615460,Hood Blazers,615261,Messiah Falcons,615261,8,bot,Kyler Parks popped up to ss (0-0).,96,2026-03-29 15:30:00-04:00,"Starry Baseball Field (Mechanicsburg, PA)",192,MBA,2026
6533055,615460,Hood Blazers,615261,Messiah Falcons,615261,8,bot,Carter Reid hit by pitch (3-1 KBBH)3a Nick Moyer advanced to second.,97,2026-03-29 15:30:00-04:00,"Starry Baseball Field (Mechanicsburg, PA)",192,MBA,2026
6533055,615460,Hood Blazers,615261,Messiah Falcons,615261,8,bot,"Matt Luchovick singled to left center, RBI (0-0)3a Carter Reid advanced to second3a Nick Moyer scored.",98,2026-03-29 15:30:00-04:00,"Starry Baseball Field (Mechanicsburg, PA)",192,MBA,2026
6533055,615460,Hood Blazers,615261,Messiah Falcons,615261,8,bot,Brody Travagline pinch ran for Carter Reid.,99,2026-03-29 15:30:00-04:00,"Starry Baseball Field (Mechanicsburg, PA)",192,MBA,2026
6533055,615460,Hood Blazers,615261,Messiah Falcons,615261,8,bot,Brayden Burkholder struck out looking (3-2 KBBSBK).,100,2026-03-29 15:30:00-04:00,"Starry Baseball Field (Mechanicsburg, PA)",192,MBA,2026
6533055,615460,Hood Blazers,615261,Messiah Falcons,615460,9,top,Hudson Rue to 3b.,101,2026-03-29 15:30:00-04:00,"Starry Baseball Field (Mechanicsburg, PA)",192,MBA,2026
6533055,615460,Hood Blazers,615261,Messiah Falcons,615460,9,top,Trey Harper to p for Brody Travagline.,102,2026-03-29 15:30:00-04:00,"Starry Baseball Field (Mechanicsburg, PA)",192,MBA,2026
6533055,615460,Hood Blazers,615261,Messiah Falcons,615460,9,top,Brayden Burkholder to 1b.,103,2026-03-29 15:30:00-04:00,"Starry Baseball Field (Mechanicsburg, PA)",192,MBA,2026
6533055,615460,Hood Blazers,615261,Messiah Falcons,615460,9,top,/  for Walker Cloudt.,104,2026-03-29 15:30:00-04:00,"Starry Baseball Field (Mechanicsburg, PA)",192,MBA,2026
6533055,615460,Hood Blazers,615261,Messiah Falcons,615460,9,top,Kamari Chisolm grounded out to 2b (1-1 KB).,105,2026-03-29 15:30:00-04:00,"Starry Baseball Field (Mechanicsburg, PA)",192,MBA,2026
6533055,615460,Hood Blazers,615261,Messiah Falcons,615460,9,top,Rhett Robbins grounded out to p (2-2 KSBB).,106,2026-03-29 15:30:00-04:00,"Starry Baseball Field (Mechanicsburg, PA)",192,MBA,2026
6533055,615460,Hood Blazers,615261,Messiah Falcons,615460,9,top,Blaine Smith pinch hit for Aj Haines.,107,2026-03-29 15:30:00-04:00,"Starry Baseball Field (Mechanicsburg, PA)",192,MBA,2026
6533055,615460,Hood Blazers,615261,Messiah Falcons,615460,9,top,Blaine Smith struck out swinging (0-2 FKS).,108,2026-03-29 15:30:00-04:00,"Starry Baseball Field (Mechanicsburg, PA)",192,MBA,2026
6535733,615111,Concord Mountain Lions,614905,West Liberty Hilltoppers,615111,1,top,N. DiSanti popped up to ss (0-2 SS).,1,2026-03-29 15:30:00-04:00,"Kovalick Field (West Liberty, WV)",107,MBA,2026
6535733,615111,Concord Mountain Lions,614905,West Liberty Hilltoppers,615111,1,top,J. Lavergne struck out swinging (2-2 BBSFS).,2,2026-03-29 15:30:00-04:00,"Kovalick Field (West Liberty, WV)",107,MBA,2026
6535733,615111,Concord Mountain Lions,614905,West Liberty Hilltoppers,615111,1,top,M. DiSanti popped up to ss (2-1 FBB).,3,2026-03-29 15:30:00-04:00,"Kovalick Field (West Liberty, WV)",107,MBA,2026
6535733,615111,Concord Mountain Lions,614905,West Liberty Hilltoppers,614905,1,bot,Giacomo Dolce grounded out to ss (1-0 B).,4,2026-03-29 15:30:00-04:00,"Kovalick Field (West Liberty, WV)",107,MBA,2026
6535733,615111,Concord Mountain Lions,614905,West Liberty Hilltoppers,614905,1,bot,Lu. Marsh grounded out to 3b (0-0).,5,2026-03-29 15:30:00-04:00,"Kovalick Field (West Liberty, WV)",107,MBA,2026
6535733,615111,Concord Mountain Lions,614905,West Liberty Hilltoppers,614905,1,bot,Hunter White flied out to lf (0-0).,6,2026-03-29 15:30:00-04:00,"Kovalick Field (West Liberty, WV)",107,MBA,2026
6535733,615111,Concord Mountain Lions,614905,West Liberty Hilltoppers,615111,2,top,K. Bostic walked (3-1 BBKBB).,7,2026-03-29 15:30:00-04:00,"Kovalick Field (West Liberty, WV)",107,MBA,2026
6535733,615111,Concord Mountain Lions,614905,West Liberty Hilltoppers,615111,2,top,D. Maynard flied out to rf (3-1 BBBK).,8,2026-03-29 15:30:00-04:00,"Kovalick Field (West Liberty, WV)",107,MBA,2026
6535733,615111,Concord Mountain Lions,614905,West Liberty Hilltoppers,615111,2,top,H. Sipel singled to right field (0-0)3a K. Bostic advanced to third.,9,2026-03-29 15:30:00-04:00,"Kovalick Field (West Liberty, WV)",107,MBA,2026
6535733,615111,Concord Mountain Lions,614905,West Liberty Hilltoppers,615111,2,top,T. Burke walked (3-0 BBBB)3a H. Sipel advanced to second.,10,2026-03-29 15:30:00-04:00,"Kovalick Field (West Liberty, WV)",107,MBA,2026
6535733,615111,Concord Mountain Lions,614905,West Liberty Hilltoppers,615111,2,top,"D. Laughter flied out to lf, RBI (0-1 K)3a K. Bostic scored.",11,2026-03-29 15:30:00-04:00,"Kovalick Field (West Liberty, WV)",107,MBA,2026
6535733,615111,Concord Mountain Lions,614905,West Liberty Hilltoppers,615111,2,top,D. Gragg walked (3-0 BBBB)3a T. Burke advanced to second3a H. Sipel advanced to third.,12,2026-03-29 15:30:00-04:00,"Kovalick Field (West Liberty, WV)",107,MBA,2026
6535733,615111,Concord Mountain Lions,614905,West Liberty Hilltoppers,615111,2,top,N. DiSanti popped up to ss (0-0).,13,2026-03-29 15:30:00-04:00,"Kovalick Field (West Liberty, WV)",107,MBA,2026
6535733,615111,Concord Mountain Lions,614905,West Liberty Hilltoppers,614905,2,bot,Evan Tice grounded out to ss (0-1 K).,14,2026-03-29 15:30:00-04:00,"Kovalick Field (West Liberty, WV)",107,MBA,2026
6535733,615111,Concord Mountain Lions,614905,West Liberty Hilltoppers,614905,2,bot,Luke Foley struck out swinging (0-2 FFFS).,15,2026-03-29 15:30:00-04:00,"Kovalick Field (West Liberty, WV)",107,MBA,2026
6535733,615111,Concord Mountain Lions,614905,West Liberty Hilltoppers,614905,2,bot,Austin Wittreich grounded out to 3b (0-0).,16,2026-03-29 15:30:00-04:00,"Kovalick Field (West Liberty, WV)",107,MBA,2026
6535733,615111,Concord Mountain Lions,614905,West Liberty Hilltoppers,615111,3,top,J. Lavergne reached first on an error by ss (3-1 BBBK).,17,2026-03-29 15:30:00-04:00,"Kovalick Field (West Liberty, WV)",107,MBA,2026
6535733,615111,Concord Mountain Lions,614905,West Liberty Hilltoppers,615111,3,top,M. DiSanti singled to center field (1-2 KBS)3a J. Lavergne advanced to second.,18,2026-03-29 15:30:00-04:00,"Kovalick Field (West Liberty, WV)",107,MBA,2026
6535733,615111,Concord Mountain Lions,614905,West Liberty Hilltoppers,615111,3,top,M. DiSanti advanced to second on a wild pitch3a J. Lavergne advanced to third on a wild pitch.,19,2026-03-29 15:30:00-04:00,"Kovalick Field (West Liberty, WV)",107,MBA,2026
6535733,615111,Concord Mountain Lions,614905,West Liberty Hilltoppers,615111,3,top,"K. Bostic flied out to rf, RBI (1-0 B)3a M. DiSanti advanced to third3a J. Lavergne scored, unearned.",20,2026-03-29 15:30:00-04:00,"Kovalick Field (West Liberty, WV)",107,MBA,2026
6535733,615111,Concord Mountain Lions,614905,West Liberty Hilltoppers,615111,3,top,D. Maynard grounded out to p (2-2 BBKS).,21,2026-03-29 15:30:00-04:00,"Kovalick Field (West Liberty, WV)",107,MBA,2026
6535733,615111,Concord Mountain Lions,614905,West Liberty Hilltoppers,615111,3,top,"H. Sipel singled to right field, RBI (1-2 FFB)3a M. DiSanti scored.",22,2026-03-29 15:30:00-04:00,"Kovalick Field (West Liberty, WV)",107,MBA,2026
6535733,615111,Concord Mountain Lions,614905,West Liberty Hilltoppers,615111,3,top,T. Burke grounded out to 3b (3-1 BBBK).,23,2026-03-29 15:30:00-04:00,"Kovalick Field (West Liberty, WV)",107,MBA,2026
6535733,615111,Concord Mountain Lions,614905,West Liberty Hilltoppers,614905,3,bot,Aaron Flowers grounded out to 2b (2-2 BFFB).,24,2026-03-29 15:30:00-04:00,"Kovalick Field (West Liberty, WV)",107,MBA,2026
6535733,615111,Concord Mountain Lions,614905,West Liberty Hilltoppers,614905,3,bot,Lucas Marsh doubled to left field (0-0).,25,2026-03-29 15:30:00-04:00,"Kovalick Field (West Liberty, WV)",107,MBA,2026
6535733,615111,Concord Mountain Lions,614905,West Liberty Hilltoppers,614905,3,bot,Lucas Marsh advanced to third on an error by p.,26,2026-03-29 15:30:00-04:00,"Kovalick Field (West Liberty, WV)",107,MBA,2026
6535733,615111,Concord Mountain Lions,614905,West Liberty Hilltoppers,614905,3,bot,"Bodee Latocha grounded out to 2b, RBI (1-1 BF)3a Lucas Marsh scored.",27,2026-03-29 15:30:00-04:00,"Kovalick Field (West Liberty, WV)",107,MBA,2026
6535733,615111,Concord Mountain Lions,614905,West Liberty Hilltoppers,614905,3,bot,Giacomo Dolce walked (3-0 BBBB).,28,2026-03-29 15:30:00-04:00,"Kovalick Field (West Liberty, WV)",107,MBA,2026
6535733,615111,Concord Mountain Lions,614905,West Liberty Hilltoppers,614905,3,bot,Lu. Marsh grounded out to p (0-0).,29,2026-03-29 15:30:00-04:00,"Kovalick Field (West Liberty, WV)",107,MBA,2026
6535733,615111,Concord Mountain Lions,614905,West Liberty Hilltoppers,615111,4,top,D. Laughter struck out swinging (1-2 KFBS).,30,2026-03-29 15:30:00-04:00,"Kovalick Field (West Liberty, WV)",107,MBA,2026
6535733,615111,Concord Mountain Lions,614905,West Liberty Hilltoppers,615111,4,top,D. Gragg singled to right field (0-1 K).,31,2026-03-29 15:30:00-04:00,"Kovalick Field (West Liberty, WV)",107,MBA,2026
6535733,615111,Concord Mountain Lions,614905,West Liberty Hilltoppers,615111,4,top,D. Gragg advanced to second on a wild pitch.,32,2026-03-29 15:30:00-04:00,"Kovalick Field (West Liberty, WV)",107,MBA,2026
6535733,615111,Concord Mountain Lions,614905,West Liberty Hilltoppers,615111,4,top,N. DiSanti walked (3-2 BKBBFFB).,33,2026-03-29 15:30:00-04:00,"Kovalick Field (West Liberty, WV)",107,MBA,2026
6535733,615111,Concord Mountain Lions,614905,West Liberty Hilltoppers,615111,4,top,J. Lavergne lined out to ss (3-2 BKKFBB)3a D. Gragg out at third ss to 2b.,34,2026-03-29 15:30:00-04:00,"Kovalick Field (West Liberty, WV)",107,MBA,2026
6535733,615111,Concord Mountain Lions,614905,West Liberty Hilltoppers,614905,4,bot,Hunter White flied out to lf (0-1 S).,35,2026-03-29 15:30:00-04:00,"Kovalick Field (West Liberty, WV)",107,MBA,2026
6535733,615111,Concord Mountain Lions,614905,West Liberty Hilltoppers,614905,4,bot,Evan Tice struck out looking (1-2 FBSK).,36,2026-03-29 15:30:00-04:00,"Kovalick Field (West Liberty, WV)",107,MBA,2026
6535733,615111,Concord Mountain Lions,614905,West Liberty Hilltoppers,614905,4,bot,Luke Foley grounded out to 2b (1-1 BK).,37,2026-03-29 15:30:00-04:00,"Kovalick Field (West Liberty, WV)",107,MBA,2026
6535733,615111,Concord Mountain Lions,614905,West Liberty Hilltoppers,615111,5,top,M. DiSanti flied out to cf (3-2 BKBBF).,38,2026-03-29 15:30:00-04:00,"Kovalick Field (West Liberty, WV)",107,MBA,2026
6535733,615111,Concord Mountain Lions,614905,West Liberty Hilltoppers,615111,5,top,K. Bostic flied out to lf (0-1 K).,39,2026-03-29 15:30:00-04:00,"Kovalick Field (West Liberty, WV)",107,MBA,2026
6535733,615111,Concord Mountain Lions,614905,West Liberty Hilltoppers,615111,5,top,D. Maynard popped up to 1b (0-1 K).,40,2026-03-29 15:30:00-04:00,"Kovalick Field (West Liberty, WV)",107,MBA,2026
6535733,615111,Concord Mountain Lions,614905,West Liberty Hilltoppers,614905,5,bot,Austin Wittreich struck out swinging (1-2 KBFS).,41,2026-03-29 15:30:00-04:00,"Kovalick Field (West Liberty, WV)",107,MBA,2026
6535733,615111,Concord Mountain Lions,614905,West Liberty Hilltoppers,614905,5,bot,Aaron Flowers singled to shortstop (1-0 B).,42,2026-03-29 15:30:00-04:00,"Kovalick Field (West Liberty, WV)",107,MBA,2026
6535733,615111,Concord Mountain Lions,614905,West Liberty Hilltoppers,614905,5,bot,Lucas Marsh singled to left field (1-0 B)3a Aaron Flowers advanced to second.,43,2026-03-29 15:30:00-04:00,"Kovalick Field (West Liberty, WV)",107,MBA,2026
6535733,615111,Concord Mountain Lions,614905,West Liberty Hilltoppers,614905,5,bot,Bodee Latocha flied out to cf (1-1 BF).,44,2026-03-29 15:30:00-04:00,"Kovalick Field (West Liberty, WV)",107,MBA,2026
6535733,615111,Concord Mountain Lions,614905,West Liberty Hilltoppers,614905,5,bot,"Giacomo Dolce doubled, 2 RBI (2-1 SBB)3a Lucas Marsh scored3a Aaron Flowers scored.",45,2026-03-29 15:30:00-04:00,"Kovalick Field (West Liberty, WV)",107,MBA,2026
6535733,615111,Concord Mountain Lions,614905,West Liberty Hilltoppers,614905,5,bot,"Lu. Marsh singled to center field, RBI (2-1 BFB)3a Giacomo Dolce scored.",46,2026-03-29 15:30:00-04:00,"Kovalick Field (West Liberty, WV)",107,MBA,2026
6535733,615111,Concord Mountain Lions,614905,West Liberty Hilltoppers,614905,5,bot,B. Dent to p for J. Adams.,47,2026-03-29 15:30:00-04:00,"Kovalick Field (West Liberty, WV)",107,MBA,2026
6535733,615111,Concord Mountain Lions,614905,West Liberty Hilltoppers,614905,5,bot,"Hunter White singled to right field (0-2 SS)3a Lu. Marsh advanced to second, out at third rf to 3b.",48,2026-03-29 15:30:00-04:00,"Kovalick Field (West Liberty, WV)",107,MBA,2026
6535733,615111,Concord Mountain Lions,614905,West Liberty Hilltoppers,615111,6,top,H. Sipel struck out swinging (2-2 KSFBBFFS).,49,2026-03-29 15:30:00-04:00,"Kovalick Field (West Liberty, WV)",107,MBA,2026
6535733,615111,Concord Mountain Lions,614905,West Liberty Hilltoppers,615111,6,top,T. Burke popped up to ss (2-1 BKB).,50,2026-03-29 15:30:00-04:00,"Kovalick Field (West Liberty, WV)",107,MBA,2026
6535733,615111,Concord Mountain Lions,614905,West Liberty Hilltoppers,615111,6,top,J. McGeehan pinch hit for D. Laughter.,51,2026-03-29 15:30:00-04:00,"Kovalick Field (West Liberty, WV)",107,MBA,2026
6535733,615111,Concord Mountain Lions,614905,West Liberty Hilltoppers,615111,6,top,J. McGeehan doubled to left field (0-1 F).,52,2026-03-29 15:30:00-04:00,"Kovalick Field (West Liberty, WV)",107,MBA,2026
6535733,615111,Concord Mountain Lions,614905,West Liberty Hilltoppers,615111,6,top,C. Thomas pinch ran for J. McGeehan.,53,2026-03-29 15:30:00-04:00,"Kovalick Field (West Liberty, WV)",107,MBA,2026
6535733,615111,Concord Mountain Lions,614905,West Liberty Hilltoppers,615111,6,top,D. Gragg reached first on an error by 1b (1-2 KBFF)3a C. Thomas advanced to third.,54,2026-03-29 15:30:00-04:00,"Kovalick Field (West Liberty, WV)",107,MBA,2026
6535733,615111,Concord Mountain Lions,614905,West Liberty Hilltoppers,615111,6,top,L. Cannon pinch ran for D. Gragg.,55,2026-03-29 15:30:00-04:00,"Kovalick Field (West Liberty, WV)",107,MBA,2026
6535733,615111,Concord Mountain Lions,614905,West Liberty Hilltoppers,615111,6,top,C. Thomas out at home c to 3b.,56,2026-03-29 15:30:00-04:00,"Kovalick Field (West Liberty, WV)",107,MBA,2026
6535733,615111,Concord Mountain Lions,614905,West Liberty Hilltoppers,614905,6,bot,A. Hear to c for C. Thomas.,57,2026-03-29 15:30:00-04:00,"Kovalick Field (West Liberty, WV)",107,MBA,2026
6535733,615111,Concord Mountain Lions,614905,West Liberty Hilltoppers,614905,6,bot,A. Goodson to cf for L. Cannon.,58,2026-03-29 15:30:00-04:00,"Kovalick Field (West Liberty, WV)",107,MBA,2026
6535733,615111,Concord Mountain Lions,614905,West Liberty Hilltoppers,614905,6,bot,Wagenknecht to p for B. Dent.,59,2026-03-29 15:30:00-04:00,"Kovalick Field (West Liberty, WV)",107,MBA,2026
6535733,615111,Concord Mountain Lions,614905,West Liberty Hilltoppers,614905,6,bot,Evan Tice popped up to 2b (3-1 BBBK).,60,2026-03-29 15:30:00-04:00,"Kovalick Field (West Liberty, WV)",107,MBA,2026
6535733,615111,Concord Mountain Lions,614905,West Liberty Hilltoppers,614905,6,bot,Luke Foley singled to left field (3-2 FSBBB).,61,2026-03-29 15:30:00-04:00,"Kovalick Field (West Liberty, WV)",107,MBA,2026
6535733,615111,Concord Mountain Lions,614905,West Liberty Hilltoppers,614905,6,bot,Austin Wittreich singled to right field (0-2 SF)3a Luke Foley advanced to second.,62,2026-03-29 15:30:00-04:00,"Kovalick Field (West Liberty, WV)",107,MBA,2026
6535733,615111,Concord Mountain Lions,614905,West Liberty Hilltoppers,614905,6,bot,Aaron Flowers reached on a fielder's choice (0-0)3a Austin Wittreich advanced to second3a Luke Foley out at third 3b unassisted.,63,2026-03-29 15:30:00-04:00,"Kovalick Field (West Liberty, WV)",107,MBA,2026
6535733,615111,Concord Mountain Lions,614905,West Liberty Hilltoppers,614905,6,bot,Lucas Marsh walked (3-0 BBBB)3a Aaron Flowers advanced to second3a Austin Wittreich advanced to third.,64,2026-03-29 15:30:00-04:00,"Kovalick Field (West Liberty, WV)",107,MBA,2026
6535733,615111,Concord Mountain Lions,614905,West Liberty Hilltoppers,614905,6,bot,Bodee Latocha popped up to ss (1-1 BF).,65,2026-03-29 15:30:00-04:00,"Kovalick Field (West Liberty, WV)",107,MBA,2026
6535733,615111,Concord Mountain Lions,614905,West Liberty Hilltoppers,615111,7,top,N. DiSanti singled to right field (0-2 KK).,66,2026-03-29 15:30:00-04:00,"Kovalick Field (West Liberty, WV)",107,MBA,2026
6535733,615111,Concord Mountain Lions,614905,West Liberty Hilltoppers,615111,7,top,J. Lavergne reached on a fielder's choice (1-1 BK)3a N. DiSanti out at second 2b to ss.,67,2026-03-29 15:30:00-04:00,"Kovalick Field (West Liberty, WV)",107,MBA,2026
6535733,615111,Concord Mountain Lions,614905,West Liberty Hilltoppers,615111,7,top,Cooper Basciano to 2b for Lucas Marsh.,68,2026-03-29 15:30:00-04:00,"Kovalick Field (West Liberty, WV)",107,MBA,2026
6535733,615111,Concord Mountain Lions,614905,West Liberty Hilltoppers,615111,7,top,M. DiSanti singled to center field (2-2 FFBFB)3a J. Lavergne advanced to third.,69,2026-03-29 15:30:00-04:00,"Kovalick Field (West Liberty, WV)",107,MBA,2026
6535733,615111,Concord Mountain Lions,614905,West Liberty Hilltoppers,615111,7,top,C. Stala pinch ran for M. DiSanti.,70,2026-03-29 15:30:00-04:00,"Kovalick Field (West Liberty, WV)",107,MBA,2026
6535733,615111,Concord Mountain Lions,614905,West Liberty Hilltoppers,615111,7,top,Andrew Benchich to p for Mason Bille.,71,2026-03-29 15:30:00-04:00,"Kovalick Field (West Liberty, WV)",107,MBA,2026
6535733,615111,Concord Mountain Lions,614905,West Liberty Hilltoppers,615111,7,top,K. Bostic walked (3-0 BBBB)3a C. Stala advanced to second.,72,2026-03-29 15:30:00-04:00,"Kovalick Field (West Liberty, WV)",107,MBA,2026
6535733,615111,Concord Mountain Lions,614905,West Liberty Hilltoppers,615111,7,top,S. Stowe pinch hit for D. Maynard.,73,2026-03-29 15:30:00-04:00,"Kovalick Field (West Liberty, WV)",107,MBA,2026
6535733,615111,Concord Mountain Lions,614905,West Liberty Hilltoppers,615111,7,top,S. Stowe grounded into double play ss to 2b to 1b (1-2 KFB)3a K. Bostic out on the play.,74,2026-03-29 15:30:00-04:00,"Kovalick Field (West Liberty, WV)",107,MBA,2026
6535733,615111,Concord Mountain Lions,614905,West Liberty Hilltoppers,614905,7,bot,S. Stowe to 1b.,75,2026-03-29 15:30:00-04:00,"Kovalick Field (West Liberty, WV)",107,MBA,2026
6535733,615111,Concord Mountain Lions,614905,West Liberty Hilltoppers,614905,7,bot,H. Sipel to 2b.,76,2026-03-29 15:30:00-04:00,"Kovalick Field (West Liberty, WV)",107,MBA,2026
6536322,614639,Lafayette Leopards,614620,Holy Cross Crusaders,614639,1,top,Liam Ebbs flied out to cf (3-2 BSBBK).,1,2026-03-29 15:30:00-04:00,"Ballpark at Fitton Field (Worcester, MA)",168,MBA,2026
6536322,614639,Lafayette Leopards,614620,Holy Cross Crusaders,614639,1,top,"Alex Barrist struck out swinging, grounded out to c unassisted (1-2 SBSS).",2,2026-03-29 15:30:00-04:00,"Ballpark at Fitton Field (Worcester, MA)",168,MBA,2026
6536322,614639,Lafayette Leopards,614620,Holy Cross Crusaders,614639,1,top,Matt Colella singled to third base (2-2 KKBB).,3,2026-03-29 15:30:00-04:00,"Ballpark at Fitton Field (Worcester, MA)",168,MBA,2026
6536322,614639,Lafayette Leopards,614620,Holy Cross Crusaders,614639,1,top,"Matt Colella out at second c to 2b, caught stealing.",4,2026-03-29 15:30:00-04:00,"Ballpark at Fitton Field (Worcester, MA)",168,MBA,2026
6536322,614639,Lafayette Leopards,614620,Holy Cross Crusaders,614620,1,bot,CJ Egrie singled to center field (1-0 B).,5,2026-03-29 15:30:00-04:00,"Ballpark at Fitton Field (Worcester, MA)",168,MBA,2026
6536322,614639,Lafayette Leopards,614620,Holy Cross Crusaders,614620,1,bot,CJ Egrie stole second.,6,2026-03-29 15:30:00-04:00,"Ballpark at Fitton Field (Worcester, MA)",168,MBA,2026
6536322,614639,Lafayette Leopards,614620,Holy Cross Crusaders,614620,1,bot,"Gianni Royer doubled down the lf line, RBI (1-0 B)3a CJ Egrie scored.",7,2026-03-29 15:30:00-04:00,"Ballpark at Fitton Field (Worcester, MA)",168,MBA,2026
6536322,614639,Lafayette Leopards,614620,Holy Cross Crusaders,614620,1,bot,Gianni Royer advanced to third on a wild pitch.,8,2026-03-29 15:30:00-04:00,"Ballpark at Fitton Field (Worcester, MA)",168,MBA,2026
6536322,614639,Lafayette Leopards,614620,Holy Cross Crusaders,614620,1,bot,Alex Sandell walked (3-2 KBBFBB).,9,2026-03-29 15:30:00-04:00,"Ballpark at Fitton Field (Worcester, MA)",168,MBA,2026
6536322,614639,Lafayette Leopards,614620,Holy Cross Crusaders,614620,1,bot,"Ryan Grundy flied out to cf, sacrifice fly, RBI (0-0)3a Alex Sandell advanced to second3a Gianni Royer scored.",10,2026-03-29 15:30:00-04:00,"Ballpark at Fitton Field (Worcester, MA)",168,MBA,2026
6536322,614639,Lafayette Leopards,614620,Holy Cross Crusaders,614620,1,bot,"Nick Spaner singled to right center, RBI (0-0)3a Alex Sandell scored.",11,2026-03-29 15:30:00-04:00,"Ballpark at Fitton Field (Worcester, MA)",168,MBA,2026
6536322,614639,Lafayette Leopards,614620,Holy Cross Crusaders,614620,1,bot,Simon Landry singled up the middle (2-2 BKBK)3a Nick Spaner advanced to second.,12,2026-03-29 15:30:00-04:00,"Ballpark at Fitton Field (Worcester, MA)",168,MBA,2026
6536322,614639,Lafayette Leopards,614620,Holy Cross Crusaders,614620,1,bot,John LaFleur flied out to cf (2-0 BB).,13,2026-03-29 15:30:00-04:00,"Ballpark at Fitton Field (Worcester, MA)",168,MBA,2026
6536322,614639,Lafayette Leopards,614620,Holy Cross Crusaders,614620,1,bot,"Van Coughlin doubled down the rf line, 2 RBI (3-2 FKFBBB)3a Simon Landry scored3a Nick Spaner scored.",14,2026-03-29 15:30:00-04:00,"Ballpark at Fitton Field (Worcester, MA)",168,MBA,2026
6536322,614639,Lafayette Leopards,614620,Holy Cross Crusaders,614620,1,bot,Owen Stelzer walked (3-2 KBSBBB)3a Van Coughlin advanced to third on a wild pitch.,15,2026-03-29 15:30:00-04:00,"Ballpark at Fitton Field (Worcester, MA)",168,MBA,2026
6536322,614639,Lafayette Leopards,614620,Holy Cross Crusaders,614620,1,bot,Ben Waterman to p for Trey Zaffiro.,16,2026-03-29 15:30:00-04:00,"Ballpark at Fitton Field (Worcester, MA)",168,MBA,2026
6536322,614639,Lafayette Leopards,614620,Holy Cross Crusaders,614620,1,bot,CJ Egrie popped up to 2b (1-0 B).,17,2026-03-29 15:30:00-04:00,"Ballpark at Fitton Field (Worcester, MA)",168,MBA,2026
6536322,614639,Lafayette Leopards,614620,Holy Cross Crusaders,614639,2,top,Jack Mislan struck out looking (2-2 BSBFK).,18,2026-03-29 15:30:00-04:00,"Ballpark at Fitton Field (Worcester, MA)",168,MBA,2026
6536322,614639,Lafayette Leopards,614620,Holy Cross Crusaders,614639,2,top,Charlie Chropuvka walked (3-1 KBBBB).,19,2026-03-29 15:30:00-04:00,"Ballpark at Fitton Field (Worcester, MA)",168,MBA,2026
6536322,614639,Lafayette Leopards,614620,Holy Cross Crusaders,614639,2,top,Brandon Doubek singled to left field (0-2 FS)3a Charlie Chropuvka advanced to second.,20,2026-03-29 15:30:00-04:00,"Ballpark at Fitton Field (Worcester, MA)",168,MBA,2026
6536322,614639,Lafayette Leopards,614620,Holy Cross Crusaders,614639,2,top,Boden Fernsler struck out swinging (1-2 BSSS).,21,2026-03-29 15:30:00-04:00,"Ballpark at Fitton Field (Worcester, MA)",168,MBA,2026
6536322,614639,Lafayette Leopards,614620,Holy Cross Crusaders,614639,2,top,Will Dobil popped up to 2b (0-2 SF).,22,2026-03-29 15:30:00-04:00,"Ballpark at Fitton Field (Worcester, MA)",168,MBA,2026
6536322,614639,Lafayette Leopards,614620,Holy Cross Crusaders,614620,2,bot,Gianni Royer grounded out to 3b (0-1 K).,23,2026-03-29 15:30:00-04:00,"Ballpark at Fitton Field (Worcester, MA)",168,MBA,2026
6536322,614639,Lafayette Leopards,614620,Holy Cross Crusaders,614620,2,bot,Alex Sandell singled to shortstop (0-0).,24,2026-03-29 15:30:00-04:00,"Ballpark at Fitton Field (Worcester, MA)",168,MBA,2026
6536322,614639,Lafayette Leopards,614620,Holy Cross Crusaders,614620,2,bot,Ryan Grundy grounded out to 2b (2-2 BBFK)3a Alex Sandell advanced to second.,25,2026-03-29 15:30:00-04:00,"Ballpark at Fitton Field (Worcester, MA)",168,MBA,2026
6536322,614639,Lafayette Leopards,614620,Holy Cross Crusaders,614620,2,bot,Nick Spaner lined out to 1b (0-1 F).,26,2026-03-29 15:30:00-04:00,"Ballpark at Fitton Field (Worcester, MA)",168,MBA,2026
6536322,614639,Lafayette Leopards,614620,Holy Cross Crusaders,614639,3,top,Ryan Ulisse singled to pitcher (0-1 K).,27,2026-03-29 15:30:00-04:00,"Ballpark at Fitton Field (Worcester, MA)",168,MBA,2026
6536322,614639,Lafayette Leopards,614620,Holy Cross Crusaders,614639,3,top,Liam Ebbs singled to third base (1-0 B)3a Ryan Ulisse advanced to second.,28,2026-03-29 15:30:00-04:00,"Ballpark at Fitton Field (Worcester, MA)",168,MBA,2026
6536322,614639,Lafayette Leopards,614620,Holy Cross Crusaders,614639,3,top,"Alex Barrist grounded out to p, SAC, bunt (0-0)3a Liam Ebbs advanced to second3a Ryan Ulisse advanced to third.",29,2026-03-29 15:30:00-04:00,"Ballpark at Fitton Field (Worcester, MA)",168,MBA,2026
6536322,614639,Lafayette Leopards,614620,Holy Cross Crusaders,614639,3,top,"Matt Colella doubled to right center, 2 RBI (0-0)3a Liam Ebbs scored3a Ryan Ulisse scored.",30,2026-03-29 15:30:00-04:00,"Ballpark at Fitton Field (Worcester, MA)",168,MBA,2026
6536322,614639,Lafayette Leopards,614620,Holy Cross Crusaders,614639,3,top,Jack Mislan struck out swinging (2-2 BSSBS).,31,2026-03-29 15:30:00-04:00,"Ballpark at Fitton Field (Worcester, MA)",168,MBA,2026
6536322,614639,Lafayette Leopards,614620,Holy Cross Crusaders,614639,3,top,Charlie Chropuvka struck out swinging (1-2 FBKFS).,32,2026-03-29 15:30:00-04:00,"Ballpark at Fitton Field (Worcester, MA)",168,MBA,2026
6536322,614639,Lafayette Leopards,614620,Holy Cross Crusaders,614620,3,bot,"Simon Landry grounded out to 3b, bunt (0-1 K).",33,2026-03-29 15:30:00-04:00,"Ballpark at Fitton Field (Worcester, MA)",168,MBA,2026
6536322,614639,Lafayette Leopards,614620,Holy Cross Crusaders,614620,3,bot,John LaFleur flied out to cf (2-2 KKBFB).,34,2026-03-29 15:30:00-04:00,"Ballpark at Fitton Field (Worcester, MA)",168,MBA,2026
6536322,614639,Lafayette Leopards,614620,Holy Cross Crusaders,614620,3,bot,Van Coughlin singled through the left side (0-0).,35,2026-03-29 15:30:00-04:00,"Ballpark at Fitton Field (Worcester, MA)",168,MBA,2026
6536322,614639,Lafayette Leopards,614620,Holy Cross Crusaders,614620,3,bot,Owen Stelzer reached on a fielder's choice (1-2 BKK)3a Van Coughlin out at second ss to 2b.,36,2026-03-29 15:30:00-04:00,"Ballpark at Fitton Field (Worcester, MA)",168,MBA,2026
6536322,614639,Lafayette Leopards,614620,Holy Cross Crusaders,614639,4,top,Brandon Doubek hit by pitch (0-0).,37,2026-03-29 15:30:00-04:00,"Ballpark at Fitton Field (Worcester, MA)",168,MBA,2026
6536322,614639,Lafayette Leopards,614620,Holy Cross Crusaders,614639,4,top,Boden Fernsler doubled to left field (0-0)3a Brandon Doubek advanced to third.,38,2026-03-29 15:30:00-04:00,"Ballpark at Fitton Field (Worcester, MA)",168,MBA,2026
6536322,614639,Lafayette Leopards,614620,Holy Cross Crusaders,614639,4,top,"Will Dobil singled to left center, RBI (2-2 FFFBB)3a Boden Fernsler advanced to third3a Brandon Doubek scored.",39,2026-03-29 15:30:00-04:00,"Ballpark at Fitton Field (Worcester, MA)",168,MBA,2026
6536322,614639,Lafayette Leopards,614620,Holy Cross Crusaders,614639,4,top,Ryan Ulisse walked (3-2 BBBKFB)3a Will Dobil advanced to second.,40,2026-03-29 15:30:00-04:00,"Ballpark at Fitton Field (Worcester, MA)",168,MBA,2026
6536322,614639,Lafayette Leopards,614620,Holy Cross Crusaders,614639,4,top,"Liam Ebbs flied out to cf, sacrifice fly, RBI (0-0)3a Ryan Ulisse advanced to second3a Will Dobil advanced to third3a Boden Fernsler scored.",41,2026-03-29 15:30:00-04:00,"Ballpark at Fitton Field (Worcester, MA)",168,MBA,2026
6536322,614639,Lafayette Leopards,614620,Holy Cross Crusaders,614639,4,top,"Alex Barrist singled to shortstop, RBI (3-2 BSSFFBB)3a Ryan Ulisse advanced to third3a Will Dobil scored.",42,2026-03-29 15:30:00-04:00,"Ballpark at Fitton Field (Worcester, MA)",168,MBA,2026
6536322,614639,Lafayette Leopards,614620,Holy Cross Crusaders,614639,4,top,Nick Harnisch to p for Pedro Leon.,43,2026-03-29 15:30:00-04:00,"Ballpark at Fitton Field (Worcester, MA)",168,MBA,2026
6536322,614639,Lafayette Leopards,614620,Holy Cross Crusaders,614639,4,top,"Matt Colella grounded out to p, SAC, bunt, RBI (0-1 F)3a Alex Barrist advanced to second3a Ryan Ulisse scored.",44,2026-03-29 15:30:00-04:00,"Ballpark at Fitton Field (Worcester, MA)",168,MBA,2026
6536322,614639,Lafayette Leopards,614620,Holy Cross Crusaders,614639,4,top,Alex Barrist advanced to third on a wild pitch.,45,2026-03-29 15:30:00-04:00,"Ballpark at Fitton Field (Worcester, MA)",168,MBA,2026
6536322,614639,Lafayette Leopards,614620,Holy Cross Crusaders,614639,4,top,Jack Mislan grounded out to 2b (2-2 FKFBB).,46,2026-03-29 15:30:00-04:00,"Ballpark at Fitton Field (Worcester, MA)",168,MBA,2026
6536322,614639,Lafayette Leopards,614620,Holy Cross Crusaders,614620,4,bot,"CJ Egrie grounded out to 3b, bunt (0-0).",47,2026-03-29 15:30:00-04:00,"Ballpark at Fitton Field (Worcester, MA)",168,MBA,2026
6536322,614639,Lafayette Leopards,614620,Holy Cross Crusaders,614620,4,bot,Gianni Royer reached on catcher's interference (2-1 BBF).,48,2026-03-29 15:30:00-04:00,"Ballpark at Fitton Field (Worcester, MA)",168,MBA,2026
6536322,614639,Lafayette Leopards,614620,Holy Cross Crusaders,614620,4,bot,Alex Sandell flied out to lf (1-2 BKF).,49,2026-03-29 15:30:00-04:00,"Ballpark at Fitton Field (Worcester, MA)",168,MBA,2026
6536322,614639,Lafayette Leopards,614620,Holy Cross Crusaders,614620,4,bot,Gianni Royer stole second.,50,2026-03-29 15:30:00-04:00,"Ballpark at Fitton Field (Worcester, MA)",168,MBA,2026
6536322,614639,Lafayette Leopards,614620,Holy Cross Crusaders,614620,4,bot,Gianni Royer advanced to third on a passed ball.,51,2026-03-29 15:30:00-04:00,"Ballpark at Fitton Field (Worcester, MA)",168,MBA,2026
6536322,614639,Lafayette Leopards,614620,Holy Cross Crusaders,614620,4,bot,Ryan Grundy walked (3-2 BBFKFBB).,52,2026-03-29 15:30:00-04:00,"Ballpark at Fitton Field (Worcester, MA)",168,MBA,2026
6536322,614639,Lafayette Leopards,614620,Holy Cross Crusaders,614620,4,bot,Ryan Grundy stole second.,53,2026-03-29 15:30:00-04:00,"Ballpark at Fitton Field (Worcester, MA)",168,MBA,2026
6536322,614639,Lafayette Leopards,614620,Holy Cross Crusaders,614620,4,bot,Nick Spaner grounded out to 3b (1-1 KB).,54,2026-03-29 15:30:00-04:00,"Ballpark at Fitton Field (Worcester, MA)",168,MBA,2026
6536322,614639,Lafayette Leopards,614620,Holy Cross Crusaders,614639,5,top,Charlie Chropuvka walked (3-2 SSFFBFBBB).,55,2026-03-29 15:30:00-04:00,"Ballpark at Fitton Field (Worcester, MA)",168,MBA,2026
6536322,614639,Lafayette Leopards,614620,Holy Cross Crusaders,614639,5,top,Brandon Doubek flied out to rf (3-2 BBFFBFF).,56,2026-03-29 15:30:00-04:00,"Ballpark at Fitton Field (Worcester, MA)",168,MBA,2026
6536322,614639,Lafayette Leopards,614620,Holy Cross Crusaders,614639,5,top,"Boden Fernsler homered to left field, 2 RBI (2-1 BBK)3a Charlie Chropuvka scored.",57,2026-03-29 15:30:00-04:00,"Ballpark at Fitton Field (Worcester, MA)",168,MBA,2026
6536322,614639,Lafayette Leopards,614620,Holy Cross Crusaders,614639,5,top,Brett Mulligan to p for Nick Harnisch.,58,2026-03-29 15:30:00-04:00,"Ballpark at Fitton Field (Worcester, MA)",168,MBA,2026
6536322,614639,Lafayette Leopards,614620,Holy Cross Crusaders,614639,5,top,Will Dobil singled to left field (0-0).,59,2026-03-29 15:30:00-04:00,"Ballpark at Fitton Field (Worcester, MA)",168,MBA,2026
6536322,614639,Lafayette Leopards,614620,Holy Cross Crusaders,614639,5,top,Ryan Ulisse struck out looking (1-2 KKBK).,60,2026-03-29 15:30:00-04:00,"Ballpark at Fitton Field (Worcester, MA)",168,MBA,2026
6536322,614639,Lafayette Leopards,614620,Holy Cross Crusaders,614639,5,top,Will Dobil stole second.,61,2026-03-29 15:30:00-04:00,"Ballpark at Fitton Field (Worcester, MA)",168,MBA,2026
6536322,614639,Lafayette Leopards,614620,Holy Cross Crusaders,614639,5,top,"Liam Ebbs singled to left field, RBI (2-2 KBSBF)3a Will Dobil scored.",62,2026-03-29 15:30:00-04:00,"Ballpark at Fitton Field (Worcester, MA)",168,MBA,2026
6536322,614639,Lafayette Leopards,614620,Holy Cross Crusaders,614639,5,top,Alex Barrist struck out swinging (1-2 KBKS).,63,2026-03-29 15:30:00-04:00,"Ballpark at Fitton Field (Worcester, MA)",168,MBA,2026
6536322,614639,Lafayette Leopards,614620,Holy Cross Crusaders,614620,5,bot,Simon Landry doubled to left center (0-0).,64,2026-03-29 15:30:00-04:00,"Ballpark at Fitton Field (Worcester, MA)",168,MBA,2026
6536322,614639,Lafayette Leopards,614620,Holy Cross Crusaders,614620,5,bot,John LaFleur grounded out to p (3-2 BFBBF)3a Simon Landry advanced to third.,65,2026-03-29 15:30:00-04:00,"Ballpark at Fitton Field (Worcester, MA)",168,MBA,2026
6536322,614639,Lafayette Leopards,614620,Holy Cross Crusaders,614620,5,bot,"Van Coughlin grounded out to 3b, RBI (0-0)3a Simon Landry scored.",66,2026-03-29 15:30:00-04:00,"Ballpark at Fitton Field (Worcester, MA)",168,MBA,2026
6536322,614639,Lafayette Leopards,614620,Holy Cross Crusaders,614620,5,bot,Owen Stelzer struck out swinging (1-2 BFSFS).,67,2026-03-29 15:30:00-04:00,"Ballpark at Fitton Field (Worcester, MA)",168,MBA,2026
6536322,614639,Lafayette Leopards,614620,Holy Cross Crusaders,614639,6,top,Matt Colella struck out swinging (3-2 BKBKBS).,68,2026-03-29 15:30:00-04:00,"Ballpark at Fitton Field (Worcester, MA)",168,MBA,2026
6536322,614639,Lafayette Leopards,614620,Holy Cross Crusaders,614639,6,top,Jack Mislan grounded out to 2b (0-1 F).,69,2026-03-29 15:30:00-04:00,"Ballpark at Fitton Field (Worcester, MA)",168,MBA,2026
6536322,614639,Lafayette Leopards,614620,Holy Cross Crusaders,614639,6,top,Charlie Chropuvka hit by pitch (2-2 SSBBF).,70,2026-03-29 15:30:00-04:00,"Ballpark at Fitton Field (Worcester, MA)",168,MBA,2026
6536322,614639,Lafayette Leopards,614620,Holy Cross Crusaders,614639,6,top,"Brandon Doubek homered to left center, 2 RBI (0-1 K)3a Charlie Chropuvka scored.",71,2026-03-29 15:30:00-04:00,"Ballpark at Fitton Field (Worcester, MA)",168,MBA,2026
6536322,614639,Lafayette Leopards,614620,Holy Cross Crusaders,614639,6,top,Boden Fernsler grounded out to 3b (2-1 BBK).,72,2026-03-29 15:30:00-04:00,"Ballpark at Fitton Field (Worcester, MA)",168,MBA,2026
6536322,614639,Lafayette Leopards,614620,Holy Cross Crusaders,614620,6,bot,Alex Payne to p for Ben Waterman.,73,2026-03-29 15:30:00-04:00,"Ballpark at Fitton Field (Worcester, MA)",168,MBA,2026
6536322,614639,Lafayette Leopards,614620,Holy Cross Crusaders,614620,6,bot,CJ Egrie singled to left field (1-2 BSKF).,74,2026-03-29 15:30:00-04:00,"Ballpark at Fitton Field (Worcester, MA)",168,MBA,2026
6536322,614639,Lafayette Leopards,614620,Holy Cross Crusaders,614620,6,bot,CJ Egrie out at second c to 2b.,75,2026-03-29 15:30:00-04:00,"Ballpark at Fitton Field (Worcester, MA)",168,MBA,2026
6536322,614639,Lafayette Leopards,614620,Holy Cross Crusaders,614620,6,bot,Gianni Royer walked (3-1 SBBBB).,76,2026-03-29 15:30:00-04:00,"Ballpark at Fitton Field (Worcester, MA)",168,MBA,2026
6536322,614639,Lafayette Leopards,614620,Holy Cross Crusaders,614620,6,bot,Alex Sandell walked (3-0 BBBB)3a Gianni Royer advanced to second.,77,2026-03-29 15:30:00-04:00,"Ballpark at Fitton Field (Worcester, MA)",168,MBA,2026
6536322,614639,Lafayette Leopards,614620,Holy Cross Crusaders,614620,6,bot,"Ryan Grundy homered to right field, 3 RBI (3-1 KBBB)3a Alex Sandell scored3a Gianni Royer scored.",78,2026-03-29 15:30:00-04:00,"Ballpark at Fitton Field (Worcester, MA)",168,MBA,2026
6536322,614639,Lafayette Leopards,614620,Holy Cross Crusaders,614620,6,bot,Kellen Moore to p for Alex Payne.,79,2026-03-29 15:30:00-04:00,"Ballpark at Fitton Field (Worcester, MA)",168,MBA,2026
6536322,614639,Lafayette Leopards,614620,Holy Cross Crusaders,614620,6,bot,Nick Spaner struck out looking (1-2 BSSK).,80,2026-03-29 15:30:00-04:00,"Ballpark at Fitton Field (Worcester, MA)",168,MBA,2026
6536322,614639,Lafayette Leopards,614620,Holy Cross Crusaders,614620,6,bot,Simon Landry struck out swinging (0-2 SFS).,81,2026-03-29 15:30:00-04:00,"Ballpark at Fitton Field (Worcester, MA)",168,MBA,2026
6536322,614639,Lafayette Leopards,614620,Holy Cross Crusaders,614639,7,top,Brock Graf to p for Brett Mulligan.,82,2026-03-29 15:30:00-04:00,"Ballpark at Fitton Field (Worcester, MA)",168,MBA,2026
6536322,614639,Lafayette Leopards,614620,Holy Cross Crusaders,614639,7,top,Will Dobil grounded out to 2b (1-2 KBF).,83,2026-03-29 15:30:00-04:00,"Ballpark at Fitton Field (Worcester, MA)",168,MBA,2026
6536322,614639,Lafayette Leopards,614620,Holy Cross Crusaders,614639,7,top,Ryan Ulisse struck out swinging (0-2 KSS).,84,2026-03-29 15:30:00-04:00,"Ballpark at Fitton Field (Worcester, MA)",168,MBA,2026
6536322,614639,Lafayette Leopards,614620,Holy Cross Crusaders,614639,7,top,Liam Ebbs grounded out to 1b unassisted (1-1 BK).,85,2026-03-29 15:30:00-04:00,"Ballpark at Fitton Field (Worcester, MA)",168,MBA,2026
6536322,614639,Lafayette Leopards,614620,Holy Cross Crusaders,614620,7,bot,John LaFleur flied out to cf (1-0 B).,86,2026-03-29 15:30:00-04:00,"Ballpark at Fitton Field (Worcester, MA)",168,MBA,2026
6536322,614639,Lafayette Leopards,614620,Holy Cross Crusaders,614620,7,bot,Van Coughlin struck out swinging (2-2 BBFFFS).,87,2026-03-29 15:30:00-04:00,"Ballpark at Fitton Field (Worcester, MA)",168,MBA,2026
6536322,614639,Lafayette Leopards,614620,Holy Cross Crusaders,614620,7,bot,Owen Stelzer flied out to lf (3-1 FBBB).,88,2026-03-29 15:30:00-04:00,"Ballpark at Fitton Field (Worcester, MA)",168,MBA,2026
6536322,614639,Lafayette Leopards,614620,Holy Cross Crusaders,614639,8,top,Alex Barrist grounded out to 3b (0-1 K).,89,2026-03-29 15:30:00-04:00,"Ballpark at Fitton Field (Worcester, MA)",168,MBA,2026
6536322,614639,Lafayette Leopards,614620,Holy Cross Crusaders,614639,8,top,Matt Colella reached first on a fielding error by ss (2-1 KBB).,90,2026-03-29 15:30:00-04:00,"Ballpark at Fitton Field (Worcester, MA)",168,MBA,2026
6536322,614639,Lafayette Leopards,614620,Holy Cross Crusaders,614639,8,top,Jack Mislan popped up to 2b (0-0).,91,2026-03-29 15:30:00-04:00,"Ballpark at Fitton Field (Worcester, MA)",168,MBA,2026
6536322,614639,Lafayette Leopards,614620,Holy Cross Crusaders,614639,8,top,Matt Colella stole second.,92,2026-03-29 15:30:00-04:00,"Ballpark at Fitton Field (Worcester, MA)",168,MBA,2026
6536322,614639,Lafayette Leopards,614620,Holy Cross Crusaders,614639,8,top,Charlie Chropuvka singled to second base (2-0 BB)3a Matt Colella advanced to third.,93,2026-03-29 15:30:00-04:00,"Ballpark at Fitton Field (Worcester, MA)",168,MBA,2026
6536322,614639,Lafayette Leopards,614620,Holy Cross Crusaders,614639,8,top,"Brandon Doubek doubled to left center, 2 RBI (3-2 BBKSFB)3a Charlie Chropuvka scored, unearned3a Matt Colella scored, unearned.",94,2026-03-29 15:30:00-04:00,"Ballpark at Fitton Field (Worcester, MA)",168,MBA,2026
6536322,614639,Lafayette Leopards,614620,Holy Cross Crusaders,614639,8,top,Brandon Doubek advanced to third on a passed ball.,95,2026-03-29 15:30:00-04:00,"Ballpark at Fitton Field (Worcester, MA)",168,MBA,2026
6536322,614639,Lafayette Leopards,614620,Holy Cross Crusaders,614639,8,top,Boden Fernsler struck out swinging (3-2 BKBFFBFS).,96,2026-03-29 15:30:00-04:00,"Ballpark at Fitton Field (Worcester, MA)",168,MBA,2026
6536322,614639,Lafayette Leopards,614620,Holy Cross Crusaders,614620,8,bot,CJ Egrie walked (3-0 BBBB).,97,2026-03-29 15:30:00-04:00,"Ballpark at Fitton Field (Worcester, MA)",168,MBA,2026
6536322,614639,Lafayette Leopards,614620,Holy Cross Crusaders,614620,8,bot,CJ Egrie stole second.,98,2026-03-29 15:30:00-04:00,"Ballpark at Fitton Field (Worcester, MA)",168,MBA,2026
6536322,614639,Lafayette Leopards,614620,Holy Cross Crusaders,614620,8,bot,Gianni Royer struck out swinging (1-2 BKKS).,99,2026-03-29 15:30:00-04:00,"Ballpark at Fitton Field (Worcester, MA)",168,MBA,2026
6536322,614639,Lafayette Leopards,614620,Holy Cross Crusaders,614620,8,bot,Alex Sandell struck out looking (0-2 KFK)3a CJ Egrie stole third.,100,2026-03-29 15:30:00-04:00,"Ballpark at Fitton Field (Worcester, MA)",168,MBA,2026
6536322,614639,Lafayette Leopards,614620,Holy Cross Crusaders,614620,8,bot,Ryan Grundy lined out to 2b (3-2 BBBKK).,101,2026-03-29 15:30:00-04:00,"Ballpark at Fitton Field (Worcester, MA)",168,MBA,2026
6536322,614639,Lafayette Leopards,614620,Holy Cross Crusaders,614639,9,top,Aidan Gilbert to p for Brock Graf.,102,2026-03-29 15:30:00-04:00,"Ballpark at Fitton Field (Worcester, MA)",168,MBA,2026
6536322,614639,Lafayette Leopards,614620,Holy Cross Crusaders,614639,9,top,Will Dobil flied out to cf (1-1 FB).,103,2026-03-29 15:30:00-04:00,"Ballpark at Fitton Field (Worcester, MA)",168,MBA,2026
6536322,614639,Lafayette Leopards,614620,Holy Cross Crusaders,614639,9,top,Ryan Ulisse popped up to ss (0-2 FKF).,104,2026-03-29 15:30:00-04:00,"Ballpark at Fitton Field (Worcester, MA)",168,MBA,2026
6536322,614639,Lafayette Leopards,614620,Holy Cross Crusaders,614639,9,top,Liam Ebbs flied out to rf (0-0).,105,2026-03-29 15:30:00-04:00,"Ballpark at Fitton Field (Worcester, MA)",168,MBA,2026
6536322,614639,Lafayette Leopards,614620,Holy Cross Crusaders,614620,9,bot,Nick Spaner grounded out to 2b (1-2 KBFF).,106,2026-03-29 15:30:00-04:00,"Ballpark at Fitton Field (Worcester, MA)",168,MBA,2026
6536322,614639,Lafayette Leopards,614620,Holy Cross Crusaders,614620,9,bot,Simon Landry flied out to cf (1-1 BK).,107,2026-03-29 15:30:00-04:00,"Ballpark at Fitton Field (Worcester, MA)",168,MBA,2026
6536322,614639,Lafayette Leopards,614620,Holy Cross Crusaders,614620,9,bot,John LaFleur flied out to rf (1-2 KSBF).,108,2026-03-29 15:30:00-04:00,"Ballpark at Fitton Field (Worcester, MA)",168,MBA,2026
6537429,615023,Clarion Golden Eagles,615037,Gannon Golden Knights,615023,1,top,Tyson Gill grounded out to 2b (0-0).,1,2026-03-29 15:30:00-04:00,"McConnell Family Stadium (Erie, PA)",63,MBA,2026
6537429,615023,Clarion Golden Eagles,615037,Gannon Golden Knights,615023,1,top,Zach Colangelo grounded out to 2b (0-0).,2,2026-03-29 15:30:00-04:00,"McConnell Family Stadium (Erie, PA)",63,MBA,2026
6537429,615023,Clarion Golden Eagles,615037,Gannon Golden Knights,615023,1,top,Randy Carlo singled through the left side (0-0).,3,2026-03-29 15:30:00-04:00,"McConnell Family Stadium (Erie, PA)",63,MBA,2026
6537429,615023,Clarion Golden Eagles,615037,Gannon Golden Knights,615023,1,top,Ethan Giangiulio struck out swinging (0-0).,4,2026-03-29 15:30:00-04:00,"McConnell Family Stadium (Erie, PA)",63,MBA,2026
6537429,615023,Clarion Golden Eagles,615037,Gannon Golden Knights,615037,1,bot,Dom Costello struck out looking (0-0).,5,2026-03-29 15:30:00-04:00,"McConnell Family Stadium (Erie, PA)",63,MBA,2026
6537429,615023,Clarion Golden Eagles,615037,Gannon Golden Knights,615037,1,bot,Hunter Troiano walked (0-0).,6,2026-03-29 15:30:00-04:00,"McConnell Family Stadium (Erie, PA)",63,MBA,2026
6537429,615023,Clarion Golden Eagles,615037,Gannon Golden Knights,615037,1,bot,Ian Soto struck out swinging (0-0).,7,2026-03-29 15:30:00-04:00,"McConnell Family Stadium (Erie, PA)",63,MBA,2026
6537429,615023,Clarion Golden Eagles,615037,Gannon Golden Knights,615037,1,bot,Matt Smith grounded out to 2b (0-0).,8,2026-03-29 15:30:00-04:00,"McConnell Family Stadium (Erie, PA)",63,MBA,2026
6537429,615023,Clarion Golden Eagles,615037,Gannon Golden Knights,615023,2,top,Jacob Patterson reached first on a fielding error by 1b (0-0).,9,2026-03-29 15:30:00-04:00,"McConnell Family Stadium (Erie, PA)",63,MBA,2026
6537429,615023,Clarion Golden Eagles,615037,Gannon Golden Knights,615023,2,top,Elvin Robles fouled out to 1b (0-0).,10,2026-03-29 15:30:00-04:00,"McConnell Family Stadium (Erie, PA)",63,MBA,2026
6537429,615023,Clarion Golden Eagles,615037,Gannon Golden Knights,615023,2,top,Derek Smail flied out to rf (0-0).,11,2026-03-29 15:30:00-04:00,"McConnell Family Stadium (Erie, PA)",63,MBA,2026
6537429,615023,Clarion Golden Eagles,615037,Gannon Golden Knights,615023,2,top,Tyler Boraski struck out swinging (0-0).,12,2026-03-29 15:30:00-04:00,"McConnell Family Stadium (Erie, PA)",63,MBA,2026
6537429,615023,Clarion Golden Eagles,615037,Gannon Golden Knights,615037,2,bot,Wes Parker grounded out to c (0-0).,13,2026-03-29 15:30:00-04:00,"McConnell Family Stadium (Erie, PA)",63,MBA,2026
6537429,615023,Clarion Golden Eagles,615037,Gannon Golden Knights,615037,2,bot,Connor Smith popped up to 1b (0-0).,14,2026-03-29 15:30:00-04:00,"McConnell Family Stadium (Erie, PA)",63,MBA,2026
6537429,615023,Clarion Golden Eagles,615037,Gannon Golden Knights,615037,2,bot,Cainen Atherton struck out swinging (0-0).,15,2026-03-29 15:30:00-04:00,"McConnell Family Stadium (Erie, PA)",63,MBA,2026
6537429,615023,Clarion Golden Eagles,615037,Gannon Golden Knights,615023,3,top,Jon Fijalkowski singled up the middle (0-0).,16,2026-03-29 15:30:00-04:00,"McConnell Family Stadium (Erie, PA)",63,MBA,2026
6537429,615023,Clarion Golden Eagles,615037,Gannon Golden Knights,615023,3,top,Tyson Gill singled to right field (0-0)3a Jon Fijalkowski advanced to second.,17,2026-03-29 15:30:00-04:00,"McConnell Family Stadium (Erie, PA)",63,MBA,2026
6537429,615023,Clarion Golden Eagles,615037,Gannon Golden Knights,615023,3,top,"Zach Colangelo singled to left field, RBI (0-0)3a Tyson Gill advanced to second3a Jon Fijalkowski scored.",18,2026-03-29 15:30:00-04:00,"McConnell Family Stadium (Erie, PA)",63,MBA,2026
6537429,615023,Clarion Golden Eagles,615037,Gannon Golden Knights,615023,3,top,"Randy Carlo singled to right field, RBI (0-0)3a Zach Colangelo advanced to second3a Tyson Gill scored.",19,2026-03-29 15:30:00-04:00,"McConnell Family Stadium (Erie, PA)",63,MBA,2026
6537429,615023,Clarion Golden Eagles,615037,Gannon Golden Knights,615023,3,top,Ethan Giangiulio grounded into double play ss to 2b to 1b (0-0)3a Randy Carlo out on the play3a Zach Colangelo advanced to third.,20,2026-03-29 15:30:00-04:00,"McConnell Family Stadium (Erie, PA)",63,MBA,2026
6537429,615023,Clarion Golden Eagles,615037,Gannon Golden Knights,615023,3,top,Jacob Patterson struck out swinging (0-0).,21,2026-03-29 15:30:00-04:00,"McConnell Family Stadium (Erie, PA)",63,MBA,2026
6537429,615023,Clarion Golden Eagles,615037,Gannon Golden Knights,615037,3,bot,Drew Stangelo grounded out to 3b (0-0).,22,2026-03-29 15:30:00-04:00,"McConnell Family Stadium (Erie, PA)",63,MBA,2026
6537429,615023,Clarion Golden Eagles,615037,Gannon Golden Knights,615037,3,bot,Jason Cox flied out to lf (0-0).,23,2026-03-29 15:30:00-04:00,"McConnell Family Stadium (Erie, PA)",63,MBA,2026
6537429,615023,Clarion Golden Eagles,615037,Gannon Golden Knights,615037,3,bot,Dom Costello singled to center field (0-0).,24,2026-03-29 15:30:00-04:00,"McConnell Family Stadium (Erie, PA)",63,MBA,2026
6537429,615023,Clarion Golden Eagles,615037,Gannon Golden Knights,615037,3,bot,"Dom Costello out at second c to 2b, caught stealing.",25,2026-03-29 15:30:00-04:00,"McConnell Family Stadium (Erie, PA)",63,MBA,2026
6537429,615023,Clarion Golden Eagles,615037,Gannon Golden Knights,615023,4,top,Dylan Paul to p for Hunter Steinke.,26,2026-03-29 15:30:00-04:00,"McConnell Family Stadium (Erie, PA)",63,MBA,2026
6537429,615023,Clarion Golden Eagles,615037,Gannon Golden Knights,615023,4,top,Elvin Robles grounded out to ss (0-0).,27,2026-03-29 15:30:00-04:00,"McConnell Family Stadium (Erie, PA)",63,MBA,2026
6537429,615023,Clarion Golden Eagles,615037,Gannon Golden Knights,615023,4,top,Derek Smail struck out looking (0-0).,28,2026-03-29 15:30:00-04:00,"McConnell Family Stadium (Erie, PA)",63,MBA,2026
6537429,615023,Clarion Golden Eagles,615037,Gannon Golden Knights,615023,4,top,Tyler Boraski lined out to 3b (0-0).,29,2026-03-29 15:30:00-04:00,"McConnell Family Stadium (Erie, PA)",63,MBA,2026
6537429,615023,Clarion Golden Eagles,615037,Gannon Golden Knights,615037,4,bot,Hunter Troiano singled through the right side (0-0).,30,2026-03-29 15:30:00-04:00,"McConnell Family Stadium (Erie, PA)",63,MBA,2026
6537429,615023,Clarion Golden Eagles,615037,Gannon Golden Knights,615037,4,bot,Ian Soto lined into double play 3b to 1b (0-0)3a Hunter Troiano out on the play.,31,2026-03-29 15:30:00-04:00,"McConnell Family Stadium (Erie, PA)",63,MBA,2026
6537429,615023,Clarion Golden Eagles,615037,Gannon Golden Knights,615037,4,bot,Matt Smith grounded out to 3b (0-0).,32,2026-03-29 15:30:00-04:00,"McConnell Family Stadium (Erie, PA)",63,MBA,2026
6537429,615023,Clarion Golden Eagles,615037,Gannon Golden Knights,615023,5,top,Jon Fijalkowski grounded out to 3b (0-0).,33,2026-03-29 15:30:00-04:00,"McConnell Family Stadium (Erie, PA)",63,MBA,2026
6537429,615023,Clarion Golden Eagles,615037,Gannon Golden Knights,615023,5,top,Tyson Gill hit by pitch (0-0).,34,2026-03-29 15:30:00-04:00,"McConnell Family Stadium (Erie, PA)",63,MBA,2026
6537429,615023,Clarion Golden Eagles,615037,Gannon Golden Knights,615023,5,top,Zach Colangelo flied out to lf (0-0).,35,2026-03-29 15:30:00-04:00,"McConnell Family Stadium (Erie, PA)",63,MBA,2026
6537429,615023,Clarion Golden Eagles,615037,Gannon Golden Knights,615023,5,top,Randy Carlo singled to left field (0-0)3a Tyson Gill advanced to second.,36,2026-03-29 15:30:00-04:00,"McConnell Family Stadium (Erie, PA)",63,MBA,2026
6537429,615023,Clarion Golden Eagles,615037,Gannon Golden Knights,615023,5,top,Ethan Giangiulio struck out swinging (0-0).,37,2026-03-29 15:30:00-04:00,"McConnell Family Stadium (Erie, PA)",63,MBA,2026
6537429,615023,Clarion Golden Eagles,615037,Gannon Golden Knights,615037,5,bot,Wes Parker singled to left center (0-0).,38,2026-03-29 15:30:00-04:00,"McConnell Family Stadium (Erie, PA)",63,MBA,2026
6537429,615023,Clarion Golden Eagles,615037,Gannon Golden Knights,615037,5,bot,Connor Smith hit by pitch (0-0)3a Wes Parker advanced to second.,39,2026-03-29 15:30:00-04:00,"McConnell Family Stadium (Erie, PA)",63,MBA,2026
6537429,615023,Clarion Golden Eagles,615037,Gannon Golden Knights,615037,5,bot,Cainen Atherton flied out to cf (0-0).,40,2026-03-29 15:30:00-04:00,"McConnell Family Stadium (Erie, PA)",63,MBA,2026
6537429,615023,Clarion Golden Eagles,615037,Gannon Golden Knights,615037,5,bot,Drew Stangelo flied out to cf (0-0)3a Wes Parker advanced to third.,41,2026-03-29 15:30:00-04:00,"McConnell Family Stadium (Erie, PA)",63,MBA,2026
6537429,615023,Clarion Golden Eagles,615037,Gannon Golden Knights,615037,5,bot,Jason Cox flied out to lf (0-0).,42,2026-03-29 15:30:00-04:00,"McConnell Family Stadium (Erie, PA)",63,MBA,2026
6537429,615023,Clarion Golden Eagles,615037,Gannon Golden Knights,615023,6,top,Jacob Patterson struck out swinging (0-0).,43,2026-03-29 15:30:00-04:00,"McConnell Family Stadium (Erie, PA)",63,MBA,2026
6537429,615023,Clarion Golden Eagles,615037,Gannon Golden Knights,615023,6,top,Elvin Robles struck out looking (0-0).,44,2026-03-29 15:30:00-04:00,"McConnell Family Stadium (Erie, PA)",63,MBA,2026
6537429,615023,Clarion Golden Eagles,615037,Gannon Golden Knights,615023,6,top,Derek Smail grounded out to 2b (0-0).,45,2026-03-29 15:30:00-04:00,"McConnell Family Stadium (Erie, PA)",63,MBA,2026
6537429,615023,Clarion Golden Eagles,615037,Gannon Golden Knights,615037,6,bot,Eduardo Zayas to rf for Derek Smail.,46,2026-03-29 15:30:00-04:00,"McConnell Family Stadium (Erie, PA)",63,MBA,2026
6537429,615023,Clarion Golden Eagles,615037,Gannon Golden Knights,615037,6,bot,Dom Costello singled to left field (0-0).,47,2026-03-29 15:30:00-04:00,"McConnell Family Stadium (Erie, PA)",63,MBA,2026
6537429,615023,Clarion Golden Eagles,615037,Gannon Golden Knights,615037,6,bot,Hunter Troiano popped up to 2b (0-0).,48,2026-03-29 15:30:00-04:00,"McConnell Family Stadium (Erie, PA)",63,MBA,2026
6537429,615023,Clarion Golden Eagles,615037,Gannon Golden Knights,615037,6,bot,Ian Soto walked (0-0)3a Dom Costello advanced to second.,49,2026-03-29 15:30:00-04:00,"McConnell Family Stadium (Erie, PA)",63,MBA,2026
6537429,615023,Clarion Golden Eagles,615037,Gannon Golden Knights,615037,6,bot,Frank Kula pinch ran for Ian Soto.,50,2026-03-29 15:30:00-04:00,"McConnell Family Stadium (Erie, PA)",63,MBA,2026
6537429,615023,Clarion Golden Eagles,615037,Gannon Golden Knights,615037,6,bot,Matt Smith popped up to 2b (0-0).,51,2026-03-29 15:30:00-04:00,"McConnell Family Stadium (Erie, PA)",63,MBA,2026
6537429,615023,Clarion Golden Eagles,615037,Gannon Golden Knights,615037,6,bot,Wes Parker struck out swinging (0-0).,52,2026-03-29 15:30:00-04:00,"McConnell Family Stadium (Erie, PA)",63,MBA,2026
6537429,615023,Clarion Golden Eagles,615037,Gannon Golden Knights,615023,7,top,Tyler Boraski singled through the left side (0-0).,53,2026-03-29 15:30:00-04:00,"McConnell Family Stadium (Erie, PA)",63,MBA,2026
6537429,615023,Clarion Golden Eagles,615037,Gannon Golden Knights,615023,7,top,"Jon Fijalkowski grounded out to p, SAC, bunt (0-0)3a Tyler Boraski advanced to second.",54,2026-03-29 15:30:00-04:00,"McConnell Family Stadium (Erie, PA)",63,MBA,2026
6537429,615023,Clarion Golden Eagles,615037,Gannon Golden Knights,615023,7,top,Tyson Gill walked (0-0).,55,2026-03-29 15:30:00-04:00,"McConnell Family Stadium (Erie, PA)",63,MBA,2026
6537429,615023,Clarion Golden Eagles,615037,Gannon Golden Knights,615023,7,top,Zach Colangelo walked (0-0)3a Tyson Gill advanced to second3a Tyler Boraski advanced to third.,56,2026-03-29 15:30:00-04:00,"McConnell Family Stadium (Erie, PA)",63,MBA,2026
6537429,615023,Clarion Golden Eagles,615037,Gannon Golden Knights,615023,7,top,Jackson Walsh to p for Dylan Paul.,57,2026-03-29 15:30:00-04:00,"McConnell Family Stadium (Erie, PA)",63,MBA,2026
6537429,615023,Clarion Golden Eagles,615037,Gannon Golden Knights,615023,7,top,"Randy Carlo flied out to rf, SAC, RBI (0-0)3a Zach Colangelo advanced to second3a Tyson Gill advanced to third3a Tyler Boraski scored.",58,2026-03-29 15:30:00-04:00,"McConnell Family Stadium (Erie, PA)",63,MBA,2026
6537429,615023,Clarion Golden Eagles,615037,Gannon Golden Knights,615023,7,top,Ethan Giangiulio struck out swinging (0-0).,59,2026-03-29 15:30:00-04:00,"McConnell Family Stadium (Erie, PA)",63,MBA,2026
6537429,615023,Clarion Golden Eagles,615037,Gannon Golden Knights,615037,7,bot,Connor Smith singled to second base (0-0).,60,2026-03-29 15:30:00-04:00,"McConnell Family Stadium (Erie, PA)",63,MBA,2026
6537429,615023,Clarion Golden Eagles,615037,Gannon Golden Knights,615037,7,bot,Cainen Atherton walked (0-0)3a Connor Smith advanced to second.,61,2026-03-29 15:30:00-04:00,"McConnell Family Stadium (Erie, PA)",63,MBA,2026
6537429,615023,Clarion Golden Eagles,615037,Gannon Golden Knights,615037,7,bot,Drew Stangelo hit by pitch (0-0)3a Cainen Atherton advanced to second3a Connor Smith advanced to third.,62,2026-03-29 15:30:00-04:00,"McConnell Family Stadium (Erie, PA)",63,MBA,2026
6537429,615023,Clarion Golden Eagles,615037,Gannon Golden Knights,615037,7,bot,Logan Hinds to p for Braden Fetherolf.,63,2026-03-29 15:30:00-04:00,"McConnell Family Stadium (Erie, PA)",63,MBA,2026
6537429,615023,Clarion Golden Eagles,615037,Gannon Golden Knights,615037,7,bot,Jason Cox lined out to ss (0-0).,64,2026-03-29 15:30:00-04:00,"McConnell Family Stadium (Erie, PA)",63,MBA,2026
6537429,615023,Clarion Golden Eagles,615037,Gannon Golden Knights,615037,7,bot,"Dom Costello reached first on a fielding error by 2b, RBI (0-0)3a Drew Stangelo advanced to second3a Cainen Atherton advanced to third3a Connor Smith scored.",65,2026-03-29 15:30:00-04:00,"McConnell Family Stadium (Erie, PA)",63,MBA,2026
6537429,615023,Clarion Golden Eagles,615037,Gannon Golden Knights,615037,7,bot,"Hunter Troiano singled up the middle, 2 RBI (0-0)3a Dom Costello advanced to third3a Drew Stangelo scored3a Cainen Atherton scored.",66,2026-03-29 15:30:00-04:00,"McConnell Family Stadium (Erie, PA)",63,MBA,2026
6537429,615023,Clarion Golden Eagles,615037,Gannon Golden Knights,615037,7,bot,Nick Walker pinch hit for Frank Kula.,67,2026-03-29 15:30:00-04:00,"McConnell Family Stadium (Erie, PA)",63,MBA,2026
6537429,615023,Clarion Golden Eagles,615037,Gannon Golden Knights,615037,7,bot,"Nick Walker singled to right field, RBI (0-0)3a Hunter Troiano advanced to second3a Dom Costello scored, unearned.",68,2026-03-29 15:30:00-04:00,"McConnell Family Stadium (Erie, PA)",63,MBA,2026
6538693,615220,Hamline Pipers,615157,Bethel (MN) Royals,615220,1,top,Ryan Burley struck out swinging (0-2 SSK).,1,2026-03-29 15:30:00-04:00,"Hargis Park (Arden Hills, MN)",0,MBA,2026
6538693,615220,Hamline Pipers,615157,Bethel (MN) Royals,615220,1,top,Owen Hodson popped up to c (0-0).,2,2026-03-29 15:30:00-04:00,"Hargis Park (Arden Hills, MN)",0,MBA,2026
6538693,615220,Hamline Pipers,615157,Bethel (MN) Royals,615220,1,top,Alex Hokenson grounded out to ss (1-0 B).,3,2026-03-29 15:30:00-04:00,"Hargis Park (Arden Hills, MN)",0,MBA,2026
6538693,615220,Hamline Pipers,615157,Bethel (MN) Royals,615157,1,bot,Drew Girtz flied out to cf (0-1 K).,4,2026-03-29 15:30:00-04:00,"Hargis Park (Arden Hills, MN)",0,MBA,2026
6538693,615220,Hamline Pipers,615157,Bethel (MN) Royals,615157,1,bot,Hayden Sperbeck grounded out to ss (2-0 BB).,5,2026-03-29 15:30:00-04:00,"Hargis Park (Arden Hills, MN)",0,MBA,2026
6538693,615220,Hamline Pipers,615157,Bethel (MN) Royals,615157,1,bot,Oran Hinkle out at first 1b to p (0-1 K).,6,2026-03-29 15:30:00-04:00,"Hargis Park (Arden Hills, MN)",0,MBA,2026
6538693,615220,Hamline Pipers,615157,Bethel (MN) Royals,615220,2,top,Jack Rheineck grounded out to ss (1-2 BKF).,7,2026-03-29 15:30:00-04:00,"Hargis Park (Arden Hills, MN)",0,MBA,2026
6538693,615220,Hamline Pipers,615157,Bethel (MN) Royals,615220,2,top,Maddex Van Slooten struck out looking (2-2 FBBFFFK).,8,2026-03-29 15:30:00-04:00,"Hargis Park (Arden Hills, MN)",0,MBA,2026
6538693,615220,Hamline Pipers,615157,Bethel (MN) Royals,615220,2,top,Grant Peltier walked (3-2 BFBSFBB).,9,2026-03-29 15:30:00-04:00,"Hargis Park (Arden Hills, MN)",0,MBA,2026
6538693,615220,Hamline Pipers,615157,Bethel (MN) Royals,615220,2,top,Jacob Barmore singled up the middle (0-0)3a Grant Peltier advanced to second.,10,2026-03-29 15:30:00-04:00,"Hargis Park (Arden Hills, MN)",0,MBA,2026
6538693,615220,Hamline Pipers,615157,Bethel (MN) Royals,615220,2,top,Bentley Casey struck out swinging (1-2 BKFFFS).,11,2026-03-29 15:30:00-04:00,"Hargis Park (Arden Hills, MN)",0,MBA,2026
6538693,615220,Hamline Pipers,615157,Bethel (MN) Royals,615157,2,bot,Sam Abbas struck out swinging (1-2 KBFS).,12,2026-03-29 15:30:00-04:00,"Hargis Park (Arden Hills, MN)",0,MBA,2026
6538693,615220,Hamline Pipers,615157,Bethel (MN) Royals,615157,2,bot,Seth Nelson doubled down the lf line (2-2 BKBS).,13,2026-03-29 15:30:00-04:00,"Hargis Park (Arden Hills, MN)",0,MBA,2026
6538693,615220,Hamline Pipers,615157,Bethel (MN) Royals,615157,2,bot,"Hayden Bradford reached on a fielder's choice, advanced to second (3-2 BKKBFB)3a Seth Nelson advanced to third on an error by p, scored, unearned.",14,2026-03-29 15:30:00-04:00,"Hargis Park (Arden Hills, MN)",0,MBA,2026
6538693,615220,Hamline Pipers,615157,Bethel (MN) Royals,615157,2,bot,Carson Christiansen struck out swinging (2-2 FBBKFS).,15,2026-03-29 15:30:00-04:00,"Hargis Park (Arden Hills, MN)",0,MBA,2026
6538693,615220,Hamline Pipers,615157,Bethel (MN) Royals,615157,2,bot,Ben Trucke walked (3-1 BBKBB).,16,2026-03-29 15:30:00-04:00,"Hargis Park (Arden Hills, MN)",0,MBA,2026
6538693,615220,Hamline Pipers,615157,Bethel (MN) Royals,615157,2,bot,Chris Lavin grounded out to ss (1-1 BF).,17,2026-03-29 15:30:00-04:00,"Hargis Park (Arden Hills, MN)",0,MBA,2026
6538693,615220,Hamline Pipers,615157,Bethel (MN) Royals,615220,3,top,Owen Giesen doubled to left field (2-1 BBF).,18,2026-03-29 15:30:00-04:00,"Hargis Park (Arden Hills, MN)",0,MBA,2026
6538693,615220,Hamline Pipers,615157,Bethel (MN) Royals,615220,3,top,Kaleb Corcoran pinch ran for Owen Giesen.,19,2026-03-29 15:30:00-04:00,"Hargis Park (Arden Hills, MN)",0,MBA,2026
6538693,615220,Hamline Pipers,615157,Bethel (MN) Royals,615220,3,top,"Ryan Burley grounded out to p, SAC, bunt (0-1 F)3a Kaleb Corcoran advanced to third.",20,2026-03-29 15:30:00-04:00,"Hargis Park (Arden Hills, MN)",0,MBA,2026
6538693,615220,Hamline Pipers,615157,Bethel (MN) Royals,615220,3,top,"Owen Hodson singled, RBI (1-1 BK)3a Kaleb Corcoran scored.",21,2026-03-29 15:30:00-04:00,"Hargis Park (Arden Hills, MN)",0,MBA,2026
6538693,615220,Hamline Pipers,615157,Bethel (MN) Royals,615220,3,top,Alex Hokenson singled (2-2 KBBFF)3a Owen Hodson advanced to second.,22,2026-03-29 15:30:00-04:00,"Hargis Park (Arden Hills, MN)",0,MBA,2026
6538693,615220,Hamline Pipers,615157,Bethel (MN) Royals,615220,3,top,"Jack Rheineck flied out to cf, SAC (0-0)3a Owen Hodson advanced to third.",23,2026-03-29 15:30:00-04:00,"Hargis Park (Arden Hills, MN)",0,MBA,2026
6538693,615220,Hamline Pipers,615157,Bethel (MN) Royals,615220,3,top,Maddex Van Slooten flied out to cf (0-0).,24,2026-03-29 15:30:00-04:00,"Hargis Park (Arden Hills, MN)",0,MBA,2026
6538693,615220,Hamline Pipers,615157,Bethel (MN) Royals,615157,3,bot,Kaleb Corcoran to cf.,25,2026-03-29 15:30:00-04:00,"Hargis Park (Arden Hills, MN)",0,MBA,2026
6538693,615220,Hamline Pipers,615157,Bethel (MN) Royals,615157,3,bot,"Drew Girtz singled to pitcher, bunt (1-0 B).",26,2026-03-29 15:30:00-04:00,"Hargis Park (Arden Hills, MN)",0,MBA,2026
6538693,615220,Hamline Pipers,615157,Bethel (MN) Royals,615157,3,bot,Hayden Sperbeck flied out to rf (2-1 BFB).,27,2026-03-29 15:30:00-04:00,"Hargis Park (Arden Hills, MN)",0,MBA,2026
6538693,615220,Hamline Pipers,615157,Bethel (MN) Royals,615157,3,bot,Drew Girtz advanced to second on a balk.,28,2026-03-29 15:30:00-04:00,"Hargis Park (Arden Hills, MN)",0,MBA,2026
6538693,615220,Hamline Pipers,615157,Bethel (MN) Royals,615157,3,bot,Oran Hinkle walked (3-1 BBBKB).,29,2026-03-29 15:30:00-04:00,"Hargis Park (Arden Hills, MN)",0,MBA,2026
6538693,615220,Hamline Pipers,615157,Bethel (MN) Royals,615157,3,bot,Sam Abbas flied out to lf (1-2 KBK).,30,2026-03-29 15:30:00-04:00,"Hargis Park (Arden Hills, MN)",0,MBA,2026
6538693,615220,Hamline Pipers,615157,Bethel (MN) Royals,615157,3,bot,Seth Nelson popped up to c (3-2 BBBKK).,31,2026-03-29 15:30:00-04:00,"Hargis Park (Arden Hills, MN)",0,MBA,2026
6538693,615220,Hamline Pipers,615157,Bethel (MN) Royals,615220,4,top,Grant Peltier flied out to rf (2-1 BBF).,32,2026-03-29 15:30:00-04:00,"Hargis Park (Arden Hills, MN)",0,MBA,2026
6538693,615220,Hamline Pipers,615157,Bethel (MN) Royals,615220,4,top,Jacob Barmore singled through the left side (2-2 BKFBF).,33,2026-03-29 15:30:00-04:00,"Hargis Park (Arden Hills, MN)",0,MBA,2026
6538693,615220,Hamline Pipers,615157,Bethel (MN) Royals,615220,4,top,Bentley Casey singled to second base (0-2 FKF)3a Jacob Barmore advanced to second.,34,2026-03-29 15:30:00-04:00,"Hargis Park (Arden Hills, MN)",0,MBA,2026
6538693,615220,Hamline Pipers,615157,Bethel (MN) Royals,615220,4,top,Kaleb Corcoran struck out looking (1-2 BSKK).,35,2026-03-29 15:30:00-04:00,"Hargis Park (Arden Hills, MN)",0,MBA,2026
6538693,615220,Hamline Pipers,615157,Bethel (MN) Royals,615220,4,top,Ryan Burley flied out to rf (1-1 KB).,36,2026-03-29 15:30:00-04:00,"Hargis Park (Arden Hills, MN)",0,MBA,2026
6538693,615220,Hamline Pipers,615157,Bethel (MN) Royals,615157,4,bot,Hayden Bradford struck out swinging (1-2 SBSS).,37,2026-03-29 15:30:00-04:00,"Hargis Park (Arden Hills, MN)",0,MBA,2026
6538693,615220,Hamline Pipers,615157,Bethel (MN) Royals,615157,4,bot,Carson Christiansen grounded out to 2b (1-2 FFB).,38,2026-03-29 15:30:00-04:00,"Hargis Park (Arden Hills, MN)",0,MBA,2026
6538693,615220,Hamline Pipers,615157,Bethel (MN) Royals,615157,4,bot,Ben Trucke walked (3-1 BBBKB).,39,2026-03-29 15:30:00-04:00,"Hargis Park (Arden Hills, MN)",0,MBA,2026
6538693,615220,Hamline Pipers,615157,Bethel (MN) Royals,615157,4,bot,Chris Lavin lined out to cf (1-0 B).,40,2026-03-29 15:30:00-04:00,"Hargis Park (Arden Hills, MN)",0,MBA,2026
6538693,615220,Hamline Pipers,615157,Bethel (MN) Royals,615220,5,top,Owen Hodson singled to center field (2-1 BKB).,41,2026-03-29 15:30:00-04:00,"Hargis Park (Arden Hills, MN)",0,MBA,2026
6538693,615220,Hamline Pipers,615157,Bethel (MN) Royals,615220,5,top,Alex Hokenson flied out to cf (0-0).,42,2026-03-29 15:30:00-04:00,"Hargis Park (Arden Hills, MN)",0,MBA,2026
6538693,615220,Hamline Pipers,615157,Bethel (MN) Royals,615220,5,top,Owen Hodson advanced to second on a passed ball.,43,2026-03-29 15:30:00-04:00,"Hargis Park (Arden Hills, MN)",0,MBA,2026
6538693,615220,Hamline Pipers,615157,Bethel (MN) Royals,615220,5,top,Jack Rheineck grounded out to 2b (1-0 B)3a Owen Hodson advanced to third.,44,2026-03-29 15:30:00-04:00,"Hargis Park (Arden Hills, MN)",0,MBA,2026
6538693,615220,Hamline Pipers,615157,Bethel (MN) Royals,615220,5,top,Maddex Van Slooten walked (3-0 BBBB).,45,2026-03-29 15:30:00-04:00,"Hargis Park (Arden Hills, MN)",0,MBA,2026
6538693,615220,Hamline Pipers,615157,Bethel (MN) Royals,615220,5,top,"Maddex Van Slooten advanced to second on a wild pitch3a Owen Hodson scored, unearned.",46,2026-03-29 15:30:00-04:00,"Hargis Park (Arden Hills, MN)",0,MBA,2026
6538693,615220,Hamline Pipers,615157,Bethel (MN) Royals,615220,5,top,Grant Peltier struck out looking (1-2 BSKK).,47,2026-03-29 15:30:00-04:00,"Hargis Park (Arden Hills, MN)",0,MBA,2026
6538693,615220,Hamline Pipers,615157,Bethel (MN) Royals,615157,5,bot,Jacob Hasapopoulos to lf for Grant Peltier.,48,2026-03-29 15:30:00-04:00,"Hargis Park (Arden Hills, MN)",0,MBA,2026
6538693,615220,Hamline Pipers,615157,Bethel (MN) Royals,615157,5,bot,Drew Girtz walked (3-0 BBBB).,49,2026-03-29 15:30:00-04:00,"Hargis Park (Arden Hills, MN)",0,MBA,2026
6538693,615220,Hamline Pipers,615157,Bethel (MN) Royals,615157,5,bot,Hayden Sperbeck reached on a fielder's choice (2-1 KBB)3a Drew Girtz out at second ss to 2b.,50,2026-03-29 15:30:00-04:00,"Hargis Park (Arden Hills, MN)",0,MBA,2026
6538693,615220,Hamline Pipers,615157,Bethel (MN) Royals,615157,5,bot,Oran Hinkle walked (3-2 BBBKFFB)3a Hayden Sperbeck advanced to second.,51,2026-03-29 15:30:00-04:00,"Hargis Park (Arden Hills, MN)",0,MBA,2026
6538693,615220,Hamline Pipers,615157,Bethel (MN) Royals,615157,5,bot,Sam Abbas hit by pitch (1-0 B)3a Oran Hinkle advanced to second3a Hayden Sperbeck advanced to third.,52,2026-03-29 15:30:00-04:00,"Hargis Park (Arden Hills, MN)",0,MBA,2026
6538693,615220,Hamline Pipers,615157,Bethel (MN) Royals,615157,5,bot,Ben McCrady to p for Teagan Yotter.,53,2026-03-29 15:30:00-04:00,"Hargis Park (Arden Hills, MN)",0,MBA,2026
6538693,615220,Hamline Pipers,615157,Bethel (MN) Royals,615157,5,bot,"Seth Nelson flied out to rf, SAC, RBI (1-2 KBK)3a Oran Hinkle advanced to third3a Hayden Sperbeck scored.",54,2026-03-29 15:30:00-04:00,"Hargis Park (Arden Hills, MN)",0,MBA,2026
6538693,615220,Hamline Pipers,615157,Bethel (MN) Royals,615157,5,bot,Chris Cannon pinch hit for Hayden Bradford.,55,2026-03-29 15:30:00-04:00,"Hargis Park (Arden Hills, MN)",0,MBA,2026
6538693,615220,Hamline Pipers,615157,Bethel (MN) Royals,615157,5,bot,Chris Cannon popped up to 1b (1-0 B).,56,2026-03-29 15:30:00-04:00,"Hargis Park (Arden Hills, MN)",0,MBA,2026
6538693,615220,Hamline Pipers,615157,Bethel (MN) Royals,615220,6,top,Oran Hinkle to lf.,57,2026-03-29 15:30:00-04:00,"Hargis Park (Arden Hills, MN)",0,MBA,2026
6538693,615220,Hamline Pipers,615157,Bethel (MN) Royals,615220,6,top,Cavan Banks to p for Chris Cannon.,58,2026-03-29 15:30:00-04:00,"Hargis Park (Arden Hills, MN)",0,MBA,2026
6538693,615220,Hamline Pipers,615157,Bethel (MN) Royals,615220,6,top,Carson Christiansen to rf.,59,2026-03-29 15:30:00-04:00,"Hargis Park (Arden Hills, MN)",0,MBA,2026
6538693,615220,Hamline Pipers,615157,Bethel (MN) Royals,615220,6,top,Drew Girtz to cf.,60,2026-03-29 15:30:00-04:00,"Hargis Park (Arden Hills, MN)",0,MBA,2026
6538693,615220,Hamline Pipers,615157,Bethel (MN) Royals,615220,6,top,Jacob Barmore singled up the middle (0-0).,61,2026-03-29 15:30:00-04:00,"Hargis Park (Arden Hills, MN)",0,MBA,2026
6538693,615220,Hamline Pipers,615157,Bethel (MN) Royals,615220,6,top,"Bentley Casey grounded out to p, SAC, bunt (0-0)3a Jacob Barmore advanced to second.",62,2026-03-29 15:30:00-04:00,"Hargis Park (Arden Hills, MN)",0,MBA,2026
6538693,615220,Hamline Pipers,615157,Bethel (MN) Royals,615220,6,top,Aleks Popovic pinch hit for Kaleb Corcoran.,63,2026-03-29 15:30:00-04:00,"Hargis Park (Arden Hills, MN)",0,MBA,2026
6538693,615220,Hamline Pipers,615157,Bethel (MN) Royals,615220,6,top,Jacob Barmore advanced to third on a wild pitch.,64,2026-03-29 15:30:00-04:00,"Hargis Park (Arden Hills, MN)",0,MBA,2026
6538693,615220,Hamline Pipers,615157,Bethel (MN) Royals,615220,6,top,Aleks Popovic walked (3-2 FKBFFBFBB).,65,2026-03-29 15:30:00-04:00,"Hargis Park (Arden Hills, MN)",0,MBA,2026
6538693,615220,Hamline Pipers,615157,Bethel (MN) Royals,615220,6,top,Kyle Vanek pinch ran for Aleks Popovic.,66,2026-03-29 15:30:00-04:00,"Hargis Park (Arden Hills, MN)",0,MBA,2026
6538693,615220,Hamline Pipers,615157,Bethel (MN) Royals,615220,6,top,Ryan Burley popped up to 2b (1-2 FFB).,67,2026-03-29 15:30:00-04:00,"Hargis Park (Arden Hills, MN)",0,MBA,2026
6538693,615220,Hamline Pipers,615157,Bethel (MN) Royals,615220,6,top,Kyle Vanek stole second.,68,2026-03-29 15:30:00-04:00,"Hargis Park (Arden Hills, MN)",0,MBA,2026
6538693,615220,Hamline Pipers,615157,Bethel (MN) Royals,615220,6,top,Owen Hodson struck out swinging (3-2 BFFFBFBS).,69,2026-03-29 15:30:00-04:00,"Hargis Park (Arden Hills, MN)",0,MBA,2026
6538693,615220,Hamline Pipers,615157,Bethel (MN) Royals,615157,6,bot,Owen Hodson to cf.,70,2026-03-29 15:30:00-04:00,"Hargis Park (Arden Hills, MN)",0,MBA,2026
6538693,615220,Hamline Pipers,615157,Bethel (MN) Royals,615157,6,bot,Kyle Vanek to rf.,71,2026-03-29 15:30:00-04:00,"Hargis Park (Arden Hills, MN)",0,MBA,2026
6538693,615220,Hamline Pipers,615157,Bethel (MN) Royals,615157,6,bot,Carson Christiansen flied out to lf (2-2 BBKKF).,72,2026-03-29 15:30:00-04:00,"Hargis Park (Arden Hills, MN)",0,MBA,2026
6538693,615220,Hamline Pipers,615157,Bethel (MN) Royals,615157,6,bot,Ben Trucke struck out swinging (1-2 KKBS).,73,2026-03-29 15:30:00-04:00,"Hargis Park (Arden Hills, MN)",0,MBA,2026
6538693,615220,Hamline Pipers,615157,Bethel (MN) Royals,615157,6,bot,Chris Lavin lined out to ss (1-1 KB).,74,2026-03-29 15:30:00-04:00,"Hargis Park (Arden Hills, MN)",0,MBA,2026
6538693,615220,Hamline Pipers,615157,Bethel (MN) Royals,615220,7,top,Alex Hokenson struck out swinging (0-2 KSFS).,75,2026-03-29 15:30:00-04:00,"Hargis Park (Arden Hills, MN)",0,MBA,2026
6538693,615220,Hamline Pipers,615157,Bethel (MN) Royals,615220,7,top,Jack Rheineck struck out swinging (3-2 SKBBBS).,76,2026-03-29 15:30:00-04:00,"Hargis Park (Arden Hills, MN)",0,MBA,2026
6538693,615220,Hamline Pipers,615157,Bethel (MN) Royals,615220,7,top,Maddex Van Slooten struck out looking (1-2 SBKK).,77,2026-03-29 15:30:00-04:00,"Hargis Park (Arden Hills, MN)",0,MBA,2026
6538693,615220,Hamline Pipers,615157,Bethel (MN) Royals,615157,7,bot,Drew Girtz popped up to 3b (1-1 BK).,78,2026-03-29 15:30:00-04:00,"Hargis Park (Arden Hills, MN)",0,MBA,2026
6538693,615220,Hamline Pipers,615157,Bethel (MN) Royals,615157,7,bot,Hayden Sperbeck hit by pitch (3-2 BBBKF).,79,2026-03-29 15:30:00-04:00,"Hargis Park (Arden Hills, MN)",0,MBA,2026
6538693,615220,Hamline Pipers,615157,Bethel (MN) Royals,615157,7,bot,Oran Hinkle flied out to cf (1-0 B).,80,2026-03-29 15:30:00-04:00,"Hargis Park (Arden Hills, MN)",0,MBA,2026
6538693,615220,Hamline Pipers,615157,Bethel (MN) Royals,615157,7,bot,Sam Abbas lined out to 3b (2-1 FBB).,81,2026-03-29 15:30:00-04:00,"Hargis Park (Arden Hills, MN)",0,MBA,2026
6538693,615220,Hamline Pipers,615157,Bethel (MN) Royals,615220,8,top,Jacob Hasapopoulos singled through the left side (3-1 KBBB).,82,2026-03-29 15:30:00-04:00,"Hargis Park (Arden Hills, MN)",0,MBA,2026
6538693,615220,Hamline Pipers,615157,Bethel (MN) Royals,615220,8,top,Jacob Barmore flied out to lf (2-0 BB).,83,2026-03-29 15:30:00-04:00,"Hargis Park (Arden Hills, MN)",0,MBA,2026
6538693,615220,Hamline Pipers,615157,Bethel (MN) Royals,615220,8,top,Bentley Casey struck out swinging (1-2 SBKS).,84,2026-03-29 15:30:00-04:00,"Hargis Park (Arden Hills, MN)",0,MBA,2026
6538693,615220,Hamline Pipers,615157,Bethel (MN) Royals,615220,8,top,"Jacob Hasapopoulos out at second c to 2b, caught stealing.",85,2026-03-29 15:30:00-04:00,"Hargis Park (Arden Hills, MN)",0,MBA,2026
6538693,615220,Hamline Pipers,615157,Bethel (MN) Royals,615157,8,bot,Seth Nelson singled to left field (1-0 B).,86,2026-03-29 15:30:00-04:00,"Hargis Park (Arden Hills, MN)",0,MBA,2026
6538693,615220,Hamline Pipers,615157,Bethel (MN) Royals,615157,8,bot,Rowan Dodge pinch hit for Cavan Banks.,87,2026-03-29 15:30:00-04:00,"Hargis Park (Arden Hills, MN)",0,MBA,2026
6538693,615220,Hamline Pipers,615157,Bethel (MN) Royals,615157,8,bot,"Rowan Dodge reached on a fielder's choice, bunt (1-0 B)3a Seth Nelson out at second p to ss.",88,2026-03-29 15:30:00-04:00,"Hargis Park (Arden Hills, MN)",0,MBA,2026
6538693,615220,Hamline Pipers,615157,Bethel (MN) Royals,615157,8,bot,Carson Christiansen lined out to rf (0-0).,89,2026-03-29 15:30:00-04:00,"Hargis Park (Arden Hills, MN)",0,MBA,2026
6538693,615220,Hamline Pipers,615157,Bethel (MN) Royals,615157,8,bot,Ben Trucke struck out swinging (2-2 BKFBS).,90,2026-03-29 15:30:00-04:00,"Hargis Park (Arden Hills, MN)",0,MBA,2026
6538693,615220,Hamline Pipers,615157,Bethel (MN) Royals,615220,9,top,Jay Krieger to p for Rowan Dodge.,91,2026-03-29 15:30:00-04:00,"Hargis Park (Arden Hills, MN)",0,MBA,2026
6538693,615220,Hamline Pipers,615157,Bethel (MN) Royals,615220,9,top,Ryan Slade pinch hit for Kyle Vanek.,92,2026-03-29 15:30:00-04:00,"Hargis Park (Arden Hills, MN)",0,MBA,2026
6538693,615220,Hamline Pipers,615157,Bethel (MN) Royals,615220,9,top,Ryan Slade flied out to cf (1-0 B).,93,2026-03-29 15:30:00-04:00,"Hargis Park (Arden Hills, MN)",0,MBA,2026
6538693,615220,Hamline Pipers,615157,Bethel (MN) Royals,615220,9,top,Ryan Burley grounded out to 2b (1-0 B).,94,2026-03-29 15:30:00-04:00,"Hargis Park (Arden Hills, MN)",0,MBA,2026
6538693,615220,Hamline Pipers,615157,Bethel (MN) Royals,615220,9,top,Owen Hodson lined out to lf (1-0 B).,95,2026-03-29 15:30:00-04:00,"Hargis Park (Arden Hills, MN)",0,MBA,2026
6538693,615220,Hamline Pipers,615157,Bethel (MN) Royals,615157,9,bot,Alex Hokenson to rf.,96,2026-03-29 15:30:00-04:00,"Hargis Park (Arden Hills, MN)",0,MBA,2026
6538693,615220,Hamline Pipers,615157,Bethel (MN) Royals,615157,9,bot,Stevie Schmitt to c for Ryan Slade.,97,2026-03-29 15:30:00-04:00,"Hargis Park (Arden Hills, MN)",0,MBA,2026
6538693,615220,Hamline Pipers,615157,Bethel (MN) Royals,615157,9,bot,Lucas Mork to p for Ben McCrady.,98,2026-03-29 15:30:00-04:00,"Hargis Park (Arden Hills, MN)",0,MBA,2026
6538693,615220,Hamline Pipers,615157,Bethel (MN) Royals,615157,9,bot,Chris Lavin popped up to c (2-2 BKFBFF).,99,2026-03-29 15:30:00-04:00,"Hargis Park (Arden Hills, MN)",0,MBA,2026
6538693,615220,Hamline Pipers,615157,Bethel (MN) Royals,615157,9,bot,Drew Girtz lined out to lf (0-1 F).,100,2026-03-29 15:30:00-04:00,"Hargis Park (Arden Hills, MN)",0,MBA,2026
6538693,615220,Hamline Pipers,615157,Bethel (MN) Royals,615157,9,bot,Hayden Sperbeck singled to third base (0-1 K).,101,2026-03-29 15:30:00-04:00,"Hargis Park (Arden Hills, MN)",0,MBA,2026
6538693,615220,Hamline Pipers,615157,Bethel (MN) Royals,615157,9,bot,Oran Hinkle reached on a fielder's choice (0-0)3a Hayden Sperbeck out at second 3b to 2b.,102,2026-03-29 15:30:00-04:00,"Hargis Park (Arden Hills, MN)",0,MBA,2026
6538693,615220,Hamline Pipers,615157,Bethel (MN) Royals,615220,10,top,Alex Hokenson grounded out to ss (0-1 K).,103,2026-03-29 15:30:00-04:00,"Hargis Park (Arden Hills, MN)",0,MBA,2026
6538693,615220,Hamline Pipers,615157,Bethel (MN) Royals,615220,10,top,Jack Rheineck singled (2-2 KFBB).,104,2026-03-29 15:30:00-04:00,"Hargis Park (Arden Hills, MN)",0,MBA,2026
6538693,615220,Hamline Pipers,615157,Bethel (MN) Royals,615220,10,top,Maddex Van Slooten singled through the left side (3-2 BBFKFB)3a Jack Rheineck advanced to second.,105,2026-03-29 15:30:00-04:00,"Hargis Park (Arden Hills, MN)",0,MBA,2026
6538693,615220,Hamline Pipers,615157,Bethel (MN) Royals,615220,10,top,Jake Hill pinch ran for Jack Rheineck.,106,2026-03-29 15:30:00-04:00,"Hargis Park (Arden Hills, MN)",0,MBA,2026
6538693,615220,Hamline Pipers,615157,Bethel (MN) Royals,615220,10,top,Jacob Hasapopoulos struck out swinging (1-2 KKBS).,107,2026-03-29 15:30:00-04:00,"Hargis Park (Arden Hills, MN)",0,MBA,2026
6538693,615220,Hamline Pipers,615157,Bethel (MN) Royals,615220,10,top,"Jake Hill out at third c to 3b, caught stealing.",108,2026-03-29 15:30:00-04:00,"Hargis Park (Arden Hills, MN)",0,MBA,2026
6538693,615220,Hamline Pipers,615157,Bethel (MN) Royals,615157,10,bot,Sam Abbas flied out to lf (0-0).,109,2026-03-29 15:30:00-04:00,"Hargis Park (Arden Hills, MN)",0,MBA,2026
6538693,615220,Hamline Pipers,615157,Bethel (MN) Royals,615157,10,bot,Seth Nelson grounded out to 3b (0-0).,110,2026-03-29 15:30:00-04:00,"Hargis Park (Arden Hills, MN)",0,MBA,2026
6538693,615220,Hamline Pipers,615157,Bethel (MN) Royals,615157,10,bot,Jay Krieger grounded out to 3b (1-0 B).,111,2026-03-29 15:30:00-04:00,"Hargis Park (Arden Hills, MN)",0,MBA,2026
6538693,615220,Hamline Pipers,615157,Bethel (MN) Royals,615220,11,top,Jacob Barmore hit by pitch (1-0 H).,112,2026-03-29 15:30:00-04:00,"Hargis Park (Arden Hills, MN)",0,MBA,2026
6538693,615220,Hamline Pipers,615157,Bethel (MN) Royals,615220,11,top,"Bentley Casey grounded out to p, SAC, bunt (0-0)3a Jacob Barmore advanced to second.",113,2026-03-29 15:30:00-04:00,"Hargis Park (Arden Hills, MN)",0,MBA,2026
6538693,615220,Hamline Pipers,615157,Bethel (MN) Royals,615220,11,top,Stevie Schmitt walked (3-2 BKKFBBFB)3a Jacob Barmore advanced to third on a passed ball.,114,2026-03-29 15:30:00-04:00,"Hargis Park (Arden Hills, MN)",0,MBA,2026
6538693,615220,Hamline Pipers,615157,Bethel (MN) Royals,615220,11,top,Stevie Schmitt stole second.,115,2026-03-29 15:30:00-04:00,"Hargis Park (Arden Hills, MN)",0,MBA,2026
6538693,615220,Hamline Pipers,615157,Bethel (MN) Royals,615220,11,top,Ryan Burley popped up to rf (2-0 BB).,116,2026-03-29 15:30:00-04:00,"Hargis Park (Arden Hills, MN)",0,MBA,2026
6538693,615220,Hamline Pipers,615157,Bethel (MN) Royals,615220,11,top,Owen Hodson grounded out to 3b (0-1 K).,117,2026-03-29 15:30:00-04:00,"Hargis Park (Arden Hills, MN)",0,MBA,2026
6538693,615220,Hamline Pipers,615157,Bethel (MN) Royals,615157,11,bot,Carson Christiansen singled (1-2 BFS).,118,2026-03-29 15:30:00-04:00,"Hargis Park (Arden Hills, MN)",0,MBA,2026
6538693,615220,Hamline Pipers,615157,Bethel (MN) Royals,615157,11,bot,"Ben Trucke grounded out to p, SAC, bunt (0-1 F)3a Carson Christiansen advanced to second.",119,2026-03-29 15:30:00-04:00,"Hargis Park (Arden Hills, MN)",0,MBA,2026
6538693,615220,Hamline Pipers,615157,Bethel (MN) Royals,615157,11,bot,Chris Lavin popped up to ss (2-0 BB).,120,2026-03-29 15:30:00-04:00,"Hargis Park (Arden Hills, MN)",0,MBA,2026
6538693,615220,Hamline Pipers,615157,Bethel (MN) Royals,615157,11,bot,"Drew Girtz doubled, RBI (1-1 KB)3a Carson Christiansen scored.",121,2026-03-29 15:30:00-04:00,"Hargis Park (Arden Hills, MN)",0,MBA,2026
6543769,615336,Rutgers-Newark Scarlet Raiders,615363,TCNJ Lions,615336,1,top,Gilroy Prial flied out to lf (1-2 BKF).,1,2026-03-29 15:30:00-04:00,"George Ackerman Park (Ewing Township, NJ)",87,MBA,2026
6543769,615336,Rutgers-Newark Scarlet Raiders,615363,TCNJ Lions,615336,1,top,Trevor Wallace struck out swinging (3-2 KBKBBS).,2,2026-03-29 15:30:00-04:00,"George Ackerman Park (Ewing Township, NJ)",87,MBA,2026
6543769,615336,Rutgers-Newark Scarlet Raiders,615363,TCNJ Lions,615336,1,top,Michael Weinbel flied out to lf (0-2 SK).,3,2026-03-29 15:30:00-04:00,"George Ackerman Park (Ewing Township, NJ)",87,MBA,2026
6543769,615336,Rutgers-Newark Scarlet Raiders,615363,TCNJ Lions,615363,1,bot,"Jack O'Donnell struck out swinging, out at first c to 1b (2-2 BBKFFS).",4,2026-03-29 15:30:00-04:00,"George Ackerman Park (Ewing Township, NJ)",87,MBA,2026
6543769,615336,Rutgers-Newark Scarlet Raiders,615363,TCNJ Lions,615363,1,bot,Brian Lovaglio walked (3-2 BFBBKB).,5,2026-03-29 15:30:00-04:00,"George Ackerman Park (Ewing Township, NJ)",87,MBA,2026
6543769,615336,Rutgers-Newark Scarlet Raiders,615363,TCNJ Lions,615363,1,bot,Michael Contiliano doubled to center field (1-2 FBFF)3a Brian Lovaglio advanced to third.,6,2026-03-29 15:30:00-04:00,"George Ackerman Park (Ewing Township, NJ)",87,MBA,2026
6543769,615336,Rutgers-Newark Scarlet Raiders,615363,TCNJ Lions,615363,1,bot,Tyler Provost hit by pitch (3-2 BKKBH).,7,2026-03-29 15:30:00-04:00,"George Ackerman Park (Ewing Township, NJ)",87,MBA,2026
6543769,615336,Rutgers-Newark Scarlet Raiders,615363,TCNJ Lions,615363,1,bot,"Jake Carter singled through the left side, 2 RBI (0-2 FK)3a Tyler Provost advanced to second3a Michael Contiliano scored3a Brian Lovaglio scored.",8,2026-03-29 15:30:00-04:00,"George Ackerman Park (Ewing Township, NJ)",87,MBA,2026
6543769,615336,Rutgers-Newark Scarlet Raiders,615363,TCNJ Lions,615363,1,bot,Braden Dromboski fouled out to 1b (0-2 KF).,9,2026-03-29 15:30:00-04:00,"George Ackerman Park (Ewing Township, NJ)",87,MBA,2026
6543769,615336,Rutgers-Newark Scarlet Raiders,615363,TCNJ Lions,615363,1,bot,Chris Salmon struck out swinging (3-2 BBBKFS).,10,2026-03-29 15:30:00-04:00,"George Ackerman Park (Ewing Township, NJ)",87,MBA,2026
6543769,615336,Rutgers-Newark Scarlet Raiders,615363,TCNJ Lions,615336,2,top,Joseph Bernardo flied out to cf to right center (3-2 KKBBBF).,11,2026-03-29 15:30:00-04:00,"George Ackerman Park (Ewing Township, NJ)",87,MBA,2026
6543769,615336,Rutgers-Newark Scarlet Raiders,615363,TCNJ Lions,615336,2,top,RJ Kernan walked (3-1 BBFBB).,12,2026-03-29 15:30:00-04:00,"George Ackerman Park (Ewing Township, NJ)",87,MBA,2026
6543769,615336,Rutgers-Newark Scarlet Raiders,615363,TCNJ Lions,615336,2,top,Daniel Fedorco walked (3-2 BBKKBFB)3a RJ Kernan advanced to second.,13,2026-03-29 15:30:00-04:00,"George Ackerman Park (Ewing Township, NJ)",87,MBA,2026
6543769,615336,Rutgers-Newark Scarlet Raiders,615363,TCNJ Lions,615336,2,top,Malik Little struck out swinging (1-2 BKFS).,14,2026-03-29 15:30:00-04:00,"George Ackerman Park (Ewing Township, NJ)",87,MBA,2026
6543769,615336,Rutgers-Newark Scarlet Raiders,615363,TCNJ Lions,615336,2,top,Jonathan Jerez grounded out to 1b unassisted (2-2 BBFF).,15,2026-03-29 15:30:00-04:00,"George Ackerman Park (Ewing Township, NJ)",87,MBA,2026
6543769,615336,Rutgers-Newark Scarlet Raiders,615363,TCNJ Lions,615363,2,bot,Joe Tammaro grounded out to p (0-2 KF).,16,2026-03-29 15:30:00-04:00,"George Ackerman Park (Ewing Township, NJ)",87,MBA,2026
6543769,615336,Rutgers-Newark Scarlet Raiders,615363,TCNJ Lions,615363,2,bot,Jesse Beer doubled to right field (2-2 BKKB).,17,2026-03-29 15:30:00-04:00,"George Ackerman Park (Ewing Township, NJ)",87,MBA,2026
6543769,615336,Rutgers-Newark Scarlet Raiders,615363,TCNJ Lions,615363,2,bot,Jack O'Donnell popped up to ss (0-0).,18,2026-03-29 15:30:00-04:00,"George Ackerman Park (Ewing Township, NJ)",87,MBA,2026
6543769,615336,Rutgers-Newark Scarlet Raiders,615363,TCNJ Lions,615363,2,bot,"Brian Lovaglio singled through the left side, RBI (0-2 KK)3a Jesse Beer scored.",19,2026-03-29 15:30:00-04:00,"George Ackerman Park (Ewing Township, NJ)",87,MBA,2026
6543769,615336,Rutgers-Newark Scarlet Raiders,615363,TCNJ Lions,615363,2,bot,Michael Contiliano flied out to cf to left center (2-0 BB).,20,2026-03-29 15:30:00-04:00,"George Ackerman Park (Ewing Township, NJ)",87,MBA,2026
6543769,615336,Rutgers-Newark Scarlet Raiders,615363,TCNJ Lions,615336,3,top,Matthew Torreto struck out looking (1-2 KBSK).,21,2026-03-29 15:30:00-04:00,"George Ackerman Park (Ewing Township, NJ)",87,MBA,2026
6543769,615336,Rutgers-Newark Scarlet Raiders,615363,TCNJ Lions,615336,3,top,Gilroy Prial singled to center field (1-1 BK).,22,2026-03-29 15:30:00-04:00,"George Ackerman Park (Ewing Township, NJ)",87,MBA,2026
6543769,615336,Rutgers-Newark Scarlet Raiders,615363,TCNJ Lions,615336,3,top,Trevor Wallace flied out to cf (0-0).,23,2026-03-29 15:30:00-04:00,"George Ackerman Park (Ewing Township, NJ)",87,MBA,2026
6543769,615336,Rutgers-Newark Scarlet Raiders,615363,TCNJ Lions,615336,3,top,Michael Weinbel hit by pitch (2-1 BFH)3a Gilroy Prial advanced to second.,24,2026-03-29 15:30:00-04:00,"George Ackerman Park (Ewing Township, NJ)",87,MBA,2026
6543769,615336,Rutgers-Newark Scarlet Raiders,615363,TCNJ Lions,615336,3,top,Joseph Bernardo reached on a fielder's choice (2-0 BB)3a Michael Weinbel out at second 2b unassisted.,25,2026-03-29 15:30:00-04:00,"George Ackerman Park (Ewing Township, NJ)",87,MBA,2026
6543769,615336,Rutgers-Newark Scarlet Raiders,615363,TCNJ Lions,615363,3,bot,Tyler Provost singled to left center (1-0 B).,26,2026-03-29 15:30:00-04:00,"George Ackerman Park (Ewing Township, NJ)",87,MBA,2026
6543769,615336,Rutgers-Newark Scarlet Raiders,615363,TCNJ Lions,615363,3,bot,Jake Carter flied out to cf (1-0 B).,27,2026-03-29 15:30:00-04:00,"George Ackerman Park (Ewing Township, NJ)",87,MBA,2026
6543769,615336,Rutgers-Newark Scarlet Raiders,615363,TCNJ Lions,615363,3,bot,Braden Dromboski flied out to rf (3-2 KBBBKF).,28,2026-03-29 15:30:00-04:00,"George Ackerman Park (Ewing Township, NJ)",87,MBA,2026
6543769,615336,Rutgers-Newark Scarlet Raiders,615363,TCNJ Lions,615363,3,bot,Tyler Provost advanced to second on a wild pitch.,29,2026-03-29 15:30:00-04:00,"George Ackerman Park (Ewing Township, NJ)",87,MBA,2026
6543769,615336,Rutgers-Newark Scarlet Raiders,615363,TCNJ Lions,615363,3,bot,Chris Salmon walked (3-2 SKFBFBFBB).,30,2026-03-29 15:30:00-04:00,"George Ackerman Park (Ewing Township, NJ)",87,MBA,2026
6543769,615336,Rutgers-Newark Scarlet Raiders,615363,TCNJ Lions,615363,3,bot,Joe Tammaro flied out to rf (0-2 KF).,31,2026-03-29 15:30:00-04:00,"George Ackerman Park (Ewing Township, NJ)",87,MBA,2026
6543769,615336,Rutgers-Newark Scarlet Raiders,615363,TCNJ Lions,615336,4,top,Austin Hanni to p for Jack Reardon.,32,2026-03-29 15:30:00-04:00,"George Ackerman Park (Ewing Township, NJ)",87,MBA,2026
6543769,615336,Rutgers-Newark Scarlet Raiders,615363,TCNJ Lions,615336,4,top,RJ Kernan grounded out to 1b unassisted (1-2 BKFF).,33,2026-03-29 15:30:00-04:00,"George Ackerman Park (Ewing Township, NJ)",87,MBA,2026
6543769,615336,Rutgers-Newark Scarlet Raiders,615363,TCNJ Lions,615336,4,top,Daniel Fedorco walked (3-0 BBBB).,34,2026-03-29 15:30:00-04:00,"George Ackerman Park (Ewing Township, NJ)",87,MBA,2026
6543769,615336,Rutgers-Newark Scarlet Raiders,615363,TCNJ Lions,615336,4,top,Malik Little walked (3-2 BKBBKB)3a Daniel Fedorco advanced to second.,35,2026-03-29 15:30:00-04:00,"George Ackerman Park (Ewing Township, NJ)",87,MBA,2026
6543769,615336,Rutgers-Newark Scarlet Raiders,615363,TCNJ Lions,615336,4,top,Jonathan Jerez reached on a fielder's choice (0-2 KS)3a Malik Little out at second 3b to 2b3a Daniel Fedorco advanced to third.,36,2026-03-29 15:30:00-04:00,"George Ackerman Park (Ewing Township, NJ)",87,MBA,2026
6543769,615336,Rutgers-Newark Scarlet Raiders,615363,TCNJ Lions,615336,4,top,Matthew Torreto struck out swinging (1-2 BSFS).,37,2026-03-29 15:30:00-04:00,"George Ackerman Park (Ewing Township, NJ)",87,MBA,2026
6543769,615336,Rutgers-Newark Scarlet Raiders,615363,TCNJ Lions,615363,4,bot,Jesse Beer grounded out to ss (3-1 BBKB).,38,2026-03-29 15:30:00-04:00,"George Ackerman Park (Ewing Township, NJ)",87,MBA,2026
6543769,615336,Rutgers-Newark Scarlet Raiders,615363,TCNJ Lions,615363,4,bot,Jack O'Donnell popped up to 2b (0-0).,39,2026-03-29 15:30:00-04:00,"George Ackerman Park (Ewing Township, NJ)",87,MBA,2026
6543769,615336,Rutgers-Newark Scarlet Raiders,615363,TCNJ Lions,615363,4,bot,Brian Lovaglio popped up to ss (1-0 B).,40,2026-03-29 15:30:00-04:00,"George Ackerman Park (Ewing Township, NJ)",87,MBA,2026
6543769,615336,Rutgers-Newark Scarlet Raiders,615363,TCNJ Lions,615336,5,top,Gilroy Prial singled up the middle (3-1 BKBB).,41,2026-03-29 15:30:00-04:00,"George Ackerman Park (Ewing Township, NJ)",87,MBA,2026
6543769,615336,Rutgers-Newark Scarlet Raiders,615363,TCNJ Lions,615336,5,top,"Trevor Wallace grounded out to p, SAC, bunt (1-0 B)3a Gilroy Prial advanced to second.",42,2026-03-29 15:30:00-04:00,"George Ackerman Park (Ewing Township, NJ)",87,MBA,2026
6543769,615336,Rutgers-Newark Scarlet Raiders,615363,TCNJ Lions,615336,5,top,Michael Weinbel walked (3-0 BBBB)3a Gilroy Prial advanced to third on a wild pitch.,43,2026-03-29 15:30:00-04:00,"George Ackerman Park (Ewing Township, NJ)",87,MBA,2026
6543769,615336,Rutgers-Newark Scarlet Raiders,615363,TCNJ Lions,615336,5,top,Joseph Bernardo lined out to 2b (0-0).,44,2026-03-29 15:30:00-04:00,"George Ackerman Park (Ewing Township, NJ)",87,MBA,2026
6543769,615336,Rutgers-Newark Scarlet Raiders,615363,TCNJ Lions,615336,5,top,RJ Kernan flied out to cf (1-2 BKFF).,45,2026-03-29 15:30:00-04:00,"George Ackerman Park (Ewing Township, NJ)",87,MBA,2026
6543769,615336,Rutgers-Newark Scarlet Raiders,615363,TCNJ Lions,615363,5,bot,Michael Contiliano singled through the right side (0-0).,46,2026-03-29 15:30:00-04:00,"George Ackerman Park (Ewing Township, NJ)",87,MBA,2026
6543769,615336,Rutgers-Newark Scarlet Raiders,615363,TCNJ Lions,615363,5,bot,Michael Contiliano stole second.,47,2026-03-29 15:30:00-04:00,"George Ackerman Park (Ewing Township, NJ)",87,MBA,2026
6543769,615336,Rutgers-Newark Scarlet Raiders,615363,TCNJ Lions,615363,5,bot,Tyler Provost grounded out to ss (1-0 B).,48,2026-03-29 15:30:00-04:00,"George Ackerman Park (Ewing Township, NJ)",87,MBA,2026
6543769,615336,Rutgers-Newark Scarlet Raiders,615363,TCNJ Lions,615363,5,bot,Jake Carter flied out to rf (1-2 KBKF).,49,2026-03-29 15:30:00-04:00,"George Ackerman Park (Ewing Township, NJ)",87,MBA,2026
6543769,615336,Rutgers-Newark Scarlet Raiders,615363,TCNJ Lions,615363,5,bot,Braden Dromboski flied out to cf (1-1 BF).,50,2026-03-29 15:30:00-04:00,"George Ackerman Park (Ewing Township, NJ)",87,MBA,2026
6543769,615336,Rutgers-Newark Scarlet Raiders,615363,TCNJ Lions,615336,6,top,Tyler Perry to p for Austin Hanni.,51,2026-03-29 15:30:00-04:00,"George Ackerman Park (Ewing Township, NJ)",87,MBA,2026
6543769,615336,Rutgers-Newark Scarlet Raiders,615363,TCNJ Lions,615336,6,top,Daniel Fedorco grounded out to 1b unassisted (1-1 KB).,52,2026-03-29 15:30:00-04:00,"George Ackerman Park (Ewing Township, NJ)",87,MBA,2026
6543769,615336,Rutgers-Newark Scarlet Raiders,615363,TCNJ Lions,615336,6,top,Malik Little popped up to ss (0-1 K).,53,2026-03-29 15:30:00-04:00,"George Ackerman Park (Ewing Township, NJ)",87,MBA,2026
6543769,615336,Rutgers-Newark Scarlet Raiders,615363,TCNJ Lions,615336,6,top,Jonathan Jerez flied out to cf (0-0).,54,2026-03-29 15:30:00-04:00,"George Ackerman Park (Ewing Township, NJ)",87,MBA,2026
6543769,615336,Rutgers-Newark Scarlet Raiders,615363,TCNJ Lions,615363,6,bot,Chris Salmon doubled to left field (3-1 BBKB).,55,2026-03-29 15:30:00-04:00,"George Ackerman Park (Ewing Township, NJ)",87,MBA,2026
6543769,615336,Rutgers-Newark Scarlet Raiders,615363,TCNJ Lions,615363,6,bot,"Joe Tammaro out at first p to 2b, SAC, bunt (0-0)3a Chris Salmon advanced to third.",56,2026-03-29 15:30:00-04:00,"George Ackerman Park (Ewing Township, NJ)",87,MBA,2026
6543769,615336,Rutgers-Newark Scarlet Raiders,615363,TCNJ Lions,615363,6,bot,Jesse Beer walked (3-2 FFBBBB).,57,2026-03-29 15:30:00-04:00,"George Ackerman Park (Ewing Township, NJ)",87,MBA,2026
6543769,615336,Rutgers-Newark Scarlet Raiders,615363,TCNJ Lions,615363,6,bot,"Jack O'Donnell singled, bunt, advanced to second on a throwing error by p, RBI (0-0)3a Jesse Beer advanced to third3a Chris Salmon scored, unearned.",58,2026-03-29 15:30:00-04:00,"George Ackerman Park (Ewing Township, NJ)",87,MBA,2026
6543769,615336,Rutgers-Newark Scarlet Raiders,615363,TCNJ Lions,615363,6,bot,"Brian Lovaglio singled up the middle, 2 RBI (1-0 B)3a Jack O'Donnell scored3a Jesse Beer scored.",59,2026-03-29 15:30:00-04:00,"George Ackerman Park (Ewing Township, NJ)",87,MBA,2026
6543769,615336,Rutgers-Newark Scarlet Raiders,615363,TCNJ Lions,615363,6,bot,Luke Hagen to p for Joshua Warming.,60,2026-03-29 15:30:00-04:00,"George Ackerman Park (Ewing Township, NJ)",87,MBA,2026
6543769,615336,Rutgers-Newark Scarlet Raiders,615363,TCNJ Lions,615363,6,bot,Michael Contiliano struck out looking (0-2 KFK).,61,2026-03-29 15:30:00-04:00,"George Ackerman Park (Ewing Township, NJ)",87,MBA,2026
6543769,615336,Rutgers-Newark Scarlet Raiders,615363,TCNJ Lions,615363,6,bot,Tyler Provost struck out swinging (0-2 KKFS).,62,2026-03-29 15:30:00-04:00,"George Ackerman Park (Ewing Township, NJ)",87,MBA,2026
6543769,615336,Rutgers-Newark Scarlet Raiders,615363,TCNJ Lions,615336,7,top,Matthew Torreto grounded out to ss (1-1 KB).,63,2026-03-29 15:30:00-04:00,"George Ackerman Park (Ewing Township, NJ)",87,MBA,2026
6543769,615336,Rutgers-Newark Scarlet Raiders,615363,TCNJ Lions,615336,7,top,Gilroy Prial flied out to cf (1-2 KSB).,64,2026-03-29 15:30:00-04:00,"George Ackerman Park (Ewing Township, NJ)",87,MBA,2026
6543769,615336,Rutgers-Newark Scarlet Raiders,615363,TCNJ Lions,615336,7,top,Trevor Wallace grounded out to 1b unassisted (3-2 BKKBB).,65,2026-03-29 15:30:00-04:00,"George Ackerman Park (Ewing Township, NJ)",87,MBA,2026
6543769,615336,Rutgers-Newark Scarlet Raiders,615363,TCNJ Lions,615363,7,bot,Jake Carter singled down the lf line (2-2 KBBFF).,66,2026-03-29 15:30:00-04:00,"George Ackerman Park (Ewing Township, NJ)",87,MBA,2026
6543769,615336,Rutgers-Newark Scarlet Raiders,615363,TCNJ Lions,615363,7,bot,"Jake Carter out at first p to 1b to ss, picked off.",67,2026-03-29 15:30:00-04:00,"George Ackerman Park (Ewing Township, NJ)",87,MBA,2026
6543769,615336,Rutgers-Newark Scarlet Raiders,615363,TCNJ Lions,615363,7,bot,Braden Dromboski fouled out to 1b (3-2 BSBFFB).,68,2026-03-29 15:30:00-04:00,"George Ackerman Park (Ewing Township, NJ)",87,MBA,2026
6543769,615336,Rutgers-Newark Scarlet Raiders,615363,TCNJ Lions,615363,7,bot,Chris Salmon doubled down the 1b line (2-1 BBF).,69,2026-03-29 15:30:00-04:00,"George Ackerman Park (Ewing Township, NJ)",87,MBA,2026
6543769,615336,Rutgers-Newark Scarlet Raiders,615363,TCNJ Lions,615363,7,bot,Joe Tammaro singled to second base (0-2 SF)3a Chris Salmon advanced to third.,70,2026-03-29 15:30:00-04:00,"George Ackerman Park (Ewing Township, NJ)",87,MBA,2026
6543769,615336,Rutgers-Newark Scarlet Raiders,615363,TCNJ Lions,615363,7,bot,Joe Tammaro stole second.,71,2026-03-29 15:30:00-04:00,"George Ackerman Park (Ewing Township, NJ)",87,MBA,2026
6543769,615336,Rutgers-Newark Scarlet Raiders,615363,TCNJ Lions,615363,7,bot,Jesse Beer grounded out to 2b (3-2 BSSBFFFB).,72,2026-03-29 15:30:00-04:00,"George Ackerman Park (Ewing Township, NJ)",87,MBA,2026
6543769,615336,Rutgers-Newark Scarlet Raiders,615363,TCNJ Lions,615336,8,top,Michael Weinbel walked (3-1 KBBBB).,73,2026-03-29 15:30:00-04:00,"George Ackerman Park (Ewing Township, NJ)",87,MBA,2026
6543769,615336,Rutgers-Newark Scarlet Raiders,615363,TCNJ Lions,615336,8,top,Joseph Bernardo struck out looking (0-2 KFK).,74,2026-03-29 15:30:00-04:00,"George Ackerman Park (Ewing Township, NJ)",87,MBA,2026
6543769,615336,Rutgers-Newark Scarlet Raiders,615363,TCNJ Lions,615336,8,top,RJ Kernan walked (3-0 BBBB)3a Michael Weinbel advanced to second.,75,2026-03-29 15:30:00-04:00,"George Ackerman Park (Ewing Township, NJ)",87,MBA,2026
6543769,615336,Rutgers-Newark Scarlet Raiders,615363,TCNJ Lions,615336,8,top,"Daniel Fedorco singled through the right side, RBI (0-2 KF)3a RJ Kernan advanced to second3a Michael Weinbel scored.",76,2026-03-29 15:30:00-04:00,"George Ackerman Park (Ewing Township, NJ)",87,MBA,2026
6543769,615336,Rutgers-Newark Scarlet Raiders,615363,TCNJ Lions,615336,8,top,Malik Little walked (3-1 BBKBB)3a Daniel Fedorco advanced to second3a RJ Kernan advanced to third.,77,2026-03-29 15:30:00-04:00,"George Ackerman Park (Ewing Township, NJ)",87,MBA,2026
6543769,615336,Rutgers-Newark Scarlet Raiders,615363,TCNJ Lions,615336,8,top,Jalen Maharaja to p for Tyler Perry.,78,2026-03-29 15:30:00-04:00,"George Ackerman Park (Ewing Township, NJ)",87,MBA,2026
6543769,615336,Rutgers-Newark Scarlet Raiders,615363,TCNJ Lions,615336,8,top,Jonathan Jerez struck out swinging (2-2 BFFBS).,79,2026-03-29 15:30:00-04:00,"George Ackerman Park (Ewing Township, NJ)",87,MBA,2026
6543769,615336,Rutgers-Newark Scarlet Raiders,615363,TCNJ Lions,615336,8,top,Matthew Torreto grounded out to p (1-2 BFK).,80,2026-03-29 15:30:00-04:00,"George Ackerman Park (Ewing Township, NJ)",87,MBA,2026
6543769,615336,Rutgers-Newark Scarlet Raiders,615363,TCNJ Lions,615363,8,bot,Jack O'Donnell flied out to lf (1-1 FB).,81,2026-03-29 15:30:00-04:00,"George Ackerman Park (Ewing Township, NJ)",87,MBA,2026
6543769,615336,Rutgers-Newark Scarlet Raiders,615363,TCNJ Lions,615363,8,bot,Brian Lovaglio popped up to 1b (3-2 BBFBF).,82,2026-03-29 15:30:00-04:00,"George Ackerman Park (Ewing Township, NJ)",87,MBA,2026
6543769,615336,Rutgers-Newark Scarlet Raiders,615363,TCNJ Lions,615363,8,bot,Michael Contiliano struck out looking (1-2 BFKK).,83,2026-03-29 15:30:00-04:00,"George Ackerman Park (Ewing Township, NJ)",87,MBA,2026
6543769,615336,Rutgers-Newark Scarlet Raiders,615363,TCNJ Lions,615336,9,top,Braden Dromboski to 3b.,84,2026-03-29 15:30:00-04:00,"George Ackerman Park (Ewing Township, NJ)",87,MBA,2026
6543769,615336,Rutgers-Newark Scarlet Raiders,615363,TCNJ Lions,615336,9,top,Andrew Pearson to 1b for Chris Salmon.,85,2026-03-29 15:30:00-04:00,"George Ackerman Park (Ewing Township, NJ)",87,MBA,2026
6543769,615336,Rutgers-Newark Scarlet Raiders,615363,TCNJ Lions,615336,9,top,Joe Tammaro to ss.,86,2026-03-29 15:30:00-04:00,"George Ackerman Park (Ewing Township, NJ)",87,MBA,2026
6543769,615336,Rutgers-Newark Scarlet Raiders,615363,TCNJ Lions,615336,9,top,Jesse Beer to dh.,87,2026-03-29 15:30:00-04:00,"George Ackerman Park (Ewing Township, NJ)",87,MBA,2026
6543769,615336,Rutgers-Newark Scarlet Raiders,615363,TCNJ Lions,615336,9,top,Jesse Beer to p for Jalen Maharaja.,88,2026-03-29 15:30:00-04:00,"George Ackerman Park (Ewing Township, NJ)",87,MBA,2026
6543769,615336,Rutgers-Newark Scarlet Raiders,615363,TCNJ Lions,615336,9,top,Gilroy Prial grounded out to ss (1-2 BKK).,89,2026-03-29 15:30:00-04:00,"George Ackerman Park (Ewing Township, NJ)",87,MBA,2026
6543769,615336,Rutgers-Newark Scarlet Raiders,615363,TCNJ Lions,615336,9,top,Trevor Wallace grounded out to 2b (1-2 KSB).,90,2026-03-29 15:30:00-04:00,"George Ackerman Park (Ewing Township, NJ)",87,MBA,2026
6543769,615336,Rutgers-Newark Scarlet Raiders,615363,TCNJ Lions,615336,9,top,Michael Weinbel singled through the left side (2-2 KKBB).,91,2026-03-29 15:30:00-04:00,"George Ackerman Park (Ewing Township, NJ)",87,MBA,2026
6543769,615336,Rutgers-Newark Scarlet Raiders,615363,TCNJ Lions,615336,9,top,Joseph Bernardo grounded out to 2b (1-1 KB).,92,2026-03-29 15:30:00-04:00,"George Ackerman Park (Ewing Township, NJ)",87,MBA,2026
6543894,615044,Kutztown Golden Bears,615052,Mansfield Mountaineers,615044,1,top,Bo Barthol reached on an error by ss.,1,2026-03-29 15:30:00-04:00,"Shaute Field (Mansfield, PA)",287,MBA,2026
6543894,615044,Kutztown Golden Bears,615052,Mansfield Mountaineers,615044,1,top,M. Burns grounded into double play ss to 1b3a Bo Barthol out on the play.,2,2026-03-29 15:30:00-04:00,"Shaute Field (Mansfield, PA)",287,MBA,2026
6543894,615044,Kutztown Golden Bears,615052,Mansfield Mountaineers,615044,1,top,J. Ferguson flied out to lf.,3,2026-03-29 15:30:00-04:00,"Shaute Field (Mansfield, PA)",287,MBA,2026
6543894,615044,Kutztown Golden Bears,615052,Mansfield Mountaineers,615052,1,bot,K. Burns singled up the middle.,4,2026-03-29 15:30:00-04:00,"Shaute Field (Mansfield, PA)",287,MBA,2026
6543894,615044,Kutztown Golden Bears,615052,Mansfield Mountaineers,615052,1,bot,S. Mictigue lined out to 2b.,5,2026-03-29 15:30:00-04:00,"Shaute Field (Mansfield, PA)",287,MBA,2026
6543894,615044,Kutztown Golden Bears,615052,Mansfield Mountaineers,615052,1,bot,"K. Burns out at second c to 2b, caught stealing.",6,2026-03-29 15:30:00-04:00,"Shaute Field (Mansfield, PA)",287,MBA,2026
6543894,615044,Kutztown Golden Bears,615052,Mansfield Mountaineers,615052,1,bot,P. Tadic flied out to rf.,7,2026-03-29 15:30:00-04:00,"Shaute Field (Mansfield, PA)",287,MBA,2026
6543894,615044,Kutztown Golden Bears,615052,Mansfield Mountaineers,615044,2,top,Nick Varda popped up to ss.,8,2026-03-29 15:30:00-04:00,"Shaute Field (Mansfield, PA)",287,MBA,2026
6543894,615044,Kutztown Golden Bears,615052,Mansfield Mountaineers,615044,2,top,Dalton Furst grounded out to ss.,9,2026-03-29 15:30:00-04:00,"Shaute Field (Mansfield, PA)",287,MBA,2026
6543894,615044,Kutztown Golden Bears,615052,Mansfield Mountaineers,615044,2,top,Zack Wertman flied out to cf.,10,2026-03-29 15:30:00-04:00,"Shaute Field (Mansfield, PA)",287,MBA,2026
6543894,615044,Kutztown Golden Bears,615052,Mansfield Mountaineers,615052,2,bot,N. Ledger flied out to rf.,11,2026-03-29 15:30:00-04:00,"Shaute Field (Mansfield, PA)",287,MBA,2026
6543894,615044,Kutztown Golden Bears,615052,Mansfield Mountaineers,615052,2,bot,"B. Riggs homered, RBI.",12,2026-03-29 15:30:00-04:00,"Shaute Field (Mansfield, PA)",287,MBA,2026
6543894,615044,Kutztown Golden Bears,615052,Mansfield Mountaineers,615052,2,bot,R. Sekluski popped up to 3b.,13,2026-03-29 15:30:00-04:00,"Shaute Field (Mansfield, PA)",287,MBA,2026
6543894,615044,Kutztown Golden Bears,615052,Mansfield Mountaineers,615052,2,bot,B. Floyd hit by pitch.,14,2026-03-29 15:30:00-04:00,"Shaute Field (Mansfield, PA)",287,MBA,2026
6543894,615044,Kutztown Golden Bears,615052,Mansfield Mountaineers,615052,2,bot,C. Rother walked3a B. Floyd advanced to second.,15,2026-03-29 15:30:00-04:00,"Shaute Field (Mansfield, PA)",287,MBA,2026
6543894,615044,Kutztown Golden Bears,615052,Mansfield Mountaineers,615052,2,bot,E. Laredo struck out swinging.,16,2026-03-29 15:30:00-04:00,"Shaute Field (Mansfield, PA)",287,MBA,2026
6543894,615044,Kutztown Golden Bears,615052,Mansfield Mountaineers,615044,3,top,Drew Wheeler grounded out to p.,17,2026-03-29 15:30:00-04:00,"Shaute Field (Mansfield, PA)",287,MBA,2026
6543894,615044,Kutztown Golden Bears,615052,Mansfield Mountaineers,615044,3,top,P. Warne flied out to rf.,18,2026-03-29 15:30:00-04:00,"Shaute Field (Mansfield, PA)",287,MBA,2026
6543894,615044,Kutztown Golden Bears,615052,Mansfield Mountaineers,615044,3,top,Cam Burr grounded out to 3b.,19,2026-03-29 15:30:00-04:00,"Shaute Field (Mansfield, PA)",287,MBA,2026
6543894,615044,Kutztown Golden Bears,615052,Mansfield Mountaineers,615052,3,bot,K. Burns hit by pitch.,20,2026-03-29 15:30:00-04:00,"Shaute Field (Mansfield, PA)",287,MBA,2026
6543894,615044,Kutztown Golden Bears,615052,Mansfield Mountaineers,615052,3,bot,S. Mictigue singled through the right side3a K. Burns advanced to third.,21,2026-03-29 15:30:00-04:00,"Shaute Field (Mansfield, PA)",287,MBA,2026
6543894,615044,Kutztown Golden Bears,615052,Mansfield Mountaineers,615052,3,bot,P. Tadic grounded into double play 2b to 1b3a S. Mictigue out on the play3a K. Burns scored.,22,2026-03-29 15:30:00-04:00,"Shaute Field (Mansfield, PA)",287,MBA,2026
6543894,615044,Kutztown Golden Bears,615052,Mansfield Mountaineers,615052,3,bot,N. Ledger walked.,23,2026-03-29 15:30:00-04:00,"Shaute Field (Mansfield, PA)",287,MBA,2026
6543894,615044,Kutztown Golden Bears,615052,Mansfield Mountaineers,615052,3,bot,N. Ledger stole second.,24,2026-03-29 15:30:00-04:00,"Shaute Field (Mansfield, PA)",287,MBA,2026
6543894,615044,Kutztown Golden Bears,615052,Mansfield Mountaineers,615052,3,bot,B. Riggs fouled out to c.,25,2026-03-29 15:30:00-04:00,"Shaute Field (Mansfield, PA)",287,MBA,2026
6543894,615044,Kutztown Golden Bears,615052,Mansfield Mountaineers,615044,4,top,Bo Barthol hit by pitch.,26,2026-03-29 15:30:00-04:00,"Shaute Field (Mansfield, PA)",287,MBA,2026
6543894,615044,Kutztown Golden Bears,615052,Mansfield Mountaineers,615044,4,top,M. Burns grounded into double play ss to 2b to 1b3a Bo Barthol out on the play.,27,2026-03-29 15:30:00-04:00,"Shaute Field (Mansfield, PA)",287,MBA,2026
6543894,615044,Kutztown Golden Bears,615052,Mansfield Mountaineers,615044,4,top,J. Ferguson walked.,28,2026-03-29 15:30:00-04:00,"Shaute Field (Mansfield, PA)",287,MBA,2026
6543894,615044,Kutztown Golden Bears,615052,Mansfield Mountaineers,615044,4,top,Nick Varda singled through the left side3a J. Ferguson advanced to second.,29,2026-03-29 15:30:00-04:00,"Shaute Field (Mansfield, PA)",287,MBA,2026
6543894,615044,Kutztown Golden Bears,615052,Mansfield Mountaineers,615044,4,top,Dalton Furst struck out swinging.,30,2026-03-29 15:30:00-04:00,"Shaute Field (Mansfield, PA)",287,MBA,2026
6543894,615044,Kutztown Golden Bears,615052,Mansfield Mountaineers,615052,4,bot,R. Sekluski flied out to cf.,31,2026-03-29 15:30:00-04:00,"Shaute Field (Mansfield, PA)",287,MBA,2026
6543894,615044,Kutztown Golden Bears,615052,Mansfield Mountaineers,615052,4,bot,B. Floyd struck out swinging.,32,2026-03-29 15:30:00-04:00,"Shaute Field (Mansfield, PA)",287,MBA,2026
6543894,615044,Kutztown Golden Bears,615052,Mansfield Mountaineers,615052,4,bot,C. Rother singled up the middle.,33,2026-03-29 15:30:00-04:00,"Shaute Field (Mansfield, PA)",287,MBA,2026
6543894,615044,Kutztown Golden Bears,615052,Mansfield Mountaineers,615052,4,bot,"C. Rother out at second c to 2b, caught stealing.",34,2026-03-29 15:30:00-04:00,"Shaute Field (Mansfield, PA)",287,MBA,2026
6543894,615044,Kutztown Golden Bears,615052,Mansfield Mountaineers,615044,5,top,I. Dull to p for R. Sink.,35,2026-03-29 15:30:00-04:00,"Shaute Field (Mansfield, PA)",287,MBA,2026
6543894,615044,Kutztown Golden Bears,615052,Mansfield Mountaineers,615044,5,top,Zack Wertman hit by pitch.,36,2026-03-29 15:30:00-04:00,"Shaute Field (Mansfield, PA)",287,MBA,2026
6543894,615044,Kutztown Golden Bears,615052,Mansfield Mountaineers,615044,5,top,"Zack Wertman out at second c to ss, caught stealing.",37,2026-03-29 15:30:00-04:00,"Shaute Field (Mansfield, PA)",287,MBA,2026
6543894,615044,Kutztown Golden Bears,615052,Mansfield Mountaineers,615044,5,top,Drew Wheeler singled to left field.,38,2026-03-29 15:30:00-04:00,"Shaute Field (Mansfield, PA)",287,MBA,2026
6543894,615044,Kutztown Golden Bears,615052,Mansfield Mountaineers,615044,5,top,P. Warne lined out to rf.,39,2026-03-29 15:30:00-04:00,"Shaute Field (Mansfield, PA)",287,MBA,2026
6543894,615044,Kutztown Golden Bears,615052,Mansfield Mountaineers,615044,5,top,Cam Burr walked3a Drew Wheeler advanced to second.,40,2026-03-29 15:30:00-04:00,"Shaute Field (Mansfield, PA)",287,MBA,2026
6543894,615044,Kutztown Golden Bears,615052,Mansfield Mountaineers,615044,5,top,E. Woznick to p for I. Dull.,41,2026-03-29 15:30:00-04:00,"Shaute Field (Mansfield, PA)",287,MBA,2026
6543894,615044,Kutztown Golden Bears,615052,Mansfield Mountaineers,615044,5,top,Bo Barthol grounded out to 2b.,42,2026-03-29 15:30:00-04:00,"Shaute Field (Mansfield, PA)",287,MBA,2026
6543894,615044,Kutztown Golden Bears,615052,Mansfield Mountaineers,615052,5,bot,E. Laredo singled to right field.,43,2026-03-29 15:30:00-04:00,"Shaute Field (Mansfield, PA)",287,MBA,2026
6543894,615044,Kutztown Golden Bears,615052,Mansfield Mountaineers,615052,5,bot,K. Burns singled to shortstop3a E. Laredo advanced to second.,44,2026-03-29 15:30:00-04:00,"Shaute Field (Mansfield, PA)",287,MBA,2026
6543894,615044,Kutztown Golden Bears,615052,Mansfield Mountaineers,615052,5,bot,"S. Mictigue singled, bunt3a K. Burns advanced to second3a E. Laredo advanced to third.",45,2026-03-29 15:30:00-04:00,"Shaute Field (Mansfield, PA)",287,MBA,2026
6543894,615044,Kutztown Golden Bears,615052,Mansfield Mountaineers,615052,5,bot,"P. Tadic singled through the left side, 2 RBI3a S. Mictigue advanced to second3a K. Burns scored3a E. Laredo scored.",46,2026-03-29 15:30:00-04:00,"Shaute Field (Mansfield, PA)",287,MBA,2026
6543894,615044,Kutztown Golden Bears,615052,Mansfield Mountaineers,615052,5,bot,"N. Ledger singled, bunt3a P. Tadic advanced to second3a S. Mictigue advanced to third.",47,2026-03-29 15:30:00-04:00,"Shaute Field (Mansfield, PA)",287,MBA,2026
6543894,615044,Kutztown Golden Bears,615052,Mansfield Mountaineers,615052,5,bot,"B. Riggs flied out to lf, SAC, RBI3a N. Ledger advanced to second3a P. Tadic advanced to third3a S. Mictigue scored.",48,2026-03-29 15:30:00-04:00,"Shaute Field (Mansfield, PA)",287,MBA,2026
6543894,615044,Kutztown Golden Bears,615052,Mansfield Mountaineers,615052,5,bot,"R. Sekluski flied out to lf, SAC, RBI3a N. Ledger advanced to third3a P. Tadic scored.",49,2026-03-29 15:30:00-04:00,"Shaute Field (Mansfield, PA)",287,MBA,2026
6543894,615044,Kutztown Golden Bears,615052,Mansfield Mountaineers,615052,5,bot,"B. Floyd singled to right field, RBI3a N. Ledger scored.",50,2026-03-29 15:30:00-04:00,"Shaute Field (Mansfield, PA)",287,MBA,2026
6543894,615044,Kutztown Golden Bears,615052,Mansfield Mountaineers,615052,5,bot,C. Rother flied out to cf.,51,2026-03-29 15:30:00-04:00,"Shaute Field (Mansfield, PA)",287,MBA,2026
6543894,615044,Kutztown Golden Bears,615052,Mansfield Mountaineers,615044,6,top,M. Burns flied out to cf.,52,2026-03-29 15:30:00-04:00,"Shaute Field (Mansfield, PA)",287,MBA,2026
6543894,615044,Kutztown Golden Bears,615052,Mansfield Mountaineers,615044,6,top,J. Ferguson singled through the left side.,53,2026-03-29 15:30:00-04:00,"Shaute Field (Mansfield, PA)",287,MBA,2026
6543894,615044,Kutztown Golden Bears,615052,Mansfield Mountaineers,615044,6,top,"Nick Varda reached on a fielder's choice, out at first 2b to 1b3a J. Ferguson advanced to second.",54,2026-03-29 15:30:00-04:00,"Shaute Field (Mansfield, PA)",287,MBA,2026
6543894,615044,Kutztown Golden Bears,615052,Mansfield Mountaineers,615044,6,top,Dalton Furst flied out to cf.,55,2026-03-29 15:30:00-04:00,"Shaute Field (Mansfield, PA)",287,MBA,2026
6543894,615044,Kutztown Golden Bears,615052,Mansfield Mountaineers,615052,6,bot,E. Laredo walked.,56,2026-03-29 15:30:00-04:00,"Shaute Field (Mansfield, PA)",287,MBA,2026
6543894,615044,Kutztown Golden Bears,615052,Mansfield Mountaineers,615052,6,bot,K. Burns struck out looking3a E. Laredo stole second.,57,2026-03-29 15:30:00-04:00,"Shaute Field (Mansfield, PA)",287,MBA,2026
6543894,615044,Kutztown Golden Bears,615052,Mansfield Mountaineers,615052,6,bot,S. Mictigue reached on a fielder's choice3a E. Laredo out at third p to 3b.,58,2026-03-29 15:30:00-04:00,"Shaute Field (Mansfield, PA)",287,MBA,2026
6543894,615044,Kutztown Golden Bears,615052,Mansfield Mountaineers,615052,6,bot,P. Tadic flied out to lf.,59,2026-03-29 15:30:00-04:00,"Shaute Field (Mansfield, PA)",287,MBA,2026
6543894,615044,Kutztown Golden Bears,615052,Mansfield Mountaineers,615044,7,top,Zack Wertman doubled to left field.,60,2026-03-29 15:30:00-04:00,"Shaute Field (Mansfield, PA)",287,MBA,2026
6543894,615044,Kutztown Golden Bears,615052,Mansfield Mountaineers,615044,7,top,Drew Wheeler flied out to cf.,61,2026-03-29 15:30:00-04:00,"Shaute Field (Mansfield, PA)",287,MBA,2026
6543894,615044,Kutztown Golden Bears,615052,Mansfield Mountaineers,615044,7,top,P. Warne grounded out to 3b.,62,2026-03-29 15:30:00-04:00,"Shaute Field (Mansfield, PA)",287,MBA,2026
6543894,615044,Kutztown Golden Bears,615052,Mansfield Mountaineers,615044,7,top,Cam Burr hit by pitch.,63,2026-03-29 15:30:00-04:00,"Shaute Field (Mansfield, PA)",287,MBA,2026
6543894,615044,Kutztown Golden Bears,615052,Mansfield Mountaineers,615044,7,top,Bo Barthol reached on a fielder's choice3a Cam Burr out at second ss to 2b.,64,2026-03-29 15:30:00-04:00,"Shaute Field (Mansfield, PA)",287,MBA,2026
